tree
version=v4
num_class=1
num_tree_per_iteration=1
label_index=0
max_feature_idx=7
objective=lambdarank
feature_names=hist_order_count user_total_orders user_reorder_rate recency_days global_order_count global_reorder_rate aisle_id department_id
feature_infos=[0:86] [3:99] [0:1] [0:30] [0:472565] [0:0.91428548097610474] [0:134] [0:21]
tree_sizes=7104 7072 7082 7113 7135 7118 7112 7107 7106 7127 7068 7081 7070 7108 7084 7116 7078 7127 7102 7098 7078 7112 7110 7114 7121 7094 7125 7130 7103 7104 7100 7104 7096 7111 7101 7082 7111 7070 7085 7151 7097 7076 7110 7081 7045 7121 7080 7057 7116 7092 7061 7116 7121 7041 7057 7117 7109 7045 7064 7105 7081 7040 7010 7035 7027 7009 7007 7006 7017 7049 7116 7049 7113 6968 7051 7064 6930 6940 7083 6996 6900 6919 6978 7019 7093 7003 6987 7026 7047 7069 6958 7043 6896 6938 6853 6874 6924 6885 6868 6899 6870 6871 6884 6961 6950 6870 7033 6950 6864 6875 6989

Tree=0
num_leaves=63
num_cat=0
split_feature=0 2 2 0 0 2 2 7 7 2 2 2 2 7 0 7 2 2 0 1 7 7 2 7 0 7 1 7 7 7 0 7 6 0 0 6 7 1 6 6 6 6 6 7 7 0 6 0 6 7 7 7 7 6 2 0 1 6 6 2 0 7
split_gain=61457.3 12277.5 4367.7 3024.08 3001.05 2257.44 1097.65 1013.6 982.662 719.747 561.142 438.491 416.895 410.642 291.622 284.334 220.105 195.607 191.764 166.62 136.417 132.479 128.026 121.15 120.56 113.65 109.302 107.177 159.835 149.048 100.995 93.9711 89.8881 89.5727 89.1468 86.3398 86.092 85.2578 72.9041 71.5248 82.463 65.2304 62.5691 62.1009 83.5867 61.627 61.3807 60.2287 57.5603 57.4578 54.2614 72.4274 53.4342 53.1023 49.9713 48.1581 46.1234 43.0061 102.582 41.2539 39.5405 39.3077
threshold=1.5000000000000002 0.28669276833534246 0.066300369799137129 3.5000000000000004 3.5000000000000004 1.0000000180025095e-35 0.091372914612293257 8.5000000000000018 15.500000000000002 0.57294833660125744 0.74239632487297069 0.14365079998970035 0.19890110194683078 16.500000000000004 7.5000000000000009 5.5000000000000009 0.18655367195606234 0.42776885628700262 6.5000000000000009 36.500000000000007 2.5000000000000004 2.5000000000000004 0.044610282406210906 15.500000000000002 7.5000000000000009 3.5000000000000004 6.5000000000000009 13.500000000000002 12.500000000000002 11.500000000000002 5.5000000000000009 18.500000000000004 25.500000000000004 2.5000000000000004 2.5000000000000004 59.500000000000007 8.5000000000000018 5.5000000000000009 25.500000000000004 52.500000000000007 90.500000000000014 114.50000000000001 111.50000000000001 5.5000000000000009 6.5000000000000009 2.5000000000000004 23.500000000000004 2.5000000000000004 111.50000000000001 6.5000000000000009 8.5000000000000018 15.500000000000002 16.500000000000004 23.500000000000004 0.82807883620262157 14.500000000000002 6.5000000000000009 96.500000000000014 104.50000000000001 0.4552139043807984 12.500000000000002 7.5000000000000009
decision_type=2 2 2 2 2 2 2 2 2 2 2 2 2 2 2 2 2 2 2 2 2 2 2 2 2 2 2 2 2 2 2 2 2 2 2 2 2 2 2 2 2 2 2 2 2 2 2 2 2 2 2 2 2 2 2 2 2 2 2 2 2 2
left_child=2 4 5 10 6 -1 22 12 27 14 17 30 20 26 59 25 34 47 -13 23 -4 -14 -2 36 54 -7 39 28 29 -9 -6 35 53 -18 61 -15 41 -33 46 -10 -41 -17 43 -34 -45 -19 -23 -3 -40 -50 -24 -52 -25 -22 -11 -16 -29 -30 -59 -5 -20 -8
right_child=1 3 7 9 11 15 16 8 13 24 -12 18 21 31 55 19 33 45 60 -21 32 38 50 52 -26 -27 -28 56 57 -31 -32 37 42 -35 -36 -37 -38 -39 48 40 -42 -43 -44 44 -46 -47 -48 -49 49 -51 51 -53 -54 -55 -56 -57 -58 58 -60 -61 -62 -63
leaf_value=-0.15999999999999964 -0.043695827979459263 0.033866482606242844 -0.056734437825166406 0.079294085551452814 0.021725483185990605 -0.077967765607797196 0.0070564881272660628 -0.075377172969066319 -0.030730506446278883 0.10976238135586193 0.10144118252173329 0.05473009114508124 -0.037238313147210315 -0.03800154650344615 0.10401276262294007 -0.076515583729017303 0.018954340480770604 0.05594142768393761 0.076154710221965433 -0.097789649580070873 -0.048010661188549568 -0.034964565094688919 -0.0094743538445607855 -0.055500433729958838 0.13576617644381123 -0.054984937527582857 -0.034165754797911896 -0.048419624312503358 -0.08377762975939744 -0.039228826427628712 0.049933985959459193 -0.0325988343884124 -0.036802956255089912 0.03900650282975713 0.018571709644966832 -0.075707645141086466 -0.092382426435102097 -0.053693502256793597 -0.020621420377874219 0.013982468365221615 -0.017395706903339959 -0.02836021944654607 -0.02720138161473375 -0.093868457101157085 -0.047441623919801751 0.072503092090763416 0.0094027249790041758 0.052775590913157013 -0.010686516846300145 0.024252685713521856 -0.043015041449542032 -0.015275324248223025 -0.074571952468346747 -0.014612373936727707 0.12769821789174565 0.12011680999681593 -0.068729863282825085 -0.12716155428008505 -0.072024206171127161 0.093296175594820688 0.097839053951974786 -0.0063257149066354703
leaf_weight=2328.4518329982784 1707.2407189485948 3097.9887708063525 2030.7850422391894 3982.1757134276413 2349.5554602255033 2049.6908710615062 2771.9847135648379 2500.8537305879745 925.24914043436002 2505.8476378681517 1750.2633047247364 4186.2720375368917 1383.6110596046201 529.47437501538661 3148.9107714721795 926.17621669686923 4234.8708655661285 3910.7536861720146 2249.638943299211 3661.7143569938598 362.91281458042795 228.6839102031081 2344.3472463512117 1545.888031941553 4512.1167500741649 4196.0135690060943 2644.3933595395283 1441.9975196726809 2635.3746841565098 1030.9519850357974 1241.5450088771468 2055.6129380156926 3222.3062280383601 2149.3020246834203 2445.9403665109421 1461.3695117534335 3506.3391403525748 3039.1357351891347 3619.5400158507982 923.97068498711451 1276.6431749162221 223.46498626198445 2245.2106411845671 302.10389602726354 1390.6277761804449 2274.1209124805737 1567.3110704336796 1653.4235707899134 1356.7997863561905 387.19800760141516 1005.9921212336812 1501.4865203769277 2399.7745102050794 1898.8325878752621 1647.9735536895823 1908.8866000385005 1420.5703115926808 517.10302926912846 370.81238531885174 2034.7666195121292 707.41973279772355 2848.0928213466796
leaf_count=144346 308729 126092 163401 165870 252690 305619 198254 188859 50279 66614 42472 254815 72953 33357 126590 121037 221058 123501 146540 760442 30200 12850 260816 190283 111021 564054 205421 81202 213774 67323 123261 105629 232981 119211 194504 109942 494438 240986 172422 36906 63673 20436 153808 28913 106977 75503 63226 71798 62376 14319 131949 175170 307371 118836 34633 74984 124580 50362 30501 66467 43549 219606
internal_value=-2.98676e-11 0.0552373 -0.055727 0.0898591 0.01987 -0.0857607 0.0022874 -0.0410945 -0.0526346 0.109444 0.0593842 0.0542823 -0.0279513 -0.0380387 0.0959314 -0.0764213 0.0146071 0.0526534 0.0657465 -0.0834975 -0.037928 -0.0145767 -0.024854 -0.0774133 0.126713 -0.0625274 -0.0221948 -0.0715547 -0.0768521 -0.0648253 0.031478 -0.0509414 -0.0338745 0.0257051 0.00582314 -0.0656795 -0.0861534 -0.0451823 -0.0101973 -0.0120677 -0.00422097 -0.0671552 -0.0382661 -0.0433205 -0.0557275 0.062031 0.00375344 0.0404466 -0.0148687 -0.0029294 -0.018224 -0.0264044 -0.0670998 -0.0199714 0.116878 0.110091 -0.0584987 -0.088908 -0.104135 0.0840292 0.0813423 0.000274775
internal_weight=127778 64170.9 63606.9 32427.2 31743.7 20837.5 21009.3 42769.4 22773.5 19740.7 12686.6 10734.4 19995.9 12855.8 11074.7 18509.1 14450.2 10936.3 7143.33 12263.4 11452.8 8543.14 6559.07 8601.64 8665.94 6245.7 5770.26 9917.66 7055.1 3531.81 3591.1 7085.59 9421.99 6384.17 8066.02 1990.84 4655.98 5094.75 7159.53 3125.86 2200.61 1149.64 7160.25 4915.04 1692.73 6184.87 1795.99 4751.41 5363.54 1744 4851.83 2507.48 3945.66 2261.75 4153.82 5057.8 2862.57 3523.29 887.915 6016.94 2957.06 5620.08
internal_count=9479779 3735697 5744082 1085545 2650152 2908026 1829297 2836056 1602794 646179 439366 820855 1233262 846193 433911 2763680 952633 396894 444904 1894007 835116 398146 876664 1133565 212268 869673 356279 756601 550819 256182 375951 489914 671715 340269 612364 143299 635911 346615 325193 150858 100579 141473 522679 368871 135890 199004 76076 197890 249117 76695 567935 307119 497654 149036 101247 201574 205782 294637 80863 232337 190089 417860
is_linear=0
shrinkage=0.08


Tree=1
num_leaves=63
num_cat=0
split_feature=2 2 0 0 2 2 4 0 2 4 2 0 0 0 4 4 2 4 1 4 2 0 2 4 0 4 2 4 0 4 1 0 0 2 4 4 1 4 2 0 4 0 4 0 4 4 0 1 4 4 1 4 7 7 7 7 7 0 2 1 0 7
split_gain=105037 26786.9 9970.24 9410.42 3887.18 3220.65 2835.56 1642.67 1541.02 1143.67 1111.08 972.005 908.565 740.555 732.088 712.572 684.191 581.869 581.483 548.257 486.077 444.691 377.453 345.413 291.826 279.855 227.874 227.445 209.618 209.126 206.705 187.38 182.619 166.5 166.128 155.319 153.735 148.471 148.085 144.979 138.583 135.88 129.907 126.647 121.185 116.356 103.479 102.209 98.5035 88.8119 85.3697 82.6494 81.1097 194.761 78.3348 104.529 168.476 76.8039 76.0989 75.8028 75.5857 75.3829
threshold=0.33514493703842169 0.11173533275723459 2.5000000000000004 3.5000000000000004 0.67006802558898937 0.059173669666051872 28634.000000000004 1.5000000000000002 0.74239632487297069 30506.500000000004 0.20101010054349902 5.5000000000000009 1.5000000000000002 11.500000000000002 137481.00000000003 147804.00000000003 0.025158228352665905 125241.50000000001 4.5000000000000009 125241.50000000001 0.46201923489570623 4.5000000000000009 0.86729559302330028 17089.000000000004 2.5000000000000004 31780.000000000004 0.21896404027938846 2598.5000000000005 3.5000000000000004 125241.50000000001 8.5000000000000018 1.0000000180025095e-35 16.500000000000004 0.83527129888534557 125241.50000000001 1328.0000000000002 3.5000000000000004 8214.0000000000018 0.54606062173843395 4.5000000000000009 322066.50000000006 2.5000000000000004 1498.5000000000002 4.5000000000000009 322066.50000000006 426007.50000000006 1.5000000000000002 6.5000000000000009 111602.00000000001 125241.50000000001 11.500000000000002 369.50000000000006 8.5000000000000018 15.500000000000002 4.5000000000000009 8.5000000000000018 15.500000000000002 1.5000000000000002 0.071796759963035597 13.500000000000002 5.5000000000000009 6.5000000000000009
decision_type=2 2 2 2 2 2 2 2 2 2 2 2 2 2 2 2 2 2 2 2 2 2 2 2 2 2 2 2 2 2 2 2 2 2 2 2 2 2 2 2 2 2 2 2 2 2 2 2 2 2 2 2 2 2 2 2 2 2 2 2 2 2
left_child=1 5 6 8 11 16 7 18 14 12 25 34 42 22 24 26 31 21 27 20 -13 -12 40 46 37 39 57 51 58 41 -9 -1 -22 -15 38 -20 -10 52 -5 -4 60 -11 -7 -24 -16 -17 -18 -26 -25 -27 -44 -3 -2 -54 -39 -56 -57 -8 -14 -32 -6 -28
right_child=3 2 10 4 13 9 15 30 36 29 17 19 28 33 44 45 23 -19 35 -21 32 -23 43 48 47 49 61 -29 -30 -31 59 -33 -34 -35 -36 -37 -38 54 -40 -41 -42 -43 50 -45 -46 -47 -48 -49 -50 -51 -52 -53 53 -55 55 56 -58 -59 -60 -61 -62 -63
leaf_value=-0.14316605239940575 0.0093057686130057528 -0.061860637581451869 -0.017058730820010408 0.030050841459019928 0.065768087636352862 -0.090588110741614616 -0.030824811112394421 -0.012157278480677327 0.064717576521308676 -0.049988846612077475 0.0069398739328786242 0.047986238819270811 -0.07491407172485666 0.10237013338374036 0.041307375000812288 0.017952477099955878 -0.10211907580798692 0.056249569508045508 -0.069382203677205115 0.087153409680321481 0.063934203880556442 0.028345691921805832 0.082490010711328721 -0.078451091515759658 0.031624239324656855 0.0070752263824878118 -0.0095589486075453433 -0.033226963480959347 -0.033281686896783756 -0.0097262179273317467 -0.024870106141166408 -0.11412718166355415 0.081694343329975841 0.12228168378187089 0.063314568412396272 -0.05510034166469252 0.043445672687654729 0.0078516814272632102 0.047581042270225096 0.00044167282562573981 0.10377286193107108 -0.0191669816864866 -0.06983815958244162 0.10335770997283357 0.073539577206709353 0.052876392137422346 -0.086050311621546902 0.014358116946269364 -0.044207750677128094 0.032053578779792438 -0.083583082578458229 -0.045339094210457231 -0.023806037049453437 0.0055782877847270432 0.046501251654612184 -0.020098960832578269 0.025582601962217899 -0.011895047199250122 -0.054713171705799771 -0.040177639166018145 0.078819222534432007 0.0084500810600780935
leaf_weight=1882.3160924960248 4619.0989998180885 2774.3357905978337 6695.067275088717 7359.0854619890451 4950.6123341647908 6944.6068334148731 4520.0725101740099 7904.8991124246386 4699.5305322143249 3901.784900851897 10874.639260574011 11712.511394327215 1536.0217231440474 7216.5548645071685 2016.3684678208083 3023.075221656356 12480.464696160576 3031.7209240456577 7383.2117969294777 6040.0077378065325 13609.287284967955 14483.760089065938 2637.4617371950299 3902.2778457888053 5473.8673475119285 3112.0152437286451 5342.6614632373676 10863.659241530346 2807.0404806042206 1615.4013845971203 6735.7037240843056 5817.2008569413156 5091.6957083395682 4282.7968288799748 1808.889005778823 14336.62568477157 4046.7997493082657 4374.657742713578 5308.7995390435681 5533.7239151649992 1037.4024223722517 1196.0116594671272 5753.9116387662943 6325.3855514796451 1185.4241623226553 765.07146476185881 3228.3311612829712 3662.2529445700347 623.52988697879482 1288.0847357759485 5814.4329428190831 6427.1001968805213 2210.6773561842274 4160.4854958362412 949.86957366019487 649.2073023673147 2531.4452677429654 1969.4197672950104 5351.8968967566034 2989.2209857916459 6661.6230867905542 2061.5472510746913
leaf_count=144346 39014 81001 215134 79126 24298 478550 135407 135855 19216 196877 198837 116016 131610 28413 15375 50212 1372851 38227 320490 36362 88534 241944 9725 371586 45634 91763 99471 246744 157361 60716 191994 1024046 29376 16190 13313 534159 23256 40220 36291 173744 4170 64066 304650 22998 7627 10294 370045 46128 45538 29085 394863 167340 22909 38005 5799 6425 20863 60402 318558 124701 29770 32259
internal_value=-4.11411e-11 -0.0382483 -0.0164067 0.0567703 0.072046 -0.0806823 -0.0338744 -0.0422441 0.0251335 -0.064486 0.0135075 0.0581733 -0.0715488 0.0933841 0.0169619 -0.00575058 -0.10093 0.0231261 -0.0508845 0.065138 0.0607658 0.0191661 0.0846572 -0.0932064 0.0129049 -0.00291416 -0.0141364 -0.0410657 -0.0517085 -0.0348093 -0.0217654 -0.121226 0.0687697 0.109786 0.0406357 -0.0599552 0.0548754 0.00737589 0.0373973 -0.00913952 0.0757579 -0.0427576 -0.0819388 0.0972171 0.0532409 0.0250059 -0.0988168 0.024703 -0.0737333 0.0143874 -0.0767466 -0.0503205 0.00123429 -0.00461754 0.015312 0.0232132 0.0162585 -0.02508 -0.059218 -0.0295753 0.0732552 -0.00454471
internal_weight=309593 184971 122116 124622 84042.1 62855.2 77096.6 59414.8 40579.7 34921.1 45019 50930.3 28207.9 33111.8 31833.4 17681.8 27934.1 28390.1 41784.9 36453.5 30413.5 25358.4 21612.5 20234.6 28631.6 16628.9 13893.7 20065.1 9694.96 6713.2 17629.8 7699.52 18701 11499.4 14476.8 21719.8 8746.33 19495.4 12667.9 12228.8 12649.6 5097.8 18513 8962.85 3201.79 3788.15 15708.8 9136.12 4525.81 4400.1 11568.3 9201.44 10990.3 6371.16 8505.18 4130.52 3180.65 6489.49 6887.92 9724.92 11612.2 7404.21
internal_count=9479779 8614726 3179063 865053 534582 5435663 2190329 1802284 330471 2107251 988734 399018 1785592 135564 287999 388045 3328412 479008 1349734 270288 233926 440781 90961 2160020 264997 509726 327539 495085 607529 321659 452550 1168392 117910 44603 128730 854649 42472 173235 115417 388878 58238 260943 1178063 32723 23002 60506 1742896 91762 417124 120848 699513 248341 99928 60914 73307 33087 27288 195809 450168 316695 54068 131730
is_linear=0
shrinkage=0.08


Tree=2
num_leaves=63
num_cat=0
split_feature=5 5 5 5 5 5 5 5 1 5 5 7 4 4 4 7 7 1 5 4 7 1 5 1 4 7 7 1 7 4 5 6 6 4 5 6 5 1 4 6 7 4 1 7 4 6 1 6 5 5 7 4 4 4 4 5 4 5 4 4 6 5
split_gain=42212.2 12940.8 5874.29 2809.88 1920.12 1216.86 738.135 441.694 351.31 308.882 288.886 242.824 219.171 189.882 184.645 177.411 295.229 168.354 154.497 143.395 143.135 122.264 122.17 120.964 111.134 101.266 98.7106 96.8515 96.1588 93.8023 92.5672 89.4534 109.64 87.854 80.078 77.4358 64.7032 64.2974 64.2463 61.39 60.6984 60.6441 71.1619 53.0022 51.7877 51.0213 50.7853 47.8546 47.7294 45.8049 44.2969 57.8059 43.9052 62.1643 92.0254 44.4883 43.5668 42.8438 44.3459 95.9074 42.2693 41.9658
threshold=0.65160736441612255 0.42292030155658727 0.75106957554817211 0.54349327087402355 0.25077867507934576 0.81119626760482799 0.69174146652221691 0.58939334750175487 21.500000000000004 0.10704734176397325 0.36119444668293005 4.5000000000000009 3383.0000000000005 6003.5000000000009 1795.5000000000002 4.5000000000000009 11.500000000000002 18.500000000000004 0.47588364779949194 7217.5000000000009 8.5000000000000018 27.500000000000004 0.69076326489448558 10.500000000000002 903.50000000000011 4.5000000000000009 8.5000000000000018 20.500000000000004 12.500000000000002 320.50000000000006 0.50258100032806408 98.500000000000014 52.500000000000007 615.50000000000011 0.47588364779949194 22.500000000000004 0.61147069931030285 39.500000000000007 28634.000000000004 119.50000000000001 20.500000000000004 93473.500000000015 16.500000000000004 13.500000000000002 2189.0000000000005 93.500000000000014 13.500000000000002 35.500000000000007 0.72761431336402904 0.66069462895393383 4.5000000000000009 46038.000000000007 147804.00000000003 83472.000000000015 86383.000000000015 0.71551167964935314 6147.0000000000009 0.758103907108307 12407.500000000002 13158.500000000002 26.500000000000004 0.83294382691383373
decision_type=2 2 2 2 2 2 2 2 2 2 2 2 2 2 2 2 2 2 2 2 2 2 2 2 2 2 2 2 2 2 2 2 2 2 2 2 2 2 2 2 2 2 2 2 2 2 2 2 2 2 2 2 2 2 2 2 2 2 2 2 2 2
left_child=1 4 6 8 9 11 19 13 12 -1 21 27 18 37 26 52 -17 24 -3 28 25 33 43 61 -12 -16 -9 57 60 46 40 32 -18 -6 -10 -13 -22 -5 45 -37 -14 -24 -43 49 -36 -25 -11 -32 -34 -21 51 -51 53 55 -55 -8 -15 -4 -59 -60 -2 -7
right_child=2 3 5 7 10 23 15 14 34 29 17 35 30 56 20 16 31 -19 -20 22 36 -23 41 38 -26 -27 -28 -29 -30 -31 47 -33 48 -35 44 39 -38 -39 -40 -41 -42 42 -44 -45 -46 -47 -48 -49 -50 50 -52 -53 -54 54 -56 -57 -58 58 59 -61 -62 -63
leaf_value=-0.12587119742419847 0.0094602470578254282 -0.030770146684435874 0.045386798751961575 -0.0066884334582363678 -0.057400961755298616 0.06011069318441975 0.018886623885214834 0.016980677155509202 -0.053174317182390247 -0.074185091096091976 -0.035368402155638405 0.025889224435722839 -0.041252261572516949 -0.074030865097032272 -0.002221546142190061 0.044975192479636161 0.013763017371069252 -0.06667788722531591 -0.016732552177985617 0.0048344961767351246 -0.01593978210941361 -0.086780904501421272 0.011631562668416511 0.070022135198526639 -0.053592700455545046 0.013063329378177186 0.000844236435848076 0.04880629660208835 0.011663795600326788 -0.10327478827754259 -0.041061499162991739 0.017817920961525499 0.031368077716150397 -0.072665425899434907 -0.030857572381862718 0.055860295693727385 -0.0054809002834327429 -0.024049539017212448 0.081117440214865749 0.038639049931531735 0.035499772905242907 -0.015134840299054849 -0.070143662518535099 0.0021323573463539877 -0.044311504661302036 0.031535477770680671 -0.096389054105628993 -0.024599101248749738 0.045970851560353819 0.0026661363407676818 0.02549152308873406 0.016138931426647379 0.033446787189500261 -0.018185969770224353 0.01696067742660726 0.029718767899873315 -0.020555060649585646 0.062695242735255188 -0.053207345202919684 0.031379119066617236 0.028307641224271665 0.071349226526432857
leaf_weight=2839.562635024573 876.9103106422117 7991.4099863694282 1780.0791419558227 15422.482617921662 4565.325472112163 4406.5843246384757 5170.0491179975797 4480.4871607495006 3603.8531955170329 1664.3259140388109 3742.812403686461 637.88828259170987 7738.1693326690001 98.217566049890593 20435.310672075546 8443.1883364029345 1864.6749053881504 3443.5211902325973 13485.150286225777 4218.9410667931079 6735.6763922342216 2095.6893785184366 326.4421840911964 1440.5424548988231 5005.6402694145218 3209.8169138120138 5291.6881392076612 4260.1832867283956 5681.6016663190676 3093.9150008909637 1416.6833152326872 5275.4712279009982 4932.3338522217819 5118.7658438744256 3153.090237987868 14694.129936260055 8643.3761811034638 1497.8697242076742 8797.1091606791597 1456.0708300232654 66.511165675939992 579.9310664110817 203.26129792293068 4414.8150950486888 4367.2800265706028 260.28219885809813 1091.6944476347126 5586.5370237065945 2018.8325491397991 2826.6293789642223 1969.9114215082373 7306.6399870428722 1908.472399710794 551.48834223055746 3519.6510172349517 4572.9130141075584 13413.877524225827 282.06058235536329 86.835947170853615 7113.6359538055258 5789.366724114574 4109.6014019213617
leaf_count=275171 18502 283317 20141 488437 227051 34806 132143 122001 331135 79905 140556 16009 290197 5588 646880 143255 43646 346768 418784 119521 254714 280052 8291 19138 210382 80230 183344 77717 169202 281326 50442 137809 108020 283057 240205 207840 303293 123144 80206 29263 1629 11552 9476 125306 359801 3406 130364 184618 35353 80838 46695 180230 32517 15812 72229 94228 523568 3589 1049 91357 137466 27208
internal_value=-1.03538e-11 -0.0271065 0.0354586 -0.0155267 -0.0720047 0.0567536 0.020961 -0.00630864 -0.0309319 -0.104222 -0.0603263 0.0468014 -0.0271187 -0.0138723 -0.00159144 0.0285951 0.0331457 -0.0516938 -0.0219559 0.01242 -0.00405405 -0.0692608 0.0085252 0.0726185 -0.0457959 -0.00014663 0.0082427 0.0388233 0.0193109 -0.0937137 -0.0346066 0.0260577 0.0309884 -0.0654694 -0.0433693 0.0532279 -0.0100617 -0.00822532 0.0783656 0.0543077 -0.0405982 -0.0173369 -0.0294112 0.00990908 -0.0386706 0.0641324 -0.0829804 -0.0279293 0.0356092 0.0120125 0.0145147 0.0123808 0.022073 0.0205017 0.0121996 0.0239708 -0.0209438 0.0342317 0.031578 0.030359 0.0258284 0.065534
internal_weight=281075 159299 121777 126637 32661.3 49325 72451.5 79228.8 47408.7 8689.5 23971.8 30310.9 36284.5 30432.4 48796.4 38257.1 22534.5 12192 21476.6 34194.5 39024.2 11779.8 21846.6 19014.1 8748.45 23645.1 9772.18 13522.8 12347.9 5849.94 14807.9 14091.3 8815.84 9684.09 11124.2 16788.1 15379.1 16920.4 10497.9 16150.2 7804.68 1109.63 783.192 20736.9 7520.37 1700.82 2756.02 7003.22 6951.17 16322.1 12103.2 10133.3 15722.6 13814.1 4071.14 9742.96 13512.1 9262.61 7482.53 7200.47 6666.28 8516.19
internal_count=9479779 7145959 2333820 4891327 2254632 611729 1722091 2731199 2160128 766766 1487866 446965 1228987 1140737 1590462 815012 468083 697706 702101 907079 1285117 790160 581909 164764 350938 727110 305345 193853 325170 491595 526886 324828 187019 510108 931141 253112 558007 611581 102750 237103 291826 29319 21028 552590 600006 22544 210269 235060 143373 427284 307763 261068 346929 314412 88041 226371 529156 116136 95995 92406 155968 62014
is_linear=0
shrinkage=0.08


Tree=3
num_leaves=63
num_cat=0
split_feature=2 2 0 0 5 5 2 2 2 0 2 0 5 5 5 5 0 0 0 0 0 2 0 2 2 2 5 0 2 4 5 5 4 2 1 5 2 5 5 2 0 1 1 2 2 5 1 5 2 5 1 2 5 0 0 1 5 5 5 0 5 5
split_gain=87386.5 19317.4 9241.42 5719.21 3415.02 2568.97 2299.04 1799.87 1081.9 940.069 886.129 876.263 837.235 691.037 576.119 552.516 437.9 404.832 400.894 380.158 379.496 332.641 304.382 227.921 213.869 192.416 185.058 183.986 181.674 173.33 169.067 166.779 157.154 154.529 146.475 140.337 136.34 134.643 134.282 119.263 117.077 113.015 108.97 100.929 99.4071 96.2229 94.8331 93.9463 82.9385 82.8226 67.3685 66.0963 65.7626 64.8614 64.6254 61.0917 60.4169 59.6742 59.1133 56.6073 55.6552 52.6696
threshold=0.33514493703842169 0.11173533275723459 2.5000000000000004 4.5000000000000009 0.58939334750175487 0.6156316101551057 0.62563130259513866 0.78629976511001598 0.059173669666051872 6.5000000000000009 0.059173669666051872 1.5000000000000002 0.70438358187675487 0.6936996877193452 0.39232537150383001 0.65261220932006847 9.5000000000000018 1.5000000000000002 1.5000000000000002 2.5000000000000004 9.5000000000000018 0.18786764889955523 1.5000000000000002 0.18016393482685092 0.023392613045871261 0.75140449404716503 0.81396234035491954 1.5000000000000002 0.86729559302330028 147804.00000000003 0.75106957554817211 0.7119525969028474 102441.50000000001 0.19082633405923846 5.5000000000000009 0.44155140221118933 0.56711712479591381 0.75106957554817211 0.53957796096801769 0.040202019736170776 28.500000000000004 4.5000000000000009 10.500000000000002 0.56711712479591381 0.4552139043807984 0.75467449426651012 9.5000000000000018 0.44155140221118933 0.48112535476684576 0.75467449426651012 3.5000000000000004 0.083771932870149626 0.69174146652221691 3.5000000000000004 3.5000000000000004 4.5000000000000009 0.46187102794647222 0.83294382691383373 0.27558170258998876 12.500000000000002 0.51803904771804821 0.39232537150383001
decision_type=2 2 2 2 2 2 2 2 2 2 2 2 2 2 2 2 2 2 2 2 2 2 2 2 2 2 2 2 2 2 2 2 2 2 2 2 2 2 2 2 2 2 2 2 2 2 2 2 2 2 2 2 2 2 2 2 2 2 2 2 2 2
left_child=1 5 4 7 11 10 16 12 29 15 24 14 19 18 58 21 31 35 34 38 28 61 32 -11 -1 -22 27 55 49 39 -9 44 52 -17 -6 -12 -14 53 -2 -7 48 60 56 -21 -5 59 -20 -26 -18 -8 -40 -19 -10 -24 -23 -15 -13 -38 -3 -25 -16 -4
right_child=3 2 9 6 13 8 20 30 22 23 17 42 36 26 41 33 40 51 46 43 25 54 37 45 47 -27 -28 -29 -30 -31 -32 -33 -34 -35 -36 -37 57 -39 50 -41 -42 -43 -44 -45 -46 -47 -48 -49 -50 -51 -52 -53 -54 -55 -56 -57 -58 -59 -60 -61 -62 -63
leaf_value=-0.11360411274386266 -0.0046131592533967397 -0.092796411461587416 -0.047410934591995683 0.035446944421870664 -0.029009536867833769 -0.08738782279317224 0.070158430346721409 0.063688197276455916 -0.059699869305054526 0.011387401754774819 -0.09319813413602257 -0.035393352505330926 0.037983110878155216 -0.0095894741294139992 -0.053534183350930339 0.0058006602926450133 0.061200636642048563 -0.065893726409802011 -0.0015669677483141104 0.023204293143483906 0.090294772490968275 -0.0033102919147163247 -0.037190578586725816 0.028728154088258177 -0.10241493671553657 0.10940035010673514 0.012716846026373407 0.0040224473338185346 0.095812302733361485 -0.034500759798654544 0.089009714976243562 0.060973874303048278 -0.023528338143940248 0.024478070785319887 -0.046108743869204466 -0.075580614158739012 0.051380721249677234 -0.0014007038013160334 0.024166668987757507 -0.067154785988375112 0.088610136876753884 -0.059789531992827091 -0.041652909706477032 0.037625817230214277 0.051838986686962504 0.050531442858345182 -0.021130847882382821 -0.088376244023506786 0.074135209086837586 0.086746783556402293 0.0088537183645145245 -0.048453010483022217 -0.043152033383778265 -0.016042563362443751 0.010503360436500636 -0.022082813804217009 -0.016213756714253451 0.074603401155256391 -0.076259651546404308 0.043972401923965537 -0.040419990522176451 -0.018583116442406129
leaf_weight=4785.7910645185038 3149.6622049405705 2301.4904852446634 444.97159536113031 4365.2359848041087 9685.8765659084311 3963.092946808727 5740.5051032328047 5239.9895691662095 3798.2618698637234 2585.2115650933702 4559.5397359080962 1564.4597529277671 6751.8352843765169 5359.7864642554196 4110.6030550453579 4229.2338559383061 6591.5841423913371 2497.8522249234375 3434.314027419081 6817.9278051094152 5774.4792423918843 3774.9263313795673 2835.594695355976 5300.6939977460424 4969.3053964783321 8114.314798054751 2899.9494820507243 4505.9875540994108 4323.5351309669204 640.27102567930706 2489.2204009983689 6474.5471154227853 1414.3250310686417 8599.816829803749 4792.6924147186801 7920.7551154519897 5182.7379647465423 1370.1658485876396 3076.4735611733049 3521.0151386042126 1922.2897040098906 9255.1061936260667 3165.6855012727901 5704.3293821243569 5174.2784798748326 2825.3210955262184 2945.9892434512731 7901.8240198214771 6117.0305318455212 2899.1288597341627 4570.2800130011747 3137.4811948618735 2581.7415164583363 1379.8234221969033 5090.4214613927179 4703.0187381554861 3203.5666527955327 820.25920464098454 3468.2682191580534 2208.5276051263791 4174.3169596546795 4586.2688946744893
leaf_count=830414 55787 149248 27890 65105 228983 489078 38391 30907 213888 88567 425855 53804 53792 75317 133909 111122 71927 242759 73082 97044 32748 97792 163802 122484 731713 36065 27166 89971 19756 35113 9816 44360 40455 130480 181224 560366 31328 44604 29639 291882 13593 423635 159312 53001 53845 28495 104921 950212 48203 12619 63550 228473 113346 73703 131456 111087 87300 3577 179191 45606 112179 204842
internal_value=2.29682e-11 -0.0356466 -0.0159128 0.0585878 -0.0334798 -0.0732754 0.0751791 0.0368094 -0.0514233 0.0149144 -0.0864115 -0.053111 0.0293029 -0.017477 -0.0609272 0.00634918 0.0602048 -0.0739808 -0.0273074 0.0202892 0.0922687 -0.00470283 -0.0374406 0.0326322 -0.0991651 0.101457 -0.00573883 -0.00941247 0.0824245 -0.0744511 0.0718431 0.051064 -0.0476551 0.0183209 -0.0346697 -0.082017 0.0457821 -0.0231869 0.00928847 -0.0778689 0.0702097 -0.0537138 -0.0301465 0.0297738 0.0443381 0.0379466 -0.0106002 -0.0937963 0.0674264 0.0757248 0.0150145 -0.0561836 -0.0530036 -0.0302682 0.00462141 -0.0154284 -0.0225069 0.0545539 -0.082856 0.0332116 -0.0469267 -0.0211327
internal_weight=267793 166493 109217 101300 69571.1 57276.8 57496.9 43802.7 21504.3 39645.4 35772.5 31243.5 36073.5 38327.6 23309.8 26725.6 30645 18115.6 20858.9 23318.7 26852 13896.6 13379.9 12919.8 17656.9 13888.8 17468.7 14568.8 12963.2 8124.38 7729.21 16014.1 7794.33 12829.1 14478.6 12480.3 12754.8 5585.58 10796.4 7484.11 14630.9 17540 7933.71 12522.3 9539.51 10334.5 6380.3 12871.1 12708.6 8639.63 7646.75 5635.33 6380 4215.42 8865.35 10062.8 4768.03 6003 5769.76 7509.22 8284.92 5031.24
internal_count=9479779 8614726 3179063 865053 2190329 5435663 436612 428441 1465871 988734 3969792 1298578 387718 891751 998162 703582 297033 1457453 588210 299021 139579 461980 649798 285152 2512339 68813 303541 276375 70766 816073 40723 163310 367689 241602 410207 986221 88697 282109 148976 780960 133723 669723 300416 150045 118950 196585 178003 1681925 120130 51010 93189 471232 327234 237505 229248 186404 141104 34905 328439 168090 246088 232732
is_linear=0
shrinkage=0.08


Tree=4
num_leaves=63
num_cat=0
split_feature=2 2 0 0 2 5 5 0 2 2 5 2 0 5 5 5 0 0 2 2 2 5 0 2 5 5 1 5 2 5 5 5 5 5 2 5 5 5 5 5 2 2 5 5 2 5 5 1 2 0 0 1 0 1 2 0 1 5 2 5 2 2
split_gain=69685.5 15405.7 6926.06 4675.32 2468.27 2165.49 2097.99 1631.6 842.226 841.45 780.846 769.515 638.563 569.339 479.353 471.027 424.558 392.553 345.66 323.163 230.482 230.25 226.069 173.684 163.459 156.001 153.071 151.415 146.014 143.275 137.411 128.072 126.217 123.595 107.215 106.455 96.4566 93.5211 89.1098 86.2454 86.0025 85.8004 85.5448 84.8087 83.7371 70.9719 67.1663 61.5614 61.156 58.7407 55.3156 55.2296 53.8818 53.2888 53.0513 52.7028 52.6069 52.1708 52.0416 51.3931 50.22 47.5263
threshold=0.33514493703842169 0.11173533275723459 1.5000000000000002 3.5000000000000004 0.67006802558898937 0.59054526686668407 0.6156316101551057 4.5000000000000009 0.74239632487297069 0.059173669666051872 0.6567898988723756 0.047905908897519119 7.5000000000000009 0.65261220932006847 0.39232537150383001 0.76478019356727611 8.5000000000000018 1.5000000000000002 0.22756041586399081 0.18655367195606234 0.48112535476684576 0.7119525969028474 1.5000000000000002 0.22756041586399081 0.7187756896018983 0.44155140221118933 4.5000000000000009 0.75467449426651012 0.84654632210731517 0.17647051066160205 0.79679140448570263 0.54349327087402355 0.76478019356727611 0.66961058974266063 0.4552139043807984 0.73808741569519054 0.6421831250190736 0.75106957554817211 0.41619303822517401 0.51086920499801647 0.035929432138800628 0.077350430190563216 0.64814183115959179 0.47588364779949194 0.84654632210731517 0.75106957554817211 0.69076326489448558 6.5000000000000009 0.53001201152801525 12.500000000000002 2.5000000000000004 11.500000000000002 2.5000000000000004 3.5000000000000004 0.42776885628700262 16.500000000000004 10.500000000000002 0.71393844485282909 0.17262665182352069 0.21313631534576419 0.025158228352665905 0.5838744342327119
decision_type=2 2 2 2 2 2 2 2 2 2 2 2 2 2 2 2 2 2 2 2 2 2 2 2 2 2 2 2 2 2 2 2 2 2 2 2 2 2 2 2 2 2 2 2 2 2 2 2 2 2 2 2 2 2 2 2 2 2 2 2 2 2
left_child=1 6 5 8 12 14 11 10 13 32 19 29 21 38 59 26 27 25 33 39 55 34 35 -12 -10 -13 42 44 57 -1 61 50 40 49 -5 56 -20 -24 -2 -4 -8 -19 -7 -16 -6 -22 -28 -45 -23 58 -21 -27 -33 -26 -40 -14 -11 -18 -9 -3 -31 -15
right_child=3 2 7 4 16 15 9 18 24 22 23 17 20 30 43 -17 28 41 36 31 45 48 37 -25 53 51 46 -29 -30 60 -32 52 -34 -35 -36 -37 -38 -39 54 -41 -42 -43 -44 47 -46 -47 -48 -49 -50 -51 -52 -53 -54 -55 -56 -57 -58 -59 -60 -61 -62 -63
leaf_value=-0.11562759747353521 -0.013021096557293332 -0.093176723776161069 -0.041013844183796659 0.026478274238758651 0.060676475655277264 -0.029792537455545408 -0.083689154931188045 -0.0096916497203126031 0.042633886263112271 -0.039277798709873926 -0.00080543070778238109 -0.088940458473691281 0.049107274810206936 0.023984807897184008 -0.058679801915811743 0.00099610175702822233 0.080784550026215027 -0.065145194234955434 0.022216098545022041 -0.025114549935561229 0.064871067926763906 0.046985485580521215 -0.028321030280540373 0.016452126502671006 0.078843197026620362 -0.064026818679134789 -0.038975331768219566 0.086676470767121983 0.10585563788081186 -0.10017386698194876 0.050195865704841448 -0.0086957409989070183 -0.043458440049536008 0.020761943570949841 0.041846486765902524 -0.02720416008753293 0.037533040950908869 -0.0035075903910907775 -3.5276764343157708e-05 -0.023204724507955767 -0.064969293716541893 -0.045895798482655396 -0.014594117986135498 -0.043025312079003911 0.076407559625712024 0.077572104623097091 -0.024863817024045748 -0.057228667856276172 0.061690218073439988 0.028683393018101768 -0.0093709265031794008 -0.076805391685559582 0.0047879318223910203 0.055530842352451225 0.013228921411881776 0.061891144617506527 -0.055723891036676854 0.093775542405391016 0.0075269301701949166 -0.073523296907667443 -0.088486659580337856 0.035295445798436451
leaf_weight=1998.5039106383047 1210.6050700228661 1072.4202436421765 2686.896919797291 4951.3816080898978 4523.1233983184211 3774.0252529617283 2778.0301730314386 2178.6152018561261 4111.9261196071748 1961.6484071717714 7671.3153678264935 5352.2401448560413 6502.2175323514966 6273.2407298330218 4795.8736427827971 4717.0820946935564 3451.4765528682619 2536.8790667195572 4313.6505367303034 3091.6472835992463 7106.2622377341613 4091.911599136889 3937.7390796868131 7268.907033483265 1407.1744055431336 3604.1850889887428 6502.3221698979614 4224.2202427731827 4790.5708830840886 3490.3312895003473 2234.2322021201253 3824.5527069647796 1073.3965435473947 4114.0097629844677 7030.5027667824179 1794.0135748073226 6746.7197233008919 1290.7609509503236 2570.6634424196091 4940.0368383170571 3613.9862067841459 3563.7987494615372 6371.6982382589485 9191.3026315091411 4154.9407227381598 4663.5412047524005 3231.4398757454474 2479.9765996041242 3246.0354605987668 478.02175265387632 2654.7529073115438 5419.6612548218109 3762.8766657486558 1132.6671744193882 7741.0206915740855 3023.6553153803106 3406.3320462870179 4635.679650273174 2319.4105714129983 4134.5401796668884 7221.7528785886243 3828.7152750566602
leaf_count=289881 25164 83505 156211 77144 31570 92182 394691 107157 30451 94036 196937 576150 74739 67337 221415 65041 22289 300780 105462 103282 64658 33154 237505 114136 6042 244029 242587 18522 20685 714897 12969 97383 76831 94541 73848 64098 100880 44604 48339 222498 344551 288757 118531 321671 22537 25158 90497 132249 19234 14241 81452 503218 95560 5979 103548 31083 209555 19961 76711 244934 1052080 30642
internal_value=2.34596e-12 -0.0332067 -0.0150689 0.053239 0.0651507 -0.037977 -0.0681951 0.00384186 0.0273171 -0.0476258 -0.00638383 -0.0805016 0.0528618 0.0202988 -0.0564136 -0.0217309 0.0845114 -0.0709039 0.0220604 -0.0163446 0.0624162 0.0423303 -0.0348425 0.00759094 0.05249 -0.0781196 -0.0271236 0.0742548 0.0947876 -0.0959634 0.0322424 -0.00883195 -0.0688424 0.0105027 0.0354957 -0.0440754 0.0315593 -0.0221953 0.00751164 -0.0294787 -0.0731051 -0.0539004 -0.0202477 -0.0497236 0.0682083 0.0699036 -0.0342906 -0.0460433 0.0534903 0.00202067 -0.0178412 -0.0717015 -0.00200871 0.0684468 0.00992221 0.0531651 -0.0497139 0.0882312 -0.000812875 -0.0775711 -0.0922947 0.0282716
internal_weight=252271 155365 102322 96905.8 66395.5 46270.7 53043.3 56051.4 30510.2 19855.9 35901 33187.4 40615.5 23858.5 21674.1 24596.6 25780 20476.8 20150.4 20960.8 21295.7 19319.8 12390.5 14940.2 6651.77 14376.1 19879.5 12902.3 12877.7 12710.6 12336.2 13333.8 7465.41 9090.06 11981.9 7161.99 11060.4 5228.5 11522.3 7626.93 6392.02 6100.68 10145.7 16467.2 8678.06 11769.8 9733.76 11671.3 7337.95 4976.05 5746.4 9023.85 7587.43 2539.84 10311.7 9525.87 5367.98 8087.16 4498.03 5206.96 10712.1 10102
internal_count=9479779 8614726 3179063 865053 534582 1612612 5435663 1566451 330471 1465871 1067459 3969792 399018 287999 1003774 608838 135564 1912934 498992 756386 195638 203380 649798 311073 42472 1323397 543797 72629 62935 2056858 110948 377677 816073 292650 150992 367689 206342 282109 177051 378709 739242 589537 210713 675335 54107 89816 333084 453920 52388 198109 184734 747247 192943 12021 151887 105822 303591 42250 183868 328439 1766977 97979
is_linear=0
shrinkage=0.08


Tree=5
num_leaves=63
num_cat=0
split_feature=2 2 0 2 5 0 5 0 2 2 5 0 5 2 5 0 2 0 5 5 5 0 5 2 0 5 0 5 0 1 4 1 4 0 0 2 5 5 1 1 4 0 4 2 5 2 0 2 0 4 5 0 5 2 5 5 2 5 0 2 7 2
split_gain=57063.2 12638 5924.91 3987.57 2413.61 2114.67 1421.69 926.63 684.052 666.488 632.413 574.291 565.717 375.028 361.19 352.032 273.649 271.221 268.793 218.217 216.255 207.779 188.293 171.522 170.079 167.716 149.148 147.818 127.669 124.872 108.873 105.415 103.547 100.652 95.1555 91.4534 86.3957 84.5204 84.3612 83.8829 74.5291 75.299 72.5364 70.978 69.3954 68.1958 67.8273 67.2112 67.0132 66.5211 65.0831 62.446 57.3277 57.0541 56.8169 53.2325 52.5999 50.6966 50.0856 48.3993 47.4114 46.3951
threshold=0.33514493703842169 0.10050505027174951 2.5000000000000004 0.67006802558898937 0.57317069172859203 5.5000000000000009 0.56322491168975841 5.5000000000000009 0.17677696049213412 0.047905908897519119 0.6421831250190736 1.5000000000000002 0.6936996877193452 0.040202019736170776 0.40119273960590368 6.5000000000000009 0.5025252401828767 1.5000000000000002 0.69174146652221691 0.61021780967712413 0.71551167964935314 2.5000000000000004 0.65160736441612255 0.8896499276161195 1.5000000000000002 0.74265706539154064 1.5000000000000002 0.76478019356727611 12.500000000000002 5.5000000000000009 253302.00000000003 8.5000000000000018 147804.00000000003 16.500000000000004 3.5000000000000004 0.82807883620262157 0.15310718119144442 0.27558170258998876 11.500000000000002 3.5000000000000004 322066.50000000006 1.5000000000000002 18042.000000000004 0.41223156452178961 0.83294382691383373 0.025158228352665905 13.500000000000002 0.54606062173843395 1.5000000000000002 39079.500000000007 0.83294382691383373 8.5000000000000018 0.37723660469055181 0.27334994077682501 0.79679140448570263 0.25077867507934576 0.25126262009143835 0.74265706539154064 3.5000000000000004 0.54606062173843395 12.500000000000002 0.073350071907043471
decision_type=2 2 2 2 2 2 2 2 2 2 2 2 2 2 2 2 2 2 2 2 2 2 2 2 2 2 2 2 2 2 2 2 2 2 2 2 2 2 2 2 2 2 2 2 2 2 2 2 2 2 2 2 2 2 2 2 2 2 2 2 2 2
left_child=1 6 4 5 11 10 13 20 22 32 21 14 17 36 55 19 30 29 26 58 34 52 51 28 37 43 49 48 57 60 46 -13 45 54 -5 -22 -1 -15 -19 -16 41 -20 56 -12 -29 -8 -7 -23 -14 -11 59 -4 -2 -21 -18 -3 -17 -9 -10 -27 -6 -26
right_child=3 2 8 7 12 16 9 23 15 18 25 31 27 24 39 42 33 38 40 53 35 47 -24 -25 61 50 -28 44 -30 -31 -32 -33 -34 -35 -36 -37 -38 -39 -40 -41 -42 -43 -44 -45 -46 -47 -48 -49 -50 -51 -52 -53 -54 -55 -56 -57 -58 -59 -60 -61 -62 -63
leaf_value=-0.11187673562483878 -0.0235504260975864 -0.08433540643889606 -0.020477662378534871 0.039289947211066302 -0.021691887316473472 0.040260847812063169 -0.086948198877246294 0.066510769033260919 -0.0096322426518225795 -0.063118699064703881 0.015421259742659833 -0.015517638041259574 -0.017086802821000828 -0.095019152799849529 -0.037675810451115226 0.013444182612541156 0.054942745263030876 -0.006087638586339557 -0.039507912494679602 0.012164422341598072 0.056492785233395564 0.015278750642061705 0.0040077935131059847 0.097416980459843094 -0.067942756420758366 0.033479732811902821 -0.038022556692246939 -0.00093824051936290784 0.087877227631735361 -0.040364608736553925 0.066061373454490757 -0.036109289260854271 -0.031836092928685424 0.073257828477635609 0.056816556717959966 0.078097198784681077 -0.090971407691372408 -0.075460205288057872 -0.024633296183769637 -0.05198443215076979 0.0034854463702139529 -0.019435639997701922 0.036350655898271723 0.030769633485404752 0.019491305498881381 -0.069506370071194437 0.052359035160108175 0.030391060130293863 -0.0026398822583729334 -0.043116757676748545 0.057348759808926522 0.0074281372315487398 0.0038364342355703229 0.024185906701691573 0.072455291040883871 -0.067356753247956438 0.029594676893229414 0.080856740102305008 0.0044108095099405567 0.047008163406384695 -0.033311267135205484 -0.050047122461774667
leaf_weight=1587.2771967669687 529.70037550968118 1665.8526647771359 4988.5353836441354 3930.0268854897004 6463.3198448828771 9118.8956716244575 2054.3405536853243 4124.4018486612476 2854.4749385665637 4667.5477139896248 2531.0625361921266 2539.8719544557389 6401.8576018547174 1685.8496909203823 3458.8073171392316 2316.3800845208752 7367.0759415857028 4642.3556782531086 2934.9029917524895 6461.6095659398707 2138.6972758388147 5458.9369125671219 4811.2047355990217 4788.5050242147408 1791.8114300872548 4180.1049108840525 3617.8536501423223 5522.0653805194888 6291.0260956520215 5988.493648500531 1633.5463032824919 4259.4084255081834 379.59548246534541 3862.4546946124174 4000.6954395566136 3031.4192321836017 6235.1602676692273 8768.9341997458832 2371.7745992603013 10840.208130730316 427.54071057424881 2018.9471097893256 4434.6898176076356 8097.4599407992791 1318.1382359196432 4756.3003569812281 4395.3526676048059 2875.6484777759761 3026.2851910807076 1378.3817811171175 1493.2316994033754 572.06355706311297 6393.1606959917117 4149.1047587571666 1413.0771329328418 4067.335133524728 2914.4064138559042 2551.9987513613887 3775.1100222051609 2843.9848329359666 3445.6372312620515 1921.3805887026538
leaf_count=240297 12468 139407 282248 30212 164472 113366 368862 27934 86777 385231 35333 78212 155553 230108 107341 63974 64197 119438 158594 137831 11993 89712 154877 22341 256615 35554 298106 93846 31900 273057 9675 228360 25705 27264 27301 14005 1183334 940170 108221 549967 11657 111193 77783 82922 14102 592836 48641 33077 72510 93334 8469 27077 100519 65313 7145 261402 59935 12350 111425 18675 102506 183050
internal_value=4.42698e-12 -0.0309452 -0.0156229 0.049058 -0.0300215 0.037393 -0.0667302 0.0725697 0.0098741 -0.0524659 0.0241347 -0.0485066 -0.0173623 -0.0811533 -0.0553253 0.0166026 0.0538061 -0.0254626 -0.042891 0.00975087 0.0564302 0.0119844 -0.00758035 0.0844779 -0.0733904 0.0338174 -0.0508704 -0.00595421 0.0796998 -0.0312442 0.0465537 -0.0284173 -0.072501 0.0624956 0.0481313 0.0691602 -0.0952134 -0.0786141 -0.0123587 -0.0485233 -0.0285616 -0.0313274 0.0288239 0.0271146 0.00299863 -0.0747675 0.0441956 0.0204929 -0.0124496 -0.0585586 0.0421816 -0.0176068 0.00174094 0.0168652 0.0577612 -0.0722901 0.0224427 0.0719944 -0.00163565 0.0389573 -0.0257323 -0.0586827
internal_weight=240565 147515 103289 93050.5 66011.4 62193.7 44225.8 30856.8 37277.6 22235.4 34403.3 26831.5 39179.9 21990.4 20032.2 26905.8 27790.4 22911.6 15045.2 17240.3 13100.8 15257.4 10371.8 17755.9 14168 19145.8 9663.78 16268.3 12967.4 15897.5 15147.8 6799.28 7190.24 12642.6 7930.72 5170.12 7822.44 10454.8 7014.13 14299 5381.39 4953.85 9665.48 10628.5 6840.2 6810.64 13514.2 8334.59 9428.14 6045.93 8517.32 5560.6 6922.86 10610.7 8780.15 5733.19 5230.79 6676.4 6629.58 7024.09 9908.96 3713.19
internal_count=9479779 8614726 3535634 865053 2468394 687017 5079092 178036 1067240 2045518 416729 1364689 1103705 3033574 1058117 603038 270288 767694 1058115 401346 83511 235776 464202 94525 1609943 180953 776671 336011 72184 540035 171682 306572 987403 98606 57513 25998 1423631 1170278 227659 657308 281444 269787 201692 118255 107948 961698 162007 122789 228063 478565 62698 309325 112987 203144 71342 400809 123909 40284 198202 54229 266978 439665
is_linear=0
shrinkage=0.08


Tree=6
num_leaves=63
num_cat=0
split_feature=2 2 0 2 0 2 0 0 0 2 7 0 2 7 2 2 2 1 2 7 7 0 2 7 0 0 0 2 6 0 0 0 2 0 7 6 6 0 2 7 1 7 7 0 2 0 0 2 7 7 0 7 2 1 0 7 0 3 2 1 1 7
split_gain=47495.3 10564.6 4470.73 3448.05 1751.84 1483.56 1052.47 831.85 545.793 364.609 341.985 313.844 308.438 306.77 289.796 247.516 184.14 157.384 157.335 144.188 134.416 118.781 112.312 112.204 111.363 102.449 100.514 96.5563 90.1234 84.2206 78.3934 76.3856 75.9353 73.8129 64.8096 59.0891 85.1088 57.8374 56.9334 56.4621 53.1535 49.5831 63.0008 47.9644 47.6744 46.566 45.5801 44.7255 44.002 43.7254 39.7617 39.3812 37.7627 37.359 36.8592 35.2806 34.7076 33.3924 31.5776 31.2967 30.5075 28.3998
threshold=0.33514493703842169 0.11173533275723459 1.5000000000000002 0.67006802558898937 5.5000000000000009 0.059173669666051872 3.5000000000000004 5.5000000000000009 1.5000000000000002 0.21081871539354327 8.5000000000000018 3.5000000000000004 0.025158228352665905 15.500000000000002 0.22756041586399081 0.54606062173843395 0.82807883620262157 4.5000000000000009 0.8760964870452882 8.5000000000000018 16.500000000000004 3.5000000000000004 0.5838744342327119 15.500000000000002 7.5000000000000009 13.500000000000002 12.500000000000002 0.49725274741649633 25.500000000000004 1.5000000000000002 8.5000000000000018 1.0000000180025095e-35 0.15424266457557681 18.500000000000004 3.5000000000000004 52.500000000000007 107.50000000000001 2.5000000000000004 0.15026882290840152 8.5000000000000018 12.500000000000002 8.5000000000000018 15.500000000000002 10.500000000000002 0.40114942193031317 3.5000000000000004 3.5000000000000004 0.082903780043125166 2.5000000000000004 16.500000000000004 6.5000000000000009 3.5000000000000004 0.28669276833534246 4.5000000000000009 2.5000000000000004 15.500000000000002 15.500000000000002 21.500000000000004 0.38529014587402349 5.5000000000000009 5.5000000000000009 16.500000000000004
decision_type=2 2 2 2 2 2 2 2 2 2 2 2 2 2 2 2 2 2 2 2 2 2 2 2 2 2 2 2 2 2 2 2 2 2 2 2 2 2 2 2 2 2 2 2 2 2 2 2 2 2 2 2 2 2 2 2 2 2 2 2 2 2
left_child=1 5 10 4 11 12 14 16 19 30 17 22 31 53 32 25 45 34 26 40 35 47 37 -21 52 44 -9 -13 -19 39 38 -1 -4 -17 -3 -15 60 61 -8 57 51 -16 -43 -20 -6 -5 -18 -10 -30 -25 -23 -7 -11 -12 -34 -41 -26 -14 -27 -22 -37 -2
right_child=3 2 6 7 15 8 9 18 21 24 13 27 29 20 41 33 46 28 43 23 59 50 -24 49 56 58 -28 -29 48 -31 -32 -33 54 -35 -36 36 -38 -39 -40 55 -42 42 -44 -45 -46 -47 -48 -49 -50 -51 -52 -53 -54 -55 -56 -57 -58 -59 -60 -61 -62 -63
leaf_value=-0.11024747873922573 0.010016476203790124 -0.031484339112398896 -0.023120334506397389 0.034771469954987831 0.032683035967984692 -0.056240593667458427 -0.011381275751046447 0.067127443796861225 -0.045237295158738755 0.011951427237934876 -0.047298533943456289 0.024609751878168568 -0.069399120674673465 -0.037924853085987892 0.004951426407498568 0.056136567138570743 0.053848790718883821 -0.020094478914473295 0.083193752782892344 -0.073901433325147911 -0.037166140267551911 -0.022367765956982345 0.024183876169099242 -0.047082498772154029 0.026614366795153922 0.041813266153762692 0.081922047232428866 0.039672019428344085 -0.049245789521717133 -0.058024431351340104 0.015437793493513751 -0.08661350030951144 -0.015264540689553428 0.072539949144635144 -0.016073313847886354 -0.0072379415805360796 -0.034350533883941513 0.018846757276864981 0.0031711068751791205 -0.083782859675413976 -0.056548159572476386 -0.018602534724148752 0.00024418819485568817 0.098551069311286085 0.043471514039189758 0.04931878318315383 0.066889803581669766 -0.032112031505775608 -0.034147083994654194 -0.062068232072621785 0.0019804741286636447 -0.039220186711802357 0.022486013972078788 -0.058943223335764169 -0.0044121516909859885 -0.072122317595379071 0.040658466014480137 -0.053319852397737746 0.055606640669383312 -0.048942502284046521 -0.024490086443448789 -0.0037708345955587419
leaf_weight=1070.7992385425605 7453.8610910249408 2182.3497798329336 6025.8816653541871 2988.9892852101475 3984.4555015484802 1117.810205376707 2645.3333226083778 6014.1718370122835 2751.007548575697 5572.0924384179525 3193.1158891962259 4783.5599634752143 4421.6442910473561 1702.1352087047999 6829.3179510317277 6796.7010793224908 3095.6925410068361 2697.105520187295 2541.793864477193 3513.0868232111679 3960.5374771147035 2176.4030081394885 8095.135713296826 2281.6862214576686 4801.3628555964679 1365.3453726868611 5747.8778760160785 6325.8773265036289 1519.7819952573627 3290.9989522153919 2136.2945725081954 4791.879865934694 5720.0841070313472 2367.1469169724733 8743.6723648991901 2138.1072792971972 1818.7211474782089 5360.9854671955109 4921.9904358923668 3015.2007486833609 2925.681180944026 1603.3666037558578 3887.2508007058641 2667.5356495035812 7663.4056866309838 2662.874698295258 3846.616778918542 4195.7537456278806 6599.3911906459834 2745.5797584188986 534.70944846386556 3924.7330105426954 3574.9623535764404 3937.7284869562718 3082.2811381076463 3696.5832825645339 1471.3140766082797 1016.6585903372616 4784.6725945568178 2273.3039871746441 946.34160998370498 1096.8771016658284
leaf_count=144346 108553 69766 288965 23256 53388 87475 129943 38357 260090 130122 147501 66778 557840 70564 146395 54438 19216 82951 13278 379366 146702 168000 84858 162745 99034 16506 30543 61952 82519 490761 68353 1024046 200195 16213 203578 41951 65674 75288 166995 495421 247651 50561 90497 12347 83629 19036 22003 290195 277179 240325 35056 236348 65434 267018 104102 495859 25855 120139 46114 126435 30774 19300
internal_value=-2.69087e-11 -0.0288715 -0.0133335 0.0455581 0.0345515 -0.0596343 0.00225307 0.0679238 -0.0468732 0.0140534 -0.0328658 0.0222252 -0.0753082 -0.0404242 -0.00866713 0.0496915 0.0523464 -0.0259236 0.0794834 -0.0557104 -0.0330347 -0.0317673 0.0166918 -0.0629322 0.0216987 0.0441914 0.0743573 0.0331864 -0.0327645 -0.0693768 0.0019045 -0.0909302 -0.0162011 0.0603738 -0.0191515 -0.0250827 -0.0206245 0.0123322 -0.00191602 -0.0724517 -0.0479702 0.000400765 -0.00525942 0.0910578 0.039781 0.0416254 0.0610746 -0.0373098 -0.0369733 -0.0552668 -0.0175656 -0.0429932 0.0160687 -0.0537289 -0.0114644 -0.0773607 0.0299085 -0.0663932 0.0525444 -0.0414606 -0.0125311 0.00824786
internal_weight=231098 141454 93983.8 89643.6 60078 47470.2 52271.5 29565.6 26166.5 25123.4 41712.3 33116.3 21303.8 19970 27148.2 26961.7 12594.2 21742.3 16971.4 16508.6 12839.1 9657.87 22006.9 8540.35 15419.7 17797.9 11762 11109.4 10816.3 15441.1 9703.62 5862.68 14828.2 9163.85 10926 6605.31 4903.17 13911.7 7567.32 12150.1 7968.22 12319.9 5490.62 5209.33 11647.9 5651.86 6942.31 6946.76 8119.17 5027.27 2711.11 5042.54 9147.05 7130.84 8802.37 6711.78 6272.68 5438.3 6150.02 6233.84 3084.45 8550.74
internal_count=9479779 8614726 3179063 865053 687017 5435663 1566451 178036 2107251 685736 1612612 416729 3328412 896619 880715 270288 83511 715993 94525 1353910 482100 753341 287999 782436 320445 199637 68900 128730 442649 2160020 365291 1168392 593262 70651 273344 208963 138399 203141 296938 1669259 571474 287453 141058 25625 137017 42292 41219 550285 359698 403070 203056 323823 195556 414519 304297 991280 124889 677979 62620 273137 72725 127853
is_linear=0
shrinkage=0.08


Tree=7
num_leaves=63
num_cat=0
split_feature=5 5 5 5 5 5 5 5 4 5 5 4 4 7 1 1 4 7 7 7 4 5 1 6 1 5 4 3 6 7 6 7 7 5 5 6 6 4 7 1 4 4 5 7 5 4 4 4 4 1 6 7 4 7 7 7 5 6 4 4 3 6
split_gain=16881.9 5165.23 2557.04 1056.65 862.058 681.341 291.104 161.882 152.061 147.317 142.854 91.7836 89.1326 82.4405 82.2943 75.1234 69.3074 66.7652 136.558 66.4565 62.1441 75.6687 59.1119 56.3619 53.7758 53.3314 51.8659 50.4802 50.2174 49.1819 45.6394 45.6265 44.7473 44.2334 72.6388 68.3981 59.5026 43.0564 38.5824 38.0086 35.5023 35.3491 34.5448 34.4806 33.4008 33.238 55.5298 32.7344 32.4982 45.8069 29.4068 29.0267 28.3551 27.7816 37.3405 31.4159 27.3792 27.0923 26.9163 24.7545 24.6574 24.5849
threshold=0.65160736441612255 0.4371065646409989 0.75106957554817211 0.54349327087402355 0.25077867507934576 0.81119626760482799 0.69174146652221691 0.58939334750175487 3383.0000000000005 0.36119444668293005 0.10704734176397325 1753.5000000000002 6003.5000000000009 6.5000000000000009 18.500000000000004 17.500000000000004 28634.000000000004 4.5000000000000009 12.500000000000002 8.5000000000000018 7217.5000000000009 0.69076326489448558 8.5000000000000018 109.50000000000001 27.500000000000004 0.51416715979576122 903.50000000000011 21.500000000000004 52.500000000000007 8.5000000000000018 103.50000000000001 12.500000000000002 20.500000000000004 0.60170263051986705 0.60048425197601329 36.500000000000007 25.500000000000004 105.50000000000001 20.500000000000004 12.500000000000002 2101.5000000000005 147804.00000000003 0.47588364779949194 4.5000000000000009 0.50829836726188671 83472.000000000015 86383.000000000015 9121.5000000000018 93473.500000000015 17.500000000000004 22.500000000000004 13.500000000000002 4396.0000000000009 17.500000000000004 16.500000000000004 18.500000000000004 0.72761431336402904 119.50000000000001 426007.50000000006 19655.000000000004 24.500000000000004 18.500000000000004
decision_type=2 2 2 2 2 2 2 2 2 2 2 2 2 2 2 2 2 2 2 2 2 2 2 2 2 2 2 2 2 2 2 2 2 2 2 2 2 2 2 2 2 2 2 2 2 2 2 2 2 2 2 2 2 2 2 2 2 2 2 2 2 2
left_child=1 4 6 8 10 13 20 12 14 24 -1 29 53 27 44 26 30 41 -19 33 31 51 58 28 40 32 -11 -4 -20 -9 -7 -2 39 34 36 -36 47 -12 42 -10 -6 45 -16 -35 -3 -8 -47 -13 -23 -50 -15 -22 -37 54 -5 -55 -30 -52 -18 -59 -14 -46
right_child=2 3 5 7 9 16 17 11 25 15 37 19 60 50 38 -17 22 18 23 -21 21 48 -24 -25 -26 -27 -28 -29 56 -31 -32 -33 -34 43 35 52 -38 -39 -40 -41 -42 -43 -44 -45 61 46 -48 -49 49 -51 57 -53 -54 55 -56 -57 -58 59 -60 -61 -62 -63
leaf_value=-0.10029865047120183 0.016764312745264649 -0.019044313923822373 0.028737855329823425 -0.0060654954747012104 -0.047215428189894486 0.043115375185210573 0.014820277433373814 0.011486932303413109 -0.029872148748215893 -0.027115199925642229 -0.058695839845098553 -0.010397570055965451 -0.019673703415763667 0.016493708217190012 -0.038078570217798854 -0.049203929716056236 0.041081604944643683 0.029659859970598123 0.0063999104108593743 -0.0095182884358885316 0.0069878985408981121 0.0044548578006166351 0.057208420506334505 0.0079178124029146719 -0.067177850807316961 -0.023746812562655536 -0.040756097571838623 0.017179701118161975 0.019370349325554034 -0.0011203737928789262 0.011850073463010865 0.0061315532707045504 0.029614109676432868 -0.0051507941270600103 0.069302499789179683 0.046072059121539034 0.0046709864124765809 -0.077859168212110683 0.054162970595290842 -0.040608246996307849 -0.061370799064603569 0.024931986933171418 -0.023992205959988949 0.0058326690658565125 -0.029880568682102728 -0.021312373130429836 0.0093963312872292135 -0.06877695459547549 -0.017285803583736731 -0.07003132847117613 0.036038410076141704 -0.0011565786015426372 0.000417203575337763 -0.037441014626132127 0.016223587771916147 -0.010855903411668958 0.030727789398717894 0.029218605446356932 0.052424879370451691 0.00091409508100944825 -0.011018706833981064 -0.0093255341172001193
leaf_weight=1749.3714476425084 5630.1370698829996 8654.7948990552686 8018.3135270334315 9328.4948955426808 4967.8957038566004 2293.3221981036477 8438.738090970146 3686.3080916138133 4753.9686304501956 3234.7053681999096 1028.6527459313511 137.14031975436956 7007.7379579692497 574.42299907165579 1608.1618022242328 3304.388528199459 2777.4345026644878 7326.020919954346 1515.2235215554247 12180.948504090833 13428.500073436298 266.42988169379532 8785.5089603053639 3904.8703163799364 1519.6663231489656 5024.0528301210725 3977.4781371520949 3462.7717059111455 4921.1562276797486 4279.1947638893616 343.57614985527471 4772.1751618270064 69.93702397972811 13592.029567065125 201.98976287560072 120.16562543949112 2263.7765215351828 2773.6876770837989 36.54875336016994 3795.2276144423231 1469.335929210647 1574.0046731819166 3627.4811246998142 2113.7397750898963 403.84394085151143 434.34814078046475 2847.4856979183969 111.4055638423888 472.36053189705126 135.63300482498016 13207.951254171843 3538.6024984773831 316.0552911425475 313.46938769333065 507.18738181598019 3076.2133237193921 1876.4000669737579 1069.9336987151182 2584.7317023379728 242.58961126732174 3012.1681979284622 4783.2947471926454
leaf_count=275171 155968 378703 141067 416326 377497 29247 226371 120542 209676 167772 116482 5215 409244 16009 182069 438639 23318 144740 42328 562846 427284 8291 90009 117659 280052 307933 241009 53310 126401 178505 4140 169202 3020 541193 5211 2947 86932 375113 2624 386373 132611 32517 342872 66127 18108 15812 72229 8552 12039 8989 207518 125306 12392 24559 16442 154254 36955 21984 18050 7077 119912 179036
internal_value=3.00105e-11 -0.0205967 0.0234735 -0.0122163 -0.0537362 0.0383305 0.012927 -0.006096 -0.0238466 -0.0454289 -0.0813793 -0.00294646 -0.0113805 0.0303609 -0.0192416 -0.0392148 0.0509491 0.0180489 0.021024 -0.00491249 0.00697192 0.00410657 0.0531685 0.0158457 -0.053642 -0.0302981 -0.0346381 0.0252518 0.0195698 0.00471409 0.0390416 0.0118864 -0.0341168 -0.0019372 0.00671396 0.0308151 0.000591488 -0.0726749 -0.0277471 -0.0346382 -0.0504465 0.0136752 -0.0283189 -0.0036726 -0.016002 0.0121635 0.00533206 -0.0365649 -0.018843 -0.0290524 0.0342468 0.00528931 0.0129937 -0.00706863 -0.00491614 -0.0133144 0.0225055 0.0349491 0.0465494 0.0239872 -0.0170719 -0.0109258
internal_weight=223473 119031 104443 95005.3 24025.2 43360.6 61082.1 62248 32757.3 18473.5 5551.71 39002.8 23245.3 26576 19114.1 10516.6 16784.6 32838.2 19543.7 31037.3 28243.8 17841.5 14147.7 12217.7 7956.9 13643.2 7212.18 11481.1 8312.78 7965.5 2636.9 10402.3 8619.13 18856.3 3150.53 638.211 2512.32 3802.34 5272.19 8549.2 6437.23 13294.6 5235.64 15705.8 13841.9 11720.6 3281.83 248.546 874.423 607.994 15094.9 16967.1 436.221 13225.4 9835.68 3389.68 6797.56 14520.5 5362.17 1312.52 10019.9 5187.14
internal_count=9479779 7145959 2333820 4741613 2404346 611729 1722091 2731199 2010414 1637580 766766 1590462 1140737 446965 1103412 847420 164764 815012 468083 1291415 907079 581909 131377 323343 790160 907002 408781 194377 205684 299047 33387 325170 599069 728569 121249 20550 100699 491595 527565 596049 510108 346929 524941 607320 575847 314412 88041 13767 29319 21028 252588 552590 15339 611581 432768 178813 163356 236579 41368 29061 529156 197144
is_linear=0
shrinkage=0.08


Tree=8
num_leaves=63
num_cat=0
split_feature=2 2 0 2 5 0 5 0 2 0 5 2 5 5 2 2 0 0 0 2 4 5 2 2 2 0 0 0 5 5 2 2 4 2 4 5 0 5 2 0 4 2 5 5 2 5 0 4 0 5 5 0 2 5 0 5 0 0 2 5 4 0
split_gain=38526 8403.76 4127.05 3054.38 1537.49 1450.78 755.166 673.354 534.463 398.648 371.791 354.847 338.161 254.782 231.157 224.454 208.264 199.743 190.82 182.022 148.599 144.632 137.319 119.381 102.388 98.0331 97.825 95.0389 93.9208 92.895 90.4549 78.8339 78.4707 75.8251 75.1742 74.2332 72.4624 70.0995 67.2923 66.4157 63.2749 60.8986 59.6925 52.7321 51.9254 49.0103 43.4691 43.0908 42.2581 40.8488 40.5101 38.7937 37.6798 37.1093 35.2922 34.2405 33.7971 33.6661 33.41 33.2029 32.7838 32.5338
threshold=0.33514493703842169 0.091372914612293257 2.5000000000000004 0.67006802558898937 0.57317069172859203 5.5000000000000009 0.56322491168975841 6.5000000000000009 0.20101010054349902 1.5000000000000002 0.71551167964935314 0.047905908897519119 0.6936996877193452 0.39232537150383001 0.038218110799789436 0.46720430254936224 2.5000000000000004 1.5000000000000002 6.5000000000000009 0.82807883620262157 72837.500000000015 0.6567898988723756 0.91042780876159679 0.21896404027938846 0.19890110194683078 13.500000000000002 1.5000000000000002 1.5000000000000002 0.71551167964935314 0.6936996877193452 0.18016393482685092 0.16291709244251254 147804.00000000003 0.54606062173843395 147804.00000000003 0.83294382691383373 13.500000000000002 0.53957796096801769 0.44543650746345526 4.5000000000000009 56016.500000000007 0.19890110194683078 0.14160569757223132 0.75467449426651012 0.025158228352665905 0.28976984322071081 3.5000000000000004 253302.00000000003 3.5000000000000004 0.17647051066160205 0.72243767976760875 9.5000000000000018 0.15026882290840152 0.69076326489448558 1.5000000000000002 0.70944577455520641 2.5000000000000004 3.5000000000000004 0.15345369279384616 0.81396234035491954 63017.500000000007 12.500000000000002
decision_type=2 2 2 2 2 2 2 2 2 2 2 2 2 2 2 2 2 2 2 2 2 2 2 2 2 2 2 2 2 2 2 2 2 2 2 2 2 2 2 2 2 2 2 2 2 2 2 2 2 2 2 2 2 2 2 2 2 2 2 2 2 2
left_child=1 6 4 5 9 10 14 19 21 13 16 34 17 49 42 40 37 24 29 43 26 39 36 32 60 50 53 45 48 46 -11 -15 -14 59 44 54 55 -2 -18 58 51 -19 -1 57 -8 -16 -10 -20 -21 -3 -17 -7 -23 -13 -25 -9 -35 -5 -4 -12 -6 -41
right_child=3 2 8 7 12 15 11 22 18 30 33 20 23 31 27 25 38 41 47 28 -22 52 -24 35 -26 -27 -28 -29 -30 -31 -32 -33 -34 56 -36 -37 -38 -39 -40 61 -42 -43 -44 -45 -46 -47 -48 -49 -50 -51 -52 -53 -54 -55 -56 -57 -58 -59 -60 -61 -62 -63
leaf_value=-0.10158022608106566 -0.0053464917963601411 -0.082057727333256003 -0.024868339220743052 0.029270598917185035 -0.038480778338099285 0.026981083533036822 -0.076804264899749508 0.06003407385998976 -0.002474974857509448 -0.036681457257688586 0.024034448170743367 -0.054894086219497693 -0.019441596013658517 -0.051487372671726678 -0.08297495749692585 0.042745792428086217 0.014297470078688148 -0.020504972108387785 0.023013255133373125 0.042601287374897073 -0.021322448443262813 -0.0026736173988507732 0.092256010253730911 -0.0074118793533620303 -0.022872267171736071 0.060459115153946676 -0.033991493220592445 -0.052654809399962747 0.070387272666243852 0.018192691702826603 -0.017492974828589521 -0.038560147236246109 -0.0017679741748651346 0.032993407977122677 -0.02819959731054221 0.023916340831779064 0.079292619882935816 0.0099220551243784788 0.026425571246944734 -0.0059448207057403099 0.046375481536226629 -0.0053540416867689693 -0.081010631680205891 0.053360588271640426 -0.060808730571394104 -0.066825761263193437 0.0089915576356839073 0.044437357988132309 0.058550950582926788 -0.061040063801144767 0.05362373698361101 0.038533321221694984 0.0094556397248427917 -0.040671350874151739 0.0044525524902050305 0.072605691583463194 0.047870011050487243 0.043411865448620066 -0.01112683660509454 0.037854702418988556 -0.02187569319458112 0.023471537062918605
leaf_weight=1109.8404811220826 2657.8440294327447 690.54317687643925 2422.9852687483071 2104.5161157720722 5413.6262573633576 3532.5568145082798 1849.3192573407432 2813.6349697897676 3592.9351844463963 2640.8038829043508 4533.757485893555 4204.0074082235806 6052.6027722138679 4445.4069650659803 1453.0725084377336 5428.7548165274784 4951.3309770191554 3001.9071329805302 7341.9281658557302 1736.0436106332345 2166.1980535738403 3024.9089720825723 2887.0671310444595 4740.3273293665843 9078.2874723248824 5778.6038108374923 3491.6171753787203 2825.1965084919793 3155.9702279034536 4733.4464957313612 3885.8330300388625 9410.0230925368378 2189.4117701360956 1683.941398981493 364.72937556635588 699.02048199716955 5327.5654157977551 6973.8668290150817 7164.7028089442756 3186.6654458487465 3294.9135089304764 3908.6028174697421 4842.838752708587 1640.9574252301827 4363.6360961489845 6980.818700599717 5147.0268896056805 654.3946348791942 2742.762042210903 4139.6714851722936 3673.766331160441 3930.2902755349642 3578.0413493792585 1629.0217776094796 2425.6808293545619 2733.7446145601571 2329.2264718180522 2207.746007591486 2125.8936820331728 1474.359898339957 885.40627806697739 260.27632055687718
leaf_count=219692 55787 79813 165949 18995 288581 51488 368862 21377 101753 186278 45050 391021 193788 330898 249428 59637 87641 144907 160557 13064 117914 114361 15110 79320 266978 47779 297250 401696 16930 73769 151007 423448 43699 12281 25705 6327 30453 98283 90859 175230 32231 102303 1091527 9573 592836 903020 136701 6228 18797 342180 25665 53488 91612 103600 42127 15327 16752 18410 95469 10076 40047 8845
internal_value=-1.39849e-11 -0.026548 -0.0146711 0.0422711 -0.0269293 0.0317889 -0.0601032 0.0642735 0.0069463 -0.0422781 0.020364 -0.0486798 -0.0168504 -0.0482234 -0.0720952 0.0459454 0.0144892 -0.0232329 0.0149766 0.0516408 -0.0401975 -0.00486342 0.0767464 -0.00801881 -0.0283099 0.0523097 -0.0445824 -0.0653541 0.059817 0.00916631 -0.025257 -0.0427077 -0.0147468 0.0331132 -0.0634977 -0.000968369 0.072629 0.00570874 0.0214693 -0.0120995 0.0371418 -0.0119356 -0.0848457 0.0411551 -0.0655699 -0.0696081 0.00427775 0.0247665 0.0523687 -0.0640448 0.0471361 0.033065 0.00389905 -0.050922 -0.00339579 0.0662294 0.0416277 0.0365105 -0.0184463 0.0274259 -0.0361467 -0.00372361
internal_weight=219714 134956 99675.7 84757.9 63607.2 57407.9 35280.3 27350 36068.5 25212.3 31769 18068.5 38394.9 18685.6 17211.8 25638.9 21747.7 22287.8 21469.7 13588 11490.8 14598.8 13762 16107 15377.3 14881.1 9324.65 11259.1 7634.78 13473.4 6526.64 13855.4 8242.01 10021.3 6577.68 7865.03 10874.9 9631.71 12116 7995.82 10757.8 6910.51 5952.68 5953.22 6212.96 8433.89 8739.96 7996.32 4478.81 4830.21 9102.52 7462.85 6602.95 5833.03 7166.01 5547.38 4013.17 4312.26 4548.88 6008.12 6299.03 3446.94
internal_count=9479779 8614726 3852175 865053 2721701 687017 4762551 178036 1130474 1513624 416729 1897188 1208077 1176339 2865363 270288 332570 842816 479008 95769 909785 651466 82267 365261 595606 133081 791871 1554144 48791 312223 337285 754346 237487 84159 987403 127774 67157 154070 178500 445493 137207 247210 1311219 46978 961698 1152448 238454 166785 31861 421993 85302 104976 205973 494621 121447 36704 29033 37405 261418 55126 328628 184075
is_linear=0
shrinkage=0.08


Tree=9
num_leaves=63
num_cat=0
split_feature=2 2 2 1 5 2 1 5 1 2 5 2 2 1 5 2 5 2 2 1 2 5 5 2 1 5 2 2 1 5 2 2 5 5 5 5 5 5 5 2 1 5 1 2 1 1 5 1 1 1 1 1 5 2 1 3 2 5 5 5 2 5
split_gain=32786.5 7176.11 2716.1 2308.01 1312.76 1048.27 1023.77 669.578 523.027 455.519 354.762 307.578 287.344 231.277 229.342 219.983 212.138 193.967 187.216 157.103 155.329 154.171 153.478 149.885 122.323 114.083 104.922 95.8492 92.3842 90.5646 88.5232 77.5603 68.9589 67.5367 62.5598 60.2757 56.1866 55.9775 52.3731 50.5626 61.508 50.4293 50.2318 50.1272 49.9483 48.6104 46.8583 46.3408 46.1309 45.5583 44.4232 43.921 42.2365 41.7331 38.9087 38.5512 38.4659 37.8145 36.7797 36.4478 34.3405 33.9588
threshold=0.33514493703842169 0.091372914612293257 0.67006802558898937 10.500000000000002 0.54349327087402355 0.18230694532394412 11.500000000000002 0.56322491168975841 7.5000000000000009 0.21896404027938846 0.69817671179771434 0.045715779066085822 0.53907206654548656 5.5000000000000009 0.39232537150383001 0.038218110799789436 0.57653760910034191 0.82807883620262157 0.27334994077682501 5.5000000000000009 0.21896404027938846 0.66961058974266063 0.65160736441612255 0.81892696022987377 5.5000000000000009 0.66961058974266063 0.53907206654548656 0.53907206654548656 21.500000000000004 0.71551167964935314 0.42956349253654486 0.5838744342327119 0.29576784372329717 0.69174146652221691 0.83056166768074047 0.15310718119144442 0.81396234035491954 0.76968595385551464 0.73808741569519054 0.19890110194683078 5.5000000000000009 0.6156316101551057 18.500000000000004 0.16291709244251254 21.500000000000004 53.500000000000007 0.76478019356727611 3.5000000000000004 21.500000000000004 26.500000000000004 5.5000000000000009 25.500000000000004 0.69817671179771434 0.91042780876159679 25.500000000000004 29.500000000000004 0.125657893717289 0.75467449426651012 0.83294382691383373 0.35344369709491735 0.025158228352665905 0.79679140448570263
decision_type=2 2 2 2 2 2 2 2 2 2 2 2 2 2 2 2 2 2 2 2 2 2 2 2 2 2 2 2 2 2 2 2 2 2 2 2 2 2 2 2 2 2 2 2 2 2 2 2 2 2 2 2 2 2 2 2 2 2 2 2 2 2
left_child=1 7 6 4 14 16 10 15 17 21 19 38 30 22 39 35 45 52 28 31 -16 43 -11 42 -22 44 -21 -12 41 47 36 59 -17 -18 -24 -1 51 55 60 -3 -41 -7 -10 -6 -13 56 -15 -19 -27 -34 58 -8 -4 -25 -20 -23 -5 -32 -29 -2 -9 -30
right_child=2 3 8 5 9 18 12 11 23 13 27 25 -14 46 20 32 33 29 54 26 24 37 34 53 -26 48 -28 50 61 -31 57 -33 49 -35 -36 -37 -38 -39 -40 40 -42 -43 -44 -45 -46 -47 -48 -49 -50 -51 -52 -53 -54 -55 -56 -57 -58 -59 -60 -61 -62 -63
leaf_value=-0.098378852129053618 -0.031248371572539704 -0.065269444743352861 0.031243242226733314 -0.035135076567875033 -0.038942752265998887 -0.0071070793467210569 0.02353055382684658 -0.073632204133836615 0.058807270145731318 -0.024902614337923658 0.024504849572513358 -0.051073233609741316 0.055306669109604044 -0.00064569595553707042 -0.045249941111574411 -0.076278504432982702 -0.01230218069676264 0.039565612711870438 0.01806670012829395 0.014737432098990158 -0.035415290717786034 -0.026987149774080559 -0.0097475214655887363 0.075858852957914225 -0.011417388488788234 -0.035658207867996394 0.031974419349152614 0.028507764473935167 0.011896240037447908 0.067631195538621458 0.038572266222443967 0.014080846694982945 -0.061817558742470011 -0.00051826779737002622 0.015460085776872899 -0.077191485924621273 0.049273155865704077 -0.0068878571122277842 -0.042694328516595208 -0.05596975536887859 -0.029082461552997211 0.0063957901121360853 0.071692972839232844 -0.027135087885203035 -0.036119097300589313 -0.000674336181574039 0.01506726792640384 0.056256688316337726 -0.020465509216132147 -0.047984381925885097 0.046686507541054953 0.035413781865939645 0.045958954887811529 0.089815075652600704 0.029823182772480101 -0.012855257771885372 -0.02191420013119055 0.050238119841599212 0.056665832247887592 0.0014913017068010053 -0.059361803442904815 0.031766263936123459
leaf_weight=1060.1488856295036 227.19615447940305 2307.8966892829631 3056.8108021300286 2265.7789728814969 4482.7505363937235 3041.4614126665983 4595.5679875561036 1589.6482072794461 4272.8394978295546 5627.4323360286071 6129.3297852305695 3916.1749162380002 7204.0542761003599 6773.3506415646989 6353.3174319486134 1728.7879464326543 7093.789055091067 1696.7968312094454 4659.2988647175953 6364.7532443490345 4059.7018112313235 3452.2697433129651 6740.0922662435623 3230.4863233962096 2043.7097086573485 3234.8135251433123 3504.4859389134217 2370.2679451871663 6495.4383680005558 3180.1948066223413 5529.1674526928691 4816.0664835096104 7067.3944376416039 5546.5144684188126 695.08494069613516 4536.9913096855889 946.76746818237007 2244.3432191780303 873.25061946973437 2260.7084487408283 717.2948016684968 4234.8820504299365 3540.4674684088677 4727.9671723779757 2251.2158134034835 488.61288814840373 1480.0649375515059 2857.1466210234212 2115.6560679274262 1942.5152622919122 2590.4218783150427 3511.7155186042655 2109.8137232400477 2382.6743284021504 2937.5417424155166 1923.920081394841 3722.1719604697428 2621.399103268981 339.39034245535731 5164.1892143043224 3361.1757938344381 601.44262802461162
leaf_count=233107 7198 250845 28360 188000 281603 107364 69997 340698 30801 173641 60607 387785 60674 161930 433781 310128 350108 13064 92833 106166 171311 129469 135132 19471 71029 211098 39745 19407 175939 17859 69092 63461 946083 175023 6677 1078112 6203 46819 93981 171148 32445 93736 21571 197872 224210 30673 19561 20040 139654 297933 19120 48883 13932 12938 56076 67505 224614 19645 1990 94829 499762 7041
internal_value=-9.44372e-12 -0.0249079 0.0395703 -0.0138593 -0.0244411 0.000535 0.0295943 -0.0567231 0.0607576 -0.0160794 0.0200662 -0.045775 0.0418928 -0.0083113 -0.042419 -0.0683456 -0.0131638 0.0492543 0.0124547 0.0136611 -0.0364941 -0.0259174 -0.0149351 0.0718105 -0.0273797 -0.0381989 0.0208581 0.0313174 0.00708584 0.0572719 0.0362761 0.00670257 -0.0616433 -0.00713145 -0.00739096 -0.0812046 0.0308315 -0.0174998 -0.0607577 -0.0563815 -0.0494936 0.000751684 0.0646462 -0.0328817 -0.0456147 -0.024937 0.00217207 0.0500376 -0.0296508 -0.0588352 0.0391958 0.0286778 0.0372525 0.081783 0.0226127 -0.0219299 -0.0269168 0.0423243 0.0320346 0.000111633 -0.0639439 0.0135802
internal_weight=212897 130655 82242 96976.8 55889.9 41086.9 55914.8 33677.8 26327.2 38147.3 31506.1 17341.9 24408.7 21316 17742.6 16335.8 19116.9 12900.8 21970.1 20076.7 12456.7 16831.3 13062.6 13426.5 6103.41 11517.9 9869.24 11429.4 14373.2 7734.14 17204.6 10207.5 10738.7 12640.3 7435.18 5597.14 9054.05 7620.53 5824.07 5285.9 2978 7276.34 7813.31 9210.72 6167.39 6476.56 8253.42 4553.94 5350.47 9009.91 5300.08 8107.28 5166.62 5613.16 7596.84 5376.19 5987.95 8150.57 2709.66 5391.39 4950.82 7096.88
internal_count=9479779 8614726 865053 3852175 2350768 1501407 687017 4762551 178036 1220209 412523 1897188 274494 496941 1130559 2865363 968418 93255 532989 311399 676121 723268 315450 84781 242340 962747 145911 101124 384080 50963 213820 165488 1554144 525131 141809 1311219 125083 243793 934441 454438 203593 201100 52372 479475 611995 443287 181491 33104 350752 1244016 40517 118880 42292 32409 148909 196974 412614 88737 21397 102027 840460 182980
is_linear=0
shrinkage=0.08


Tree=10
num_leaves=63
num_cat=0
split_feature=2 2 2 1 1 2 2 2 1 1 4 4 4 2 2 2 2 1 2 1 1 2 1 1 4 4 4 4 2 4 2 4 4 1 2 4 2 4 2 2 1 4 2 1 3 4 2 1 4 1 4 1 4 1 1 6 6 1 2 4 4 4
split_gain=28084.8 6162.84 2434.1 1913.48 892.263 890.984 726.306 595.879 504.591 474.496 307.834 307.652 265.113 257.69 232.959 164.288 157.287 147.35 142.574 139.301 118.758 117.807 98.0481 73.706 71.171 70.7311 66.4589 61.9603 60.3531 58.8832 58.1523 57.1947 56.1476 54.4973 54.2519 53.7856 52.2713 51.0069 45.1233 45.0551 45.0258 43.895 42.9021 38.3 37.3697 37.2517 37.016 35.202 33.7992 33.4553 32.7013 32.2528 31.426 29.4361 26.915 26.4955 26.1559 25.9406 24.7827 23.097 22.538 21.4867
threshold=0.33514493703842169 0.091372914612293257 0.67006802558898937 10.500000000000002 11.500000000000002 0.18230694532394412 0.19890110194683078 0.040202019736170776 5.5000000000000009 7.5000000000000009 39079.500000000007 40294.000000000007 63017.500000000007 0.5025252401828767 0.53907206654548656 0.82807883620262157 0.27334994077682501 5.5000000000000009 0.81892696022987377 24.500000000000004 28.500000000000004 0.015749008394777778 5.5000000000000009 29.500000000000004 253302.00000000003 18390.000000000004 125241.50000000001 72837.500000000015 0.13367697596549991 13472.000000000002 0.39159812033176428 227752.50000000003 147804.00000000003 3.5000000000000004 0.14763412624597552 3235.5000000000005 0.082903780043125166 426007.50000000006 0.43785113096237188 0.071796759963035597 17.500000000000004 30506.500000000004 0.28292356431484228 31.500000000000004 21.500000000000004 147804.00000000003 0.91042780876159679 15.500000000000002 3595.0000000000005 4.5000000000000009 322066.50000000006 23.500000000000004 253302.00000000003 17.500000000000004 3.5000000000000004 26.500000000000004 5.5000000000000009 87.500000000000014 0.6012820601463319 125241.50000000001 35143.500000000007 137481.00000000003
decision_type=2 2 2 2 2 2 2 2 2 2 2 2 2 2 2 2 2 2 2 2 2 2 2 2 2 2 2 2 2 2 2 2 2 2 2 2 2 2 2 2 2 2 2 2 2 2 2 2 2 2 2 2 2 2 2 2 2 2 2 2 2 2
left_child=1 7 4 6 14 20 12 21 11 15 19 35 29 24 22 49 23 37 40 36 27 56 31 41 30 -23 42 28 -5 44 -6 -2 -13 -17 59 54 48 -16 60 -21 -11 -7 -10 58 -3 57 53 -32 -9 -4 -14 -18 -27 -20 -8 -37 -1 -12 -15 -22 -24 -40
right_child=2 3 9 5 13 16 8 10 26 18 45 32 50 43 17 33 51 -19 46 39 34 25 38 -25 -26 52 -28 -29 -30 -31 47 -33 -34 -35 -36 55 -38 -39 61 -41 -42 -43 -44 -45 -46 -47 -48 -49 -50 -51 -52 -53 -54 -55 -56 -57 -58 -59 -60 -61 -62 -63
leaf_value=-0.099105246924845486 0.0039698462235084062 -0.046846950794682485 0.029108966206623697 -0.026954023167357684 0.023720065115366361 -0.0016168917077947903 -0.027265729639140063 -0.062556044074324635 -0.011050818636578828 0.055413855766426677 -0.031656958009520147 -0.011792671604653322 -0.016447422510751503 0.042415742217169462 0.017759879983240745 0.044880798022676263 0.015755584885859503 0.035997786007449156 0.06583192646399913 -0.044793127327813334 -0.011025131470743823 -0.069235544591992104 0.008433901135797086 0.01443156262689143 0.049270671853969834 -0.054097280313479594 0.014133011368334223 -0.0033991171162799467 -0.014601659946239227 -0.031231593759037612 0.026413612545878644 0.029370073093095913 0.0057449239385507882 0.059111823502937887 0.0062913838314099134 -0.033673614889678634 -0.047017672153772047 0.053593829764617358 0.021066060874933613 -0.028651289010626614 0.067809306581897141 0.01009773077299252 -0.0008313327672053631 0.057653132502331512 -0.037721222779847553 -0.012020687741610929 0.08608281348056282 0.037921111819247635 -0.052874180491877421 0.042211187196832062 0.0073179513594267137 0.026285364602794719 -0.011014769128457388 0.081587855951496938 -0.036336722038345128 -0.022283929680228222 -0.079915752357825401 0.010506233154496005 0.05285900366709121 0.009187874111586853 0.020493320831192895 0.036004706881068292
leaf_weight=747.75451011931 7263.1541519458406 6593.7924403344514 2653.6662207348272 4292.4598417376401 4680.0861491456162 6434.2500748225721 3585.7095085094916 5070.9862175689195 4529.8100445168093 3976.149216093123 2982.7656504437327 3714.2963678232627 2104.3681971204351 3808.5902629035991 7078.9205485464772 2689.9545310416142 4132.6672741635703 5934.7363022305071 1757.8226059968583 3086.7326805507473 3924.095975696313 6608.7205121137231 3146.426154096378 4632.511484647519 1501.7981185400859 1674.3915736756171 1283.9977555270307 1748.3275176526513 6170.7576476113172 3650.0407461620634 2334.5106056600343 615.43732940405607 1704.5017555989325 4786.9746944527142 2191.069621421484 1537.3840361906914 3802.3149497742997 263.69580112583935 4353.1708580027334 1725.1920554208627 3549.9807830757927 3002.2982354355045 6265.4871201351052 2824.9237262308598 5087.8337192725157 923.87702528317459 2271.7348246986512 6272.5981905341614 4234.7373974692309 2353.3595702950843 449.75483578955755 3387.8712627197383 115.85740519041428 1335.3822825220414 5030.3506785564241 8728.9378784396686 1159.5106824421091 96.406728373025544 2352.6702176867984 398.55139055242762 1448.4250719957054 717.81659591384232
leaf_count=156019 122956 485148 23256 277837 72920 198515 137312 744684 153440 29744 249428 94628 80213 37352 83200 19216 84055 58865 11708 432866 241440 1444727 55717 119760 10554 275984 19436 56626 293910 195467 31939 4897 24150 31747 86038 63886 380101 1658 60006 173132 22628 65805 157077 23066 370910 42051 12938 78196 520993 19036 6829 64854 7366 7763 268614 293658 327888 7312 20467 12567 18952 6272
internal_value=-9.23548e-12 -0.0234132 0.0371259 -0.0131182 0.0276109 8.35723e-05 -0.0229259 -0.0536252 -0.0164365 0.0575985 -0.0461669 -0.023079 -0.0361256 0.0392554 0.0186287 0.0464819 0.0111596 0.0266236 0.068364 -0.0506473 -0.0126867 -0.0694904 0.0125782 0.00616724 0.0327631 -0.0654145 -0.00307303 -0.0173397 -0.0196691 -0.040101 0.0308973 0.00595399 -0.00627616 0.053992 -0.00396348 -0.027901 -0.0549209 0.0190468 0.0179776 -0.0390059 0.0612606 0.00211019 -0.00511953 0.04994 -0.0428723 -0.0261096 0.0783288 0.0347999 -0.0581501 0.0352672 -0.0122626 0.0204991 -0.0513092 0.072634 -0.0325617 -0.0239895 -0.0874391 -0.0303369 0.0464035 -0.00916148 0.0122354 0.0231807
internal_weight=206782 126810 79972 94581.1 54597 40314.9 54266.3 32229.2 36380.5 25375 21923 24301.2 17885.8 23775.2 30821.8 12484 21589.6 13277.4 12891.1 17920 18725.3 10306.2 17544.4 14069.1 14789 8398.97 12079.3 12211.5 10463.2 15331.7 13287.2 7878.59 5418.8 7476.93 6513.72 18882.4 13108 7342.62 9665.84 4811.92 7526.13 9436.55 10795.3 8986.18 11681.6 4003.05 5364.94 8607.11 9305.72 5007.03 2554.12 7520.54 1790.25 3093.2 8616.06 10266.3 1907.27 3079.17 6161.26 4322.65 4594.85 5070.99
internal_count=9479779 8614726 865053 3852175 687017 1501407 2350768 4762551 1212201 178036 2550567 882248 1138567 274494 412523 93255 532989 143723 84781 2251776 968418 2211984 268800 384080 193609 1728077 329953 628373 571747 1051525 183055 127853 118778 50963 340045 763470 1645778 84858 140947 605998 52372 264320 310517 80885 856058 298791 32409 110135 1265677 42292 87042 148909 283350 19471 405926 357544 483907 256740 57819 254007 74669 66278
is_linear=0
shrinkage=0.08


Tree=11
num_leaves=63
num_cat=0
split_feature=2 2 2 1 1 2 2 2 1 1 2 4 4 4 2 2 1 2 2 1 2 1 1 1 4 4 2 1 1 4 4 4 4 2 4 2 4 2 2 2 1 2 1 4 3 4 4 4 4 4 2 4 4 4 6 4 6 4 1 2 7 7
split_gain=24141.5 5304.24 2176.51 1596.27 771.904 761.741 621.512 548.266 442.697 428.1 288.81 273.178 259.085 228.785 156.904 151.84 135.744 133.823 127.602 122.777 114.155 95.8276 79.5058 76.3153 71.4253 66.1806 61.5436 60.2215 58.8055 53.7288 53.6747 47.6961 47.0807 47.0307 46.1262 44.3073 43.5243 42.0061 38.3823 37.0907 36.957 36.9317 35.6499 35.5805 34.7126 31.4154 31.1229 30.9367 30.7395 29.8451 28.203 27.1472 27.0197 26.7372 26.7211 26.456 26.4306 26.3019 25.8885 24.834 24.6208 28.5984
threshold=0.33514493703842169 0.091372914612293257 0.67006802558898937 10.500000000000002 8.5000000000000018 0.18230694532394412 0.19890110194683078 0.040202019736170776 8.5000000000000018 5.5000000000000009 0.46720430254936224 39079.500000000007 40294.000000000007 63017.500000000007 0.49725274741649633 0.82807883620262157 4.5000000000000009 0.27334994077682501 0.84654632210731517 24.500000000000004 0.015749008394777778 21.500000000000004 27.500000000000004 19.500000000000004 322066.50000000006 18042.000000000004 0.14365079998970035 21.500000000000004 3.5000000000000004 125241.50000000001 5708.5000000000009 147804.00000000003 1181.5000000000002 0.082903780043125166 72837.500000000015 0.55625879764556896 322066.50000000006 0.61577314138412487 0.14213564246892932 0.069204982370138182 4.5000000000000009 0.28292356431484228 17.500000000000004 137481.00000000003 29.500000000000004 195199.50000000003 147804.00000000003 46038.000000000007 3595.0000000000005 253302.00000000003 0.57294833660125744 141789.00000000003 253302.00000000003 322066.50000000006 5.5000000000000009 30506.500000000004 25.500000000000004 253302.00000000003 64.500000000000014 0.38529014587402349 8.5000000000000018 7.5000000000000009
decision_type=2 2 2 2 2 2 2 2 2 2 2 2 2 2 2 2 2 2 2 2 2 2 2 2 2 2 2 2 2 2 2 2 2 2 2 2 2 2 2 2 2 2 2 2 2 2 2 2 2 2 2 2 2 2 2 2 2 2 2 2 2 2
left_child=1 7 4 6 14 21 13 20 15 12 23 19 32 30 45 40 24 27 42 33 54 34 35 36 -16 -22 51 55 -17 41 -3 -14 60 48 38 -12 -6 43 -5 -21 -4 -11 -10 -18 -32 -2 -13 -29 -9 -19 -24 58 59 -15 -1 -7 -34 -27 -23 -25 61 -8
right_child=2 3 8 5 10 17 9 11 18 29 22 46 31 53 16 28 37 49 -20 39 25 26 50 52 -26 57 -28 47 -30 -31 44 -33 56 -35 -36 -37 -38 -39 -40 -41 -42 -43 -44 -45 -46 -47 -48 -49 -50 -51 -52 -53 -54 -55 -56 -57 -58 -59 -60 -61 -62 -63
leaf_value=-0.097191580804351196 0.0028442078384649438 -0.041752916657724362 0.027543479092444364 -0.026930491389218273 0.019113841116512521 -0.003172808657412045 -0.027881688557885677 -0.059348716711443768 0.054731657707451191 -0.010450120688995198 0.033434666856619742 -0.028311928317120889 -0.01123476352998215 -0.015341783029716942 0.010725891488149984 0.042055025160588268 0.020790118637479593 0.01730864285103921 0.078574577147549549 -0.042887952064507767 -0.066126581517689825 -0.015336283190906073 0.046095933796764792 0.024790637585150346 0.041420333124259398 -0.051127648277517757 0.001986563771048346 0.007278649183831371 0.05670692821919638 0.012556103160375913 -0.03630499337934262 0.0050566239686179694 -0.032186784539879831 -0.044275211209223696 -0.0038837340636897017 0.043814005989485823 0.044207712679765233 0.036298591791535655 -0.015628603864694418 -0.028483218030572102 0.040760854369386694 -0.00088074588519420672 0.065762838945760529 0.037999858171702212 -0.023711992159150076 0.022632796281638886 -0.011455128182067498 0.019118655773265509 -0.049901773190089392 0.037052585111337619 0.059143839801885888 0.007918703487087864 0.046758675086783184 0.0063436789814125087 -0.076992846039795268 0.0074506759672202071 -0.022261526301250913 -0.011582756455946046 0.0015129390367613902 0.035031917150624273 -0.03736431834916977 0.017768047312587475
leaf_weight=677.10723965271609 5901.8271554007661 8629.7601512719411 2581.0957776741125 3209.6997199183097 6850.3145534386858 4780.7176096483599 1705.508329729957 4834.0213307180093 3661.0583094009198 4443.7648516993504 5315.9463868660387 3009.9765331630479 3648.3477123670746 2057.0169895518338 8716.9850974650471 2622.3536277735839 5426.982068283949 6906.2141123492038 3675.7121610250324 2662.8114561288094 6243.1774719109235 4491.9012719760358 2618.5017536152154 2626.6743100569583 513.78833015542477 1634.9643553071073 3494.3292274792911 4848.299825744587 5288.8593285931274 1264.2346158162691 4108.1774918878218 1679.6275556843029 2014.7508724333602 3669.5949468319886 1294.7004109026166 5213.7795012346469 472.89781429152936 2095.1659443215467 4797.7775421193801 2005.7519067897811 2847.5732595203444 6157.9710904418025 3843.239231620566 895.75636297138408 2125.8179348489502 562.3680911520496 913.7979188663885 1992.9498337318655 4052.3906633301522 527.40601128898561 1781.5555065334775 423.64188564498909 751.65739656146616 442.0831992784515 1100.3335353125003 2186.4094792529941 11624.143930435996 115.22958106850274 670.76622899237555 3581.729042675579 3007.1566154765314 92.599234707886353
leaf_count=156019 109141 676297 23256 216736 106933 152124 75881 744684 27563 153440 60366 256740 94628 80213 120011 19216 69337 143421 22612 396431 1439425 283915 25452 40721 3490 281286 142723 141956 36147 19436 252536 24150 89975 380101 42837 48465 3448 20363 234344 209567 23722 157077 25520 7336 122692 5020 42051 41024 520993 5488 14051 12721 5438 6829 327888 48976 423712 7366 35142 47445 171291 2611
internal_value=2.23174e-11 -0.0219866 0.0348937 -0.0124094 0.025823 -0.000263345 -0.0214901 -0.0506773 0.0546208 -0.0154433 0.0345675 -0.0434363 -0.021638 -0.0339015 0.0152288 0.04478 0.0191344 0.0100552 0.0663627 -0.0477759 -0.06635 -0.0121868 0.0423478 0.0264351 0.0124344 -0.0622724 -0.00634073 0.00539625 0.0518502 -0.00303284 -0.037667 -0.00609895 -0.0261268 -0.0518944 -0.0178936 0.038574 0.0207343 0.0264814 -0.0201588 -0.0366993 0.0344766 -0.00489179 0.0603811 0.0232283 -0.0320107 0.00456576 -0.0243862 0.0107278 -0.0550407 0.0187095 0.0513789 -0.0115496 0.0324334 -0.0115057 -0.0846875 0.000161031 -0.0237277 -0.0485241 -0.0131471 0.030699 -0.0329363 -0.0255308
internal_weight=201391 123545 77845.8 92625.8 53325.9 39624.8 53001 30919.2 24519.9 35638.1 29213.1 21148.3 23772.1 17362.9 24112.9 13339.9 17648.7 21242 11180 17224.6 9770.81 18382.8 14929.8 14283.3 9230.77 7993.37 9080.64 13808.4 7911.21 11866 14863.8 5327.98 18444.2 12556 9302.18 10529.7 7323.21 8417.9 8007.48 4668.56 5428.67 10601.7 7504.3 6322.74 6234 6464.2 3923.77 6841.25 8886.41 7433.62 4400.06 5586.31 6960.06 2499.1 1777.44 6967.13 13638.9 1750.19 5162.67 6208.4 4805.26 1798.11
internal_count=9479779 8614726 865053 3852175 687017 1501407 2350768 4762551 178036 1212201 352319 2550567 882248 1138567 334698 102341 220537 532989 75695 2251776 2211984 968418 148334 203985 123501 1728077 474501 384080 55363 329953 1051525 118778 763470 1645778 493917 108831 110381 97036 451080 605998 46978 310517 53083 76673 375228 114161 298791 182980 1265677 148909 39503 331778 93604 87042 483907 201100 513687 288652 319057 88166 249783 78492
is_linear=0
shrinkage=0.08


Tree=12
num_leaves=63
num_cat=0
split_feature=0 0 0 1 1 1 5 0 1 1 5 5 5 5 5 0 1 0 1 0 1 1 1 0 1 1 0 1 5 1 5 5 5 1 5 1 0 1 0 0 1 1 0 1 4 1 5 5 5 0 5 0 4 1 5 1 4 5 5 4 1 5
split_gain=19014 2590.94 2154.77 1849.12 1582.64 1023.3 998.672 503.758 900.506 375.202 323.872 287.986 278.638 277.261 231.973 194.103 175.955 156.605 339.017 148.057 132.072 123.027 109.59 105.571 100.71 92.6845 92.3884 95.3026 91.7185 89.0362 83.4218 77.9852 76.9187 66.8859 66.2574 61.6406 59.3888 63.915 58.5935 57.646 57.2471 54.8544 77.0433 51.7847 51.0299 49.8174 49.2567 49.0735 44.2807 41.4133 41.1572 39.9982 32.5881 31.567 31.42 30.9536 29.7279 29.3179 29.2251 28.9171 27.1641 27.1594
threshold=2.5000000000000004 1.5000000000000002 6.5000000000000009 10.500000000000002 11.500000000000002 11.500000000000002 0.51615241169929515 13.500000000000002 20.500000000000004 23.500000000000004 0.69817671179771434 0.65798047184944164 0.65160736441612255 0.56322491168975841 0.17647051066160205 3.5000000000000004 27.500000000000004 28.500000000000004 36.500000000000007 3.5000000000000004 37.500000000000007 14.500000000000002 30.500000000000004 4.5000000000000009 4.5000000000000009 5.5000000000000009 3.5000000000000004 5.5000000000000009 0.76478019356727611 4.5000000000000009 0.6421831250190736 0.57653760910034191 0.28976984322071081 6.5000000000000009 0.4371065646409989 6.5000000000000009 9.5000000000000018 9.5000000000000018 8.5000000000000018 9.5000000000000018 6.5000000000000009 21.500000000000004 18.500000000000004 5.5000000000000009 102441.50000000001 32.500000000000007 0.59640088677406322 0.70944577455520641 0.79679140448570263 23.500000000000004 0.46399958431720739 4.5000000000000009 426007.50000000006 47.500000000000007 0.50829836726188671 3.5000000000000004 147804.00000000003 0.73525840044021618 0.72243767976760875 72837.500000000015 14.500000000000002 0.55598032474517833
decision_type=2 2 2 2 2 2 2 2 2 2 2 2 2 2 2 2 2 2 2 2 2 2 2 2 2 2 2 2 2 2 2 2 2 2 2 2 2 2 2 2 2 2 2 2 2 2 2 2 2 2 2 2 2 2 2 2 2 2 2 2 2 2
left_child=1 4 3 10 6 11 14 8 21 15 19 29 33 32 -1 47 31 18 41 25 39 36 44 46 48 55 27 -12 43 54 -17 -7 -6 59 -16 -28 37 -4 -23 -10 -21 -9 -43 -14 -15 -34 -11 -5 -13 -20 -31 -42 -30 -25 -3 -2 -24 -18 -39 -8 -32 -27
right_child=2 5 7 9 13 16 12 17 20 23 26 24 28 22 34 30 57 -19 49 40 -22 38 56 53 -26 61 35 -29 52 50 60 -33 45 -35 -36 -37 -38 58 -40 -41 51 42 -44 -45 -46 -47 -48 -49 -50 -51 -52 -53 -54 -55 -56 -57 -58 -59 -60 -61 -62 -63
leaf_value=-0.081872095121716254 0.032512171960719857 -0.0077807314543901027 0.06136732392963045 -0.0091311189879042156 -0.077021646455730536 -0.031432509315072542 -0.023251282861428364 0.070894978412118184 0.016059053735948924 -0.028876101117061032 0.040840880419985619 0.017276756679997816 -0.010159785784661635 -0.041535071910864682 -0.04830478752049671 0.0051882939081259903 -0.046852417469131956 0.063535063614436268 0.027493265777030849 0.037153181281460092 0.0059137718598558167 0.02729633098775577 -0.06084313561934445 0.0005103270488782918 0.0049888616866566688 -0.0017062121014555895 0.054591438593912252 0.018553858677109198 -0.0040319167493534994 -0.021954812205105218 0.023543270533320802 -0.015105575524051947 -0.055820957614628366 -0.033997462131214136 -0.036030881629275528 0.038602454289912172 0.066109102551457605 0.037646909280003422 0.043756179794770665 0.02962900251051272 0.016408664080307344 0.044595826806001194 0.064780572600016101 -0.021331468480539108 -0.020320046399116651 -0.070020957795834685 -0.0136181601390921 0.0076787637836747144 0.038289326416265861 0.042687583064120467 -0.0081557515322315515 0.030468448185052704 0.014869776752493267 -0.015367941929460062 0.0067708428196274466 0.018277086696353303 -0.021232333783622305 -0.021694215128020868 0.051500774205054514 0.0059108201848399305 0.013444810216246477 0.011200067207791273
leaf_weight=1036.1562649296975 1461.1625535829226 1318.0614752084948 1812.2646878816304 4628.6581437138375 2038.171227294908 3092.065028842655 9973.5239368182374 1530.1437769131735 4183.9824497696245 2294.5000542455236 2803.5615903971484 3579.613930985448 6407.4804702617694 6265.6309972814634 5769.8807073768694 5729.1174572862219 2740.8178224578733 3735.0912112805527 4547.4520650565391 3528.7218642530497 4922.4450561832055 2324.7289827596396 2304.364915272221 3337.1225355346687 5859.0074609419098 1583.5504255543929 2767.3035654978594 2184.9508742000908 3483.2444830734166 1749.754435262992 3269.6871973001398 4746.4321511939634 5900.5714330087649 4887.9309085470159 5496.0113140108297 3488.3667758927913 1640.5376976584084 2395.0967288338579 3420.9525161788333 3844.4393875674577 2412.5292379602324 2729.686653425917 2174.1657653036527 4534.9238804545603 820.67881980643142 2160.016502713901 3303.9481526988675 1462.7043832597556 782.08831393532455 1535.7558933913242 6605.7788740562974 2795.5658415178768 701.29729165870231 1054.5432172358851 3397.6131890233373 2954.16948456713 127.99507896706928 332.40471014578361 1643.0644801703747 222.4730340288952 3561.8859228198417 3059.8942108382471
leaf_count=171834 12207 27330 12828 188475 545429 267153 398045 10463 87583 273639 20885 39192 164335 734233 520465 151498 485156 28531 79189 31039 184232 32077 504603 136342 114313 38090 18707 27246 75445 76120 44165 247826 997024 365076 355998 30691 11520 24698 32591 54672 37814 27031 15475 220833 49441 615363 229535 32572 5846 17264 205303 31723 8320 92004 51133 34466 11508 27999 11828 6130 70367 56879
internal_value=-3.81591e-11 -0.0253728 0.0244129 0.0143461 -0.0351073 -0.00769029 -0.0264339 0.0380952 0.0312289 -7.65919e-05 0.0285713 0.0017808 -0.0186095 -0.0539035 -0.0456486 0.00662443 -0.0279071 0.049159 0.0448693 0.0218557 0.0162312 0.0459029 -0.0441072 -0.0125877 0.0118406 0.0146894 0.0391998 0.0310792 -0.0109375 -0.00608524 0.0123076 -0.0215461 -0.063137 -0.0263035 -0.042317 0.0456755 0.0526575 0.0488855 0.0370964 0.0225571 0.029286 0.0576711 0.0535449 -0.0147897 -0.0390781 -0.0596262 -0.0198716 -0.0050946 0.0210445 0.0313292 -0.0110454 0.0239556 -0.000864137 -0.00330242 0.00270358 0.0229879 -0.0587587 -0.0441313 0.0432838 -0.022615 0.0182781 0.00679865
internal_weight=196456 96334 100122 57681.9 62130.4 34203.6 42512.9 42439.8 26187.5 28642.2 29039.8 23291.9 30210.9 19617.4 12302 18652.1 10911.7 16252.3 12517.2 17795.6 12950.9 13236.6 9518.67 9990.11 10220.7 9058.78 11244.2 4988.51 15126.9 13071.2 12560.7 7838.5 10098.8 15083.9 11265.9 6255.67 7490.96 5850.43 5745.68 8028.42 8736.82 6434 4903.85 10942.4 7086.31 8060.59 5598.45 6091.36 4361.7 6083.21 8355.53 5208.1 4184.54 4391.67 4715.67 4415.33 2432.36 3073.22 4038.16 10196 6831.57 4643.44
internal_count=9479779 7291453 2188326 1558344 5744082 1547371 2286481 629982 452029 1218597 339747 519237 1238184 3457601 1048297 487077 1028134 177953 149422 242218 326487 125542 1299785 731520 159351 141642 97529 48131 468933 359886 266030 514979 2157816 769251 876463 49398 60874 49354 64668 142255 100576 52969 42506 385168 783674 1612387 503174 221047 45038 96453 281423 69537 83765 228346 78463 46673 516111 513155 36526 404175 114532 94969
is_linear=0
shrinkage=0.08


Tree=13
num_leaves=63
num_cat=0
split_feature=5 5 5 5 5 5 5 7 4 5 5 7 6 7 4 7 5 5 4 4 4 4 6 4 4 1 5 1 4 4 6 4 4 6 1 5 5 5 4 3 4 3 5 4 4 7 5 6 6 7 7 7 7 4 1 1 5 6 3 4 3 1
split_gain=6962.41 2333.69 1185.88 483.474 437.667 400.742 101.169 81.4276 79.4733 74.9803 74.9317 69.9147 61.5327 55.8148 50.0313 49.2495 48.0289 53.0904 56.2089 47.7327 47.3451 117.717 58.1645 66.3776 39.7694 36.9869 35.6361 33.9054 32.1455 30.0736 28.9084 28.7383 29.9237 28.3105 27.7256 26.4209 26.1778 25.7183 66.0759 26.9331 25.5233 23.5998 22.9126 21.3545 21.1008 23.9705 20.7762 20.1091 22.6 19.448 21.4643 19.5331 17.806 17.2079 15.5678 15.4472 15.0035 14.9638 14.8081 14.5954 14.7734 14.5095
threshold=0.65160736441612255 0.4371065646409989 0.79679140448570263 0.25077867507934576 0.54349327087402355 0.72243767976760875 0.10704734176397325 20.500000000000004 3383.0000000000005 0.35783077776432043 0.59054526686668407 4.5000000000000009 116.50000000000001 8.5000000000000018 6003.5000000000009 17.500000000000004 0.69174146652221691 0.69076326489448558 93473.500000000015 28634.000000000004 19315.500000000004 18390.000000000004 25.500000000000004 9121.5000000000018 903.50000000000011 18.500000000000004 0.51416715979576122 19.500000000000004 307.50000000000006 72837.500000000015 25.500000000000004 70419.000000000015 63017.500000000007 114.50000000000001 18.500000000000004 0.62444397807121288 0.76100599765777599 0.74265706539154064 83472.000000000015 29.500000000000004 5450.5000000000009 21.500000000000004 0.63058349490165722 1033.5000000000002 6906.5000000000009 12.500000000000002 0.51615241169929515 117.50000000000001 114.50000000000001 17.500000000000004 16.500000000000004 20.500000000000004 18.500000000000004 1906.5000000000002 20.500000000000004 28.500000000000004 0.47058816254138952 1.5000000000000002 29.500000000000004 6147.0000000000009 24.500000000000004 18.500000000000004
decision_type=2 2 2 2 2 2 2 2 2 2 2 2 2 2 2 2 2 2 2 2 2 2 2 2 2 2 2 2 2 2 2 2 2 2 2 2 2 2 2 2 2 2 2 2 2 2 2 2 2 2 2 2 2 2 2 2 2 2 2 2 2 2
left_child=1 3 5 6 7 16 57 8 27 41 14 37 15 20 49 30 17 44 -19 33 21 22 23 -12 61 58 -10 46 55 31 -13 32 35 -4 -21 -22 -14 38 -7 -39 -15 43 -34 -5 45 -2 -3 48 -18 50 -6 52 -51 -49 -26 -8 -29 -1 -20 -16 -61 -11
right_child=2 4 19 9 10 11 28 -9 26 24 13 12 36 40 59 -17 47 18 25 34 29 -23 -24 -25 54 -27 -28 56 -30 -31 -32 -33 42 -35 -36 -37 -38 39 -40 -41 -42 -43 -44 -45 -46 -47 -48 53 -50 51 -52 -53 -54 -55 -56 -57 -58 -59 -60 60 -62 -63
leaf_value=-0.09501053450442265 0.012343254663972417 -0.013560957665105143 0.030550600485220094 -0.03886231597900467 -0.00381499796394684 0.012191262738597528 -0.043843518492385103 0.03936672453295386 -0.025647315551282284 -0.019574268162712322 -0.007449050272348579 0.008921667136643387 0.005463955388163565 -0.0028299167804332831 -0.052388143738420309 0.010189842909947702 0.010182235100009786 0.007780633373234474 -0.031518705283052804 0.035812513844289871 -0.011677655553224409 0.0669188656217337 0.0051497719681305246 -0.073118142603365688 -0.030514634242457657 -0.072172489623107447 -0.016428250412788569 -0.027872256552580264 -0.064754249553550317 0.0083278482541439755 0.025384618694006864 -0.020048631459428062 0.011021957287775955 0.008348832982150823 0.043826903449947531 -0.0011498597390915135 0.02370812873727492 0.0179486267440657 -0.023468270295827987 0.0082459928562645911 -0.0096744134577025544 -0.032861661146535083 -0.012371471193517801 -0.050683020059926455 0.0034464428250228054 0.0039276932022891996 -0.006357792631612679 0.021881236477417465 0.022482984641670225 -0.030001248159858242 0.014146438987472259 0.040898119259599464 -0.0091242886782236729 -0.00024041135540642713 -0.040477984099885553 -0.066688351747478308 -0.016883237306399911 -0.076209393614630278 -0.00023161518051873634 -0.014577309172803293 -0.0075069881661980658 -0.030548995507407316
leaf_weight=535.92119111512147 4611.6149684792035 8335.2007030528039 2795.1243391328608 2469.5544498455274 8473.4512553691748 2285.9944639842142 1108.0361929140054 164.38486912753433 7176.3447875351703 2871.4133480610326 533.243400026171 715.29697560094064 1966.0417774747475 7747.0725591189694 58.879895330057479 1672.311097949103 14110.352860904881 424.46472320298199 272.40110798482783 7994.2055262277136 2856.9860986749991 190.70604286016896 8766.8172839853214 120.83198292960878 3624.6566432164982 111.63837350805989 4286.2301830119104 1076.5198197624995 1521.1716426416533 1257.1862925276509 14949.424170844955 734.98893344012322 1287.2879308219417 423.23954724462237 4221.4397697421955 3273.9414398629451 676.55558416055283 8209.3754386308137 389.17776293237694 2356.600659350981 6340.7201133620692 1957.0452161798603 338.39805036003236 1619.5397805824759 15151.292162525002 4084.9422976885689 3700.4319240187178 257.57837085344363 1025.3971243073465 290.00740444933763 448.33837357081939 46.827694114414044 2656.5120078868349 1781.889278878225 1388.033771445509 228.4957912909158 3042.3847700073966 547.91944469785085 150.20026329159737 6218.1920975373359 2718.181337573682 1053.9779943109897
leaf_count=144367 147580 431466 45106 321688 430638 65329 137025 8235 596049 183674 20872 23866 62667 385692 5588 47467 417547 14278 8565 82155 147405 5211 347377 10455 281431 8579 307933 151524 286791 46878 288681 36248 54529 7170 55738 143373 14962 163538 15812 40052 340072 186018 17572 247663 559200 164993 163827 8302 23577 27002 16519 2041 154429 64772 249481 67779 351380 130804 3884 417156 122142 167625
internal_value=3.5581e-11 -0.0144379 0.0160993 -0.0397636 -0.0086027 0.0119537 -0.0646943 -0.0167712 -0.0171053 -0.0332057 -0.00442798 0.0185187 0.0215064 -0.00207951 -0.00818457 0.0232397 0.0067588 0.00450726 -0.0139513 0.0362985 0.000708167 0.00469243 0.00343279 -0.0195806 -0.0285513 -0.0312177 -0.0222 -0.0134903 -0.056801 -0.00322003 0.0246329 -0.0049297 -0.00349708 0.0276309 0.0385821 -0.00605577 0.0101348 0.0140105 0.0070036 0.0157846 -0.00591053 -0.0400863 0.00615245 -0.0435441 0.00524931 0.0083903 -0.0113463 0.0100107 0.0110156 -0.0047845 -0.0029124 -0.0103644 -0.0111791 0.00255348 -0.0332735 -0.0477491 -0.0197553 -0.0855059 -0.0203987 -0.0126883 -0.0124267 -0.022521
internal_weight=191702 101066 90636.6 18925.8 82140.1 75202.5 3941.54 27781.5 27617.1 14984.2 54358.6 33220.8 19979.6 33448.2 20910.4 17337 41981.8 24806.6 958.704 15434 19360.4 9611.6 9420.89 654.075 8938.08 534.24 11462.6 16154.5 2857.7 9748.79 15664.7 8491.6 7756.61 3218.36 12215.6 6130.93 2642.6 13241.1 2675.17 10566 14087.8 6046.14 1625.69 4089.09 23847.8 8696.56 12035.6 17175.2 15135.7 11915.1 8921.79 2993.35 2946.52 2039.47 5012.69 1336.53 4118.9 1083.84 422.601 8995.25 8936.37 3925.39
internal_count=9479779 7145959 2333820 2404346 4741613 2143651 766766 2010414 2002179 1637580 2731199 722374 437643 1555684 1175515 360014 1421277 907079 35306 190169 829920 383915 378704 31327 882211 21028 903982 1098197 491595 446005 312547 399127 362879 52276 137893 290778 77629 284731 81141 203590 725764 755369 72101 569351 871773 312573 595293 514198 441124 630629 447157 183472 181431 73074 530912 204804 502904 275171 12449 544886 539298 351299
is_linear=0
shrinkage=0.08


Tree=14
num_leaves=63
num_cat=0
split_feature=0 0 0 1 1 1 5 0 1 0 0 1 5 1 5 1 5 1 5 1 1 0 1 0 0 1 0 5 1 5 1 5 1 5 1 1 0 5 5 0 5 4 5 4 1 1 5 7 5 1 1 5 1 1 5 1 5 1 1 1 4 5
split_gain=15892.8 2172.84 1836.77 1680.54 1287.85 851.13 685.432 362.892 679.559 330.025 319.601 253.486 210.291 209.788 209.272 183.194 173.122 160.369 146.802 135.611 133.257 92.7534 85.8568 176.106 81.0011 138.52 80.8794 80.219 77.9154 71.9135 71.3831 68.995 66.5226 65.4753 61.6112 57.6993 48.361 47.7623 46.7168 42.698 38.5368 37.4943 35.6232 34.1254 33.7428 33.0664 32.8693 32.2342 31.1521 31.106 29.129 28.9788 28.4367 26.9829 26.7204 26.0689 25.8548 24.7233 24.5281 24.4569 23.6373 23.6319
threshold=2.5000000000000004 1.5000000000000002 7.5000000000000009 12.500000000000002 11.500000000000002 8.5000000000000018 0.49437747895717626 17.500000000000004 22.500000000000004 3.5000000000000004 4.5000000000000009 5.5000000000000009 0.65160736441612255 24.500000000000004 0.58592963218688976 24.500000000000004 0.14160569757223132 8.5000000000000018 0.6421831250190736 26.500000000000004 37.500000000000007 5.5000000000000009 34.500000000000007 28.500000000000004 11.500000000000002 13.500000000000002 12.500000000000002 0.75467449426651012 30.500000000000004 0.52860301733016979 4.5000000000000009 0.28976984322071081 4.5000000000000009 0.71551167964935314 6.5000000000000009 26.500000000000004 4.5000000000000009 0.57317069172859203 0.31340929865837103 12.500000000000002 0.62627032399177562 147804.00000000003 0.3487056195735932 102441.50000000001 4.5000000000000009 49.500000000000007 0.83294382691383373 20.500000000000004 0.7466147541999818 13.500000000000002 47.500000000000007 0.79679140448570263 46.500000000000007 5.5000000000000009 0.73525840044021618 4.5000000000000009 0.79679140448570263 3.5000000000000004 15.500000000000002 3.5000000000000004 67134.500000000015 0.76968595385551464
decision_type=2 2 2 2 2 2 2 2 2 2 2 2 2 2 2 2 2 2 2 2 2 2 2 2 2 2 2 2 2 2 2 2 2 2 2 2 2 2 2 2 2 2 2 2 2 2 2 2 2 2 2 2 2 2 2 2 2 2 2 2 2 2
left_child=1 4 3 9 6 18 16 8 24 11 19 33 34 29 31 48 -1 27 42 37 26 -19 -9 45 25 61 -10 36 43 -7 51 -6 46 59 -8 -33 44 -5 -18 -22 -13 -34 -3 -16 -11 -24 -14 53 -12 -31 -17 -20 -21 -40 -15 -44 -27 -35 -26 -2 -30 -4
right_child=2 5 7 10 14 13 12 22 20 17 15 40 32 54 28 50 38 21 30 52 39 -23 23 -25 58 56 -28 -29 60 49 -32 35 41 57 -36 -37 -38 -39 47 -41 -42 -43 55 -45 -46 -47 -48 -49 -50 -51 -52 -53 -54 -55 -56 -57 -58 -59 -60 -61 -62 -63
leaf_value=-0.082567388349220644 0.031247221659245459 -0.022804813078065353 0.050876345063458048 -0.012236393672032216 -0.072191004746350998 -0.026986707498334442 -0.021999225531663873 0.063214738624775432 0.020553023115428237 0.042762491122549387 0.013103083093343095 0.0013158155598044627 -0.0078247675067728822 -0.040871055429574039 -0.038610112438554327 0.00068075586376254707 -0.051839625190305237 0.017770259119834281 0.015334093017065344 -0.016313503890612008 0.0051724818765068962 0.035248262860377591 0.042072701014590666 0.059438382516325633 0.07105957621712973 0.031642003761293197 0.037972840578463417 0.049861672739306098 -0.058443565497832556 -0.0077842995538163441 0.004148397293377115 -0.049961955349743008 -0.01961895005857657 0.049445844162318925 -0.032568769321847275 -0.063606609344805609 0.041718663793028216 0.00033397836201626139 -0.033223402391478474 0.018852806654808027 0.012440359324189576 -0.005614889365354904 0.0030065788096328588 -0.021192599485680256 0.025736745112316297 0.027769311945920808 0.015522145224347802 0.021262572120928001 0.024656059905685607 -0.017727262709375805 -0.012197634535549663 0.03234170410128355 -0.030246106773868919 -0.042988085485652583 -0.01970062110451969 -0.0058218280137450956 0.048468396434515518 0.032773668199110782 0.053847613546071676 0.018749816915182349 -0.036264727777634932 0.065914160521616263
leaf_weight=670.4833960240212 1496.2991317837732 551.47065300727263 2393.1119714765809 2784.6192658138461 1777.9181537254335 2910.4707253304077 10793.26182145247 2469.4175991305383 4492.627670200076 945.31154373474419 6251.3861471053679 3454.2798068840057 6358.6627299531538 3205.7656718816143 5322.05358197639 4330.5404510179651 1841.5427693537204 5045.9863826823421 3922.4254942160333 3043.2966043752967 3415.5503615315538 3160.2804314146051 2069.6262914026156 3430.3415972900111 680.23303702566773 4260.9048457469326 2749.9351283038268 3221.5970834734617 1654.4000174463727 4405.7311273848172 4680.3348938692361 5503.2748464980978 6794.9982657304499 927.94300184072927 5244.7493236004375 3101.1842376660788 3696.4871165588556 6336.6040238729911 3655.3296281616786 2550.4573878928786 4710.799985884456 1492.3200387037359 3904.5487920668675 832.54228849872015 3515.5443080975674 2067.976533212699 410.87019440671429 59.096531124436297 1962.7488647131249 3708.8624394142535 1518.0777305556985 766.4590323951561 1354.9783879937313 3589.8201260846108 433.10986642091302 4738.337850924232 677.34606312785763 1472.6420454401523 2397.4594894276233 3034.7235946359579 377.76096271543065 928.24247113848105
leaf_count=141998 13064 21250 20322 141624 545429 227169 456292 18564 81407 7213 134226 89110 137792 548870 615791 168708 216682 79141 44950 243708 124880 32193 21892 27872 4853 52139 31438 22725 376375 156786 84380 921408 294561 6152 414720 889709 33619 197005 225437 56314 75891 32563 66981 49441 41497 34250 4017 3473 23289 216889 122327 5846 203367 358946 32503 141747 4894 11830 20114 36512 59448 6186
internal_value=-1.53382e-11 -0.023676 0.022664 0.0144532 -0.0328299 -0.00728957 -0.0248992 0.0374469 0.0322064 0.026174 -0.000284599 0.0172854 -0.0190812 -0.0216956 -0.0503027 0.00815894 -0.0433291 0.0330255 0.0040902 -0.00906743 0.0198742 0.0245011 0.0502621 0.0460356 0.0465742 0.0424464 0.0271672 0.0391732 -0.0407386 -0.0161983 0.0111377 -0.0578442 -0.0122912 0.0285363 -0.0254557 -0.0548797 0.034952 -0.00350363 -0.0404525 0.0110208 0.00773406 -0.0170972 -0.00309131 -0.036254 0.0293447 0.0349239 -0.00640775 -0.0375816 0.0158636 -0.0123288 -0.00266198 0.0181142 -0.0206057 -0.0380616 -0.0383513 -0.00183347 0.03395 0.0392183 0.0576518 0.0228769 -0.0543207 0.0550791
internal_weight=189555 92707.8 96847.4 62264.1 59480.3 33227.5 40911.1 34583.2 24545.9 34681.9 27582.3 15096.7 31094.9 14663.9 18569.1 14062.8 9816.27 19585.2 18563.6 13519.5 13208.6 8206.27 10037.4 7567.94 11337.3 8259.61 7242.56 11378.9 8186.76 11025.1 9369.22 10382.4 15056.9 6931.61 16038 8604.46 8157.34 9121.22 9145.79 5966.01 8165.08 8287.32 9194.36 6154.6 4460.86 4137.6 6769.53 7304.25 8214.14 8114.59 5848.62 4688.88 4398.27 7245.15 3638.88 8642.89 4938.25 2400.59 3077.69 4531.02 2032.16 3321.35
internal_count=9479779 7291453 2188326 1683201 5744082 1547371 2286481 505125 402547 448947 1234254 232559 1339945 1182217 3457601 448550 946536 216388 365154 785704 294039 111334 102578 84014 108508 83541 112845 105054 1101055 600844 135176 2356546 468933 67558 871012 1811117 82329 338629 804538 181194 165001 327124 229978 665232 48710 56142 141809 587856 157515 373675 291035 50796 447075 584383 581373 208728 57033 17982 24967 49576 435823 26508
is_linear=0
shrinkage=0.08


Tree=15
num_leaves=63
num_cat=0
split_feature=2 2 2 0 0 5 0 2 2 5 5 0 5 2 2 5 5 2 5 5 5 0 0 0 5 0 2 2 5 0 0 0 2 0 0 2 2 1 5 2 1 5 5 0 5 5 5 2 0 2 0 2 3 0 5 2 5 0 0 0 3 3
split_gain=15443.7 3201.58 1656.85 1460.26 618.529 582.696 399.911 391.813 230.46 206.545 184.089 164.469 129.545 128.847 125.001 117.691 107.683 92.9718 76.174 70.7764 69.4262 63.7423 59.0067 58.3773 57.3056 55.5257 54.2637 44.2049 41.911 41.014 39.3815 38.57 38.4792 36.8911 32.2888 31.5248 31.0377 30.5933 30.2641 30.1631 30.0534 27.1859 26.7189 26.5221 24.9323 24.1044 24.0911 23.6247 23.5463 22.6697 22.2802 22.1056 22.0552 32.4728 21.5691 20.782 19.8677 19.6293 19.6084 18.7256 18.3064 18.1632
threshold=0.33514493703842169 0.091372914612293257 0.67006802558898937 2.5000000000000004 5.5000000000000009 0.56591099500656139 5.5000000000000009 0.040202019736170776 0.23132664710283282 0.51803904771804821 0.6421831250190736 1.5000000000000002 0.76478019356727611 0.54606062173843395 0.8896499276161195 0.39232537150383001 0.37278625369071966 0.18016393482685092 0.66731697320938121 0.58939334750175487 0.66961058974266063 2.5000000000000004 5.5000000000000009 12.500000000000002 0.79679140448570263 1.5000000000000002 0.99375000596046459 0.15026882290840152 0.66069462895393383 2.5000000000000004 1.5000000000000002 3.5000000000000004 0.022857889533042911 18.500000000000004 1.0000000180025095e-35 0.75140449404716503 0.40114942193031317 8.5000000000000018 0.79679140448570263 0.16291709244251254 3.5000000000000004 0.6421831250190736 0.17647051066160205 13.500000000000002 0.27558170258998876 0.81396234035491954 0.66069462895393383 0.49725274741649633 3.5000000000000004 0.13906469941139224 10.500000000000002 0.54606062173843395 28.500000000000004 1.5000000000000002 0.79430580139160167 0.42776885628700262 0.51086920499801647 15.500000000000002 4.5000000000000009 3.5000000000000004 27.500000000000004 20.500000000000004
decision_type=2 2 2 2 2 2 2 2 2 2 2 2 2 2 2 2 2 2 2 2 2 2 2 2 2 2 2 2 2 2 2 2 2 2 2 2 2 2 2 2 2 2 2 2 2 2 2 2 2 2 2 2 2 2 2 2 2 2 2 2 2 2
left_child=1 7 4 5 10 11 18 16 19 30 21 15 17 28 23 42 34 52 48 49 29 56 54 45 31 41 -20 -21 50 -11 44 55 -18 -15 -1 -25 -30 -13 -29 -14 -17 -19 -3 -16 -9 -8 -34 -33 -4 -5 -6 -23 53 -7 -10 -12 -2 -24 -22 -28 -42 -38
right_child=2 3 6 8 13 12 14 9 22 20 24 37 39 33 43 40 32 25 26 27 58 51 57 35 -26 -27 59 38 36 -31 -32 47 46 -35 -36 -37 61 -39 -40 -41 60 -43 -44 -45 -46 -47 -48 -49 -50 -51 -52 -53 -54 -55 -56 -57 -58 -59 -60 -61 -62 -63
leaf_value=-0.092734385162256669 -0.0072072326219000697 -0.064269819040281048 0.022092365995726112 -0.018514163796942412 0.017288633515739889 -0.026633236479032065 0.044064502451079041 -0.064300463748760028 0.0040090974573592543 -0.03742671543704372 0.0066150582601829776 -0.0097619362610010234 -0.011468477307748966 0.036601905432700817 0.065483813220668208 -0.022327242091582586 -0.060753354159190372 -0.018759596632917618 0.034309865518037518 -0.0067256276958155559 -0.024065983060944207 0.0078994643130321333 0.013390638766617384 0.051351531478443332 0.030215630221591662 -0.0046790589428604805 0.043948755011733093 0.001961505060227171 0.02328180222783497 -0.021750941263081681 -0.037180062807062562 0.016205085450690843 -0.051171685261158908 0.049758102918482469 -0.067882616318128697 0.065214658510497778 0.035613775115182648 -0.022308547603800296 0.019471119036386181 0.0016885421982597876 -0.035249774467515323 -0.010936909402363826 -0.043931636565743538 0.080867910014678149 -0.048952463214162932 0.060516046537299702 -0.037694516918630877 0.028046838683902956 0.033694483637492889 -0.007562450529093042 0.027377517240081192 0.017434388861597153 -0.015105297699664797 -0.015661827392279767 0.019309739909492512 0.015972850054411944 0.0029589437298156041 0.024751012860679752 -0.0026045245923758276 0.057945257361714804 -0.027503550502596345 0.024349096890151016
leaf_weight=442.24208570366318 1803.6636098138988 475.35865968748112 2291.5291964641656 1736.6705829257262 3321.204719979316 5003.2138124339981 4110.5995742982486 829.33803791151149 7371.2604971368564 6517.6050718742772 2005.061496787006 1943.5609073254745 1496.8216523608426 5351.230351538281 1999.0637376190862 2527.7839058898389 2103.9268713386846 4949.0184732783528 2771.7988132047467 4121.1246616137505 4807.2673659790598 4532.8413219889626 5833.4897305447375 1850.5221347570186 2482.8794002670329 5792.8122462744359 1277.9768767782953 6975.6427590059466 2753.149626085069 1277.5970052963821 1605.1145641016774 1886.6278929049149 3173.0926684167353 1830.7630759496242 1374.5766792769864 2426.1923682932975 4938.8973759170622 3454.6746402168064 694.67848068405874 4373.6571150844102 5117.0909940821584 6682.1507012537622 3171.9249794359785 1118.4859018742573 3697.2516172276228 661.74249893799424 1158.896613074874 2516.3927378548542 2188.8653573610354 3986.1957385174464 2422.9396993089467 2369.6428678322118 3404.5845427728491 2636.2704524864675 640.91578571731225 6263.7813605596893 3870.2340540007572 1168.3803632198833 288.83054270356661 1173.4914751044707 3157.2997898835456 1124.6911581166787
leaf_count=144346 43955 79813 23373 147686 57659 291028 35806 209060 188960 849488 30993 74471 43969 54438 14659 104904 637233 183993 22482 202083 383192 89712 134310 14447 20536 166528 9229 217946 36300 156876 287514 27360 749429 16213 500051 17453 52615 247996 11093 72555 380959 180067 342180 7682 645785 4478 180925 27180 20377 197652 40136 33077 184566 139470 8217 74884 69032 22527 18652 8050 229202 12927
internal_value=3.52759e-11 -0.0182697 0.0291905 -0.0107504 0.0210848 -0.0187939 0.0475269 -0.0421751 0.00264859 -0.0358597 0.0131642 -0.0297058 -0.0124868 0.0311868 0.057188 -0.034157 -0.0567325 -0.0147181 0.0354136 -0.00358602 -0.0301106 0.0060091 0.00992143 0.0524285 0.019102 -0.0110783 0.0419783 -4.31011e-05 0.0268617 -0.0348575 -0.0479466 0.0169244 -0.0518772 0.0399556 -0.0739319 0.0592161 0.030326 -0.0177913 0.0035473 -0.00166616 -0.0299617 -0.0142654 -0.0465824 0.0710032 -0.0517644 0.0463457 -0.0475663 0.0229728 0.0277605 -0.0108859 0.0215442 0.0111728 -0.0204606 -0.0228472 0.00523304 0.0137037 -0.000272761 0.0152863 -0.0228496 0.0506487 -0.032294 0.0335244
internal_weight=185335 113990 71344.3 86714.6 49474 54186.2 21870.3 27275.7 32528.4 19023 27731.1 19847.7 34338.5 21742.9 12166.6 14449.5 8252.73 28468.1 9703.66 17514.3 12891.3 12576.4 15014 9049.06 15154.7 17424 5223.27 11791.4 14560.9 7795.2 6131.7 12671.9 6435.92 7181.99 1816.82 4276.71 8816.74 5398.24 7670.32 5870.48 10802.2 11631.2 3647.28 3117.55 4526.59 4772.34 4331.99 4403.02 4480.39 5722.87 5744.14 6902.48 11044.1 7639.48 8012.18 8268.84 5673.9 7001.87 5096.1 2451.47 8274.39 6063.59
internal_count=9479779 8614726 865053 3852175 687017 2721701 178036 4762551 1130474 2550567 416729 1459525 1262176 270288 94525 1137058 2211984 1145652 83511 776460 1408208 235776 354014 72184 180953 530588 39761 431122 199637 1006364 1142359 160417 1567587 70651 644397 31900 101842 322467 229039 116524 715065 364060 421993 22341 854845 40284 930354 54540 43750 345338 97795 122789 615064 430498 197177 105877 112987 156837 401844 17279 610161 65542
is_linear=0
shrinkage=0.08


Tree=16
num_leaves=63
num_cat=0
split_feature=2 2 2 0 0 0 4 2 0 2 4 1 2 2 0 0 2 0 1 0 4 4 4 4 0 2 2 2 1 2 0 4 2 4 0 2 2 2 4 4 0 7 4 1 2 4 0 7 7 4 0 0 4 0 2 2 4 0 2 1 4 2
split_gain=13493.2 2766.79 1508.58 1303.8 545.863 366.132 301.221 292.886 233.81 214.903 121.114 118.758 116.407 109.957 100.823 87.7369 84.2509 74.241 73.1951 59.182 55.1202 52.2064 51.2343 47.286 42.5341 40.3214 38.3108 38.2764 35.9766 33.8076 32.7311 31.5121 30.5641 27.8883 26.4111 25.7385 24.9357 24.4874 24.0011 21.5688 20.2054 19.9939 19.0754 18.1301 18.0398 17.7757 17.0292 16.881 20.472 16.6513 16.4415 14.4117 14.1975 14.1509 14.0414 13.9125 13.5299 13.2518 13.1027 13.2381 12.9701 12.7521
threshold=0.33514493703842169 0.083771932870149626 0.67006802558898937 2.5000000000000004 5.5000000000000009 6.5000000000000009 36003.500000000007 0.038218110799789436 1.5000000000000002 0.20101010054349902 39079.500000000007 6.5000000000000009 0.54606062173843395 0.8896499276161195 3.5000000000000004 1.0000000180025095e-35 0.82807883620262157 1.5000000000000002 11.500000000000002 5.5000000000000009 426007.50000000006 322066.50000000006 18390.000000000004 253302.00000000003 15.500000000000002 0.15026882290840152 0.42776885628700262 0.49725274741649633 3.5000000000000004 0.42956349253654486 18.500000000000004 5343.0000000000009 0.21896404027938846 111602.00000000001 3.5000000000000004 0.74239632487297069 0.25949975848197943 0.022347066551446918 1090.0000000000002 1328.0000000000002 3.5000000000000004 20.500000000000004 322066.50000000006 64.500000000000014 0.30094340443611151 72837.500000000015 13.500000000000002 15.500000000000002 12.500000000000002 253302.00000000003 4.5000000000000009 12.500000000000002 322066.50000000006 13.500000000000002 0.84654632210731517 0.050252525135874755 20015.500000000004 17.500000000000004 0.048980407416820533 86.500000000000014 141789.00000000003 0.3081014752388001
decision_type=2 2 2 2 2 2 2 2 2 2 2 2 2 2 2 2 2 2 2 2 2 2 2 2 2 2 2 2 2 2 2 2 2 2 2 2 2 2 2 2 2 2 2 2 2 2 2 2 2 2 2 2 2 2 2 2 2 2 2 2 2 2
left_child=1 7 4 6 14 16 8 15 11 25 17 28 23 24 20 -1 40 31 -10 33 26 32 37 29 42 43 -2 52 -3 51 -14 -9 45 44 -18 -26 56 -17 -13 -30 -4 55 -7 60 -11 -8 -15 48 -40 -24 -27 -6 -16 -31 -36 -19 -21 -38 -12 -60 -5 -35
right_child=2 3 5 9 12 13 21 10 18 19 58 38 30 46 27 22 34 41 -20 36 -22 -23 49 -25 35 50 -28 -29 39 53 -32 -33 -34 61 54 -37 57 -39 47 -41 -42 -43 -44 -45 -46 -47 -48 -49 -50 -51 -52 -53 -54 -55 -56 -57 -58 -59 59 -61 -62 -63
leaf_value=-0.091735701766158098 0.0016345030558099296 -0.017101683948445665 0.0220781279871364 -0.012703987865176587 0.016486952435095906 0.04483188926741849 -0.017804531877616544 -0.04667070693747024 -0.0073449250156751066 -0.00043965352005113218 -0.032757890381562661 -0.038845571046382504 0.034684790884600469 0.065160114867733085 0.012176613409316195 -0.064041918506219986 0.034808717383307063 -0.039851445159367539 -0.019923337402686633 0.0028188061910137154 0.033570606663129471 0.0056683950775458219 -0.042187653023532869 0.039153855851885064 0.049480825076622818 -0.0053767238531578386 0.010270085938592402 0.023852485092212411 -0.029430005005861903 0.02495557507112325 0.047223499801164685 -0.037027695247942749 -0.0051048484280070573 0.0098475002680415615 0.036305198810524908 0.064409792524361645 0.014281337086746922 -0.052639649863030782 -0.030304194335939387 -0.022191461592004344 0.032376220716423931 0.056091774842854152 0.061559356769915037 0.00063670271399432271 0.007604639403593 -0.0093160259187425303 0.078425281423402188 -0.025078530884720708 -0.043546659425568353 -0.0086380224048124982 0.0024713070555061447 0.024702485670111241 0.032524901739241927 0.03259346787141898 0.048282220087160453 -0.02815950732475541 0.012838870207621738 0.026472916409777083 -0.020265960846634967 0.011548975408865902 0.0015010385282122898 0.028442764142208251
leaf_weight=400.32505354427849 4370.4039213536307 6874.3367739602691 2347.1366915118415 5521.5729297280486 3886.2416059877723 4090.3313839665498 3002.3587797625223 5840.5153728174919 7516.3570895145531 6568.4454037727555 554.08365939586656 2742.5666560165701 5229.9637854465982 1481.6269539157802 3742.3048688452691 1921.0224014367996 2290.9713919116184 814.85290275968146 4885.1453607776202 2020.5548860430717 562.47435943502933 1637.1926834192127 1335.9965623032767 1418.9441594122909 1195.0280608981848 3352.5507348367246 13274.21328817663 5075.5070180539042 3695.6931841476471 4482.6114005818963 1787.8877514970955 3450.0138518036983 5295.6305894037941 992.24028503755108 796.70974146830849 1937.2582109184004 4518.2494995723246 3235.9760180518351 3614.0004503466189 9175.2554596403497 2537.76166352164 17.135494537476916 488.40502997301519 882.99692108435556 2449.5277715343982 3330.0334637900814 1064.2623064352665 2721.3119103574427 941.85476200317498 101.90026094735367 3483.7501318281866 2107.683977970155 233.11997300758958 2374.9639710681513 2931.6225803376292 3246.1031656160776 1504.7137282204349 653.0782199006062 2466.6486964061041 86.643743403605185 444.49116005213 309.69035581499338
leaf_count=144346 87962 257273 23256 373221 65304 35779 156238 1055533 266167 194619 70623 307832 54438 11262 64823 703507 19216 167361 350052 62101 4386 23492 288239 11656 9786 137454 195651 61952 260007 60736 16213 503830 128464 16480 6841 14331 100231 880777 295515 462275 23722 2133 3427 48739 55669 125640 7682 205471 118036 7273 132614 32443 1955 29498 22734 441370 34129 11774 202329 5496 14411 4005
internal_value=-9.53497e-12 -0.0172477 0.0276144 -0.0107474 0.0198443 0.0454399 -0.018221 -0.0416561 -0.0215287 0.00192088 -0.0358331 -0.025374 0.0294434 0.0562899 0.0123475 -0.0553712 0.0352341 -0.03914 -0.0122998 0.00742247 0.00891704 -0.00770673 -0.0531638 0.0252949 0.0515305 -0.00572385 0.00813113 0.0192482 -0.0217743 0.0237647 0.0378792 -0.0430898 -0.00958991 0.00332556 0.0415689 0.0587141 0.0122841 -0.0568871 -0.0324676 -0.0242699 0.0274281 -0.0301417 0.0466162 -0.0100622 0.0017454 -0.0133407 0.0707054 -0.030064 -0.0330419 -0.0398101 -0.0013774 0.0193758 0.0133698 0.0276008 0.0457228 -0.0305056 0.00709574 0.015821 -0.0216063 -0.0191863 -0.0116457 0.0142708
internal_weight=181312 111605 69707.4 88133.6 48546.3 21161.1 55431.7 23471.2 42166.5 32701.9 16476 29765 21288.3 10256.9 27258 6995.22 10904.2 13368.6 12401.5 19016.5 18207.1 13265.2 6594.9 14270.4 7711.02 13685.4 17644.6 9050.93 19745.3 12851.5 7017.85 9290.53 11628 10319.9 6019.3 3132.29 8696.6 5157 10019.7 12870.9 4884.9 4078.09 4578.74 6849.06 9017.97 6332.39 2545.89 7277.17 4555.86 1437.9 6836.3 5993.93 3975.42 6857.58 3728.33 4060.96 3525.27 5171.33 3107.38 2553.29 5966.06 1301.93
internal_count=9479779 8614726 865053 4141909 687017 178036 2956462 4472817 2522628 1185447 2448675 1906409 270288 82267 416729 2024142 95769 2170227 616219 479008 287999 433834 1879796 199637 63323 706439 283613 128730 979555 187981 70651 1559363 410342 270773 48791 24117 208235 1584284 926854 722282 46978 610864 39206 436371 250288 281878 18944 619022 413551 295512 270068 97747 66778 90234 29575 608731 96230 112005 278448 207825 387632 20485
is_linear=0
shrinkage=0.08


Tree=17
num_leaves=63
num_cat=0
split_feature=5 5 5 5 5 5 5 7 4 7 5 5 6 7 4 5 4 7 5 5 4 1 5 4 4 5 5 7 4 4 6 6 4 4 6 5 1 6 6 6 7 5 5 4 7 3 7 3 6 7 7 6 5 4 1 4 1 3 6 6 6 5
split_gain=3964.77 1403.5 738.09 334.148 252.401 249.378 84.7235 71.5348 52.5151 51.2318 47.0155 44.9415 43.6837 39.3789 40.9905 37.8434 34.3939 31.7975 30.815 44.8909 44.4357 30.8455 27.7786 27.4142 26.9993 26.6493 24.4424 20.7131 43.83 92.6473 29.1396 19.6634 19.4614 24.3531 24.1876 19.3429 18.8527 18.7861 18.6838 20.1559 18.213 17.8155 17.4971 54.9717 17.1158 17.0419 16.9189 17.1492 16.249 14.8329 21.1927 27.1245 19.184 17.2394 14.5877 13.8826 13.4009 13.2766 13.2212 25.0493 19.8385 13.1985
threshold=0.65160736441612255 0.4371065646409989 0.79679140448570263 0.25077867507934576 0.56039884686470043 0.72243767976760875 0.10704734176397325 20.500000000000004 3453.5000000000005 4.5000000000000009 0.36119444668293005 0.51416715979576122 116.50000000000001 17.500000000000004 4578.5000000000009 0.59054526686668407 28634.000000000004 17.500000000000004 0.69174146652221691 0.69076326489448558 93473.500000000015 17.500000000000004 0.60266375541687023 105.50000000000001 662.50000000000011 0.61147069931030285 0.48149947822093969 6.5000000000000009 19315.500000000004 17089.000000000004 82.500000000000014 114.50000000000001 11960.000000000002 15436.500000000002 107.50000000000001 0.76100599765777599 25.500000000000004 25.500000000000004 115.50000000000001 114.50000000000001 18.500000000000004 0.62627032399177562 0.74265706539154064 83472.000000000015 20.500000000000004 29.500000000000004 19.500000000000004 10.500000000000002 1.5000000000000002 12.500000000000002 4.5000000000000009 61.500000000000007 0.65999040007591259 1950.5000000000002 41.500000000000007 2045.5000000000002 21.500000000000004 17.500000000000004 33.500000000000007 23.500000000000004 77.500000000000014 0.43933787941932684
decision_type=2 2 2 2 2 2 2 2 2 2 2 2 2 2 2 2 2 2 2 2 2 2 2 2 2 2 2 2 2 2 2 2 2 2 2 2 2 2 2 2 2 2 2 2 2 2 2 2 2 2 2 2 2 2 2 2 2 2 2 2 2 2
left_child=1 3 5 6 7 18 48 8 26 42 46 61 17 14 41 -16 31 37 19 49 -21 -22 27 -8 -12 32 54 28 29 -17 -30 -4 -24 34 -34 -14 -18 -11 39 -20 -15 -6 43 -7 -42 -44 47 -5 -1 50 -2 52 -52 -51 -3 -40 -28 -45 59 -13 -60 -10
right_child=2 4 16 10 13 9 23 -9 11 12 24 58 35 40 15 22 36 -19 38 20 21 -23 25 -25 -26 -27 56 -29 30 -31 -32 -33 33 -35 -36 -37 -38 -39 55 -41 44 -43 45 57 -46 -47 -48 -49 -50 53 51 -53 -54 -55 -56 -57 -58 -59 60 -61 -62 -63
leaf_value=-0.090833997963819219 0.0034600429939285462 -0.012960395944445527 0.024073925962107487 -0.038333733720202469 6.870780005031604e-05 0.0094183058981304399 -0.034583450222261364 0.038744348914121172 0.0023935763329644452 0.0068301743730682938 -0.016764054675372075 -0.011564475899290924 0.0031376635561536589 -0.02064559408813323 -0.0093079428099508872 -0.00064865092163937199 0.029367904202922734 0.0078506982283008606 0.0078853297490239505 0.0053828065335508506 -0.020067796601461275 -0.068751561994450747 -0.001737334958831967 -0.05356810351849238 -0.026511631195246944 -0.0020409690111658817 -0.0062960455159731879 -0.004473540842739706 -0.0568819991084435 0.056034764370418703 0.0032620975008267718 0.0047865787697614643 -0.08045449006942787 -0.013779642496730787 -0.020727295289343521 0.019330036826167841 0.03702986504222739 0.020488635130912272 0.016176668478487286 0.020365320621302134 -0.0071059507593131087 0.0068388107511323497 0.013844223954000477 -0.036159575760064622 0.043894837484314733 0.005868471971054866 -0.0015021348472705276 -0.029290314465718236 -0.06788666713283581 0.0080090722870740944 -0.013247255723772269 0.016465433415763273 0.0072394118984217062 -0.0015396208947747972 -0.028882158201917273 -0.0024781521856865017 -0.012535428598028477 -0.0042280884351679256 -0.0031562798637932727 -0.034623779717018528 -0.013244584501862104 -0.021698707297306018
leaf_weight=362.02734346859506 11785.64189026627 5025.6312832702242 2586.7806724208058 2345.8665898066538 10249.041609679582 2153.9050332632032 678.20162923427415 175.37061038595857 149.02009690395789 675.69755309738684 2874.445057165256 915.46897541434737 1841.3088972551923 663.94630789803341 5987.4018884720863 406.57312278109021 8458.0387701920117 1562.3524325700128 13282.753488578805 399.18840432737488 389.04250541329384 105.98214309790637 687.62502956518438 1724.887935780469 4951.043956671434 11723.721341424884 9761.4416725606425 1000.2637992582459 53.733062875224277 337.93282987299608 1272.4069098926266 389.19001470122021 75.151159230503254 976.55505400773836 102.6879458296753 634.9724640006898 2715.0450400932459 13951.491697091144 301.17492172692437 883.31479288439732 7359.0051252126868 3284.9672494186671 7692.6390658760793 226.63154301245231 42.355994469486177 2206.3146469016792 110.21163815876935 3136.1117668403313 434.5236290099856 1575.9060405571363 366.5966580992681 2092.715698017535 1447.9893569960259 5212.7978303902491 397.40933590414352 1676.5278136080306 2845.2155955352064 131.79992483218666 1721.1040792518179 449.55112211467349 4533.9664830242691 6210.9895726696268
leaf_count=144367 449112 360136 45106 405850 496016 65329 116482 8766 12670 23866 276632 71736 62667 55827 370195 21288 97463 47467 417547 14278 12039 8989 34053 375113 570788 570379 488445 56690 5958 10190 57013 7170 7861 58017 7518 14962 40430 288681 10395 21310 428894 137744 163538 11051 1714 40052 12842 371468 130804 64810 14602 65702 50514 227033 82284 64946 351918 4761 110120 40209 327503 568469
internal_value=2.6098e-12 -0.0114031 0.0125173 -0.0324741 -0.00682063 0.0091749 -0.0557051 -0.0122103 -0.0124895 0.0145367 -0.0269344 -0.0161693 0.0171854 -0.0028981 -0.00177064 -0.00385396 0.0291941 0.018699 0.00495851 0.00310206 -0.0144763 -0.0304907 -0.00189112 -0.0482102 -0.0229312 -0.00344645 -0.00963614 0.00497957 0.00954607 0.0250801 0.000825155 0.0215516 -0.0123918 -0.0187382 -0.0459668 0.00728974 0.0312298 0.0198577 0.00764661 0.00866351 -0.00795271 0.00171194 0.0105533 0.00459094 -0.00681409 0.0120666 -0.0325363 -0.0331602 -0.0783161 0.00380125 0.00515279 0.0102587 0.00310054 0.000676979 -0.0141272 0.000362702 -0.00770422 -0.024418 -0.0120254 -0.0191587 -0.0104688 -0.0211342
internal_weight=177772 93025.9 84745.8 16617.3 76408.5 70596.7 3199.64 32185.2 32009.8 31077.1 13417.7 13980.1 18665.8 44223.4 36158.1 22624.1 14149.1 16189.5 39519.6 23375.9 894.213 495.025 16636.7 2403.09 7825.49 13565.7 18029.7 3070.91 2070.65 744.506 1326.14 2975.97 1842.02 1154.39 177.839 2476.28 11173.1 14627.2 16143.8 14166.1 8065.31 13534 12411.3 2512.34 7401.36 9898.95 5592.19 5481.98 796.551 22481.6 15692.9 3907.3 1814.59 6788.7 5423.04 1977.7 12606.7 358.431 7620.09 1365.02 6255.07 6360.01
internal_count=9479779 7145959 2333820 2404346 4741613 2143651 766766 2422256 2413490 722374 1637580 1130707 437643 2319357 1832922 1199162 190169 360014 1421277 907079 35306 21028 828967 491595 847420 677828 1282783 151139 94449 31478 62971 52276 107449 73396 15379 77629 137893 312547 514198 438857 486435 633760 284731 81141 430608 203590 790160 777318 275171 871773 579930 130818 65116 291843 442420 75341 840363 15812 549568 111945 437623 581139
is_linear=0
shrinkage=0.08


Tree=18
num_leaves=63
num_cat=0
split_feature=2 2 2 0 2 0 0 5 5 0 5 2 2 2 0 0 2 0 2 2 5 5 5 3 2 5 5 5 0 2 5 2 5 2 5 2 0 1 5 5 5 3 5 6 5 0 5 5 0 0 5 2 5 0 0 5 5 0 0 3 5 6
split_gain=11504.9 2281.44 1365.72 859.029 559.712 470.59 327.51 247.252 218.734 205.596 130.037 112.554 104.095 94.6614 93.6567 81.5277 76.5855 74.57 73.1722 71.5147 69.8186 54.8197 52.1063 48.7033 48.6733 48.0736 41.1592 38.8172 38.6624 35.3678 33.0374 28.9389 27.3255 26.0856 25.5376 25.3921 22.7787 22.264 22.0817 21.2928 20.7433 19.6606 19.6316 19.0554 18.6407 18.0046 17.9952 16.736 15.8668 15.5413 15.5103 15.2665 15.0584 14.4527 14.4275 13.6437 13.6323 13.4195 13.2231 13.1431 13.1371 12.8413
threshold=0.33514493703842169 0.125657893717289 0.67006802558898937 1.5000000000000002 0.050252525135874755 6.5000000000000009 6.5000000000000009 0.56039884686470043 0.51615241169929515 4.5000000000000009 0.69174146652221691 0.022857889533042911 0.8896499276161195 0.54606062173843395 1.5000000000000002 2.5000000000000004 0.82807883620262157 1.5000000000000002 0.22756041586399081 0.24264069646596911 0.31340929865837103 0.76968595385551464 0.55412864685058605 26.500000000000004 0.53907206654548656 0.17647051066160205 0.75106957554817211 0.51086920499801647 13.500000000000002 0.43785113096237188 0.61021780967712413 0.39159812033176428 0.17647051066160205 0.75140449404716503 0.71393844485282909 0.080229885876178755 23.500000000000004 4.5000000000000009 0.6567898988723756 0.81119626760482799 0.53957796096801769 28.500000000000004 0.7119525969028474 116.50000000000001 0.69511905312538158 3.5000000000000004 0.75106957554817211 0.6320285201072694 9.5000000000000018 13.500000000000002 0.43933787941932684 0.61577314138412487 0.69174146652221691 2.5000000000000004 15.500000000000002 0.76100599765777599 0.75467449426651012 3.5000000000000004 3.5000000000000004 21.500000000000004 0.28331096470355993 120.50000000000001
decision_type=2 2 2 2 2 2 2 2 2 2 2 2 2 2 2 2 2 2 2 2 2 2 2 2 2 2 2 2 2 2 2 2 2 2 2 2 2 2 2 2 2 2 2 2 2 2 2 2 2 2 2 2 2 2 2 2 2 2 2 2 2 2
left_child=1 4 5 7 11 10 16 20 17 18 15 25 28 31 23 40 39 32 27 48 -3 37 60 34 55 -1 45 -5 42 -17 -20 -7 -6 -30 -10 -16 -15 47 -25 57 -2 50 -8 53 -37 -18 -33 -9 -11 -14 -22 -31 -24 -26 -21 -12 -29 -4 -19 -34 -13 -28
right_child=2 3 6 9 8 13 12 21 14 19 24 22 49 36 35 29 26 58 30 54 41 -23 52 38 43 -27 61 56 33 51 -32 46 59 -35 -36 44 -38 -39 -40 -41 -42 -43 -44 -45 -46 -47 -48 -49 -50 -51 -52 -53 -54 -55 -56 -57 -58 -59 -60 -61 -62 -63
leaf_value=-0.086200837047915396 -0.0047952771928409191 -0.045687488294091659 0.019577794708763748 -0.017616543577038825 -0.064784972122764378 0.018240242207118011 0.03840549567565725 -0.016410382729125629 -0.032148218703059207 -0.00036787702572676481 0.011340594731163901 -0.060360938918202524 0.063089189238504373 0.034731319864874446 -0.021596205641681215 0.006451613182817395 0.02864116280541731 -0.029040456775921732 -0.0050832949227242585 0.011325138912746309 -0.035622930239081051 -0.0027571247643995433 -0.039811117076764234 -0.024264512244222106 0.02101848904481975 -0.05682578991082033 0.051965260527136979 -0.0078604957092000046 0.047530504157784828 0.014204101619975913 0.0031971254196072681 0.024632695786562062 -0.044052560334836233 0.061410026636260384 -0.021247868493906794 -0.015454275388297878 0.047334167906657766 -0.017915811334146103 -0.011488784728284651 0.041529798875599974 0.0044357521388549218 -0.020989048998141743 0.049930912797595123 0.011853672098808599 -0.0061082582681564858 0.039595098030632381 0.032512214478261019 -0.0091957724909978132 0.0077604782683885999 0.076237318448041894 -0.026010969354145992 0.023991087005264023 -0.029691964302010643 0.030952537328405742 0.02150627129233806 0.018382642691071521 -0.00015044155343991994 0.028598529529925205 -0.015490409431695312 -0.035455933344175065 -0.047443994932307429 0.02409188862070033
leaf_weight=423.69144443581172 2269.5363291348331 1277.9104194116662 2072.5008485501166 2519.7395447900635 329.73852675882517 3197.9327122259419 2070.2448484182241 3272.6557834736013 6043.5235220877803 5713.7942545613914 3617.8036327506416 603.90069393369777 1388.6828933834768 4737.4685674801003 2730.9681714783219 3912.8748846906237 1565.8405378667812 1934.8484118897468 5197.3027732615592 6649.3223948950181 1500.784517796943 3001.998261147819 2991.8749566226616 1851.2390033111442 1483.235518685251 2250.2820435108442 1606.9458579715574 8629.9249840554548 1547.798513724003 5609.3574565254385 7583.1272398051806 5765.1550878663547 3209.6288779737079 1969.2013476071879 1780.9135335846222 4074.5552833017427 1138.4057132243179 7004.6176691319561 1626.6577463662252 506.52625066670589 4969.0576509830425 3467.8561505961698 1741.5067534566624 585.74518199521117 2054.4711969084456 2483.4269359963946 2734.9535365004558 5543.5236714111525 2102.5290675821016 982.37610429385677 3781.9535470880219 1246.77032559074 1373.1285628068144 2546.5035135186627 1028.5996865212219 3430.4324315600097 1768.4422924537212 2150.6970902228495 605.06809457164491 1763.6277792885085 3043.6673204728286 113.23545346455649
leaf_count=202130 55787 163309 21640 170318 92879 53052 20387 119219 631691 220238 50245 228707 11262 50654 300391 82825 14691 279953 185817 153824 129461 50890 595621 194221 14178 800911 11671 373997 13214 89897 167090 86963 538352 15739 97611 311885 10493 328169 96839 3815 85124 225898 13983 6499 92737 21539 26345 144312 67505 7682 224607 15693 179542 23747 20166 35515 42214 21523 76510 279001 828711 890
internal_value=4.16995e-11 -0.0161005 0.0259577 -0.00748792 -0.0316919 0.0185141 0.0433683 -0.018074 -0.0257481 -7.34437e-05 0.0123694 -0.0472681 0.0539665 0.0288886 -0.0213385 0.00810714 0.0335769 -0.0370841 -0.00446196 0.00720529 -0.0282202 -0.0126683 -0.0425252 -0.026166 0.01895 -0.0614803 0.0397633 -0.00870798 0.0492526 0.0125203 -0.000170199 0.0247274 -0.0424827 0.0553018 -0.0296672 -0.0151803 0.037173 -0.0145489 -0.0182891 0.0260306 0.00154152 -0.0256693 0.0436712 0.0253363 -0.0123215 0.0353592 0.027168 -0.0118739 0.00181859 0.0685367 -0.0287417 0.0159838 -0.0366279 0.0272961 0.0126891 0.014768 -0.00654925 0.0241717 -0.0258125 -0.041004 -0.0495826 0.0501304
internal_weight=176180 108736 67444.2 70044.1 38691.8 47245.2 20199 28851.3 28005.2 41192.8 29671.3 10686.5 9699.81 17573.9 20162.3 18007.6 10499.2 7842.91 25698.5 15494.2 10028.5 18822.8 8012.57 11302.3 11663.7 2673.97 5769.45 12918.1 7328.75 10769 12780.4 11698 5303 3517 7824.44 8859.99 5875.87 15820.8 3477.9 4729.72 7238.59 8750.59 3811.75 4615.48 6129.03 4049.27 8500.11 8816.18 7816.32 2371.06 5282.74 6856.13 4365 4029.74 7677.92 7048.24 10398.4 4223.2 2539.92 4973.26 3647.57 1720.18
internal_count=9479779 8614726 865053 2787034 5827692 687017 178036 1385865 2992070 1401169 459510 2835622 82267 227507 1725375 329326 95769 1266695 939436 461733 743275 642590 1832581 1020362 130184 1003041 48791 586529 63323 188415 352907 166360 910232 28953 729302 705013 61147 591700 291060 46978 140911 579966 34370 44424 404622 36230 113308 263531 287743 18944 354068 105590 775163 37925 173990 85760 416211 43163 356463 817353 1057418 12561
is_linear=0
shrinkage=0.08


Tree=19
num_leaves=63
num_cat=0
split_feature=2 2 2 0 0 0 2 4 0 2 2 4 2 1 0 2 0 0 1 0 2 2 0 4 4 2 4 0 7 4 0 2 2 4 4 1 4 4 0 2 4 7 2 0 4 2 4 1 2 4 2 7 7 1 2 2 7 1 4 4 4 2
split_gain=10092.5 1983.65 1239.98 944.212 418.295 297.937 232.512 191.785 168.719 163.849 133.137 101.265 93.5834 90.3919 71.3384 68.1032 59.5807 57.5887 54.7376 48.9874 42.2371 37.3315 36.3964 34.2988 32.3806 29.9629 28.707 28.3372 23.526 22.6223 21.7316 21.6117 21.3148 21.0446 19.1172 18.2519 17.8478 16.9932 16.0503 15.9058 15.3578 15.3423 14.8269 14.4287 14.1864 13.948 13.523 13.0762 12.9938 12.9673 12.6085 12.2039 12.1675 12.0911 11.9885 11.9388 11.8883 11.4516 11.3333 11.2548 11.1311 11.1311
threshold=0.33514493703842169 0.083771932870149626 0.67006802558898937 2.5000000000000004 3.5000000000000004 6.5000000000000009 0.027212143875658516 40294.000000000007 1.5000000000000002 0.20101010054349902 0.5025252401828767 39079.500000000007 0.8896499276161195 5.5000000000000009 1.5000000000000002 0.82807883620262157 13.500000000000002 1.0000000180025095e-35 11.500000000000002 8.5000000000000018 0.30094340443611151 0.42776885628700262 15.500000000000002 426007.50000000006 4754.5000000000009 0.15026882290840152 147804.00000000003 4.5000000000000009 20.500000000000004 18390.000000000004 3.5000000000000004 0.75140449404716503 0.21896404027938846 6740.5000000000009 322066.50000000006 3.5000000000000004 56016.500000000007 322066.50000000006 3.5000000000000004 0.4552139043807984 36003.500000000007 20.500000000000004 0.050252525135874755 13.500000000000002 67770.000000000015 0.048980407416820533 322066.50000000006 23.500000000000004 0.84654632210731517 1328.0000000000002 0.38529014587402349 20.500000000000004 17.500000000000004 64.500000000000014 0.5838744342327119 0.57294833660125744 20.500000000000004 70.500000000000014 426007.50000000006 265.50000000000006 195199.50000000003 0.75140449404716503
decision_type=2 2 2 2 2 2 2 2 2 2 2 2 2 2 2 2 2 2 2 2 2 2 2 2 2 2 2 2 2 2 2 2 2 2 2 2 2 2 2 2 2 2 2 2 2 2 2 2 2 2 2 2 2 2 2 2 2 2 2 2 2 2
left_child=1 6 4 7 21 15 17 8 13 25 19 14 22 35 24 38 34 -1 -10 37 27 60 46 54 41 53 32 44 42 56 -17 -24 -9 59 -12 -3 50 39 -4 52 -22 47 -16 -14 -11 -13 61 -8 -32 -37 -21 57 -6 -5 -23 -18 -19 -27 -28 -15 -2 -7
right_child=2 3 5 9 10 12 11 26 18 20 16 45 43 33 28 30 55 29 -20 36 40 23 31 -25 -26 51 58 -29 -30 -31 48 -33 -34 -35 -36 49 -38 -39 -40 -41 -42 -43 -44 -45 -46 -47 -48 -49 -50 -51 -52 -53 -54 -55 -56 -57 -58 -59 -60 -61 -62 -63
leaf_value=-0.089222925453939367 5.4568663329646016e-05 -0.014934394623144623 0.020005786050518223 -0.010650512355368565 0.013184329469093085 0.036079150205089061 -0.041198527610717503 -0.013638387093603028 -0.0066579807068185472 -0.0025772830403350609 0.02510117293856954 -0.029021244274885165 0.060603621480379836 -0.036564871387293162 -0.035362141459728068 0.031636144461598098 0.033002383448489714 -0.056191614159068808 -0.017608786016731211 0.014683852537638689 0.0093004374436848562 0.0067376133945145642 0.046258569134750224 0.032421693669119678 -0.034093218778589146 -0.002782597643644893 -0.0040244832072111429 0.0068971405710749256 0.055500970088326239 -0.039376526672940691 0.032562590094369008 0.060366036015267861 -0.005503434314856219 -0.022737029775951538 0.039019431580736855 -0.025362890083868113 0.02981723608670948 0.028245648301608008 0.029418015501163311 0.019145753577391761 0.018731284550619884 0.0089846121374381905 -0.024793699260921759 0.073580296459769393 0.0073953989868961343 -0.017560618157650251 0.055923364837745702 -0.049408022616668268 0.044446530346130095 -0.018576509824965396 0.023650061024283093 0.065339603031793883 0.0023097137881016531 -0.00050829036215358251 0.011639226429452958 0.042513485976190431 0.0167398130323093 0.010846736442156462 0.0062062775951704967 -0.028258945943058712 0.014570359268552574 0.04481423737463288
leaf_weight=296.04973683027492 3980.1698792192619 6744.3713005403988 2242.9864177745767 5793.2695016351063 5455.5019691558555 1644.6214293074445 4540.8124990673969 4546.1516492130468 7459.2837909542723 4508.3631921031047 8081.9643636631663 934.85898813628592 1332.4886502342852 1221.2531840293086 1170.0607274165086 2146.3831311403774 1444.7079018363729 2571.5840186340065 4801.826269465033 1402.9057629520539 3461.2391284569167 6634.7121169482125 1222.5588682852685 416.62296399706975 4234.0515672431211 6214.0191501175577 2818.0997915936168 7718.6305951878894 21.868071573087946 678.83478567822021 751.39820322627202 1610.4605065477081 3771.4090339454415 4604.3838303337106 685.12861726945266 2478.1245915648178 2161.6460850366857 580.85932824620977 2400.4235157737276 2788.6584833583329 1623.4617024995387 35.92792637180537 3101.8792395911441 931.89765255508246 1144.707052430138 2489.3967500339495 435.29708112310618 1709.1033708592877 2721.7214192505926 6604.5210049652669 3527.8255108981975 17.311627820832655 748.88764185411856 864.54492104827659 6157.1142658604367 2033.5955675703008 14.384473717975196 421.29529358050786 918.95768604043406 7197.7243243352859 369.47847593436018 2159.6938989515183
leaf_count=144346 85236 261310 23256 387632 94493 16015 866605 222565 271334 142934 97420 137206 11262 153509 287350 19216 16592 987955 356080 25622 81372 112451 10870 3353 726502 256030 63050 202961 2618 172922 6841 13247 98707 340689 5399 177193 25958 5049 23722 40561 28421 7787 441370 7682 23320 207825 3427 485303 22734 324967 52237 538 15348 48739 83200 20339 5028 13500 12423 674635 3759 19764
internal_value=5.43558e-12 -0.0152114 0.0245731 -0.00968613 0.0174554 0.0414486 -0.0367391 -0.0162063 -0.0188081 0.00122619 0.0233704 -0.0330883 0.0517894 -0.0221491 -0.0359543 0.0320406 0.0297037 -0.0554376 -0.0109467 0.018717 0.00610538 0.00771578 0.0472576 0.00983263 -0.0395011 -0.00553934 -0.00733295 0.00374543 -0.0272647 -0.052374 0.0379645 0.0542781 -0.00994978 -0.0270856 0.0261889 -0.0180871 0.0237562 0.0149839 0.0248715 0.0141273 0.0123116 -0.0431438 -0.0276883 0.0659441 -0.000557885 -0.0206895 0.0425664 -0.0434435 0.0418755 -0.0204281 0.021099 -0.00174221 0.0118717 -0.0093335 0.00909692 0.0385631 -0.0557859 -0.00191723 -0.0015087 -0.0294638 0.0012876 0.041038
internal_weight=172801 106732 66069.7 84932.9 46469.8 19599.9 21798.8 53166.1 41111.5 31766.8 28911.7 18238 9337.02 28850.4 14813.7 10262.9 12245.4 3560.85 12261.1 16666.3 18456.4 17558.1 7072.63 13208.4 10519.9 13310.4 12054.6 13371.7 4293.81 3264.8 5619.5 2833.02 8317.56 13023.4 8767.09 15827 7092.38 9573.91 4643.41 8993.05 5084.7 6285.84 4271.94 2264.39 5653.07 3424.26 4239.61 6249.92 3473.12 9082.65 4930.73 6652.63 6204.39 6657.81 12791.8 3478.3 2585.97 6635.31 3737.06 8418.98 4349.65 3804.32
internal_count=9479779 8614726 865053 4141909 687017 178036 4472817 2956462 2559717 1185447 399018 3162566 82267 1932303 2817535 95769 139750 1310251 627414 259268 479008 287999 63323 199004 2086197 706439 396745 369215 731338 1165905 48791 24117 321272 1168833 102819 763470 103817 155451 46978 150402 109793 1359695 728720 18944 166254 345031 39206 1351908 29575 502160 77859 270068 109841 436371 195651 36931 992983 269530 75473 828144 88995 35779
is_linear=0
shrinkage=0.08


Tree=20
num_leaves=63
num_cat=0
split_feature=0 0 0 1 1 1 5 0 1 0 1 0 0 1 5 5 0 1 5 1 5 5 1 1 1 1 1 0 5 1 1 0 1 5 5 5 5 5 0 4 1 0 1 0 0 1 4 5 7 0 1 1 7 0 5 1 1 5 4 1 4 0
split_gain=7578.22 1045.67 981.46 955.82 661.378 411.857 354.298 230.081 407.893 188.816 178.443 170.487 127.271 120.064 113.128 111.928 110.816 147.877 106.272 96.6495 83.0594 74.9046 71.892 70.6539 59.2373 55.1195 36.2483 35.706 34.3225 33.7355 28.5216 27.9827 49.9987 26.2925 25.7978 25.6267 25.5522 24.5813 24.3141 24.085 22.7023 22.694 22.6228 26.8479 22.3956 21.7389 20.9181 20.7898 20.6711 20.5653 19.7187 19.5915 19.3706 19.0022 17.56 17.5552 17.4725 17.3801 16.4629 16.3782 16.3408 16.124
threshold=2.5000000000000004 1.5000000000000002 7.5000000000000009 11.500000000000002 12.500000000000002 8.5000000000000018 0.47666649520397192 24.500000000000004 28.500000000000004 4.5000000000000009 6.5000000000000009 4.5000000000000009 12.500000000000002 21.500000000000004 0.44155140221118933 0.14160569757223132 13.500000000000002 16.500000000000004 0.65160736441612255 27.500000000000004 0.6936996877193452 0.66731697320938121 32.500000000000007 19.500000000000004 40.500000000000007 7.5000000000000009 4.5000000000000009 3.5000000000000004 0.50011590123176586 6.5000000000000009 4.5000000000000009 38.500000000000007 42.500000000000007 0.81119626760482799 0.72243767976760875 0.67440575361251842 0.17647051066160205 0.30066822469234472 10.500000000000002 63017.500000000007 4.5000000000000009 6.5000000000000009 21.500000000000004 18.500000000000004 6.5000000000000009 38.500000000000007 18390.000000000004 0.76100599765777599 4.5000000000000009 16.500000000000004 85.500000000000014 13.500000000000002 20.500000000000004 3.5000000000000004 0.81119626760482799 47.500000000000007 42.500000000000007 0.73525840044021618 72837.500000000015 4.5000000000000009 147804.00000000003 3.5000000000000004
decision_type=2 2 2 2 2 2 2 2 2 2 2 2 2 2 2 2 2 2 2 2 2 2 2 2 2 2 2 2 2 2 2 2 2 2 2 2 2 2 2 2 2 2 2 2 2 2 2 2 2 2 2 2 2 2 2 2 2 2 2 2 2 2
left_child=1 4 3 9 6 20 15 8 16 10 21 23 56 44 36 -1 17 34 29 28 30 61 35 53 49 54 47 -12 -7 58 -3 32 -9 48 -4 -16 -6 -17 -19 -31 -22 57 -18 -44 -13 -25 -24 -20 -23 -14 -33 -30 55 -5 -11 -15 -10 -27 -8 -39 -28 -2
right_child=2 5 7 11 14 19 18 31 12 25 27 13 24 52 22 37 42 38 26 -21 40 33 46 45 -26 41 60 -29 51 39 -32 50 -34 -35 -36 -37 -38 59 -40 -41 -42 -43 43 -45 -46 -47 -48 -49 -50 -51 -52 -53 -54 -55 -56 -57 -58 -59 -60 -61 -62 -63
leaf_value=-0.072455326185439137 0.013787718270412856 0.0029864506454500236 0.03602575178831368 -0.0047128997284900725 -0.068942723384438992 -0.021724327120165338 -0.017201110757119883 0.056528333302640316 0.009374654735110519 0.036546972581404179 0.0037507713651178326 0.010148946772955693 0.022995490183869351 -3.1598498142766108e-07 -0.034326652398334344 -0.041313492983453125 0.057194874280509032 0.018237382924940041 -0.0084263957471878599 -0.030215261288940629 0.015295485615193163 0.020472994209123258 -0.051197068095320097 -0.0095915219197821033 0.015270655833129632 0.018821701862170484 -0.015196784693488979 0.013736405643305191 -0.0068228276872598507 -0.0256525590680582 -0.0050646212929710485 0.062620198446766084 0.034453595496247477 0.040357134825375021 0.047575158781566602 -0.024463296169114176 -0.049123587035967517 -0.023733096365749964 0.028701152574251959 -0.0017260058668114695 0.0052962204087768161 0.034767997351619957 0.036083290353597593 0.056980448527174571 0.019966478661515675 -0.019594323751219719 -0.035497177420506038 0.0016038997387286199 0.031359387067629377 0.036472808366281216 0.040435641196713001 -0.014498906330573474 0.075090205649432709 0.0036947828192068683 0.054126122258641142 -0.010026258134142492 5.5629107712957496e-05 0.030465411369316672 0.0058431093947329564 -0.032720922961542928 -0.0058316517370134661 0.023266218434858366
leaf_weight=463.26054216054035 4017.9623261855886 5155.3385355942009 2937.6227575885132 3887.8778490246041 487.97469327485305 2222.4508796821465 10395.180562893685 946.64094153433689 2720.8275457432028 2771.3485464029363 5246.4942837429116 5328.0157561725937 1349.0250390621368 5304.62272239296 5640.06218378825 1409.1474821562297 1132.590358648682 3641.6104251649231 4375.2876367643476 2542.9881702307466 2935.6088335655513 1924.0400973042706 1861.9221975658438 4877.6576969755697 4039.8150245122379 2667.0429427894996 6602.3977965703816 4069.3157342725899 4370.0768924340373 5311.9219379188144 6206.2280152312014 816.37610802485142 2143.7758377217688 1141.7849578985479 2139.090635321103 2404.6317648746772 2835.6753829810768 2021.6421304696705 2330.9203632192221 283.63364650809672 2877.6101037987974 1261.0730721568689 1228.7725552227348 578.82388653885573 2062.849520765827 1944.9796053507889 766.82402588939294 1895.4719910486601 2658.9628769142437 1565.5281215133145 373.84725491283461 4147.6557063512155 20.864171341003384 3085.9703544578515 418.60210657166317 1416.1149040892196 2444.5057873989281 1184.9724113928387 202.2705606513191 3623.0410625208169 1455.2322982292389 1608.4012031176826
leaf_count=151798 54728 91768 32406 145330 246833 209300 493448 8137 65450 25923 118733 107896 20199 202039 1039415 213438 10463 57748 112145 513155 31733 20457 634149 308311 86339 38120 323608 63899 173383 510226 192763 6546 26289 9154 18899 249953 923519 135194 28747 18639 48890 12640 13248 5388 31292 281335 188547 29664 24784 17379 3507 286379 648 83444 3353 122070 104380 11288 6130 432020 35356 17757
internal_value=2.23333e-11 -0.0173859 0.0164308 0.0102313 -0.0242768 -0.00561315 -0.0188057 0.0280382 0.0252197 0.020412 0.0163183 -0.000328965 0.0144768 0.0058467 -0.039145 -0.0343632 0.0345267 0.0308538 -0.0149741 -0.0161912 0.00256807 0.0230526 -0.0351316 -0.00665502 0.021542 0.0306015 -0.00995572 0.00811268 -0.0128707 -0.0194146 -0.00141143 0.0452295 0.0412154 0.0294951 0.0408921 -0.0313784 -0.0520334 -0.0318615 0.0223211 -0.0244397 0.0103457 0.0254531 0.0483296 0.0427749 0.0128891 -0.0124431 -0.0466173 -0.00539452 0.0267891 0.0302347 0.0556521 -0.0105606 -0.00187393 -0.000992449 0.0388538 -0.00211286 0.0049644 0.0224036 -0.0167613 -0.0295019 -0.0135054 0.0164973
internal_weight=169782 82493.5 87288.7 56899 52035.6 30458 38038.5 30389.8 26109.1 28970 20667 27929 12119.7 14132.5 13997.1 7517.09 13989.4 11049.2 30521.4 13283.2 17174.8 11351.2 10673.4 13796.5 6954.37 8303.04 14328.4 9315.81 10740.2 16193 11361.6 4280.64 3090.42 5724.79 5076.71 8044.69 3323.65 7053.83 5972.53 5595.56 5813.22 5113.09 2940.19 1807.6 7390.87 6822.64 2628.75 6270.76 4583 2914.55 1190.22 8517.73 6741.6 6973.85 3189.95 6720.74 5165.33 3852.02 10597.5 5644.68 8057.63 5626.36
internal_count=9479779 7291453 2188326 1683201 5744082 1547371 2461666 505125 460646 400836 309512 1282365 293747 463945 3282416 932450 166899 137800 1529216 1182217 365154 126880 2112064 818420 123917 91324 500773 182632 669062 1028443 284531 44479 34426 54395 51305 1289368 1170352 780652 86495 528865 80623 62048 29099 18636 139188 589646 822696 141809 45241 37578 10053 459762 324757 228774 29276 324109 169830 49408 499578 567214 358964 72485
is_linear=0
shrinkage=0.08


Tree=21
num_leaves=63
num_cat=0
split_feature=2 2 2 5 1 1 2 1 2 1 2 5 5 5 2 2 2 5 2 1 1 1 5 4 2 5 5 2 2 5 2 5 5 2 4 2 1 2 3 5 1 1 5 5 4 2 4 5 3 1 4 3 3 1 4 3 3 4 5 5 1 4
split_gain=7791.94 1483.96 1055.8 423.4 261.483 210.993 206.047 202.096 198.813 176.781 118.784 115.82 110.73 102.797 94.9628 92.5795 86.6787 53.7039 53.2558 46.3945 46.3516 46.1185 45.7425 43.8801 43.1607 34.973 34.3421 33.6683 33.0673 29.8707 29.3535 29.126 28.9362 28.565 26.9485 25.9767 25.8714 25.1444 24.7952 24.6875 22.7098 22.2216 21.5644 21.4441 21.0002 20.9278 18.0213 18.8205 16.5804 16.4568 16.2099 16.0755 15.2733 14.8226 13.7244 13.6123 13.0738 12.6049 14.2269 12.5906 12.4558 12.3194
threshold=0.33514493703842169 0.083771932870149626 0.67006802558898937 0.59054526686668407 11.500000000000002 8.5000000000000018 0.16767068207263949 11.500000000000002 0.025158228352665905 5.5000000000000009 0.46720430254936224 0.47588364779949194 0.71551167964935314 0.4371065646409989 0.84654632210731517 0.16767068207263949 0.84654632210731517 0.17647051066160205 0.18016393482685092 5.5000000000000009 5.5000000000000009 11.500000000000002 0.7187756896018983 40294.000000000007 0.28669276833534246 0.28331096470355993 0.72482028603553783 0.53907206654548656 0.61577314138412487 0.55598032474517833 0.53907206654548656 0.7119525969028474 0.81119626760482799 0.050252525135874755 56016.500000000007 0.18016393482685092 4.5000000000000009 0.25126262009143835 29.500000000000004 0.74265706539154064 12.500000000000002 20.500000000000004 0.1868645250797272 0.81119626760482799 4658.0000000000009 0.92980295419693004 14682.500000000002 0.66562321782112133 28.500000000000004 23.500000000000004 253302.00000000003 6.5000000000000009 12.500000000000002 5.5000000000000009 9121.5000000000018 14.500000000000002 2.5000000000000004 55.500000000000007 0.17647051066160205 0.35344369709491735 4.5000000000000009 115.50000000000001
decision_type=2 2 2 2 2 2 2 2 2 2 2 2 2 2 2 2 2 2 2 2 2 2 2 2 2 2 2 2 2 2 2 2 2 2 2 2 2 2 2 2 2 2 2 2 2 2 2 2 2 2 2 2 2 2 2 2 2 2 2 2 2 2
left_child=1 8 4 7 12 16 21 13 17 26 34 42 20 25 31 -9 43 -1 -15 -20 29 38 36 33 32 57 -8 -14 39 59 -22 51 40 -13 52 -27 46 -17 -5 -12 -11 -26 -10 60 -31 55 -18 -48 54 -35 -23 -7 -6 -37 -19 -16 -36 -3 -59 -2 -4 -28
right_child=2 3 5 6 10 14 9 15 11 24 28 23 27 18 45 37 22 48 19 -21 30 50 -24 -25 41 35 61 -29 -30 44 -32 -33 -34 49 56 53 -38 -39 -40 -41 -42 -43 -44 -45 -46 -47 47 -49 -50 -51 -52 -53 -54 -55 -56 -57 -58 58 -60 -61 -62 -63
leaf_value=-0.082132920135721987 -0.018390591741859644 -0.025020888346961648 0.016722664059751428 -0.018730724806444846 0.016453056546673381 0.047548273991820399 -0.011428532326711181 -0.014872272060588877 -0.058685588891028269 -0.004069070736414682 0.02299908986989312 -0.034071318737137833 0.013326302611276705 -0.023886149295536643 0.061074240180193272 -0.0046583582396699892 0.030894245805094749 -0.053787464998348244 -0.017954991650831961 -0.006303059519679687 0.0075003393271664666 -0.0082331588671188619 0.046988372949332419 -0.01796205480055138 0.0059117180698690435 -0.033807238430195959 -0.09335223263894421 0.023887458397113728 0.037966259801948926 0.012079855121807193 0.017189436170908522 0.047700242805935551 0.01271849367429965 -0.028470134213446841 0.039186581487808098 -0.025418467281931992 0.040744500549961336 0.0061590754369322308 -0.0095385994461943593 0.032576410714419385 0.0026753871083028936 0.015922543377388094 -0.039239289411268446 0.038242757993562811 0.0024355677303993292 0.07026042463501124 0.00036725543382937155 0.029890189305918566 -0.0027606422573573492 -0.020015060619166598 0.0061397728205414438 0.032751131372195007 0.0086737115894934651 -0.012658309402986725 -0.040977994503750316 0.04557930623266189 0.021055522729497071 -0.058966658048878733 -0.038909871341380457 -0.0019633151908278719 0.025090661283766472 -0.0019212944299260037
leaf_weight=347.04796672839439 336.41166976990644 281.20255649011233 1986.9567657504231 5529.6372655169689 4339.8230196788209 606.14982190099545 8076.3418127124314 5571.2198802493222 402.06540750051499 4983.6443330886541 4872.9786779506248 3826.5800648234726 4252.9294387751725 5021.8915011457866 943.18586669315118 3503.7601242503733 1452.2623064906948 1580.8920779789769 5968.7937002251274 3451.7598061523167 5759.9474117018981 8642.4483188667218 2098.2181843350409 3270.9736924527679 4458.8490592185408 1714.6060046855127 9.4555126167833787 3539.8216401755344 1995.4176465906203 2256.0844655091641 3066.4774650291656 2826.4490455043269 1304.1488061386626 3936.6038253493025 284.00039165769704 1735.4091706814361 1283.7533698081679 2263.7320654371288 2844.0330402431428 2664.3543577476521 8903.7132166867959 2081.6175734945573 3954.3568092398637 548.42163213086314 4019.2604069568624 942.80215952461003 300.14737390936352 256.11703259428032 49.690726171538699 2354.4726678899606 533.17393866879866 2090.1534150200896 2572.7303107038606 877.09640617109835 809.38826148372027 589.72703077067854 2452.6383623853326 299.27742786490126 928.76605076101259 2656.9240290065645 2665.8579641338438 3726.7265424011857
leaf_count=212285 10563 42503 21640 318306 74327 5933 271369 488329 163447 148392 68292 861561 50402 469852 8570 157059 14031 679591 310683 138868 111819 456269 17093 345323 92570 239210 330 34369 21379 34813 42499 24406 19556 569780 3000 146374 11942 67919 150605 25689 256071 40392 1057911 4510 68512 8640 3143 2313 16147 306403 14280 22744 48163 46035 260369 5402 33644 65003 128897 59546 27669 73037
internal_value=7.98022e-12 -0.0135732 0.0220129 -0.00879458 0.0153962 0.0380546 -0.00429199 -0.0160708 -0.0328234 -0.000617406 0.0224751 -0.0297036 0.0101509 -0.0208534 0.0478622 -0.00751725 0.0306483 -0.0526873 -0.0172325 -0.0136856 0.00671738 -0.0113157 0.0377572 -0.0260169 0.00366432 -0.0298134 -0.00849468 0.0181237 0.0288089 0.00276622 0.0108665 0.0420259 0.00132501 -0.028621 0.0162178 -0.026156 0.031874 -0.000412532 -0.0156087 0.0263846 0.000255058 0.00909784 -0.041034 0.0232807 0.00590284 0.0608816 0.0262044 0.0139603 -0.0484991 -0.0253058 -0.00739798 0.0360776 0.0135577 -0.0211345 -0.04945 0.0551132 0.0229371 -0.0402993 -0.0437978 -0.00380953 0.0215172 -0.00215269
internal_weight=166903 103243 63660 82711.3 45069.8 18590.2 51093.8 31617.5 20532.1 33544.5 19181.9 17745.1 25887.9 20278.8 7998.47 11338.7 10591.7 2787.02 14442.4 9420.55 18095.1 17549.3 5390.5 13388.6 21732 5836.36 11812.5 7792.75 9532.75 9268.68 8826.42 5522.75 15191.5 10117.7 9649.19 4327.11 3292.28 5767.49 8373.67 7537.33 13887.4 6540.47 4356.42 5201.24 6275.34 2475.72 2008.53 556.264 2439.97 6291.08 9175.62 2696.3 6912.55 2612.51 2390.28 1532.91 2736.64 1509.25 1228.04 2993.34 4652.81 3736.18
internal_count=9479779 8614726 865053 4141909 687017 178036 1841177 2300732 4472817 901717 274494 3304425 412523 1587425 75695 713307 102341 1168392 919403 449551 327752 939460 48522 2083067 556981 668022 344736 84771 115360 173434 154318 53083 424019 1737744 159134 431619 31429 224978 468911 93981 404463 132962 1221358 53819 103325 22612 19487 5456 956107 876183 470549 28677 122490 192409 939960 13972 36644 236403 193900 70109 49309 73367
is_linear=0
shrinkage=0.08


Tree=22
num_leaves=63
num_cat=0
split_feature=2 2 2 0 0 0 2 4 2 2 2 2 4 0 2 0 0 0 2 4 0 0 3 4 2 3 4 2 2 2 0 7 0 2 0 4 7 4 4 0 7 3 2 0 4 7 3 0 0 2 3 4 2 4 3 0 6 3 0 4 0 6
split_gain=6859.88 1287.82 959.171 624.106 302.828 235.622 162.349 147.959 121.793 101.76 83.4891 80.8335 63.1075 55.6614 54.5377 53.6178 49.5453 47.887 42.2996 40.7248 34.0734 33.8439 31.0572 30.6042 26.5659 26.4479 25.094 24.3998 23.7289 22.748 22.6819 21.0737 20.0255 19.7342 19.6451 19.1134 17.964 16.6139 16.4289 16.2496 15.6175 14.9537 14.3066 14.0435 13.5488 13.4892 13.0363 13.0227 12.716 11.4761 11.4364 11.2996 11.1843 11.1229 10.8019 14.178 9.86285 9.71512 9.70354 9.62426 9.59531 9.49735
threshold=0.33514493703842169 0.077350430190563216 0.67006802558898937 2.5000000000000004 5.5000000000000009 6.5000000000000009 0.022857889533042911 15436.500000000002 0.17262665182352069 0.18016393482685092 0.91042780876159679 0.54606062173843395 18390.000000000004 1.5000000000000002 0.82807883620262157 3.5000000000000004 1.5000000000000002 1.0000000180025095e-35 0.27334994077682501 72837.500000000015 1.5000000000000002 15.500000000000002 21.500000000000004 137481.00000000003 0.14213564246892932 21.500000000000004 43038.000000000007 0.5838744342327119 0.44543650746345526 0.77232852578163158 18.500000000000004 20.500000000000004 4.5000000000000009 0.44543650746345526 1.5000000000000002 125241.50000000001 20.500000000000004 426007.50000000006 253302.00000000003 3.5000000000000004 20.500000000000004 22.500000000000004 0.038218110799789436 5.5000000000000009 322066.50000000006 20.500000000000004 28.500000000000004 24.500000000000004 3.5000000000000004 0.99375000596046459 12.500000000000002 46038.000000000007 0.75140449404716503 14682.500000000002 29.500000000000004 1.5000000000000002 20.500000000000004 17.500000000000004 2.5000000000000004 798.50000000000011 5.5000000000000009 23.500000000000004
decision_type=2 2 2 2 2 2 2 2 2 2 2 2 2 2 2 2 2 2 2 2 2 2 2 2 2 2 2 2 2 2 2 2 2 2 2 2 2 2 2 2 2 2 2 2 2 2 2 2 2 2 2 2 2 2 2 2 2 2 2 2 2 2
left_child=1 6 4 7 15 14 17 9 36 20 21 26 16 46 48 23 22 -1 32 24 25 44 40 27 57 -3 33 -2 -17 -23 -13 -18 -10 50 -26 43 38 54 60 -16 42 58 -8 -20 52 51 56 -28 -4 61 -6 -34 -7 -19 55 -21 -11 -9 -14 -27 -5 -41
right_child=2 3 5 8 11 10 12 19 18 13 -12 30 41 -15 39 28 31 53 35 37 -22 29 -24 -25 34 59 47 -29 -30 -31 -32 -33 45 -35 -36 -37 -38 -39 -40 49 -42 -43 -44 -45 -46 -47 -48 -49 -50 -51 -52 -53 -54 -55 -56 -57 -58 -59 -60 -61 -62 -63
leaf_value=-0.087552464665724528 0.0024844785336044792 -0.027710986178828594 0.016908781674629753 -0.0099675089221188291 0.015409312982554355 0.030914514531831153 -0.044561045109483555 -0.022100001819579797 -0.0025372716805552526 -0.028304379541635831 0.062536929364082797 0.026870533847737091 -0.025298269682559642 -0.0067612210857854764 0.027738052704353665 0.0087296432646459306 -0.024400708948672658 -0.052053374835535397 0.0032135124052024519 -0.011024739355365772 -0.015776242603713225 0.041864982800352515 -0.026688273451307452 0.015261355551072419 -0.011708101967202218 -0.026118060839797858 0.022057073629274414 0.0092416327434405119 0.017453847548062975 0.056559828142830934 0.038092082154795315 0.05701952393315779 0.0014800402412322479 0.020191526921227207 -0.003518530217182628 0.01753315424451159 0.05918127177110314 0.0064999756270543024 0.0092317113921889637 0.0020456809918105424 0.015956091472397946 -0.010965757654623716 -0.036294528296293878 0.010273781139821199 0.051472971659784393 0.072163262907526823 -0.01317693700712737 0.036176514552198141 0.025495591089749747 0.04042726038779404 0.0070865370105108062 0.0085208861393121799 0.039854901287092473 -0.037904046396043486 -0.00074137769441430437 -0.0015135878887781694 -0.017530902126784684 -0.012693838579067179 -0.014243566661454772 -0.017765689803458062 -0.0043029496751857497 0.032329156418317573
leaf_weight=226.47843576030573 9491.9065960521693 6348.4980026509729 2153.9726284254575 6182.0246102469973 3125.6959703179309 1517.3258344649803 1913.9973968004633 1623.8253571915557 6251.9167836619308 592.57555261603557 1611.5377276072686 4635.1247934050043 3043.9884096006572 5875.1626460074913 2017.6605679906061 3287.3238676742185 2970.3578327587893 1504.4719904731173 3896.2172412161017 2723.2163215540349 4071.8726390986121 1340.8410887573846 1836.28246319748 2089.0179555964423 5996.0945699159347 1171.2718119063647 3686.0846515675075 5346.5688212991226 5076.6330699236714 1356.0754781799042 1534.4294585712487 20.485232975450344 5144.3345603240887 4080.9542069556774 2727.2570175245637 1161.833549724659 25.897086032782681 887.48511583163054 359.3405826248927 70.621372885536402 33.543950793799013 737.69275930692675 4467.1388184052194 3356.2816535973689 412.68714893981814 18.345562153030187 5254.5293594830728 471.54980382416397 2263.7135888815392 2083.4741811218555 1596.2755609056912 2036.1968701329315 2185.2561680735671 465.61662911871099 2309.5358053321252 1587.9743928029202 6612.4828858094261 1238.937031613721 610.01716049847892 3586.5906502190919 2772.0094479092513 1077.7162209671224
leaf_count=144346 187908 677756 23256 429330 54819 16015 638163 133078 217520 44656 15110 54438 439880 226404 19216 59490 597078 711586 99105 90845 335323 13060 402761 23002 242711 148663 49401 77089 69240 12557 16213 2479 172767 59689 98990 17088 1303 12946 9737 784 7977 88083 953117 79643 3676 335 272611 5144 23722 18559 30584 49266 21849 147109 66494 52256 343469 96713 72699 333124 157315 10232
internal_value=-3.79008e-12 -0.0128254 0.0208533 -0.00867194 0.0145294 0.0363815 -0.0323488 -0.0139888 0.000291648 -0.0171912 0.0461621 0.0221242 -0.0294874 -0.0131803 0.027859 0.00878473 -0.0326643 -0.0527142 0.00355808 -0.00836804 -0.0220363 0.0422884 -0.0358618 0.00619553 -0.0113422 -0.0243314 0.0185363 0.0049192 0.0140249 0.0492539 0.0296614 -0.023843 0.000775054 0.0161171 -0.00914773 0.00800692 -0.00735574 -0.00377852 -0.00754075 0.0333712 -0.0384878 -0.0213553 -0.038774 0.00648083 0.0377236 0.00365167 -0.0162071 0.0236585 0.0213088 0.0368881 0.0125958 0.00347663 0.0361911 -0.0487093 -0.00515631 -0.00752142 -0.018417 -0.0180292 -0.0234527 -0.0198218 -0.00821386 0.0304668
internal_weight=164154 101642 62512.4 83811.7 44421.6 18090.9 17830.1 52607.3 31204.4 33513 8423.72 19130.1 15633.5 18334.8 9667.16 25291.5 11241.8 2196.57 21865.1 19094.3 15178.2 6812.19 8250.96 16927.5 11586.1 11106.4 12960.6 14838.5 8363.96 2696.92 6169.55 2990.84 13450.8 8802.93 8723.35 8414.33 9339.27 7508.21 9313.37 5249.47 6414.68 4391.7 6381.14 7252.5 4115.27 7198.88 12459.6 4157.63 4417.69 3231.81 4721.97 7180.53 3702.58 1970.09 6620.73 4311.19 7205.06 2862.76 3654.01 4757.86 8954.03 1148.34
internal_count=9479779 8614726 865053 4409448 687017 178036 4205278 3176039 1233409 2382006 82267 270288 3202237 887140 95769 416729 2601575 1003041 635724 794033 1494866 67157 2002018 287999 571492 1159543 199637 264997 128730 25617 70651 599557 439888 145092 341701 195836 597685 222541 596382 48791 1599257 600662 1591280 178748 41540 222368 660736 54545 46978 29575 85403 222033 37864 858695 209595 143101 388125 229791 512579 481787 586645 11016
is_linear=0
shrinkage=0.08


Tree=23
num_leaves=63
num_cat=0
split_feature=2 2 2 0 2 0 0 0 2 2 0 2 2 0 3 2 2 3 0 0 0 3 7 0 0 1 7 1 2 0 7 2 7 0 7 1 7 7 7 7 7 2 2 3 7 7 7 1 0 0 6 7 6 6 7 2 2 6 2 7 1 2
split_gain=6045.55 1117.74 878.75 407.962 309.609 267.372 218.012 93.0502 83.8742 80.9775 74.6372 73.7812 65.3516 50.1709 48.3606 39.9391 38.2986 36.4941 33.3671 31.5971 29.0657 27.12 24.4929 23.4662 21.8107 21.7958 19.9353 19.6193 18.6119 17.9652 17.6658 17.3329 16.3722 16.4244 15.7329 14.8215 14.7403 13.6851 13.5121 16.8634 13.293 12.9178 12.24 12.1029 11.1015 11.0301 11.6145 11.4924 10.9263 10.7454 10.1315 9.72227 9.62956 9.60627 11.8767 9.59988 9.58606 9.48633 9.46493 9.32124 9.28794 9.21232
threshold=0.33514493703842169 0.125657893717289 0.67006802558898937 2.5000000000000004 0.047905908897519119 5.5000000000000009 5.5000000000000009 1.5000000000000002 0.015749008394777778 0.8760964870452882 1.5000000000000002 0.46720430254936224 0.25126262009143835 2.5000000000000004 26.500000000000004 0.82807883620262157 0.44543650746345526 28.500000000000004 12.500000000000002 13.500000000000002 1.0000000180025095e-35 22.500000000000004 20.500000000000004 13.500000000000002 1.5000000000000002 3.5000000000000004 8.5000000000000018 8.5000000000000018 0.073350071907043471 5.5000000000000009 8.5000000000000018 0.75140449404716503 20.500000000000004 3.5000000000000004 15.500000000000002 3.5000000000000004 20.500000000000004 20.500000000000004 8.5000000000000018 15.500000000000002 17.500000000000004 0.57294833660125744 0.6012820601463319 26.500000000000004 20.500000000000004 20.500000000000004 8.5000000000000018 27.500000000000004 3.5000000000000004 3.5000000000000004 91.500000000000014 18.500000000000004 108.50000000000001 25.500000000000004 6.5000000000000009 0.76764950156211864 0.61577314138412487 12.500000000000002 0.17262665182352069 1.5000000000000002 3.5000000000000004 0.39159812033176428
decision_type=2 2 2 2 2 2 2 2 2 2 2 2 2 2 2 2 2 2 2 2 2 2 2 2 2 2 2 2 2 2 2 2 2 2 2 2 2 2 2 2 2 2 2 2 2 2 2 2 2 2 2 2 2 2 2 2 2 2 2 2 2 2
left_child=1 4 5 10 8 13 15 14 20 18 17 40 32 35 26 -4 -15 25 55 42 -1 24 28 -11 45 -3 59 -12 -9 -14 53 -20 33 -5 -28 -2 52 50 -27 -40 43 -21 -13 61 -31 46 -10 -48 -30 -17 51 -36 -32 -19 60 -8 -18 -37 -35 -6 -55 -7
right_child=2 3 6 12 7 11 9 22 21 23 27 19 29 16 -16 49 56 30 31 41 -22 -23 -24 -25 -26 38 34 -29 48 44 36 -33 -34 58 37 57 -38 -39 39 -41 -42 -43 -44 -45 -46 -47 47 -49 -50 -51 -52 -53 -54 54 -56 -57 -58 -59 -60 -61 -62 -63
leaf_value=-0.08701970498631996 0.0078604058408122523 -0.011462611193894683 0.019496509558095225 -0.0057612233012793758 -0.0312815914017706 0.013970087911415116 0.029055257460181855 -0.020141198760133368 -0.034650794594715206 0.049591351414422745 -0.0026700334958881422 0.019701347929681711 0.0033048032313175162 0.006346476767035222 -0.016714600065673019 0.02630636833874362 0.013467762959127884 -0.001695319491675244 0.038197477172149302 0.026690190645524733 -0.052638937805647511 -0.020074566371515775 0.049554326736328112 0.065501679713042688 -0.026870718417833991 -0.015328075133308645 -0.035546689007813936 -0.009057581528155138 -0.014299141551927436 0.0096338032049198691 -0.012177812017477108 0.0502527535233026 0.050394384228039442 -0.0035986700527723772 -0.019901918034131626 -0.016733366591320093 0.058186911653563322 0.019591878575539307 -0.02723176916644961 -0.017650723171928159 0.0059657890760519295 0.035823253794490702 0.027279618905942469 0.0073005685781762503 0.086792584080437371 0.016622828995316596 -0.035621260532868279 -0.046133271763854317 -0.0081145015740772646 0.034293172988252831 -0.033413606595974053 -0.031164320804867238 -0.021410658474846928 -0.005598614581888919 -0.0018088070468806599 0.037231576588444087 0.020206099836739169 0.0022849259519122866 0.0014674948621626169 -0.021743601275603854 -0.014449941804662204 0.020070029489558012
leaf_weight=205.10246733420354 4216.7886556497979 4708.3562350319989 3920.5459928659839 4679.3515059555648 763.75636220347951 2746.8001981959678 1719.2931815423071 2505.3905343342049 2462.4703072839475 1705.8050021694362 5813.2433113460429 4692.5547965833975 5710.4161070502596 5740.6525653910358 4618.29964279657 1989.4270669254474 6762.5138261786196 1556.8029160707665 1413.1948915752582 2139.6963462742278 676.25790510803927 746.83494334557327 38.82847693056101 909.67342022716184 1300.6984948707541 5892.089054877928 2022.7515817469102 6539.3422160635819 5583.2043503472232 5164.8139642570168 4110.5044038769265 1659.7973414222943 38.572106651030481 3422.1645518292207 1368.0751910010003 172.35809837165289 18.270334278699011 40.593711708090268 1782.7871614432079 3452.631658732309 890.24870605010074 1846.4398125007283 1922.9971439767396 843.13620031252503 11.961820889264343 23.19177196623059 1069.5644294219383 1762.3635388833645 2718.2946529921901 2353.4582847752317 1092.6677802805207 764.78164773562457 877.25411157554481 1163.1719804148888 1105.824103504885 1974.4562920871831 1688.5697134283837 6425.1282643548911 7605.1477422022726 4637.2060763212794 2182.0363068731967 3744.6703341414686
leaf_count=144346 59772 171903 42292 198826 119734 47802 18528 390544 657933 16586 177529 63187 145294 109527 562822 19216 99214 48125 14447 27440 339561 198648 2938 9039 363189 293918 416941 327242 491910 121581 246611 16096 1157 175659 163188 4871 1002 5938 174753 199302 18262 20339 22115 14769 132 7121 285842 699334 212720 22003 158743 109492 52098 39193 38981 19829 20363 122982 253749 496748 119979 56374
internal_value=5.21828e-11 -0.0121139 0.0197508 -0.00600728 -0.0238008 0.0136823 0.0348252 -0.0195391 -0.0373168 0.0431705 -0.0111979 0.0208832 0.00163324 0.00826084 -0.0235556 0.0253501 0.0113889 -0.0135656 0.0385498 0.0252943 -0.0606397 -0.0345258 -0.01387 0.055125 -0.0361566 -0.0160253 -0.0265111 -0.00605154 -0.0140979 0.00639897 -0.010029 0.0447088 -0.00166207 -0.00178991 -0.0300023 0.00415585 -0.013539 -0.0265685 -0.0179559 -0.0209133 0.0151972 0.0309208 0.0219042 0.0163177 0.00981209 -0.0384279 -0.0386691 -0.0421631 -0.012274 0.0306345 -0.0271494 -0.0239403 -0.0138017 -0.00710438 -0.00899627 0.0334258 0.0148141 0.00178808 -0.000104715 -0.0230924 -0.0113722 0.0174889
internal_weight=161713 100235 61478.2 65834.7 34400.3 43832.6 17645.7 26153.9 8246.48 9382.22 39202.3 18826.5 26632.4 25006 15308.1 8263.43 14191.7 26849.7 6766.74 10601.7 881.36 7365.12 10845.7 2615.48 6618.29 15835.9 10689.8 12352.6 10806.9 10887.2 11013.9 3072.99 15745.2 15706.7 5288.87 10814.3 5006.03 3266.12 11127.5 5235.42 8224.86 3986.14 6615.55 7334.61 5176.78 5317.59 5294.4 2831.93 8301.5 4342.89 3225.52 2132.86 4987.76 6007.84 4451.03 3693.75 8451.08 6597.49 11027.3 5400.96 3345.21 6491.47
internal_count=9479779 8614726 865053 2787034 5827692 687017 178036 3131718 2695974 94525 1890636 270288 896398 416729 2033606 83511 229104 1385865 68900 133081 483907 2212067 1098112 25625 2013419 839876 1470784 504771 1095174 267007 545989 30543 629391 628234 854302 187625 299711 437361 667973 374055 137207 47779 85302 118945 121713 1650230 1643109 985176 704630 41219 431423 272680 298709 246278 198153 38357 119577 127853 429408 616482 159172 104176
is_linear=0
shrinkage=0.08


Tree=24
num_leaves=63
num_cat=0
split_feature=2 2 2 0 5 0 0 5 5 5 2 2 2 2 5 0 5 0 2 2 0 2 5 5 3 2 5 2 5 2 5 0 1 0 5 0 5 1 0 3 0 2 5 1 0 3 0 5 2 2 5 5 3 5 5 6 3 3 5 5 5 3
split_gain=5326.87 967.082 799.218 459.05 250.609 243.935 200.548 141.75 109.927 100.12 99.1809 72.2867 71.9485 59.7492 57.798 50.7349 43.3927 41.9712 38.1312 33.8654 32.9006 31.6254 31.5759 27.1516 26.7106 24.2166 22.5516 22.2961 21.181 21.0658 19.689 17.6421 17.2373 17.1095 16.9407 16.7361 16.5556 16.5504 16.3224 16.1284 16.0015 15.8257 14.9261 14.4552 13.8121 13.246 12.9633 12.9101 12.8187 12.8098 12.4191 12.4155 11.2029 11.1834 10.8695 10.6272 10.5238 10.4141 9.91527 9.87475 9.7031 9.67189
threshold=0.33514493703842169 0.077350430190563216 0.67006802558898937 2.5000000000000004 0.46399958431720739 6.5000000000000009 6.5000000000000009 0.38642528653144842 0.6421831250190736 0.66069462895393383 0.20722186565399173 0.030457638204097751 0.91042780876159679 0.57294833660125744 0.66731697320938121 1.0000000180025095e-35 0.30066822469234472 1.5000000000000002 0.18016393482685092 0.84654632210731517 3.5000000000000004 0.43785113096237188 0.71551167964935314 0.65160736441612255 29.500000000000004 0.3081014752388001 0.79679140448570263 0.39159812033176428 0.76478019356727611 0.14763412624597552 0.51086920499801647 2.5000000000000004 46.500000000000007 1.5000000000000002 0.61021780967712413 5.5000000000000009 0.66069462895393383 15.500000000000002 3.5000000000000004 18.500000000000004 1.5000000000000002 0.75140449404716503 0.14160569757223132 7.5000000000000009 16.500000000000004 26.500000000000004 1.5000000000000002 0.75106957554817211 0.5838744342327119 0.80178570747375499 0.66388624906539928 0.81396234035491954 17.500000000000004 0.81119626760482799 0.81119626760482799 25.500000000000004 24.500000000000004 7.5000000000000009 0.81119626760482799 0.75467449426651012 0.83056166768074047 25.500000000000004
decision_type=2 2 2 2 2 2 2 2 2 2 2 2 2 2 2 2 2 2 2 2 2 2 2 2 2 2 2 2 2 2 2 2 2 2 2 2 2 2 2 2 2 2 2 2 2 2 2 2 2 2 2 2 2 2 2 2 2 2 2 2 2 2
left_child=1 7 5 4 16 8 14 15 20 17 29 39 22 27 38 -1 42 24 60 58 30 -10 41 46 43 34 31 -7 -20 59 -2 -23 -15 52 35 -12 -29 -19 -4 50 -17 -8 -3 -6 -43 -25 56 -27 -22 -24 -9 -31 -18 55 -36 -21 -13 -28 -16 -5 -11 -32
right_child=2 3 6 10 9 13 12 11 21 18 25 23 -14 32 19 40 33 37 28 53 48 26 49 45 -26 47 57 36 -30 51 61 -33 -34 -35 54 -37 -38 -39 -40 -41 -42 44 -44 -45 -46 -47 -48 -49 -50 -51 -52 -53 -54 -55 -56 -57 -58 -59 -60 -61 -62 -63
leaf_value=-0.086523836333040921 -0.0062625290546196657 -0.052824485603836333 0.013394389328584243 -0.0098665248747307963 -0.016070412564970566 0.011890921656343496 0.026918709380104683 -0.042317394346316956 0.007542965962126974 -0.010843102379164629 -0.0053249340109861156 -0.029972434441511858 0.058536416653057727 0.027258091544893021 0.022411768483705616 -0.046105983367887939 -0.028918206391152119 -0.0064091563221833816 -0.0048623088455309526 0.023476242844122842 0.0060211879630038458 0.0093618743429927011 0.040851615123354404 -0.019751901200142374 -0.011409295903121184 0.0070236866380995328 0.035657218412471506 0.015517592901977026 0.0028031914331313429 -0.0029795252920439366 0.0051836101564439662 0.016779100748962498 0.043177088033179878 -0.015204221371053313 0.0034596358724602715 0.004458862961212319 0.022657108087745521 -0.015393275671276107 0.023161735179314195 -0.01596668977181348 -0.02866815020684026 0.033794585239459052 -0.032871125743741944 -0.02252740778467556 0.048756546553091529 -0.007212706205648455 -0.020790397472706199 0.018111806680222695 0.016360406732167081 0.051477567060919965 -0.029597557264961608 0.013343296869212446 -0.020897512830924638 0.04838319019952439 0.012850753396682789 0.038351881322547188 -0.021118756738745647 0.020562973079279324 0.034913984725310133 -0.00058478879560997703 -0.0006292331680583759 -0.0016478618862547593
leaf_weight=185.6998759880953 2448.9647996524582 279.93551848147763 2023.3026305221138 5440.5742759188579 7872.8016424325324 2931.5423326728633 1368.3024675365305 1920.0127915257472 4682.7248275236925 6747.5880993428873 2896.6904279169394 4077.4530072279158 1482.9956442972325 3542.3332491579931 2048.1917536177207 1947.8516294524597 2092.5258957514889 5980.8841110609937 7438.4448031799693 389.56289407290751 3687.859448480187 3421.3190797178249 1997.8423216000083 3578.9079397728492 6472.9262598246569 3072.060470932629 376.47308739786968 3352.890481604205 3344.1620592152467 6842.9304776751669 3217.325596789422 5129.108775182598 496.32375860633329 1692.5982904718257 7658.4471409798134 1823.301643959363 5469.6946052662388 1681.1957946881885 2386.5977022632142 209.19265282832203 407.18998433799425 1340.3269476109417 1679.1227483606199 3089.7859810758964 559.80353793525137 634.80465169355739 2214.2072397026786 860.22044305107556 969.12691349786473 1140.6211363112379 660.16717929084552 311.82226226478815 2384.6129841017537 531.40757817093981 879.34529259242117 1456.5710547803319 1088.6199204383884 1312.0609253912698 506.35296775272582 847.90774183068424 652.85892635944765 2256.7071308211889
leaf_count=144346 63024 68606 23373 425498 419132 53052 16075 793682 75254 354821 110435 906655 15110 41769 20445 823558 241171 267827 211128 3708 73436 44950 19137 437387 398129 76033 3389 58364 60275 301076 62193 67140 5068 135126 195187 61954 69254 158206 25926 66511 127067 14867 251811 338599 6089 67052 441933 12570 13683 10989 176681 5869 256622 4687 12307 13120 220406 12505 4510 32480 14586 43936
internal_value=-4.33585e-12 -0.0114336 0.0186951 -0.0078418 -0.0124611 0.0128955 0.0332665 -0.0288454 0.00834494 -0.0100404 -8.96137e-05 -0.0257682 0.0426576 0.0208198 0.0253351 -0.0462654 -0.0253496 -0.0133155 -0.00551994 0.0312852 0.00283645 0.012989 0.0389821 -0.0229864 -0.0154842 0.00393589 0.0154797 0.0179354 -0.0024849 -0.00523708 -0.000300151 0.0138112 0.0292144 -0.0220559 0.0023006 -0.00154552 0.0199438 -0.00838043 0.0186804 -0.0373308 -0.043091 0.0334787 -0.0357223 -0.0178903 0.0382026 -0.0178628 -0.0259117 0.00944931 0.0081728 0.0447134 -0.0390629 -0.00226814 -0.0246462 0.0381566 0.00442687 0.0352129 -0.0281067 0.0239284 0.0248899 -0.00861502 -0.00994205 0.00236729
internal_weight=159493 98966.9 60526.3 82042.7 51409.4 43294.5 17231.9 16924.1 27501.7 43280.6 30633.3 14383.4 7889.89 15792.8 9341.99 2540.74 8128.8 25097.6 18183.1 4932.09 12580 14921.7 6406.9 11594 17435.5 17190.1 10239 11754.1 10782.6 13443.2 7923 8550.43 4038.66 6169.74 13257.8 4719.99 8822.59 7662.08 4409.9 2789.37 2355.04 3268.43 1959.06 10962.6 1900.13 4213.71 7380.28 3932.28 4656.99 3138.46 2580.18 7154.75 4477.14 2377.54 8537.79 1846.13 5166.07 1688.53 2554.54 6288.48 7400.45 5474.03
internal_count=9479779 8614726 865053 4409448 3176039 687017 178036 4205278 459510 2222703 1233409 3110307 82267 227507 95769 1094971 953336 1581893 640810 46470 256272 203238 67157 2073433 1155860 468486 127984 180670 271403 764923 169153 112090 46837 632919 379883 172389 127618 426033 49299 1036874 950625 37031 320417 757731 20956 504439 1568994 88603 87119 30126 970363 306945 497793 21515 207494 16828 1127061 15894 24955 457978 369407 106129
is_linear=0
shrinkage=0.08


Tree=25
num_leaves=63
num_cat=0
split_feature=2 2 2 0 2 0 0 5 5 2 5 2 2 5 5 5 7 0 0 5 2 0 5 0 2 5 2 5 5 5 5 5 0 2 5 7 5 2 5 2 0 5 2 1 2 7 7 5 5 0 0 7 0 5 2 5 6 2 5 0 0 0
split_gain=4726.63 836.102 734.524 307.926 243.797 215.211 184.01 128.93 110.691 82.5785 82.2969 76.727 66.6348 64.8155 50.6292 41.6692 41.5199 35.7585 34.9582 33.502 33.1881 32.5459 32.389 32.1631 31.5677 28.3662 27.5556 27.5451 27.3305 26.4851 21.9641 21.451 18.5417 18.4143 18.1475 17.6628 16.0108 15.4786 14.099 13.7015 14.0653 13.5182 13.0427 12.9679 12.6346 12.3632 11.9199 11.312 11.2439 10.9609 10.6305 10.1673 10.0527 10.0518 9.91207 9.47016 9.16036 8.98182 8.94815 8.75695 8.50342 8.45938
threshold=0.33514493703842169 0.125657893717289 0.67006802558898937 1.5000000000000002 0.047905908897519119 3.5000000000000004 6.5000000000000009 0.56039884686470043 0.51615241169929515 0.5025252401828767 0.28976984322071081 0.25126262009143835 0.91042780876159679 0.62627032399177562 0.66731697320938121 0.31340929865837103 20.500000000000004 3.5000000000000004 13.500000000000002 0.76968595385551464 0.022857889533042911 1.5000000000000002 0.69174146652221691 4.5000000000000009 0.84654632210731517 0.51086920499801647 0.015749008394777778 0.7119525969028474 0.70135679841041576 0.58939334750175487 0.17647051066160205 0.77774071693420421 1.5000000000000002 0.40114942193031317 0.55412864685058605 20.500000000000004 0.62062227725982677 0.82807883620262157 0.37723660469055181 0.75140449404716503 13.500000000000002 0.79679140448570263 0.42776885628700262 32.500000000000007 0.80178570747375499 20.500000000000004 20.500000000000004 0.6421831250190736 0.75467449426651012 8.5000000000000018 22.500000000000004 16.500000000000004 3.5000000000000004 0.36119444668293005 0.61577314138412487 0.4371065646409989 115.50000000000001 0.077350430190563216 0.69511905312538158 13.500000000000002 11.500000000000002 28.500000000000004
decision_type=2 2 2 2 2 2 2 2 2 2 2 2 2 2 2 2 2 2 2 2 2 2 2 2 2 2 2 2 2 2 2 2 2 2 2 2 2 2 2 2 2 2 2 2 2 2 2 2 2 2 2 2 2 2 2 2 2 2 2 2 2 2
left_child=1 4 5 7 10 13 14 15 16 29 26 17 27 38 37 -3 21 25 28 47 -12 30 32 36 56 45 -1 39 -11 43 -6 42 -10 -31 -22 55 -13 -4 -2 -8 -41 -19 -15 -7 -29 53 -25 51 -27 -35 -43 -9 -26 -5 61 -17 -16 -24 -58 -14 -46 -20
right_child=2 3 6 11 8 9 12 19 22 18 20 23 59 31 24 35 -18 41 54 -21 34 -23 57 46 52 48 -28 44 -30 33 -32 -33 -34 49 -36 -37 -38 -39 -40 40 -42 50 -44 -45 60 -47 -48 -49 -50 -51 -52 -53 -54 -55 -56 -57 58 -59 -60 -61 -62 -63
leaf_value=-0.080686112247436118 -0.013219060943525811 -0.034860016157159175 0.01301563260530267 -0.024203629817821246 -0.053339939616026469 0.0048262467727525071 0.025920108566234373 -0.010674938174404196 -0.019201632823196639 0.015220441020658084 -0.041009023857275326 -0.0035327651262654844 0.0516431350376041 0.0017398979401315657 0.025675901636360691 -0.02292332279104068 0.033947040381240752 -0.0011683538086453363 0.023271211279633511 8.922141364020338e-05 -0.033452634776216052 -0.018947905447144281 -0.013880505264167778 0.0076789237870696038 0.030640066629118636 -0.0060108442061665643 -0.048190830478334841 0.039014659182063878 0.024749298453232833 0.010810491898994686 -0.029213883538437204 0.017316243574740219 -0.012965250127297705 0.014358771807706739 -0.023991202308126392 0.030535024212294259 0.0034634226315499173 0.022575869179276453 0.00021352470135912522 0.03116461869772998 0.045792248011841119 0.011100277703793911 0.0093937330841401875 0.018708225688532105 0.04106018950741297 0.040353705013680595 0.07594236612020025 -0.007682164428118296 0.0011068438666664035 0.020643482831652404 -0.13067769852830347 -0.01894066389952442 0.041321656076015831 -0.012106522264091184 0.036123982061195069 -0.016616936158063797 0.032979509902040273 -0.0072308952223243484 0.0037883876445807675 0.064471547869869972 0.055249717732287096 0.034935419290680836
leaf_weight=239.22033610814833 542.19596020655445 1060.2398485001759 2060.3541781959357 571.35083875193959 255.97839045780711 3019.0250565195456 1296.8791309942026 5285.4883993168623 6952.577661259973 4623.8448825580999 1574.9640317452868 3796.3960032881005 856.26884124264325 1888.7061867543962 2169.462825421826 2064.2794705420383 73.206612084293738 10176.701551998907 1568.1121131049003 2668.1134069292166 2174.7772092685773 2333.8886637502874 1894.8513483116694 6340.951559972018 989.6023235067405 8394.5086827857886 553.30349928569922 1998.5868550735759 3302.1538236440101 4681.3881915026577 4270.3902718175668 1754.9173975639278 5437.3651227980445 3839.7268660928821 3216.0803526521486 47.750229074852541 4667.1333695873618 2286.8926224627794 6440.0476991868927 1106.9332942399196 678.63486277568154 686.7422846397385 5802.8082811397035 502.33159533329308 448.91469745413633 26.195025213528425 16.41340060159564 8170.3458912805654 1709.7277272981592 3304.5804978800588 3.4014317095279685 1161.7422416157788 1310.77538777265 1906.4145898982533 937.3248639779631 5822.3937333450303 91.776539945043623 4141.3043405654316 251.03758305031806 565.44192129802832 679.31545210111653 533.25154102395754
leaf_count=201236 16882 163309 25438 47358 97469 64756 15633 246948 857186 67373 722892 131595 8928 34443 21303 203108 8839 417124 20397 50890 756924 368007 170475 152683 9229 368912 301547 19812 35446 79566 857035 18033 558753 58156 713375 2483 103502 23861 136419 12513 7838 12909 82222 10462 4577 1220 197 282238 41987 46328 80 62514 12286 123602 10690 374375 964 213954 2688 6182 6784 5844
internal_value=-6.50418e-12 -0.0108279 0.0177691 -0.0055278 -0.0211624 0.0121993 0.0319467 -0.0121964 -0.0173658 0.016685 -0.033572 -0.000951491 0.0411222 0.00501517 0.0243028 -0.0199643 -0.0259821 -0.00379675 0.0219873 -0.00815439 -0.0307928 -0.0266216 -0.0141237 0.00355516 0.0299555 -0.00669544 -0.0579994 0.0375451 0.0191904 0.0128968 -0.0305783 0.00933525 -0.0164648 0.0147103 -0.0278081 -0.0179739 0.000325217 0.0180448 -0.000829563 0.0321785 0.0367241 -0.000433562 0.00751428 0.00680655 0.0428355 -0.014318 0.00785517 -0.00965908 -0.00480647 0.0172657 0.0104015 -0.0121644 0.0367265 -0.014896 0.0292827 -0.0182676 0.0237556 -0.00931832 0.0116033 0.0567452 0.0496038 0.0262312
internal_weight=157225 97694.2 59531.3 64576.3 33117.9 42740.4 16790.9 26280.4 25359.6 26311.7 7758.35 38295.9 7630.98 16428.7 9159.9 8994.66 6933.46 23475 10964.7 17285.7 6965.82 6860.26 18426.1 14820.9 4812.65 12608.2 792.524 6209.26 7926 15347.1 4526.37 9446.43 12389.9 11825.7 5390.86 7934.42 8463.53 4347.25 6982.24 3082.45 1785.57 10866.8 7691.51 3521.36 3126.82 2503.96 6357.36 14617.6 10104.2 7144.31 690.144 6447.23 2300.38 2477.77 3038.69 7886.67 2512.28 6036.16 342.814 1421.71 1128.23 2101.36
internal_count=9479779 8614726 865053 2787034 5827692 687017 178036 1385865 3131718 399018 2695974 1401169 82267 287999 95769 743275 1331350 1013192 139750 642590 2193191 1322511 1800368 387977 46470 583079 502783 67157 102819 259268 954504 134698 1415939 184050 1470299 579966 235097 49299 153301 35984 20351 430113 116665 75218 31173 172180 152880 591700 410899 104484 12989 309462 21515 170960 36931 577483 24955 384429 3652 15110 11361 26241
is_linear=0
shrinkage=0.08


Tree=26
num_leaves=63
num_cat=0
split_feature=2 2 2 0 2 0 0 5 5 5 5 2 0 2 5 0 0 2 5 5 3 5 0 2 0 2 5 0 5 2 2 5 7 7 2 7 5 0 7 5 0 2 2 7 7 3 5 5 2 5 0 7 5 5 3 5 7 5 7 5 5 0
split_gain=4189.67 726.463 672.713 247.037 245.915 194.656 168.011 110.984 99.9133 87.3874 77.797 67.5984 56.3102 51.1044 42.9215 37.1084 35.8223 34.3823 33.1153 32.7432 32.6665 30.7579 30.1007 28.748 26.9035 25.6644 21.8658 21.2479 20.2791 19.9905 17.8521 17.1975 16.2731 15.4378 15.1127 14.0752 13.5236 13.479 13.3297 13.1944 13.0307 12.7604 12.7467 12.6145 12.304 12.269 12.1775 12.1468 11.4782 11.2251 11.1182 11.0618 11.0447 10.9058 10.6957 10.0204 9.9378 9.70828 9.52502 9.43293 9.26292 9.22873
threshold=0.33514493703842169 0.14365079998970035 0.67006802558898937 1.5000000000000002 0.047905908897519119 6.5000000000000009 5.5000000000000009 0.47588364779949194 0.56039884686470043 0.69174146652221691 0.17647051066160205 0.8760964870452882 3.5000000000000004 0.54606062173843395 0.75467449426651012 2.5000000000000004 1.5000000000000002 0.022347066551446918 0.28976984322071081 0.59054526686668407 29.500000000000004 0.74265706539154064 1.5000000000000002 0.24264069646596911 12.500000000000002 0.53907206654548656 0.55412864685058605 13.500000000000002 0.17647051066160205 0.4552139043807984 0.82807883620262157 0.83294382691383373 20.500000000000004 20.500000000000004 0.44543650746345526 20.500000000000004 0.51086920499801647 18.500000000000004 20.500000000000004 0.65551853179931652 1.0000000180025095e-35 0.72821971774101268 0.28292356431484228 20.500000000000004 20.500000000000004 16.500000000000004 0.69174146652221691 0.6156316101551057 0.99375000596046459 0.74265706539154064 40.500000000000007 12.500000000000002 0.79679140448570263 0.36119444668293005 15.500000000000002 0.51416715979576122 20.500000000000004 0.6421831250190736 11.500000000000002 0.79679140448570263 0.56417635083198558 5.5000000000000009
decision_type=2 2 2 2 2 2 2 2 2 2 2 2 2 2 2 2 2 2 2 2 2 2 2 2 2 2 2 2 2 2 2 2 2 2 2 2 2 2 2 2 2 2 2 2 2 2 2 2 2 2 2 2 2 2 2 2 2 2 2 2 2 2
left_child=1 4 5 8 10 9 14 22 18 15 40 24 19 34 30 36 20 -12 -3 32 31 51 28 52 49 -11 38 -13 -6 60 -4 47 53 61 -7 45 -2 -15 -19 -22 -1 -26 -21 57 -20 -30 56 -9 -16 -8 -43 -10 -14 -5 -28 -31 -18 -25 -59 -27 -17 -24
right_child=2 3 6 12 7 13 11 16 21 25 17 27 23 37 48 29 46 26 44 42 39 -23 33 43 41 59 54 -29 35 55 -32 -33 -34 -35 -36 -37 -38 -39 -40 -41 -42 50 -44 -45 -46 -47 -48 -49 -50 -51 -52 -53 -54 -55 -56 -57 -58 58 -60 -61 -62 -63
leaf_value=-0.085685641987604533 -0.0071076780040419101 -0.03502559201452466 0.014207388492879001 -0.017799210598299704 -0.050032195728353587 0.012718186631508957 0.026061248086543767 -0.022187107210014739 -0.0074258930316398342 0.010041359587655658 -0.040425863863357822 0.044529890261367708 -0.0012602414703439852 0.022776032419921349 0.026662307634132808 -0.0018483154890001074 -0.011906147630353003 -0.033268743248170349 -0.017061040762049631 -0.002914823534788813 -0.013943655581206152 -0.00053794251445673212 -0.019883927216166639 0.0028191528828760627 0.032291817630900034 0.016062562745846522 -0.024975887521797819 0.060646710865400792 -0.032623924500222765 0.0034828552240689968 0.023037886443117005 0.0057863575490692022 0.040757166788613082 0.048017983507179132 0.018866104416061149 0.026603981434673862 0.0012912687693297112 0.032025317716163848 0.029637142047532379 -0.0045039520334346035 -0.05486710068551242 0.041427473188385522 0.0028487648883002213 0.066723686256373663 0.024874735877659981 -0.023342411630543451 -0.0061420159910302967 -0.016433175749256353 0.038864654376733261 0.035798640533782289 0.060404090915128508 -0.012565658408667838 0.010404366919547079 -0.0072629427887604542 -0.013486049730940503 0.011883229116387915 0.03703486862182661 0.010634369489852549 0.0034607311448228823 0.025139236604290675 0.0057692136386759693 -0.00068622430574651159
leaf_weight=153.73137332120677 1611.607717625564 701.32966205164848 2855.4377620875566 706.66341979132267 283.32263464541757 5628.2358451801119 2292.8203468098509 4217.1022500185063 7823.6184268687357 6222.7468609424541 1554.411438081559 1545.8778195891391 7965.3028345013154 3598.0002416176721 1057.5093820486218 1631.5411311469215 7839.0594325709098 2405.7780409569241 6945.6137046263902 6981.3414220203413 2161.95035127952 3379.1520051796106 1876.766809122113 3932.4231253137114 939.58507192184334 3035.1369857476384 2540.6343725750048 791.60809138741752 1943.6639420152351 1144.2314598759403 3009.4350922405865 182.84015471627936 43.347474986454472 22.751851071952842 4692.4726991965435 30.160883786389604 5140.396364005137 1401.020572559326 21.753473507473245 1687.2418979391805 204.75245043249743 1612.2745269356528 3788.4342929583509 21.814224555157125 45.067761340527795 1716.4172310275026 3636.2378782229207 5297.991703848762 924.82703235787631 1131.6312228803581 225.19380612904206 4076.1271599104221 555.75507010170259 5701.1474704182474 651.47286822908791 4416.9803675816511 26.643907123361714 3342.2847847698722 1834.9313366236165 966.00280061858939 2733.0120617335197 175.22171709843678
leaf_count=144346 43955 112076 33882 48242 108418 98117 26623 595970 288506 85760 766362 16586 317001 44934 10027 40693 772254 906851 494351 238407 250056 70471 294277 120593 10619 35470 588785 9039 415316 21529 31243 5255 1578 1906 68243 4457 96956 16213 5464 103392 145535 17782 88479 328 2218 334880 204246 456974 8359 11734 2142 177131 10107 273677 138631 69881 1445 67139 41333 8954 56312 18269
internal_value=-3.2685e-11 -0.0102487 0.0168705 -0.00457562 -0.0187437 0.011531 0.0306285 -0.0156022 -0.0110173 0.00743186 -0.0317128 0.0383941 -0.00033253 0.0187292 0.0221783 0.00386189 -0.0132538 -0.0298954 -0.0184533 -0.00358723 -0.0160414 -0.00727372 -0.0253283 0.0028426 0.0340241 0.0132554 -0.0269827 0.049988 -0.0294064 0.00697426 0.0187386 -0.0185163 -0.00809443 -0.017518 0.0155134 -0.0278228 -0.000713441 0.0253682 -0.032705 -0.00980589 -0.0680833 0.0398754 -0.000887393 0.00596126 -0.0167907 -0.0282713 -0.0099705 -0.0189833 0.0323551 0.029279 0.0437532 -0.00918646 -0.00049946 -0.0084249 -0.0226309 0.0101548 -0.0117404 0.00581575 0.00809186 0.018254 0.00292166 -0.0182446
internal_weight=155082 96474.3 58607.6 57844.4 38629.9 42221.4 16386.2 31097.4 22970.9 26901.7 7532.53 8538.99 34873.4 15319.7 7847.21 16677.8 25049.1 7174.05 7692.01 17220.9 13547.1 15278.9 6048.31 17652.5 6201.5 10223.9 5619.64 2337.49 3973.56 9925.77 5864.87 9697.93 6451.16 2074.74 10320.7 3690.24 6752 4999.02 2427.53 3849.19 358.484 2777.05 10769.8 9131.45 6990.68 3660.08 11501.9 9515.09 1982.34 3424.45 1837.47 11899.7 8521.06 6407.81 3192.11 5561.21 7865.7 9109.64 5177.22 4001.14 4364.55 2051.99
internal_count=9479779 8614726 865053 2351637 6263089 687017 178036 3567115 1144753 459510 2695974 94525 1206884 227507 83511 329326 2389592 2406093 608645 650383 1411647 536108 1177523 556501 68900 130184 1639731 25625 863071 188415 65125 1058199 323497 314452 166360 754653 140911 61147 912315 353448 289881 30543 326886 229393 496569 750196 977945 1052944 18386 38357 19924 465637 327108 321919 727416 91410 773699 229065 108472 44424 97005 312546
is_linear=0
shrinkage=0.08


Tree=27
num_leaves=63
num_cat=0
split_feature=2 2 2 0 0 5 0 5 2 2 5 5 5 2 2 5 2 7 0 5 2 0 7 5 2 2 0 5 2 7 2 5 3 2 3 5 0 3 7 2 2 5 7 5 3 0 2 5 0 0 0 2 2 5 0 3 5 5 7 5 3 7
split_gain=3716.09 633.726 614.421 300.941 175.184 162.416 153.868 109.589 72.7441 64.538 62.4451 59.9136 57.54 57.4334 53.1641 41.5099 36.2718 32.9108 29.7665 28.6496 28.6272 28.3886 23.63 21.9017 21.797 21.2758 19.5879 19.555 19.447 18.172 16.8765 16.7613 16.5242 15.8371 15.3568 14.2015 14.0999 14.0567 13.758 13.0095 12.8439 12.5899 12.8555 12.284 12.24 12.102 12.0035 11.5478 11.0503 10.9363 10.7042 10.6918 10.6045 12.6856 10.5944 10.5821 10.5292 10.4587 10.4293 10.5149 9.30474 9.09453
threshold=0.33514493703842169 0.077350430190563216 0.67006802558898937 2.5000000000000004 4.5000000000000009 0.49437747895717626 9.5000000000000018 0.28976984322071081 0.20722186565399173 0.46720430254936224 0.62627032399177562 0.75467449426651012 0.69511905312538158 0.027212143875658516 0.84654632210731517 0.30066822469234472 0.015749008394777778 20.500000000000004 3.5000000000000004 0.54349327087402355 0.21896404027938846 13.500000000000002 20.500000000000004 0.83294382691383373 0.43785113096237188 0.84654632210731517 1.5000000000000002 0.83294382691383373 0.3081014752388001 20.500000000000004 0.86729559302330028 0.70135679841041576 21.500000000000004 0.18016393482685092 25.500000000000004 0.51416715979576122 1.5000000000000002 27.500000000000004 19.500000000000004 0.9574275314807893 0.15821565687656405 0.58282724022865307 20.500000000000004 0.14160569757223132 26.500000000000004 1.5000000000000002 0.75140449404716503 0.67440575361251842 5.5000000000000009 2.5000000000000004 1.5000000000000002 0.24871134012937549 0.61577314138412487 0.75106957554817211 1.5000000000000002 17.500000000000004 0.75106957554817211 0.7187756896018983 20.500000000000004 0.61456319689750682 20.500000000000004 12.500000000000002
decision_type=2 2 2 2 2 2 2 2 2 2 2 2 2 2 2 2 2 2 2 2 2 2 2 2 2 2 2 2 2 2 2 2 2 2 2 2 2 2 2 2 2 2 2 2 2 2 2 2 2 2 2 2 2 2 2 2 2 2 2 2 2 2
left_child=1 7 4 5 10 15 11 16 29 34 35 18 20 44 46 38 -1 26 -4 22 37 31 50 33 -12 -20 55 49 41 40 -13 -11 54 -14 47 -2 61 45 43 -16 57 42 48 -3 58 -7 -8 -6 -10 -26 -15 -25 53 -23 -21 -17 -30 -5 59 -9 -45 -22
right_child=2 3 6 8 9 12 14 13 28 21 24 30 23 19 39 17 -18 -19 25 32 36 52 -24 51 27 -27 -28 -29 56 -31 -32 -33 -34 -35 -36 -37 -38 -39 -40 -41 -42 -43 -44 60 -46 -47 -48 -49 -50 -51 -52 -53 -54 -55 -56 -57 -58 -59 -60 -61 -62 -63
leaf_value=-0.078878075607590262 -0.00382382116919544 -0.048510163393906035 0.014208966993583131 -0.0087676577321195142 0.0092266812923469353 -0.016283423264950726 0.030747280604903678 -0.040250643761987982 -0.0062637295155768625 0.014195973716356374 0.0043312518173971156 0.028557841274547347 -0.0083587152513649853 -0.028758781264138524 0.048996986251191726 -0.023860162170589394 -0.041551269461748204 0.03071374043235623 0.019800597922361794 -0.021872280373510071 -0.0072502571970864821 0.019200024126518805 0.034214626856379896 -0.00027764327874380272 0.0077735939506262319 0.030054354416660857 -0.011570794354687053 0.026465106329779383 0.0058616812051641423 0.046852749142783881 0.040693873282666777 0.021673725363154334 -0.010288558064156517 -0.0023381124115618278 0.0033069468413498494 0.0029327501113006731 -0.0034036618485236321 -0.0091871250555327598 0.014928103966551974 0.065525278214259963 -0.0021746755948840574 0.0031410326610584378 0.051593688383246204 -0.034855440998840186 -0.0014501354737942748 -0.010504026577002367 0.04044320649897825 0.01533690466593211 0.0028850574239612358 0.013740345303382704 -0.019569840780590948 0.016505252292989433 0.033414612948225647 0.030319475891246866 -0.015338296451123085 -0.017090655964189697 0.016045725641845338 -0.0013619694479464293 0.052252172098025698 -0.028577983562400246 -0.022247850626507044 -0.012988757267489564
leaf_weight=202.42754418523691 3069.1772735857521 241.34998935571639 2944.8333173201063 5927.1879092740128 3719.3236220191466 6813.7502302504727 1685.5614383039356 1315.3344120099209 2254.2652327060932 4529.5799939279386 3718.9101340562338 1666.0998181372124 4705.6335528208874 3072.0850156350643 1150.7648243413714 2748.2374090764788 941.69525925994094 90.53909670538269 2984.4983231085935 4146.02625857573 4860.8472647261515 1725.5202943590702 41.665478031674866 510.51555726898368 4036.7147020855336 2287.8921745938605 2333.6155641703517 536.48627338581719 2995.5569410086609 43.281922752968967 1309.920367198778 3327.9092518322286 1584.9505839095218 6891.3028387881059 1369.5915635377169 5667.2516653097409 3858.1486384185264 5111.097696871846 41.362612825585529 414.58020691733691 5602.3213774558099 9262.1272507142276 27.988365950761363 816.6986398503941 69.762774743896443 3515.0975260671694 1586.1078419089608 4231.9259861309547 1351.5187557266327 3832.407836819737 1102.5102934361639 463.50555562973022 901.32292126945686 1060.0122234513983 2574.3010999625549 3197.1788985015592 829.687962470809 1536.9373421256896 8.6310936724476033 790.88964463083539 692.16082822578028 2777.4661974512273
leaf_count=201236 78026 67308 33846 463142 77590 555759 19425 684926 90682 70488 63667 16636 221672 898447 13237 315806 463371 5175 35200 736178 179601 25681 5890 10616 55095 24213 185460 4980 76033 1634 12651 37866 231581 166951 26258 111099 130735 370232 5599 5025 236305 240508 568 137128 24622 247915 17803 62574 48125 51595 287635 5905 10690 11408 395857 338561 12570 63842 2945 272590 110382 121234
internal_value=6.53544e-12 -0.00970013 0.0160139 -0.00678795 0.0108995 -0.0106025 0.0293263 -0.0243066 -0.000436744 0.0160826 0.0057154 0.024174 -0.00828244 -0.0224512 0.0412492 -0.019623 -0.0481554 -0.0172573 0.0206516 -0.0203629 -0.0103681 0.0200805 -0.0257337 -0.00381333 0.00943081 0.0242501 -0.0177819 0.011687 0.00306126 -0.00489836 0.0338996 0.0173631 -0.0176364 -0.00478106 0.0111311 0.000559113 -0.00734574 -0.0126186 -0.0306747 0.0533745 -0.00506978 0.00157537 -0.00241536 -0.0317524 -0.0344203 -0.0143166 0.0354479 0.0124788 -0.00283458 0.0106795 -0.026332 0.0077088 0.025872 0.0234314 -0.0193694 -0.0202198 0.00807058 -0.00724275 -0.0355079 -0.0358675 -0.0290719 -0.00933691
internal_weight=153106 95349.7 57756.4 79499.4 41726.1 49668.5 16030.3 15850.3 29830.9 20865.2 20860.9 11193.2 39507.4 14706.2 4837.01 10161.1 1144.12 8369.57 8217.22 12521.5 26936.4 11544.3 4216.26 12571 12124.5 5272.39 8279.03 8405.61 16721.1 13109.7 2976.02 7857.49 8305.28 11596.9 9320.84 8736.43 11496.5 15439.9 1791.57 1565.35 13066.4 12895.9 3633.77 1750.21 2184.62 10328.8 3271.67 7951.25 3605.78 7869.12 4174.6 974.021 3686.86 2785.53 6720.33 5945.42 3825.24 7464.13 2114.86 2106.22 1508.86 7638.31
internal_count=9479779 8614726 865053 4409448 687017 3176039 178036 4205278 1233409 322555 364462 122546 2010620 3540671 55490 1165419 664607 845002 93259 2555588 1605476 156133 1191972 405144 175337 59413 839827 111670 468486 764923 29287 108354 1363616 388623 166422 189125 431570 1173906 320417 18262 763289 379883 139375 314818 985083 803674 37228 140164 138807 106690 1186082 16521 47779 37089 1132035 654367 88603 526984 960461 957516 247510 300835
is_linear=0
shrinkage=0.08


Tree=28
num_leaves=63
num_cat=0
split_feature=2 2 2 0 2 0 0 2 5 5 5 5 0 4 5 5 0 2 0 0 2 5 2 4 0 2 5 5 5 4 5 4 0 2 4 7 5 7 5 7 0 5 4 7 5 4 7 5 2 7 7 5 0 5 4 5 5 4 0 4 5 0
split_gain=3308 557.231 546.763 206.89 189.311 188.445 117.574 102.349 86.5251 76.4724 67.1881 61.5301 43.4023 39.2483 33.9868 31.4871 29.052 27.7286 26.5357 26.4299 25.3662 24.0445 23.5712 23.0714 21.9202 20.8811 20.4888 17.5454 15.9679 21.3369 15.8581 15.3476 16.9491 14.6409 14.5438 13.9676 13.9511 13.6588 13.5101 12.7229 12.4239 12.3848 12.0198 11.9178 11.8951 14.5424 11.1819 10.9659 10.9259 10.7683 10.7275 10.4682 10.2778 10.2105 10.1925 10.1912 10.1739 10.5169 10.1163 9.71111 9.28893 9.24887
threshold=0.33514493703842169 0.75140449404716503 0.14365079998970035 4.5000000000000009 0.045715779066085822 1.5000000000000002 8.5000000000000018 0.56711712479591381 0.43154938519001013 0.61147069931030285 0.15310718119144442 0.70135679841041576 3.5000000000000004 40294.000000000007 0.66562321782112133 0.38895379006862646 1.5000000000000002 0.022347066551446918 2.5000000000000004 13.500000000000002 0.92980295419693004 0.59054526686668407 0.24264069646596911 253302.00000000003 1.5000000000000002 0.39159812033176428 0.81119626760482799 0.76478019356727611 0.81119626760482799 83472.000000000015 0.65160736441612255 6906.5000000000009 4.5000000000000009 0.56711712479591381 72837.500000000015 20.500000000000004 0.17647051066160205 20.500000000000004 0.66069462895393383 20.500000000000004 38.500000000000007 0.3487056195735932 253302.00000000003 20.500000000000004 0.65008756518363964 440.50000000000006 7.5000000000000009 0.55412864685058605 0.073350071907043471 20.500000000000004 13.500000000000002 0.52860301733016979 14.500000000000002 0.76478019356727611 14682.500000000002 0.59137621521949779 0.12499993667006494 440.50000000000006 1.0000000180025095e-35 662.50000000000011 0.79679140448570263 38.500000000000007
decision_type=2 2 2 2 2 2 2 2 2 2 2 2 2 2 2 2 2 2 2 2 2 2 2 2 2 2 2 2 2 2 2 2 2 2 2 2 2 2 2 2 2 2 2 2 2 2 2 2 2 2 2 2 2 2 2 2 2 2 2 2 2 2
left_child=2 3 4 11 10 9 14 23 24 15 58 18 21 16 31 56 37 54 41 26 40 35 60 25 36 -5 -9 -11 29 50 39 46 -33 -13 -17 -7 -6 44 52 -19 -8 -2 49 48 -10 -46 -3 -20 -18 -24 -16 -48 -27 55 -12 -23 -4 -58 -1 -49 -14 -21
right_child=1 6 5 7 8 12 20 19 13 27 17 33 22 -15 28 34 43 30 47 61 -22 53 42 -25 -26 38 -28 -29 -30 -31 -32 32 -34 -35 -36 -37 -38 -39 -40 -41 -42 -43 -44 -45 45 -47 51 59 -50 -51 -52 -53 -54 -55 -56 -57 57 -59 -60 -61 -62 -63
leaf_value=-0.08496337658628382 -0.017236408219470315 0.030536649835194659 -0.05165201474150545 0.0065085909494123559 -0.046278727852233692 -0.0076142345815676292 0.038919540989170144 0.018713496244512115 -0.018735836994276802 -0.0070835154698729221 -0.040803992683965541 0.0088351128132264974 -0.001452741351145275 -0.0071063168085913064 0.036873267872772224 -0.013298994575857741 -0.016875981062413087 -0.027712030012191656 0.0018693753758877521 0.028169480792038959 0.057809313636667733 0.017990182763774568 0.0042389481792320174 0.022757247392429129 -0.016545403261227734 0.0084586565759580783 0.032931560231409758 0.00043571831468490544 0.041064937753420405 0.014684645619201837 -0.017243924275509085 0.0036393666698536354 0.023682177142022556 0.016000809429628206 0.017405209717290041 0.036291046397015407 -0.027078398335949303 0.036241202017547998 0.016226978130831213 0.031117475722308829 0.057153057282969925 0.00019582405180678056 0.016498333473657527 0.035985335610950291 -0.04018674321597162 -0.011946708492572575 0.0079310210107498384 0.019226670485301349 -0.0096101542518292147 0.05836629354444383 0.02612200488455696 0.024201570052144419 0.017759051409917473 0.0039640390427982692 -0.025377791444412542 -0.0026666762817778738 -0.015743857369834732 -0.029111139517078152 -0.053324214375780089 0.0071918696010771568 0.009338899880826838 0.042148196602414582
leaf_weight=127.4817983416433 271.22542236919253 926.58879855117993 86.897396733882488 3616.356830846169 268.2936179984099 6297.1400826612371 2423.2215582453064 5181.8331873135176 7821.0009139023896 9153.8374339980801 1103.7357823264902 4125.8223208516138 7851.8991455476789 6728.6472689148504 1258.6616868442143 9067.366895589279 1621.7401046859741 3484.9299731671781 2550.5220366090653 2528.6586646689102 700.69021827776305 155.69430228730198 8390.971260621096 1331.9655454263557 1363.1737410069036 3671.4285066834418 741.47374357667286 2536.3962768937927 820.23199411496171 579.533157404745 1399.9456706510391 623.79574755229987 476.13840040581999 3272.1465188031725 99.819780468358658 46.717403325252235 2490.0500293541991 30.876967754913494 5594.4005097602203 23.687375411973335 265.35376457776874 6807.2293676109257 559.6585765813943 34.772380178736057 121.19082736351993 3152.365377869748 383.17385683556495 468.11207604594529 7227.6645236840122 23.589077390031889 1124.7212978283496 745.35857241816848 959.12551962095313 2077.7468512519263 364.69825318380026 8376.7442112093559 647.4678683874954 900.70021905784961 131.28267412038986 5150.6022653487744 545.96516828425229 344.15237824397627
leaf_count=144346 9416 9809 22968 72920 113599 321919 28644 66907 1132599 326076 637750 55180 317001 462175 12712 544922 278430 1252649 53493 31305 8640 4852 221008 14445 227390 69586 7260 48975 8318 6183 278229 7325 5471 35711 3030 1578 589385 2695 79885 5480 2845 138574 8057 1740 12856 271451 4921 7171 603328 328 11759 7924 17015 41920 140563 280114 80548 118234 108424 88173 10107 3461
internal_value=-2.39495e-12 0.015226 -0.00919275 0.011501 -0.0166909 -0.00424457 0.0320394 0.0166814 -0.014055 -0.00993612 -0.0289495 0.00601783 -0.000515125 -0.0123919 0.0260734 -0.0147888 -0.0141692 -0.0273279 0.00311317 0.0235473 0.0442523 -0.00339467 0.00229512 0.0127011 -0.0248445 0.0117334 0.0204933 -0.00545209 0.0311867 0.0284521 -0.0244426 0.0199423 0.0123155 0.0120045 -0.0129647 -0.00729091 -0.0289459 -0.0168932 0.0135814 -0.0273149 0.0407191 -0.000472127 0.00514576 -0.010758 -0.0170411 -0.0129922 0.0240242 0.00621975 -0.0109417 0.00439069 0.0317997 0.0186772 0.010385 -0.00106509 -0.0369728 -0.00228974 -0.0250158 -0.0235207 -0.0689114 0.00819453 -0.000751151 0.0298441
internal_weight=151257 56942.5 94314.1 46615.1 37495.5 56818.6 10327.5 23969.4 30859.8 22492.5 6635.76 22645.7 34326.1 26738.3 6938.2 10802.3 20009.6 6377 15247.7 8796.12 3389.27 16954 17372.1 15173.3 4121.52 13841.3 5923.31 11690.2 3783.15 2962.92 4908.56 3155.06 1099.93 7397.97 9167.19 6343.86 2758.34 11125.4 10225 3508.62 2688.58 7078.45 8974.22 8884.18 11094.6 3273.56 2055.12 8169.24 8849.4 8414.56 2383.38 1128.53 4630.55 10610.2 1468.43 8532.44 1635.07 1548.17 258.764 5618.71 8397.86 2872.81
internal_count=9479779 865053 8614726 750502 6263089 2351637 114551 362784 3695648 1144753 2567441 387718 1206884 2765274 74422 769702 2303099 2314671 296827 108933 40129 650383 556501 253851 930374 239406 74167 375051 38972 30654 1536358 35450 12796 90891 547952 323497 702984 1419601 166486 1258129 31489 147990 229393 883498 1416906 284307 22654 148837 881758 221336 24471 12845 86601 326886 778313 284966 221750 198782 252770 95344 327108 34766
is_linear=0
shrinkage=0.08


Tree=29
num_leaves=63
num_cat=0
split_feature=2 2 2 0 0 0 5 5 2 2 2 2 5 5 2 5 5 4 5 0 7 2 5 4 5 5 7 0 7 0 5 0 5 5 2 4 4 2 4 5 5 5 4 4 2 4 4 2 2 5 5 7 2 4 7 6 6 2 0 0 4 0
split_gain=2941.3 514.375 473.478 228.04 143.895 129.263 105.796 91.7401 89.4104 63.1036 56.5645 45.8692 42.4496 38.4191 34.1067 30.6128 26.0919 25.8284 25.112 23.6238 23.1121 22.2568 22.2107 21.275 19.044 17.7457 17.351 17.3422 17.1655 17.0675 16.6281 16.4701 15.7301 15.5371 14.6464 12.2102 11.8764 11.5658 13.08 11.3688 11.2792 10.9014 10.6151 10.4273 10.3483 10.323 10.4471 9.97856 9.9736 9.92711 9.83839 9.71827 9.68434 9.47171 9.46485 12.4896 14.9708 9.44842 9.37471 9.21778 8.97132 8.53172
threshold=0.33514493703842169 0.67006802558898937 0.077350430190563216 1.5000000000000002 3.5000000000000004 5.5000000000000009 0.56591099500656139 0.28976984322071081 0.22287581861019137 0.5025252401828767 0.8760964870452882 0.033520599827170379 0.62744787335395824 0.30066822469234472 0.015749008394777778 0.66731697320938121 0.72243767976760875 72837.500000000015 0.57653760910034191 4.5000000000000009 20.500000000000004 0.99375000596046459 0.71551167964935314 43038.000000000007 0.54349327087402355 0.71393844485282909 20.500000000000004 10.500000000000002 20.500000000000004 11.500000000000002 0.61269941926002514 13.500000000000002 0.6936996877193452 0.75106957554817211 0.14763412624597552 440.50000000000006 6257.5000000000009 0.5838744342327119 4155.5000000000009 0.41619303822517401 0.17647051066160205 0.33895458281040197 115.50000000000001 426007.50000000006 0.62563130259513866 4479.0000000000009 4316.5000000000009 0.015749008394777778 0.31866537034511572 0.48149947822093969 0.62744787335395824 20.500000000000004 0.24871134012937549 3159.5000000000005 15.500000000000002 60.500000000000007 53.500000000000007 0.99375000596046459 12.500000000000002 16.500000000000004 7641.0000000000009 3.5000000000000004
decision_type=2 2 2 2 2 2 2 2 2 2 2 2 2 2 2 2 2 2 2 2 2 2 2 2 2 2 2 2 2 2 2 2 2 2 2 2 2 2 2 2 2 2 2 2 2 2 2 2 2 2 2 2 2 2 2 2 2 2 2 2 2 2
left_child=2 4 7 6 12 15 13 14 18 27 22 23 41 35 -1 36 29 25 20 32 54 -17 59 47 28 52 49 30 -13 60 -6 -12 -10 37 -20 -4 39 -14 -39 -3 -37 -2 -27 50 -31 46 -43 -9 -21 -15 -19 -49 -8 -26 -5 56 -56 -41 -24 -7 -11 -23
right_child=1 5 3 8 9 10 17 11 19 16 31 24 33 26 -16 21 -18 43 34 48 -22 61 58 -25 53 42 -28 -29 -30 44 -32 -33 -34 -35 -36 40 -38 38 -40 57 -42 45 -44 -45 -46 -47 -48 51 -50 -51 -52 -53 -54 -55 55 -57 -58 -59 -60 -61 -62 -63
leaf_value=-0.077041154560553049 -0.014846084928816866 -0.00055181192904975014 -0.022615889665564843 -0.011525010352095962 0.0036437592408727548 0.02281387115436994 -0.012499947164034851 -0.042019847694295995 -0.0027509321543498478 0.0155437810981449 0.040363306654947556 -0.022776099457917032 0.0022139458740433847 -0.018416167450921173 -0.038042880552680437 0.018972991546423124 0.023388765557284835 0.016751106952798904 -0.0066936583006805862 0.0035892720027912539 0.034339546893783907 0.025947434184126403 0.030463057030410065 -0.012422884696945833 -0.020377902486349009 -0.062073199933432778 0.022289127621443309 0.014244827497791821 0.029653545496674271 0.018137116355186046 0.010585784797447 0.055391937758540274 0.0036182597435994086 0.011895620533331694 -0.0018636474587532597 -0.061021406388209423 0.0083389326403458027 0.020143050567079129 0.0059177826610689157 0.014716751775299184 -0.033058173943017674 0.0019292457814709576 -0.0040755714643206081 0.0074627698538358867 0.031949157788118777 -0.0039235345703829095 0.032198591901437056 -0.029217538721409052 0.010991482461201211 -0.013579258982085726 -0.0046722940589990821 0.042487694893703971 -0.0080526008727349364 -0.013533062121998229 -0.0036087373356306508 -0.010537955999855884 0.02082451736322018 0.025620320806972942 0.039938169687618076 0.032850903956531396 0.0082940505254955436 0.037343923407155921
leaf_weight=171.56720708413195 343.08664983510971 198.26451615281985 681.11483694193157 5600.2462662828038 3279.2293904740363 2295.9115946379752 7481.8492899192497 436.51024281914579 7927.4255670590792 2582.7573437404644 1420.8547182646507 3572.6850897993427 3659.1172846920672 4970.5333431038889 878.13018924413336 2118.8623862163804 4017.1399706770608 142.03751688532066 6855.0401628286927 6870.5843452931149 76.859125339775346 897.59150792182481 1299.3133248773374 464.783998579951 1676.5206131381274 20.30647764285095 77.188779853633605 4611.8087386972038 40.417273875093088 1368.3230587104335 6761.5299907523149 694.97376903758413 3612.5732906837948 3196.7721322870639 9708.791960363189 112.65727983752731 1383.77325619162 558.18126942156232 1597.9814799354499 1158.5854101612931 511.33051235394669 3648.5479954775365 3737.9414135780535 585.26509233987599 465.18449601519387 2757.1079668456223 74.463699032145087 2330.0049322379928 1402.8116925929207 5986.0169115971657 4021.0860476647504 12.159833225421606 5391.9501731712298 5668.3773143585131 800.22425257804571 1330.3295301225153 200.76004718453623 906.66404881035851 1376.0728251463734 786.0927806540858 1893.1868939616252 790.80778456220287
leaf_count=201236 11354 3016 139859 480465 72189 28855 549050 262194 277903 37854 16586 995596 66897 583313 463371 22482 45128 5625 439384 185918 3316 9229 14648 118211 312823 1160 4631 77790 4896 20918 109289 9039 75004 37167 360715 39062 17184 6961 22278 14082 98437 78836 130869 8691 6247 63114 1392 994764 31910 482119 135531 3237 195441 848950 61055 108400 11590 9468 15357 10040 29603 8050
internal_value=-4.02452e-11 0.01447 -0.00870192 -0.00618436 0.00977735 0.0269655 -0.0111439 -0.021595 -0.00241668 0.0135594 0.0341141 -0.0199081 0.00381138 -0.0170426 -0.0444169 0.0194153 0.0183491 -0.00773966 -0.00564086 0.0015819 -0.00931889 0.0244331 0.0300034 -0.028265 -0.0174345 -0.00922536 -0.0155073 0.0101838 -0.0221896 0.0151404 0.00831858 0.0452997 -0.00075707 0.00741548 -0.00386258 -0.0300223 0.0141775 0.00495265 0.00960038 0.0177468 -0.0381068 -0.000948898 -0.00438894 -0.00253575 0.0216414 -0.000213119 0.00253466 -0.0309149 0.00484437 -0.0157736 -0.00394137 -0.0288453 -0.0106373 -0.0150954 -0.00974196 -0.00545873 0.00129166 0.0195035 0.0353365 0.0253739 0.0124774 0.0312853
internal_weight=149498 56142.2 93356.1 78104.9 40814.4 15327.8 33719.3 15251.2 44385.6 24979.2 7873.22 14201.5 15835.3 12338.8 1049.7 7454.55 10326.6 21380.4 24572.3 19813.4 8008.42 3807.26 5757.39 3243.46 10958 16632 11033.7 14652.6 3613.1 6309.45 10040.8 2115.83 11540 9012.05 16563.8 1305.1 3647.29 5815.28 2156.16 2263.51 623.988 6823.21 3758.25 4748.39 1833.51 6480.12 3723.01 2778.68 8273.4 10956.6 4163.12 2342.16 12873.8 7344.9 7931.56 2331.31 1000.98 2065.25 2675.39 3082 4475.94 1688.4
internal_count=9479779 865053 8614726 4409448 687017 178036 2373788 4205278 2035660 399018 94525 3540671 287999 1347421 664607 83511 139750 1026367 1464925 570735 664826 39761 68900 1378406 2162265 876520 1070063 259268 1000492 94622 181478 25625 352907 133303 800099 277358 43750 96136 29239 26566 137499 154696 132029 149847 27165 143342 80228 1260195 217828 1065432 141156 998001 744491 1161773 661510 181045 72645 23550 30005 38895 67457 17279
is_linear=0
shrinkage=0.08


Tree=30
num_leaves=63
num_cat=0
split_feature=2 2 2 0 2 0 0 5 5 5 2 2 5 5 3 5 5 7 2 0 0 2 7 5 0 5 0 5 2 5 5 3 0 5 3 2 5 3 5 3 3 3 5 6 0 6 5 7 5 7 5 7 7 7 7 0 7 5 7 2 7 6
split_gain=2625.19 529.522 370.563 204.044 144.654 143.586 96.8664 76.2809 64.8854 59.0766 49.388 44.724 41.2274 38.9466 26.5331 26.0849 24.1288 23.4717 22.2405 20.2579 20.0065 19.8155 18.2433 17.6609 17.464 17.4351 16.7686 16.5913 16.4022 15.8995 15.5123 14.4854 14.3986 13.7882 13.4541 13.4068 12.6701 11.9259 11.828 11.6832 11.3954 11.0287 10.8471 10.5077 10.0304 9.49065 9.37139 10.9691 11.9501 9.29955 9.22601 8.57525 8.56306 8.36885 8.31294 8.17845 8.11821 7.93027 9.7301 8.98721 7.77384 7.58931
threshold=0.40114942193031317 0.14365079998970035 0.75140449404716503 2.5000000000000004 0.045715779066085822 4.5000000000000009 8.5000000000000018 0.66069462895393383 0.42292030155658727 0.15310718119144442 0.57294833660125744 0.30094340443611151 0.6421831250190736 0.35783077776432043 18.500000000000004 0.79679140448570263 0.69174146652221691 20.500000000000004 0.92980295419693004 26.500000000000004 1.5000000000000002 0.016807910054922107 20.500000000000004 0.81119626760482799 1.5000000000000002 0.66069462895393383 1.5000000000000002 0.81119626760482799 0.28292356431484228 0.83294382691383373 0.46835438907146459 28.500000000000004 4.5000000000000009 0.83294382691383373 27.500000000000004 0.99375000596046459 0.75106957554817211 18.500000000000004 0.50829836726188671 14.500000000000002 17.500000000000004 9.5000000000000018 0.24477025121450427 3.5000000000000004 8.5000000000000018 63.500000000000007 0.58282724022865307 8.5000000000000018 0.77774071693420421 12.500000000000002 0.66731697320938121 20.500000000000004 4.5000000000000009 13.500000000000002 20.500000000000004 7.5000000000000009 20.500000000000004 0.79430580139160167 4.5000000000000009 0.56711712479591381 19.500000000000004 116.50000000000001
decision_type=2 2 2 2 2 2 2 2 2 2 2 2 2 2 2 2 2 2 2 2 2 2 2 2 2 2 2 2 2 2 2 2 2 2 2 2 2 2 2 2 2 2 2 2 2 2 2 2 2 2 2 2 2 2 2 2 2 2 2 2 2 2
left_child=1 4 5 7 9 12 15 13 24 43 25 22 38 42 21 32 17 26 41 23 31 -11 27 37 39 -7 34 46 -9 40 -23 -15 50 -30 -10 -34 44 -12 49 -6 57 -8 45 -1 -13 -3 55 48 -48 -2 -4 -33 -52 -54 -32 -5 -22 58 -14 -59 -26 -42
right_child=2 3 6 11 8 10 18 28 16 14 19 36 29 20 -16 -17 -18 -19 -20 -21 56 30 -24 -25 60 -27 -28 -29 33 -31 54 51 35 -35 -36 -37 -38 -39 -40 -41 61 -43 -44 -45 -46 -47 47 -49 -50 -51 52 -53 53 -55 -56 -57 -58 59 -60 -61 -62 -63
leaf_value=-0.084331684574814325 0.0029213900797742894 -0.017182039780749711 0.014876352299891765 -0.0054959390017980479 -0.031704013267927336 0.009514096987964649 0.043327091421453433 -0.0046761648439849054 -0.016843256242673542 -0.039959821712361066 0.021359648042275619 0.0027630950058078339 0.0066528149535906404 -0.013026794264487548 -0.010822321531684633 0.037421777902699634 -0.0072563375236248872 0.033028655577149582 0.054413912884899211 0.033023618804161894 -0.0057178397675316239 -0.032567876374131985 0.046172114475897558 0.030357493711159873 -0.015693874306657626 0.016126031874367057 -0.010147447624256662 0.0089611053865319579 -4.857557493705165e-05 0.0228091320638967 -0.022202534243083362 -0.0077317568778729638 0.022222181860253102 0.015759243604390946 -0.010637368291714562 0.034142806654434338 0.010766686793167125 0.014105345833086235 0.0046212471469626844 -0.02080779848605754 0.0082860103332705499 0.032759765302008768 -0.017195266547971447 -0.049743592071078625 0.0087037403158868338 -0.039447984568382409 0.0026398376207595847 -0.0029427370241515648 -0.014118200244675555 -0.0072785110358575614 0.016170072586996178 0.0546970858867733 0.038571902298989894 0.022452348128312694 0.043684535543682922 0.0020605487364296305 0.038252893432142512 0.0097281779755726966 0.015159814928124212 0.031865569018335781 0.023260208161325079 -0.00077319182542549077
leaf_weight=106.25255330531218 1138.992903752609 197.92245505754545 1760.9387029553618 4323.4537407764001 1243.0648150320339 4331.9198682499118 1212.821182008629 7492.9056350899482 7298.1567204499697 610.50260862852156 4030.6250978127355 6358.7152256711852 1531.576834469015 7521.4752824628231 805.91739329131087 838.26730571029475 7400.978138703329 71.74889378529042 649.44353950385266 899.40948417410254 7431.6167916664272 1181.6327680144022 53.629225485492498 967.72775751099107 1228.2378909616382 6213.276761981906 8391.8152861079434 1103.5618522304576 5534.2263692934939 629.00034941092599 3501.2374656565953 5282.8245944384835 1561.8149192723358 377.20639406330884 3223.1727890858347 984.40092990915582 2646.6284058676101 2265.6464136787399 5619.4494274250901 1276.5042943667941 3838.2552729054878 1320.0615409177262 1240.300454535638 119.36051792486978 2547.8377451780252 321.57421077485196 7150.4181416995125 4679.4649625400198 283.11914682714269 1149.3391730511212 613.87145171160228 14.119371253997086 329.218473447625 551.3206603102808 12.298638134845531 1163.3128702573013 26.970313156722113 204.99487323855283 1963.8235163884819 274.57495846212259 33.68688239378389 699.73158865445293
leaf_count=144591 25650 31697 20722 212908 351153 81793 14941 241168 1042383 375569 53244 153027 22628 438281 254708 9002 461773 4644 8640 10795 314138 598116 1217 10141 213617 86756 897506 18630 117315 6213 1084257 293472 18465 4448 391411 10622 38520 30189 100093 329443 51275 16548 132900 108179 57615 56203 223202 163726 7388 26557 6696 446 3165 5750 2021 48093 736 2353 25995 2738 3718 10589
internal_value=2.54356e-11 -0.00711747 0.0159674 -0.00282794 -0.0148437 0.0121869 0.0297305 -0.00694929 -0.0125355 -0.0258312 0.0170264 0.00199109 0.00687663 -0.00984392 -0.0243472 0.0242305 -0.011131 -0.0126414 0.0412062 0.021698 -0.00885313 -0.0264015 -0.000420681 0.0202957 -0.022336 0.0134099 -0.0128147 -0.000554279 -0.00219051 0.0105354 -0.0246386 -0.01077 0.0223245 0.000960116 -0.0149421 0.0268309 0.00590667 0.0187493 0.00264686 -0.0261836 0.0096285 0.0378197 -0.0212601 -0.0660329 0.0044625 -0.0309649 -0.00115092 9.15029e-05 0.00200158 -0.00220162 0.0187997 -0.00756535 0.0234229 0.0284792 -0.0219719 -0.0038938 -0.00555884 0.0127559 0.0114323 0.0224028 -0.014654 0.00688913
internal_weight=147836 102256 45580.5 65751.3 36504.6 35758.3 9822.16 35441.1 30167.4 6337.2 18708.6 30310.1 17049.7 22036.8 6111.59 6639.83 26385.9 18984.9 3182.33 8163.41 20277 5305.67 18757 7264 3781.49 10545.2 18913.1 18703.3 13404.3 9141.96 4695.17 12818.4 5801.57 5911.43 10521.3 2546.22 11553.2 6296.27 7907.78 2519.57 8512.96 2532.88 1759.8 225.613 8906.55 519.497 17599.8 12113 7433.54 2288.33 3255.35 5296.94 1494.41 880.539 3513.54 5486.77 7458.59 3974.97 3495.4 479.57 1261.92 4537.99
internal_count=9479779 8818219 661560 2555130 6263089 547009 114551 1630804 3695648 2567441 272918 924326 274091 1267873 2314671 74422 2797717 2335944 40129 104369 1047073 2059963 675164 93574 897931 168549 2331300 673947 362931 121791 1684394 732199 65420 121763 1433794 29087 249162 83433 152300 680596 115578 31489 220800 252770 210642 87900 655317 394316 230590 52207 36333 293918 15611 8915 1086278 261001 314874 53714 48623 5091 217335 61864
is_linear=0
shrinkage=0.08


Tree=31
num_leaves=63
num_cat=0
split_feature=2 2 2 0 2 0 0 5 5 5 5 2 0 2 4 5 0 5 2 2 0 4 4 0 6 4 0 0 4 5 4 5 5 4 4 4 7 4 7 0 0 7 7 2 7 5 4 5 4 5 5 5 4 5 4 4 5 7 6 2 4 4
split_gain=2338.26 463.547 341.476 155.645 152.195 128.523 88.901 69.5303 62.3299 59.7887 43.3603 40.9322 33.5789 32.3149 31.6789 26.9763 26.1927 24.5454 23.4583 21.9584 19.1478 17.0278 16.3438 15.5307 15.3053 15.204 15.1979 14.3832 13.4872 13.4846 13.2913 12.2743 12.1451 15.1368 14.6551 12.9186 12.1057 12.3597 11.6191 11.0101 10.9638 10.7255 10.3198 10.2163 10.0212 9.91532 9.85327 9.76776 13.8072 10.2536 9.58584 9.56455 10.0115 9.25117 8.60255 20.8985 10.8809 8.56263 8.51759 8.51219 8.39123 8.36657
threshold=0.40114942193031317 0.16767068207263949 0.75140449404716503 2.5000000000000004 0.060790836811065681 5.5000000000000009 9.5000000000000018 0.37278625369071966 0.42292030155658727 0.66069462895393383 0.71551167964935314 0.61577314138412487 1.0000000180025095e-35 0.30094340443611151 46038.000000000007 0.75467449426651012 1.5000000000000002 0.30066822469234472 0.022857889533042911 0.9574275314807893 2.5000000000000004 39079.500000000007 253302.00000000003 1.5000000000000002 116.50000000000001 72837.500000000015 3.5000000000000004 4.5000000000000009 15903.000000000002 0.77774071693420421 18390.000000000004 0.17647051066160205 0.62886893749237072 253302.00000000003 63017.500000000007 53248.000000000007 8.5000000000000018 80080.500000000015 20.500000000000004 38.500000000000007 13.500000000000002 20.500000000000004 20.500000000000004 0.54606062173843395 20.500000000000004 0.45988053083419805 307.50000000000006 0.56591099500656139 26706.000000000004 0.5673828423023225 0.51803904771804821 0.51416715979576122 686.50000000000011 0.66069462895393383 83472.000000000015 107300.50000000001 0.69076326489448558 7.5000000000000009 119.50000000000001 0.28292356431484228 265.50000000000006 74166.000000000015
decision_type=2 2 2 2 2 2 2 2 2 2 2 2 2 2 2 2 2 2 2 2 2 2 2 2 2 2 2 2 2 2 2 2 2 2 2 2 2 2 2 2 2 2 2 2 2 2 2 2 2 2 2 2 2 2 2 2 2 2 2 2 2 2
left_child=1 4 5 9 7 10 15 12 26 17 20 22 -1 30 16 27 38 -3 -9 39 47 -15 53 50 43 -20 31 28 45 59 41 46 34 35 -16 -34 37 -29 60 -8 -13 -5 -18 -12 -33 -4 -6 57 49 -49 -19 -22 -53 -7 -55 56 -56 -2 -17 -11 -10 -37
right_child=2 3 6 13 8 11 19 18 14 29 24 40 -14 21 32 58 42 23 25 -21 51 -23 -24 -25 -26 -27 -28 36 -30 -31 -32 44 33 -35 -36 61 -38 -39 -40 -41 -42 -43 -44 -45 -46 -47 -48 48 -50 -51 -52 52 -54 54 55 -57 -58 -59 -60 -61 -62 -63
leaf_value=-0.084036534208855387 0.0026226435630350513 -0.022634336288077955 0.0023137438645969102 -0.0020386608345032294 -0.02490574914070582 0.010378213018675744 0.036048915355431803 -0.02933469622053303 -0.022491989562104468 -0.0052634796211275849 0.01047724831366152 0.020072347222049688 -0.035000903787982554 0.0035522897754992218 -0.0091094176447158882 0.033721258995076386 -0.0079414147415068394 -0.013473677060003414 -0.018577139235012027 0.059257451145466662 0.001542277009827283 0.010242723308107613 0.023889299176914073 -0.0051830667543656325 0.0027899101878469243 -0.0069930843505467211 -0.0043596664599291806 0.03290834918149442 0.0075996462018106756 0.0041176385172398099 0.0028517618225428333 -0.020633819246185087 0.0041791019275753327 0.0023173418973913415 0.011729059675417772 -0.014206795228207539 0.018659203857668717 0.0068547391635268564 0.031147850391015423 0.053458829701908288 0.027878081168714403 0.037320251626407452 0.031000588759588412 0.017750607223445212 0.018986854145159417 0.022019127893425111 -0.055024157882145056 0.052854878166542885 -0.0038963820659183041 0.0064821755566373549 -0.0084097694913245879 0.017445516360098914 0.0074106705707622268 0.016951761697849614 0.0079908095206590209 0.013635586026812391 -0.034267803603248173 -0.0082592314301412548 0.014580295626310589 -0.00041573673739390092 -0.012832305942733012 -0.0067958072452588116
leaf_weight=96.157271519521601 812.8463602709744 787.69185793714132 180.10742497011597 9514.3501884003053 167.4735151346249 4186.5348783133377 2152.9707985055138 1202.4186793406989 605.88431353331544 4576.3683266433072 2143.3469515204779 2995.9415918962331 1267.418115155866 7941.3744904020568 343.26671683439054 1657.7963502999919 10944.711762359366 3563.1351860092836 6412.5074355498364 354.27068062555918 1587.7161855789018 3510.9757916551316 1013.473958020797 6738.0138328732573 804.07729306991678 817.58471809554612 363.9308910278487 1179.5624850270979 755.7072481130599 2232.4844118351903 6416.0594481106091 3198.8411256097315 526.38100476877298 1190.9525762294652 582.54177054244792 1401.2412463233923 1004.6638074895563 129.30874467175454 37.730235817609355 260.61783128720708 1870.7332915403531 44.51824165135622 43.726852161344141 2919.4262348214979 41.384544420230668 1764.3083425110017 118.85372689153883 30.93195191398263 1069.2701440832752 2270.2963677534208 7281.520206188703 706.8600942408666 6373.6695812362886 4398.3152261641662 64.833317020907998 937.30908946366981 97.848427004879341 1074.5955663592322 163.45904925756622 4697.8356747004582 11493.997576803056 3204.5354233097169
leaf_count=144346 17585 108787 2588 353828 54901 76450 27869 637233 76901 149235 27028 38485 732318 185481 33497 18074 904975 277638 1739350 5025 32702 63681 11176 268073 11163 105722 42915 13497 9046 37387 183923 626047 30963 35264 39854 98551 12200 1580 2518 3171 23904 935 1764 31552 4650 19629 50547 430 18795 37010 331820 10617 105932 61825 1103 12972 2071 26209 1872 105044 1216089 173982
internal_value=2.61346e-11 -0.00673512 0.0151846 -0.00199132 -0.0129047 0.0115512 0.0285628 -0.0216982 -0.0103907 -0.00598603 0.00727408 0.0169902 -0.0384588 0.0023602 -0.00916962 0.0236645 -0.0106161 -0.00881838 -0.0189879 0.0406588 0.00484375 0.00560339 0.0142233 -0.00819944 0.013043 -0.0172672 -0.0199245 0.0206353 0.016669 -0.0014642 3.51784e-05 -0.0215308 -0.00455505 -0.00580804 0.00400267 -0.0076936 0.0252644 0.0303344 -0.0131778 0.0379288 0.0230728 -0.00185536 -0.00778645 0.0146714 -0.0201278 0.0201939 -0.0374078 0.00103492 0.00361522 0.00710549 -0.0100736 0.00715409 0.00841246 0.0132118 0.0153693 0.00904169 -0.0174265 -0.00357284 0.0320033 -0.00280786 -0.013316 -0.00905049
internal_weight=146327 101366 44960.8 57304.3 44061.5 35358 9602.77 9796.09 34265.5 29877 19793 15565 1363.58 27427.3 30375 6834.91 23126.1 18370.4 8432.51 2767.86 13926.2 11452.4 10698.3 17582.7 5866.85 7230.09 3890.48 5013.66 2700.12 11506.7 15974.9 3526.55 7248.92 6323.11 925.808 5132.16 2313.54 1308.87 12137.6 2413.59 4866.67 9558.87 10988.4 5062.77 3240.23 1944.42 286.327 5257.94 3370.5 2301.23 10844.7 8668.25 7080.53 9684.84 5498.31 1099.99 162.682 1887.44 1821.26 9274.2 12099.9 4605.78
internal_count=9479779 8818219 661560 2065832 6752387 547009 114551 3358969 3393418 1277984 319023 227986 876664 787848 2614358 78486 2202247 986318 2482305 36065 249280 249162 165597 877531 69743 1845072 779060 58540 31263 291666 538686 736145 412111 338760 73351 303496 27277 15077 1295508 31040 62389 354763 906739 58580 630697 22217 105448 100029 56235 37440 609458 149251 116549 154421 77971 16146 3174 43794 19946 254279 1292990 272533
is_linear=0
shrinkage=0.08


Tree=32
num_leaves=63
num_cat=0
split_feature=2 2 2 2 1 1 1 5 2 5 5 2 5 2 4 5 2 2 7 3 1 5 5 5 5 5 4 4 7 5 1 5 2 1 4 4 1 2 1 4 5 3 5 5 4 4 4 4 5 2 3 3 7 5 3 7 3 5 3 4 1 5
split_gain=2090.69 403.427 310.188 131.067 122.222 89.5814 70.0855 61.8136 54.2881 53.035 48.7484 41.6178 33.15 32.5735 27.8627 23.2542 21.122 21.119 20.2692 18.6717 18.2511 18.1592 17.9707 15.3943 14.7396 14.6773 12.922 12.7724 12.7627 12.6388 12.559 12.212 11.4115 13.3798 11.3237 10.8889 13.2586 10.5231 10.5275 10.1847 10.1445 10.101 10.0619 9.92791 13.2178 12.1644 11.1096 9.4236 9.36354 9.08181 8.7533 8.61852 8.48292 8.39509 8.32079 8.12839 7.96311 7.76018 7.7486 7.738 7.676 7.44917
threshold=0.40114942193031317 0.16767068207263949 0.75140449404716503 0.060790836811065681 5.5000000000000009 7.5000000000000009 10.500000000000002 0.37278625369071966 0.55625879764556896 0.42292030155658727 0.61147069931030285 0.28669276833534246 0.71551167964935314 1.0000000180025095e-35 46038.000000000007 0.66562321782112133 0.022857889533042911 0.9574275314807893 20.500000000000004 8.5000000000000018 17.500000000000004 0.79679140448570263 0.27558170258998876 0.77245694398880016 0.59054526686668407 0.50829836726188671 72837.500000000015 39079.500000000007 20.500000000000004 0.68990877270698558 16.500000000000004 0.79679140448570263 0.86729559302330028 3.5000000000000004 3235.5000000000005 6475.5000000000009 3.5000000000000004 0.1155870445072651 11.500000000000002 17089.000000000004 0.70135679841041576 28.500000000000004 0.17647051066160205 0.62886893749237072 253302.00000000003 63017.500000000007 53248.000000000007 253302.00000000003 0.83294382691383373 0.62563130259513866 29.500000000000004 17.500000000000004 19.500000000000004 0.79679140448570263 21.500000000000004 20.500000000000004 20.500000000000004 0.53630629181861889 9.5000000000000018 75.500000000000014 42.500000000000007 0.66069462895393383
decision_type=2 2 2 2 2 2 2 2 2 2 2 2 2 2 2 2 2 2 2 2 2 2 2 2 2 2 2 2 2 2 2 2 2 2 2 2 2 2 2 2 2 2 2 2 2 2 2 2 2 2 2 2 2 2 2 2 2 2 2 2 2 2
left_child=1 3 5 7 10 12 15 13 24 30 22 21 25 -1 18 35 41 40 29 -10 27 28 -3 -12 -7 -2 54 -13 39 37 42 49 -17 -34 -27 57 61 -11 -39 -6 -8 -9 59 45 46 -16 -45 56 51 -21 -42 -14 -32 -35 60 -15 -26 -4 -44 -5 -18 -37
right_child=2 4 6 9 11 8 17 16 19 14 23 20 48 55 43 32 26 -19 -20 31 -22 -23 -24 -25 47 34 -28 -29 -30 -31 52 -33 33 53 -36 36 -38 38 -40 -41 50 -43 58 44 -46 -47 -48 -49 -50 -51 -52 -53 -54 -55 -56 -57 -58 -59 -60 -61 -62 -63
leaf_value=-0.083756846745488528 -0.0018009664512601876 -0.026599145988603804 0.014576268320224506 -0.018672638842539065 -0.0036110532697111028 0.00562566469377141 0.029817024900176875 -0.028894871028788516 0.024342516576150254 -0.013209633254219031 -0.0047114728876760268 -3.9465601271574097e-05 0.014865367206902512 -0.033994419469991773 -0.0086997245747349183 0.021164274613392448 -0.02028825745893223 0.058651248016107424 0.029124337019330003 0.010415509175191478 0.0074562281124055194 0.0077998624683684797 -0.010245713305654259 0.0027510639364573836 0.013206218957660738 0.0096891979706421431 -0.0067471454308987112 0.0065668509200138602 0.034053194931645103 -0.0065045047302334583 -0.012587205484598692 0.026446870592643119 0.02265089106490516 0.031778772420802882 0.0036498806577917476 -0.00077416457950924401 0.016491359159697277 -0.011982357995546002 -0.0066901668210427347 0.00017170989050336455 0.042610304312079357 0.023285650324153258 -0.026545179534748088 0.0036937157685227461 0.0020833579576823098 0.010273951607236887 -0.0085636130909523354 0.020193224419889712 0.021720951564606045 0.018108816611065538 0.023980960322196748 0.0074229213323073751 0.029891992588366004 0.045824640285330322 -0.010588885615157398 0.018983361879196432 0.007319820220954865 0.025105929755562872 -0.017031771455100393 -0.048399409058405951 -0.01297593758989172 -0.0607028377212534
leaf_weight=87.302213075767213 2116.8502343728323 451.28821353372768 697.49465051466359 89.654275199194672 12103.388017544756 2468.3364446335472 1067.7656213798909 1148.6221157551045 3289.7541185547598 8586.5907833008678 9038.3115312107329 6701.6285353335552 1863.8068411074055 1207.7194370094221 341.14338682795642 1268.053036037898 4181.937516493228 286.21363207072864 84.099696296383627 1722.0815462720348 6034.4676097292686 1270.5713402470574 9141.9346548619214 2199.7421277961112 5800.8966248466313 2930.7677321186929 814.42007745540468 2599.5043101662304 62.391434640623629 4659.6015290101059 1037.5999086977681 673.28473215969279 856.26705103871791 1107.2847914383856 6170.1203023654234 261.56701911856362 812.60838391495054 4849.56164675951 4773.7116669215029 7304.2249670859601 1224.1271593838319 24.243574471038301 806.55975039947953 527.98758267890662 1186.4617878604913 590.72142843395704 4564.3687920201337 940.28083358384902 585.45387473434675 2285.1778530538722 185.93861573748291 2138.3057965115586 30.985038243059535 361.16754750543623 958.51155644920073 18.824079185549635 1970.4440478435718 1251.9977748185029 1708.8421709463873 149.48109954004758 1177.4498525232921 13.984217208577318
leaf_count=144346 48796 78506 9225 31310 497426 50785 14838 628729 43010 1186728 286390 177979 22435 725209 33497 14555 1171417 4209 4282 25563 130355 22458 544030 37446 91444 46676 105722 51527 1556 274823 159714 7365 9362 12665 105099 3406 10098 404610 331804 238159 15663 8504 171911 30963 35264 39854 272533 10761 5954 30560 2180 26109 2743 4375 237630 7109 32452 13790 347266 66116 330303 185
internal_value=6.29407e-12 -0.00638393 0.0144684 -0.0121738 -0.00194734 0.011 0.027374 -0.0204181 0.0146792 -0.00984051 -0.00682635 0.000869925 0.0065421 -0.036542 -0.00871545 0.0229126 -0.0178674 0.038076 -0.0100782 0.0197239 0.00402987 -0.00146654 -0.011015 -0.00325075 0.0110827 0.00419912 -0.0162314 0.00180688 -0.00207124 -0.0102224 -0.0187172 0.0164777 0.027269 0.0305988 0.00559473 0.0177601 0.0113491 -0.0111737 -0.00935712 -0.00218738 0.0356994 -0.0278163 -0.021573 -0.00437743 -0.00552101 0.00332794 -0.00729274 0.0126289 0.0122713 0.0148027 0.0401537 0.0108889 -0.0113555 0.0352334 -0.017454 -0.0331814 0.0117137 0.0213386 -0.0200822 -0.0372545 -0.0186818 -0.00381554
internal_weight=144864 100514 44350 43606.4 56907.5 34955.6 9394.47 9619.03 19150.3 33987.4 20831.3 36076.2 15805.3 1313.85 30164.2 6630.42 8305.18 2764.05 22953.6 7970.3 15335.6 20740.6 9593.22 11238.1 11180 11217.7 7132.32 9301.13 19470 22869.5 3823.12 4680.54 3592.77 2324.72 9100.89 3037.65 1088.16 18209.9 9623.27 19407.6 2477.83 1172.87 2754.54 7210.68 6278.82 931.865 5092.36 8711.62 4587.57 4007.26 1410.07 4002.11 1068.58 1468.45 6317.9 1226.54 7771.34 1949.49 2515.4 239.135 5359.39 275.551
internal_count=9479779 8818219 661560 6752387 2065832 547009 114551 3358969 291940 3393418 946372 1119460 255069 876664 2614358 77661 2482305 36890 2202247 106498 359861 759599 622536 323836 185442 200571 1845072 229506 737141 2197965 779060 63488 40957 26402 151775 36704 13689 1923142 736414 735585 32681 637233 616603 412111 338760 73351 303496 134657 54498 56123 17843 48544 162457 17040 1739350 732318 123896 23015 519177 97426 1501720 3591
is_linear=0
shrinkage=0.08


Tree=33
num_leaves=63
num_cat=0
split_feature=2 2 2 2 1 1 1 2 2 2 4 2 4 1 2 7 2 3 4 3 1 2 4 7 7 3 1 3 3 2 4 7 1 1 2 4 1 3 2 2 2 4 3 2 4 4 4 3 4 7 6 4 1 4 1 4 6 4 4 6 7 7
split_gain=1875.46 366.293 271.013 99.0327 70.6902 68.9524 67.223 59.6733 57.0284 44.3593 37.9928 30.6562 30.6471 28.2874 27.1335 25.8072 24.0959 19.2078 17.7519 17.2874 17.226 16.8829 15.4821 14.5099 13.9641 13.8611 13.6823 13.6247 13.1492 12.7278 12.6217 10.8104 10.7181 10.3371 9.62253 9.47726 9.33364 10.2307 8.91826 8.90764 8.8646 9.64422 8.80292 8.78416 8.57282 8.43299 8.11091 7.84914 8.59831 7.31654 7.98615 7.07288 6.83415 9.17692 6.70845 6.66281 6.66031 6.55121 6.54618 6.46855 6.41882 9.66217
threshold=0.33514493703842169 0.67006802558898937 0.077350430190563216 0.20101010054349902 8.5000000000000018 8.5000000000000018 5.5000000000000009 0.015749008394777778 0.46720430254936224 0.83527129888534557 46038.000000000007 0.84654632210731517 6573.5000000000009 12.500000000000002 0.56711712479591381 20.500000000000004 1.0000000180025095e-35 17.500000000000004 227752.50000000003 24.500000000000004 3.5000000000000004 0.041885966435074813 18042.000000000004 20.500000000000004 20.500000000000004 6.5000000000000009 4.5000000000000009 8.5000000000000018 25.500000000000004 0.9574275314807893 164736.00000000003 20.500000000000004 32.500000000000007 22.500000000000004 0.57294833660125744 253302.00000000003 71.500000000000014 18.500000000000004 0.62563130259513866 0.25126262009143835 0.16291709244251254 554.50000000000011 6.5000000000000009 0.15821565687656405 984.50000000000011 4754.5000000000009 5708.5000000000009 29.500000000000004 72837.500000000015 17.500000000000004 115.50000000000001 253302.00000000003 23.500000000000004 37398.500000000007 11.500000000000002 2653.5000000000005 115.50000000000001 40294.000000000007 75.500000000000014 133.50000000000003 8.5000000000000018 15.500000000000002
decision_type=2 2 2 2 2 2 2 2 2 2 2 2 2 2 2 2 2 2 2 2 2 2 2 2 2 2 2 2 2 2 2 2 2 2 2 2 2 2 2 2 2 2 2 2 2 2 2 2 2 2 2 2 2 2 2 2 2 2 2 2 2 2
left_child=2 4 7 10 14 11 18 16 28 25 13 49 15 17 30 21 -1 40 47 57 -13 36 31 46 43 -7 60 34 35 32 -2 39 55 -23 52 -6 37 -9 -29 -8 41 -4 -28 -15 -22 -46 -19 -5 56 50 58 -24 -10 -54 59 -11 -49 -14 -3 -41 -16 -62
right_child=1 5 3 6 8 9 22 12 27 29 -12 20 19 24 26 -17 -18 23 -20 -21 44 33 51 -25 -26 -27 42 38 -30 -31 -32 -33 -34 -35 -36 -37 -38 -39 -40 54 -42 -43 -44 -45 45 -47 -48 48 -50 -51 -52 -53 53 -55 -56 -57 -58 -59 -60 -61 61 -63
leaf_value=-0.08349476898263189 0.00079228939254424944 -0.018070592316068529 -0.025146706798553419 -0.0090127514071311164 0.0075813727105416501 0.033542455319839765 -0.0038535314386175623 -0.028820645201704277 0.011496170977694087 0.021757291770360787 -0.0032214091445679376 0.016953097707399303 -0.01604678159228828 -0.0079436523908218305 0.0072826071659673128 0.030797270089618231 -0.035918989905564004 -0.011007788260716802 0.0057611547727553971 -0.0023884946843120906 0.039498465330999176 -0.019984331543707826 0.0021809370349059973 0.045622267341126434 0.029368998320893788 0.022383707675193109 0.02024030827113657 0.011229040935682378 0.001060928806481558 0.052802355560731623 0.010242933376498984 0.03273622117733143 0.051951905095229796 -0.012058954052584916 0.023305647318795013 0.017268489970767666 -0.0077145619390712088 -0.013770946642519398 0.019135765542971708 -0.0019992459764748981 -0.011422383473547104 -0.014928921331775053 0.0096062348176537988 -0.0033879551680007646 0.017398112842936141 0.028652635895474999 -0.0061297491561986429 -0.0048229577736526629 0.0041834253253453524 0.0045575097480416603 0.0068543659461547234 0.0087217098350034303 0.014537712893558003 0.028161660547984073 0.0024491962136348249 0.03669675837602672 -0.013024393716499145 -0.010407343085376126 0.016900485969822361 -0.11717901765403628 -0.010231999455744201 0.0041464740816176309
leaf_weight=79.23034352423565 9649.6285404938826 34.62942375242892 705.7026369753039 7320.0894110279987 8051.9667867210228 938.82002060685772 5437.6136784835253 2026.9786603902321 1277.2895356142253 248.62024166318588 8639.1137055659638 1649.2365777092527 3369.8774265273969 9366.8035531422647 2202.8009128905178 64.325781289750012 486.39192346829805 5162.2927851019231 702.06800524215214 995.29858848478762 329.76048922938389 3034.7303002210683 7947.5392724046251 31.294977333396673 69.339742147596553 2954.5572388584842 583.45573342675925 4498.4219579166966 1927.9902219830547 409.67520202714513 997.96480581688229 59.865081602241844 239.56439472432248 1613.1456770309305 1782.5391327692196 702.77281974384096 178.73982856207294 337.17719370116538 1145.4758934671991 3943.0956126867677 4163.2665984645719 3643.6417840521608 3409.6864715347183 3810.794746782849 580.47878742670582 1602.1182681578648 3778.0907016495476 4060.758076189275 583.11502440657932 495.27168263416388 658.32306212745607 1220.5773121300153 841.30126968299737 507.18389937002212 4413.3914621619042 825.22480701950553 750.90046127926325 2165.5392003443267 3185.7036714185379 3.1230447748675934 394.92934564535972 1232.7899939018826
leaf_count=144346 204530 463 125975 347323 157080 11902 216392 985319 19523 3575 405035 19216 869782 798398 32147 12494 339561 557768 10992 161189 3743 797728 219803 2116 2759 39178 7756 69868 38553 6143 11956 1374 3199 354444 23629 8352 79819 139614 15261 129903 287461 445915 50684 181745 6565 18998 290496 191108 14502 6770 8595 19620 13229 6824 124045 11698 36636 320982 37991 82 8551 19074
internal_value=-4.43738e-12 0.0118878 -0.00703508 -0.00512678 0.00790547 0.0229202 -0.00212146 -0.0171158 0.0111117 0.0298042 -0.00790859 0.0183905 -0.0160709 -0.00922624 0.00430636 -0.0196496 -0.0425832 -0.0113389 -0.00662259 -0.0120952 0.0233057 -0.0201009 0.000501382 -0.00875605 -0.00643779 0.0250744 0.00788333 0.0154367 0.00704186 0.0404913 0.00167807 -0.00118598 0.0366513 -0.0172337 0.0187693 0.00835899 -0.0253416 -0.0266742 0.0128338 -0.00133316 -0.014061 -0.0165868 0.01116 -0.0066262 0.0274759 0.0256594 -0.00894639 -0.00730638 -0.00499103 0.0137139 0.0148831 0.00305173 0.0156897 0.0196619 0.000306245 0.0332379 -0.00610286 -0.0138405 0.0165244 -0.0020904 0.00446753 0.000657862
internal_weight=143522 53358.2 90163.9 75812.5 39206.2 14152 36442.1 14351.4 20734.9 5616.46 39370.3 8535.52 13785.8 30731.2 18471.3 7255.1 565.622 17484.3 13416.9 6530.72 4161.59 7190.77 23025.2 8971.68 13246.9 3893.38 7823.66 10052.2 10682.7 1723.08 10647.6 13857.1 1313.41 4647.88 4408.31 8754.74 2542.9 2364.16 5643.9 13797.2 8512.61 4349.34 3993.14 13177.6 2512.36 2182.6 8940.38 12714.9 5394.77 4373.93 3878.66 9168.12 2625.77 1348.49 8359.61 1073.85 4811.66 5535.42 3220.33 3946.22 3830.52 1627.72
internal_count=9479779 865053 8614726 4409448 687017 178036 1311780 4205278 352319 75695 3097668 102341 3721371 2692633 334698 2369418 483907 1709731 600561 1351953 48522 2356924 711219 850380 982902 51080 118212 148334 203985 24615 216486 471796 18472 1152172 63205 165432 1204752 1124933 85129 470422 859351 571890 58440 980143 29306 25563 848264 589569 242246 53819 47049 239423 39576 20053 254030 15273 227744 1190764 38454 129985 59772 27625
is_linear=0
shrinkage=0.08


Tree=34
num_leaves=63
num_cat=0
split_feature=2 2 2 0 0 2 0 5 0 5 2 2 5 0 5 5 5 2 5 7 5 5 5 5 0 5 5 5 2 0 0 5 7 6 0 7 5 2 5 6 2 6 0 7 6 0 6 7 0 0 0 6 7 7 7 5 7 7 1 5 5 2
split_gain=1680.46 308.738 261.967 125.481 93.1777 88.3821 66.5312 42.862 41.6288 37.9469 37.7606 36.3058 31.7016 22.5631 19.239 17.9492 17.8758 17.7006 16.3524 17.4833 14.7971 13.8769 13.4859 13.3681 12.541 12.1361 11.4365 11.1063 10.8825 9.36847 9.02432 8.96774 8.67854 8.88205 8.46447 8.41881 8.28068 12.7636 8.16142 11.7798 7.78658 7.75908 7.3985 8.25001 8.77533 7.33408 7.12507 7.16796 6.98706 6.88824 6.88749 6.87627 6.84359 6.83971 6.82596 6.79545 7.16486 6.72685 6.55243 6.39804 6.37395 6.29014
threshold=0.40114942193031317 0.14365079998970035 0.75140449404716503 1.5000000000000002 4.5000000000000009 0.038218110799789436 8.5000000000000018 0.39415359497070318 1.0000000180025095e-35 0.56591099500656139 0.25126262009143835 0.57294833660125744 0.6421831250190736 3.5000000000000004 0.37278625369071966 0.66562321782112133 0.71551167964935314 0.92980295419693004 0.69174146652221691 20.500000000000004 0.27558170258998876 0.58939334750175487 0.74265706539154064 0.65999040007591259 2.5000000000000004 0.74265706539154064 0.83294382691383373 0.1868645250797272 0.017095265910029415 2.5000000000000004 15.500000000000002 0.70438358187675487 4.5000000000000009 91.500000000000014 3.5000000000000004 20.500000000000004 0.7119525969028474 0.26713615655899053 0.81119626760482799 25.500000000000004 0.079156223684549346 119.50000000000001 4.5000000000000009 14.500000000000002 14.500000000000002 8.5000000000000018 115.50000000000001 16.500000000000004 11.500000000000002 11.500000000000002 26.500000000000004 129.50000000000003 20.500000000000004 20.500000000000004 20.500000000000004 0.66069462895393383 20.500000000000004 20.500000000000004 46.500000000000007 0.22132766991853717 0.24477025121450427 0.5838744342327119
decision_type=2 2 2 2 2 2 2 2 2 2 2 2 2 2 2 2 2 2 2 2 2 2 2 2 2 2 2 2 2 2 2 2 2 2 2 2 2 2 2 2 2 2 2 2 2 2 2 2 2 2 2 2 2 2 2 2 2 2 2 2 2 2
left_child=1 5 4 9 12 8 15 27 -1 20 23 25 29 21 -10 42 50 31 19 24 54 51 46 35 40 45 32 -7 -16 59 36 49 -14 -34 53 48 52 -38 39 -17 -9 58 -4 44 -44 -6 47 -11 -5 -8 -13 60 -15 -29 -3 56 -30 -22 -18 -2 -12 -31
right_child=2 3 6 10 11 7 17 18 14 22 13 16 26 30 28 38 41 -19 -20 -21 57 -23 -24 -25 -26 -27 -28 34 55 61 -32 -33 33 -35 -36 -37 37 -39 -40 -41 -42 -43 43 -45 -46 -47 -48 -49 -50 -51 -52 -53 -54 -55 -56 -57 -58 -59 -60 -61 -62 -63
leaf_value=-0.08324955645372592 -0.036775922738814221 -0.026307406746884771 0.012472439703883967 -0.0050098527335092902 0.0063318047454133568 -0.032383807408484164 0.017538633982872781 -0.014134612024398575 -0.035157986483565919 -0.0043960372117344019 -0.027326042907070216 0.013898117321175043 0.0052504996731799229 0.002050322160181571 -0.03051847239627339 0.012304051145070896 0.022728176588110844 0.048185118952644886 -0.0061772407288143817 0.024106636461137629 -0.011306085832474421 0.001547580035848887 -0.00042354775136650648 -0.00010676648551035501 -0.007048749070286341 0.01501379966237224 0.019606702680562898 -0.019379319506976297 -0.020453067121404742 0.0014983664953044868 0.0098633289436352561 0.036821306316831455 0.013312271221314054 0.0060547569924967546 -0.001563660405471978 0.02513253847786134 -0.0089180071026289838 0.0083086793329717763 0.032301036039347544 0.025360866326128464 -0.010425972387978169 0.012161366781601171 -0.029305122101631824 0.011834313282004294 0.026962779110576776 0.011502198509224269 -0.01077345451884822 -0.01051180528186741 0.0043250113244975704 0.03143384174670432 0.025595137614876015 -0.027302742250223833 0.042725596276538276 0.014327522602655239 0.051950316245111434 -0.011476948425728229 0.039101792047915168 0.017519300073331304 0.034890587080313021 -0.00093298836202622762 -0.0036055618581297745 0.0076628159534986966
leaf_weight=71.903534292563563 32.177139775834803 503.5928126473591 1642.8913498822421 10385.691841159889 3421.4189296926197 368.94283301300311 345.60292286239564 5709.8399159689434 589.99833765986114 7550.4006527029778 74.101255021756515 4093.6072554509301 3713.9985702299018 7980.5817979163839 490.41445957960968 562.17404241240729 2526.287260775789 559.07931956347966 7544.8251490488474 92.804332099214662 6843.1534567553026 6626.5060018755612 3200.0396868793177 8152.3917961392144 4650.2708107603248 3070.8608675233263 594.41622594115324 2426.6654872024374 2051.6761677284085 2283.4132716437016 1692.4781003947137 1255.6029175077419 2753.610319232379 1774.8760684304871 195.81927259440999 61.504549657925963 300.95234371465631 3224.7429624989163 698.56504392545321 2072.5861555210104 9914.7705767210573 397.54025297623593 18.163630036695395 430.07903606422951 758.24082921154331 3606.7217872941401 1905.6949302745052 1464.3992726006836 539.84040838526562 672.86576019134372 349.69587919028709 83.87189285713248 26.561084514018148 39.150050134281628 7.2357774035190223 821.9758774524671 13.010648309777023 52.208593948977068 319.32767054799479 3369.703983190564 3356.3696929367143 1976.2519317079568
leaf_count=144346 1212 100787 20474 541634 64465 171670 4822 1269359 458372 290398 4306 59879 54483 213762 308785 6789 30314 8640 517108 6092 522911 150816 70471 254884 500511 39733 6213 664782 897111 48932 35439 16755 36260 24835 30055 1733 6986 56200 8318 23865 1073856 5505 271 5443 9262 64351 85073 71470 20656 9912 4972 3736 422 5514 1094 213018 2510 2549 3699 71493 119803 30663
internal_value=-2.79874e-11 -0.00574875 0.0131458 -0.00244689 0.00995476 -0.0117926 0.02528 -0.0103398 -0.0229226 -0.00742326 7.33679e-05 0.0139717 0.00562453 0.0022314 -0.0218292 0.020628 0.0181147 0.0354321 -0.00935871 -0.0105372 -0.0120611 -0.00060758 -0.00499072 -0.00256124 -0.0106958 0.0108183 0.00888978 -0.0193759 -0.0195005 0.00185835 0.00440825 0.0322967 0.00811692 0.0104678 -0.0175728 -0.00438246 0.0036077 0.00683821 0.0246133 0.022575 -0.0117813 0.0226305 0.0159658 0.0207228 0.0256464 0.00898516 -0.00632904 -0.00538951 -0.00454861 0.0267187 0.0148187 -0.00467126 0.00218525 -0.0188442 -0.0251989 -0.0176287 -0.0200778 -0.0110878 0.024093 -0.00127201 -0.00411795 0.00435833
internal_weight=142314 99014.4 43299.8 64032.3 34283.9 34982.1 9015.85 30943.1 4038.98 21526.7 42505.6 17785.5 16498.4 23366.2 3967.08 6182.7 7686.46 2833.15 27912.5 20367.7 7406.19 10140.8 14120.5 19139.4 20274.9 10099 8836.9 3030.58 3377.08 7661.55 13225.3 2274.07 8242.48 4528.49 2661.63 10987 11532.8 3525.7 3333.33 2634.76 15624.6 3243.16 2849.37 1206.48 776.404 7028.14 10920.5 9014.8 10925.5 1018.47 4443.3 3514.34 8007.14 2465.82 510.829 2886.66 2064.69 6895.36 2845.61 3401.88 3430.47 4259.67
internal_count=9479779 8818219 661560 2555130 547009 6263089 114551 4238947 2024142 1144753 1410377 272918 274091 591470 1879796 74422 104369 40129 3366926 2849818 627341 278661 517412 818907 2843726 168549 121791 872021 1421424 152300 312809 31489 115578 61095 700351 564023 277370 63186 38972 30654 2343215 39518 35450 14976 9533 128816 446941 361868 562290 14734 64851 127845 214184 670296 101881 1112639 899621 525460 34013 72705 124109 79595
is_linear=0
shrinkage=0.08


Tree=35
num_leaves=63
num_cat=0
split_feature=2 0 2 5 2 0 0 1 5 2 5 5 0 1 2 5 4 5 4 1 2 5 0 4 4 5 1 7 0 5 2 4 7 5 7 0 0 7 4 2 4 5 2 7 7 7 7 7 4 2 7 4 4 5 7 5 4 5 5 4 5 5
split_gain=1503.95 270.845 239.374 112.445 99.2069 83.5372 59.9697 52.5275 46.3147 34.8644 28.0287 25.3057 24.6882 22.3615 20.7383 18.6439 17.5526 16.6928 16.506 17.0475 15.9966 15.6618 15.3445 13.5936 13.1919 12.7957 11.5473 11.482 11.0898 10.9031 10.7309 10.4204 10.3554 9.99878 9.64555 9.20643 8.39123 8.33095 9.84857 8.30059 8.21688 8.07898 8.04849 7.55289 7.51705 7.51668 7.49764 13.3079 7.4 7.36982 6.85441 6.7954 8.0514 6.79404 6.57057 6.56469 6.40636 6.38358 14.934 6.33443 15.241 10.2869
threshold=0.40114942193031317 1.5000000000000002 0.75140449404716503 0.43933787941932684 0.22287581861019137 4.5000000000000009 9.5000000000000018 12.500000000000002 0.14160569757223132 0.62563130259513866 0.64067861437797557 0.6156316101551057 3.5000000000000004 15.500000000000002 0.10557275637984277 0.75467449426651012 60148.500000000007 0.7466147541999818 15436.500000000002 32.500000000000007 0.9574275314807893 0.66069462895393383 1.0000000180025095e-35 253302.00000000003 115.50000000000001 0.83294382691383373 18.500000000000004 20.500000000000004 4.5000000000000009 0.57317069172859203 0.99375000596046459 15903.000000000002 20.500000000000004 0.79679140448570263 12.500000000000002 38.500000000000007 2.5000000000000004 15.500000000000002 533.50000000000011 0.54606062173843395 251.50000000000003 0.45988053083419805 0.32466214895248419 17.500000000000004 5.5000000000000009 20.500000000000004 17.500000000000004 16.500000000000004 10540.500000000002 0.88303694128990184 4.5000000000000009 929.50000000000011 227752.50000000003 0.24477025121450427 20.500000000000004 0.758103907108307 37.500000000000007 0.60170263051986705 0.60048425197601329 83472.000000000015 0.73315289616584789 0.66069462895393383
decision_type=2 2 2 2 2 2 2 2 2 2 2 2 2 2 2 2 2 2 2 2 2 2 2 2 2 2 2 2 2 2 2 2 2 2 2 2 2 2 2 2 2 2 2 2 2 2 2 2 2 2 2 2 2 2 2 2 2 2 2 2 2 2
left_child=1 3 5 8 14 10 15 11 22 17 36 16 21 32 27 28 57 59 19 -9 35 53 -1 42 -24 40 51 55 31 37 34 41 44 50 -30 -8 -2 38 -16 48 -13 -4 -14 -31 -10 -21 47 -44 -19 -17 -12 -11 -53 -6 -15 -3 -38 58 -5 61 -61 -7
right_child=2 4 6 7 12 9 20 18 13 26 33 25 23 54 29 49 -18 39 -20 45 -22 -23 24 -25 -26 -27 -28 -29 30 43 -32 -33 -34 -35 -36 -37 56 -39 -40 -41 -42 -43 46 -45 -46 -47 -48 -49 -50 -51 -52 52 -54 -55 -56 -57 -58 -59 -60 60 -62 -63
leaf_value=-0.083022905733749486 -0.0012078341194299055 -0.0098167403334981484 0.00052721292702095576 -0.0098187033856072178 -0.024446923375449296 0.0075493661085785568 0.030653279247241736 -0.01454727068328336 -0.0094860036443704596 0.026433351398302843 0.0045979724350905535 -0.020865293253097161 0.0013100044283743931 -0.027624100016257511 -0.0010477466035797396 0.020955313611852659 0.01325726025532332 0.0027123246898920861 -0.0095595922081904827 -0.0260951789428156 0.052106463224936783 0.0021626663318560883 -0.023033515730414802 0.012437022082759444 -0.056430930373451524 0.0060421521425492852 0.02425618092789868 0.029571964259584367 0.022766987133112648 -0.0019121598469988075 0.029160163658565101 0.0057768097032783738 0.0195135626617646 0.01472025054645457 0.0088853272599068688 0.047713251389723217 0.031308014060962223 -0.0022035539623058748 -0.01051466554112466 0.020629815398628439 -0.0051108480156478574 0.018869479303743737 0.0055611009488340888 -0.0077734235126992856 -0.017808490240148248 0.05690756697928144 -0.0021292232393612521 0.034322350559160053 0.014685925828940953 0.031781121785187903 0.0094648753785584253 0.013192421760502939 0.026647144837533766 -0.0032334976326147307 0.018360396473594724 -0.0022002022710458265 0.0037997997276805707 -0.015306293929205784 0.014335460099812529 0.0044122769772584926 -0.049850932307142104 0.01333471340361235
leaf_weight=65.289831902904552 3352.7895505268025 6815.1740788449679 169.27392327344933 10567.497996313003 97.93129234679509 5147.521760292846 1935.070569766096 3902.1887561314797 880.6700996850559 362.0948945665732 3379.0044961583189 214.9049284371431 8104.3848880422302 1470.0338246114115 884.27212934446288 675.3965474467841 209.60157617588993 392.33235561715264 2961.6573358712049 1153.1737257921341 301.57993237138726 5390.5332219939446 146.698109572455 1046.199435964576 156.38733174341905 660.31020481677115 1750.8327450935612 49.694832027424127 839.08763307087793 12052.695547333904 797.41930654267708 711.32935368843027 53.068406025297008 1361.0986738650245 518.18332723992353 226.10367411305197 54.901315614581108 1885.2444730700809 3436.3025961881503 1327.9318306856148 15030.577078095957 1668.7663290173114 5685.712639796955 1593.0269836077932 3287.0643787702138 7.0251984060741952 811.42807774036191 104.85992693901062 2090.6679575660964 995.87121055082025 4098.2430337630576 2422.3084658888401 322.54612068040296 7240.3606241671951 20.159295432822546 810.34771486639511 4143.8321302286204 1336.9921231133048 166.40127106767613 543.35317078046501 35.27778412704356 3183.5270526073218
leaf_count=144346 72073 1164857 2588 883582 6107 97809 27869 924887 131551 4840 51581 12446 238723 835489 66843 8116 9506 5505 586514 613459 5025 115412 78984 14993 111683 11100 24012 3649 10517 524328 9625 9046 5388 14833 7135 3171 1003 129296 268128 15962 684883 19629 121578 87794 601437 1640 20493 1993 27351 11830 56776 33001 3898 254929 6453 55014 77825 91458 9276 9545 782 50213
internal_value=-3.45368e-11 -0.00545027 0.0125157 -0.0102829 -0.0018013 0.00946415 0.0242439 -0.00859268 -0.0203506 0.013295 0.00535554 -0.00696696 0.00150873 -0.0185772 -0.00522613 0.0201481 -0.009695 0.0110933 -0.0143034 -0.0170786 0.0348466 -0.00111148 -0.0478442 0.00362598 -0.0402661 -0.0048607 0.0190603 -0.00875756 0.0175695 -0.00386077 0.0217946 0.0139984 -0.0156028 0.00841352 0.0174672 0.0324381 0.00177646 -0.00664091 -0.00857711 0.0155244 -0.00533293 0.0171803 0.00299917 -0.00259641 -0.0160499 -0.0255926 0.00507273 0.00608193 0.012794 0.0274062 0.0072655 0.0161324 0.0147735 -0.0035166 -0.027002 -0.00900735 0.00415949 -0.0100935 -0.00944426 0.00919794 0.00110398 0.00976011
internal_weight=141104 98297.9 42806.3 42289.7 56008.2 33968.3 8838.08 36210.3 6079.37 17578.4 16389.9 28186.3 28481.4 5711 27526.8 6375.33 12280.5 12720.6 8024.05 5062.39 2462.75 12728.8 368.375 15752.6 303.085 15905.8 4857.78 7675.22 4704.06 19851.5 2154.69 2549.37 4220.8 8838.35 1357.27 2161.17 7551.52 6205.82 4320.57 3810.93 15245.5 1838.04 14706.4 13645.7 4167.73 1160.2 6602 5790.57 2483 1671.27 7477.25 3106.95 2744.85 7338.29 1490.19 7625.52 4198.73 12070.9 10733.9 8909.68 578.631 8331.05
internal_count=9479779 8818219 661560 5744082 3074137 547009 114551 3828751 1915331 272918 274091 1702251 774228 1580318 2299909 78486 993822 207167 2126500 1539986 36065 376448 335013 397780 190667 708429 65751 1223520 58540 1076389 27277 31263 738376 123190 17652 31040 150901 464267 334971 48818 697329 22217 382787 612122 732988 615099 144064 123571 32856 19946 108357 41739 36899 261036 841942 1219871 78828 984316 892858 158349 10327 148022
is_linear=0
shrinkage=0.08


Tree=36
num_leaves=63
num_cat=0
split_feature=2 2 2 0 5 0 0 2 0 5 2 5 2 5 0 4 5 2 5 2 0 5 4 4 5 4 4 5 4 0 5 7 1 0 5 4 4 4 4 7 0 4 7 5 4 2 0 0 7 5 7 5 2 4 2 7 5 7 4 5 4 7
split_gain=1343.71 239.729 220.716 87.3011 77.4748 76.5766 53.4775 42.9419 37.3392 35.6237 32.8951 24.4791 20.7379 18.7218 17.397 16.3641 16.2277 15.818 14.7292 14.5251 13.6288 12.0977 11.5684 9.75332 9.66378 9.57521 9.33974 9.12467 9.01147 9.54092 8.82961 8.82587 8.77304 8.50388 8.46607 10.787 9.86097 10.6182 8.34896 8.00397 7.94366 7.93362 7.92244 7.71465 7.46841 7.44624 9.43703 7.33176 7.20281 7.19962 7.01872 7.00443 6.83146 6.69567 6.52222 6.49233 7.19933 6.47507 6.46559 6.26913 7.90868 6.26739
threshold=0.40114942193031317 0.16767068207263949 0.75140449404716503 2.5000000000000004 0.40119273960590368 4.5000000000000009 8.5000000000000018 0.064725596457719817 1.0000000180025095e-35 0.66069462895393383 0.54606062173843395 0.64067861437797557 0.3081014752388001 0.72243767976760875 1.5000000000000002 46038.000000000007 0.24477025121450427 0.92365968227386486 0.66562321782112133 0.017095265910029415 1.5000000000000002 0.17647051066160205 39079.500000000007 72837.500000000015 0.59054526686668407 75.500000000000014 46.500000000000007 0.83294382691383373 6475.5000000000009 3.5000000000000004 0.79679140448570263 20.500000000000004 46.500000000000007 1.5000000000000002 0.62886893749237072 63017.500000000007 253302.00000000003 53248.000000000007 751.50000000000011 7.5000000000000009 2.5000000000000004 30506.500000000004 6.5000000000000009 0.70438358187675487 405.50000000000006 0.86729559302330028 3.5000000000000004 26.500000000000004 20.500000000000004 0.51803904771804821 17.500000000000004 0.71393844485282909 0.21896404027938846 265.50000000000006 0.033520599827170379 20.500000000000004 0.46187102794647222 20.500000000000004 265.50000000000006 0.68990877270698558 50268.000000000007 20.500000000000004
decision_type=2 2 2 2 2 2 2 2 2 2 2 2 2 2 2 2 2 2 2 2 2 2 2 2 2 2 2 2 2 2 2 2 2 2 2 2 2 2 2 2 2 2 2 2 2 2 2 2 2 2 2 2 2 2 2 2 2 2 2 2 2 2
left_child=1 4 5 9 8 11 18 19 -1 16 24 40 41 47 21 20 44 43 28 -6 48 25 -14 31 -7 -10 -11 42 39 -30 -13 54 -23 49 35 -17 37 59 -16 -4 -2 55 -28 -8 -3 50 58 -12 53 57 -20 -24 -29 -9 -21 -5 -57 -18 -47 60 -36 -22
right_child=2 3 6 12 7 10 17 15 14 26 13 30 22 -15 38 34 33 -19 45 23 61 32 51 -25 -26 -27 27 52 29 -31 -32 -33 -34 -35 36 -37 -38 -39 -40 -41 -42 -43 -44 -45 -46 46 -48 -49 -50 -51 -52 -53 -54 -55 -56 56 -58 -59 -60 -61 -62 -63
leaf_value=-0.08281140764195026 -0.0012315640070328562 -0.014233032042215319 0.024121510150949699 -0.0015285385829884707 -0.0275718018884159 0.0038745853976654807 0.024182031567710306 -0.018374465272829005 -0.018394717391591021 -0.080439206068124852 0.012196981533417814 0.0068209711042746179 0.0026430799829088481 0.020520155006174781 -0.0048908217176942426 -0.0081220941851554811 -0.011232070389851774 0.044547298005144759 0.019208833920917469 -0.018069107965754751 -0.0062053633385016271 -0.019131349978284314 0.0041273052487232811 -0.0052583145103022293 0.010493572478790883 -0.045699384901430766 -0.0039652909476689023 -0.0095953227634578715 -0.004466448815617351 0.013370638686747155 0.013864977830055341 0.02581593011704059 -0.037253292336712887 -0.0043761841234915234 0.036317064452571372 0.010169853800769204 0.0019435184831105288 -0.0076190698244601417 -0.01765841598409848 0.01334119060195697 0.0040030802749505155 0.0023507336944404737 0.00042492873393214925 0.033889960446032909 -0.037273081509589003 -0.060015135723320151 0.030149889156913332 0.023444769029770565 0.022408822433098129 -0.0065161801830420233 -0.0080214518273264909 0.011778870013116026 0.01180992926799701 -0.0097040626811518843 -0.01254370041981962 -0.028879552480750834 0.045508859021503908 0.021338626912615132 0.019643300966979641 -0.0025640294651496716 0.0034164730872535509 0.022212092336411759
leaf_weight=59.30094531802024 3335.6959801253979 225.71764800295932 804.6325670812912 10911.126086427364 447.49615875114978 1790.3553354904871 957.39038576360326 601.25620788050583 127.37285811953916 9.5143240932375175 4919.9431886664242 7429.1383531988395 7094.7450272110291 3591.5667504544836 663.30688190282672 322.42169354704674 3634.982269411732 566.46350596765842 1127.9972061012922 1855.0227997794573 10623.752317374077 2488.548698498751 1344.1334823750658 974.11656756899902 6674.9116195371025 231.75167834844615 5127.1354079240118 115.95462810478057 259.89593826091732 733.79170436465938 1345.0942830793938 35.817665280395886 183.58301347845554 6689.4962788466364 74.310479556210339 573.03395181638189 1137.6946821957827 4327.8037935817265 648.02633215625247 974.75299595202523 4180.705926768569 5377.9269956591597 5402.7552441507869 1157.0331246451824 149.79664843983483 6.5748391561210147 1220.6887356770567 401.13807428942528 43.637652325443923 7066.1448223513507 64.018774611249682 1779.2306951030623 538.9096080895979 10974.779951485194 5199.6686133976909 10.82959502073936 36.02398268552497 39.487806538818404 798.71755784796187 307.98919534846209 126.12502334138844 49.903575408738106
leaf_count=144346 72073 36559 9611 410468 291549 38064 14438 81119 75951 403 75298 108357 169566 45143 123359 31695 309870 9349 13746 817897 897829 833639 30529 130905 108385 179836 137843 2135 3591 9653 14833 4524 167314 276347 3980 37869 33848 259540 144278 12595 78828 148448 144101 16342 29789 105 15055 6028 2624 331820 809 27877 7184 1201676 1261378 361 599 1933 9257 16721 8721 1789
internal_value=-1.43178e-11 -0.00516189 0.0119025 -0.00171187 -0.00971695 0.00897111 0.0232836 -0.00854355 -0.0197598 -0.00474653 0.0126651 0.00503057 0.0016023 0.0160572 -0.0188987 -0.00708437 -0.00696974 0.032675 0.0190811 -0.0135427 -0.00813632 -0.0222292 0.00442909 -0.0127643 0.00909369 -0.0360151 -0.00121029 -0.00114289 0.014808 0.0087054 0.00790082 -0.0137955 -0.0203764 -0.00661525 -0.00367047 0.00358357 -0.0047578 -0.00633425 -0.0112002 0.018216 0.00168 -0.000165852 -0.00171272 0.0294943 -0.023424 0.0227634 0.0257152 0.0130449 -0.0100321 -0.00800979 0.0177464 0.00848603 0.00801977 -0.0101544 -0.0139966 -0.00140094 0.0283149 -0.010882 0.0189929 0.00460235 0.0156142 -0.0060725
internal_weight=139971 97630.6 42340.5 55553.9 42076.7 33668.5 8671.96 37674.8 4401.89 28999.9 17377.9 16290.6 26554 8912.65 4342.59 29162.7 17805.6 2680.89 5991.07 8512.12 22293.3 3031.26 10218.1 8064.63 8465.27 359.125 11194.3 11184.8 2773.07 993.688 8774.23 7090.51 2672.13 17430.1 6869.38 895.456 5973.92 4836.23 1311.33 1779.39 7516.4 16335.9 10529.9 2114.42 375.514 3218 2025.98 5321.08 11619.7 10740.6 1192.02 3123.36 654.864 11576 7054.69 10958 46.8536 3674.47 805.292 508.425 200.436 10673.7
internal_count=9479779 8818219 661560 2065832 6752387 547009 114551 5083664 1668723 1277984 272918 274091 787848 126469 1524377 2577411 986318 40129 74422 2506253 2185037 1256740 227972 2214704 146449 255787 291666 291263 35450 13244 123190 2083799 1000953 919970 392374 69564 322810 288962 267637 22206 150901 559876 281944 30780 66348 38972 24417 81326 1285419 643623 14555 58406 9319 1282795 2079275 411428 960 311803 9362 29422 12701 899618
is_linear=0
shrinkage=0.08


Tree=37
num_leaves=63
num_cat=0
split_feature=2 2 2 0 0 2 0 0 0 4 0 3 2 2 3 2 4 4 0 4 2 0 2 4 7 3 3 7 7 2 4 3 4 4 7 6 2 4 6 4 7 4 6 6 6 4 4 3 6 4 3 3 3 3 0 6 7 3 7 0 6 4
split_gain=1202.35 230.545 183.793 88.1684 72.2707 66.6196 48.4808 34.3139 27.5003 26.6947 23.5116 22.9974 19.4388 18.1324 17.0632 15.2325 15.1505 14.5127 12.7641 11.9546 11.3206 11.2483 16.5259 10.9472 9.67856 9.40076 8.95867 8.84091 8.7478 8.24037 7.83197 7.15781 7.21086 7.23734 7.04072 7.76781 7.00735 6.73987 6.6601 6.65716 6.84464 6.62937 6.37922 12.3725 7.65986 6.32719 6.14016 6.09515 8.61307 7.94784 6.03043 5.95452 5.8412 5.77519 5.65508 5.31801 5.27928 5.24136 6.26459 5.88646 5.23642 5.3932
threshold=0.42956349253654486 0.17262665182352069 0.75140449404716503 2.5000000000000004 7.5000000000000009 0.038218110799789436 9.5000000000000018 1.0000000180025095e-35 2.5000000000000004 40294.000000000007 1.5000000000000002 19.500000000000004 0.3081014752388001 0.61577314138412487 22.500000000000004 0.8760964870452882 14682.500000000002 18390.000000000004 1.5000000000000002 125241.50000000001 0.53907206654548656 4.5000000000000009 0.89564427733421337 253302.00000000003 20.500000000000004 17.500000000000004 25.500000000000004 20.500000000000004 20.500000000000004 0.015749008394777778 6906.5000000000009 15.500000000000002 83472.000000000015 39079.500000000007 16.500000000000004 77.500000000000014 0.10733487084507944 5708.5000000000009 23.500000000000004 30506.500000000004 20.500000000000004 253302.00000000003 97.500000000000014 120.50000000000001 95.500000000000014 8214.0000000000018 322066.50000000006 3.5000000000000004 132.50000000000003 369.50000000000006 10.500000000000002 27.500000000000004 5.5000000000000009 9.5000000000000018 22.500000000000004 32.500000000000007 1.5000000000000002 6.5000000000000009 18.500000000000004 40.500000000000007 31.500000000000004 198.50000000000003
decision_type=2 2 2 2 2 2 2 2 2 2 2 2 2 2 2 2 2 2 2 2 2 2 2 2 2 2 2 2 2 2 2 2 2 2 2 2 2 2 2 2 2 2 2 2 2 2 2 2 2 2 2 2 2 2 2 2 2 2 2 2 2 2
left_child=1 5 4 16 8 7 21 -1 34 10 11 30 39 23 17 57 18 27 55 31 51 42 38 52 36 -22 -18 29 37 -9 -7 32 33 -14 -2 50 -12 -13 -23 40 -5 -11 44 -44 -4 -26 -28 48 -31 -50 -36 -10 -6 -40 -17 -3 -56 58 -8 -59 61 -33
right_child=2 3 6 12 13 9 15 14 20 41 24 28 19 -15 -16 54 26 -19 -20 -21 25 22 -24 -25 45 -27 46 -29 -30 47 -32 60 -34 -35 35 -37 -38 -39 53 -41 -42 -43 43 -45 -46 -47 -48 -49 49 -51 -52 -53 -54 -55 56 -57 -58 59 -60 -61 -62 -63
leaf_value=-0.08261407512375922 0.0032384365912401232 -0.011192192848492972 0.013660549108783089 -0.0014227938537140941 0.01548308703924711 -0.015556952803701608 0.038582081523325089 -0.034803179409557038 0.0072515107667043823 -0.0051470039826204961 -0.0091129069579441672 -0.010058065673533782 0.0038925064264096962 0.019569289962652434 0.00086379200057370769 0.036522142189786624 -0.004210564773448007 -0.01092577647224555 -0.0032682518321512539 0.0099005336016570328 0.012858580233624513 -0.0020718528252232455 0.029677420498090294 0.022315331149027062 0.02904219278574998 0.0076116726542137846 -0.00052372000278220522 0.025000059001311265 0.036835396116296597 -0.014673980095042239 -0.010714057061385292 0.022689361517903225 -0.0081126586836409512 0.010860281337557256 0.017562791958362599 -0.012130669634605606 -0.0053565343881588866 -0.0050097995619927203 0.025991395583395402 0.0021812747888792098 0.029666863740320071 0.0010752164762096715 0.026136396863447479 0.0059606551554034909 -0.025582590521011084 -0.030232671531381584 0.0095908332776921262 -0.023855416958284383 -0.093996541827983185 0.30469903812544241 -0.0029374069582584674 0.0012749122067844221 0.0096402165815208489 0.015509147588770113 -0.0071792598483485159 -0.0067885837659952463 0.05323972160509903 0.023227693219160565 0.0041921971775452718 0.051053081598888966 0.0017352051211691772 -0.0071070293314239499
leaf_weight=53.864028480704292 6078.7948830552741 2208.9928389900924 2262.8757382865497 10683.21356584609 1477.6453431886039 6157.1377136968786 353.68442106002476 343.19116149077308 3457.296141494342 7286.0642882175162 5476.1494093173824 4180.2178899736336 5811.7764995849284 3297.0971659479837 275.4274528711976 587.8317579155555 6327.560194655809 879.4237326192233 6816.929412231606 1883.7265029733535 4279.8885979463594 106.38792373426259 1155.79103750377 623.78018150327262 73.741299767571036 4465.7699296888459 4517.2074365116132 24.527951067255344 27.944061749556568 545.92564510928787 3273.3915042393346 41.030927794985473 277.57672646571882 1141.4219949173275 128.5462356897624 428.61099266036763 7574.4665841630776 2844.1792523801269 476.4729486326687 5269.8491861861548 45.514012922300026 1289.8837174665532 731.79167817877897 264.9566872388823 32.286859570689558 13.660217566881327 419.81835575099103 1703.162285593382 0.46803128614555944 1.0117179758381096 321.57539251481649 1543.0616747636814 4229.0878284743449 1144.1335853766468 9.6277687405236048 8542.6117908671113 239.48386282340653 1054.7555546840376 37.494773146929219 51.010950103169307 3314.4333230223274 740.79399652406573
leaf_count=144346 105359 147775 28170 401178 22259 1229942 4945 290499 61766 549201 867045 695322 132657 46464 103477 10034 205197 279493 265218 28244 61131 1592 14943 7597 3778 64491 147878 7617 2548 272219 476495 941 6576 23139 2427 9311 542062 330008 6185 145004 939 43935 8558 3500 495 664 5958 925950 319 222 6404 27713 71704 15043 149 505958 4009 15723 480 725 78095 18703
internal_value=2.18942e-11 -0.00463703 0.0119468 -0.00136965 0.00903204 -0.00914985 0.0223372 -0.0192129 0.00636909 -0.00814163 -0.0092796 -0.0112918 0.00172818 0.0147585 -0.0183078 0.0321595 -0.00450791 -0.0198174 -0.00597632 0.00399931 0.0084434 0.0186246 0.0222733 0.012253 -0.00675505 0.0101794 -0.00221774 -0.0228039 -0.00783631 -0.023256 -0.013876 0.00301791 0.00453156 0.00503632 0.00227085 -0.00442263 -0.00693274 -0.00801402 0.0173181 -0.000147186 -0.0012909 -0.00421114 0.0154293 0.0207733 0.0131085 0.019778 0.000336368 -0.0214951 -0.0141515 0.178595 0.00291706 0.00540719 0.0111531 0.018591 0.040803 -0.00769334 0.0509046 0.0273269 0.0352858 0.0245113 0.000346009 -0.00554329
internal_weight=138906 100066 38839.7 58042.5 30331.2 42023.8 8508.59 3827 20703.5 38196.8 29620.9 16482.9 29209.3 9627.61 3773.14 2333.89 28833.1 3497.71 17568.5 13210.8 13746 6174.7 2882.79 6330.51 13138 8745.66 11264.6 2618.29 7052.34 2593.76 9430.53 11327 7230.78 6953.2 6957.53 878.733 13050.6 7024.4 1726.99 15998.6 10728.7 8575.95 3291.91 996.748 2295.16 87.4015 4937.03 2250.57 547.405 1.47975 450.122 5000.36 5706.73 1620.61 836.943 10751.6 249.112 1496.95 391.179 1105.77 4096.26 781.825
internal_count=9479779 8878602 601177 2113460 486626 6765142 114551 2024142 338602 4741000 4147864 2734315 835476 148024 1879796 36065 1277984 1776319 918951 288355 215101 78486 37763 101560 1413549 125622 359033 1496826 1027878 1489209 1706437 260111 162372 155796 123501 18142 1409107 1025330 22820 547121 402117 593136 40723 12058 28665 4442 153836 1198710 272760 541 8831 89479 93963 21228 14192 653733 4158 21873 5425 16448 97739 19644
is_linear=0
shrinkage=0.08


Tree=38
num_leaves=63
num_cat=0
split_feature=2 2 2 5 5 5 2 5 3 2 2 2 7 5 5 2 3 5 7 5 2 6 2 4 5 4 4 4 5 4 3 5 5 3 3 6 7 7 4 3 3 4 2 2 4 3 7 7 4 5 4 3 4 5 5 5 4 5 2 4 4 4
split_gain=1075.45 184.806 184.086 62.8113 51.0238 48.3404 39.3367 28.3575 28.0968 27.3932 21.0597 20.1986 18.0956 18.537 16.7715 16.405 15.2487 14.2547 13.994 12.5786 12.5402 12.131 11.9451 11.7785 13.9551 11.5232 11.2751 10.583 10.6059 10.4664 10.0319 10.0151 9.69779 9.59078 9.27927 8.23873 8.23313 11.2066 9.68198 8.11893 8.06879 8.00247 7.51512 7.42771 7.39136 7.24741 7.19048 9.84136 7.02633 12.2951 14.6691 6.82773 12.2177 6.6218 9.07913 7.73115 6.66368 6.60403 6.575 6.57279 6.51243 6.22659
threshold=0.40114942193031317 0.75140449404716503 0.17262665182352069 0.28331096470355993 0.6156316101551057 0.74265706539154064 0.060790836811065681 0.75467449426651012 29.500000000000004 0.016261236742138866 0.5025252401828767 0.26713615655899053 20.500000000000004 0.36415639519691473 0.57450440526008617 0.52223318815231334 21.500000000000004 0.76100599765777599 20.500000000000004 0.48715452849864965 0.022857889533042911 119.50000000000001 0.25126262009143835 93473.500000000015 0.58939334750175487 352.50000000000006 83472.000000000015 28.500000000000004 0.15310718119144442 102441.50000000001 12.500000000000002 0.59054526686668407 0.73018604516983043 29.500000000000004 6.5000000000000009 3.5000000000000004 7.5000000000000009 4.5000000000000009 1707.5000000000002 12.500000000000002 9.5000000000000018 2707.5000000000005 0.88303694128990184 0.6885775923728944 322066.50000000006 9.5000000000000018 11.500000000000002 4.5000000000000009 102441.50000000001 0.69076326489448558 93473.500000000015 10.500000000000002 9413.5000000000018 0.65261220932006847 0.73525840044021618 0.65798047184944164 137.50000000000003 0.6936996877193452 0.71563342213630687 95.500000000000014 85.500000000000014 6347.5000000000009
decision_type=2 2 2 2 2 2 2 2 2 2 2 2 2 2 2 2 2 2 2 2 2 2 2 2 2 2 2 2 2 2 2 2 2 2 2 2 2 2 2 2 2 2 2 2 2 2 2 2 2 2 2 2 2 2 2 2 2 2 2 2 2 2
left_child=2 5 3 9 12 8 16 23 10 -1 31 -6 13 41 18 45 20 30 -8 -12 -5 43 -15 24 -3 -16 34 -11 -29 -25 -13 -2 -33 -27 -21 -24 37 -26 -38 -30 -9 -4 -42 -17 -35 -7 47 -36 49 -28 -51 52 -40 -10 55 -55 -57 -18 -56 -14 -19 -58
right_child=1 7 4 6 11 15 14 40 53 27 19 17 59 22 25 21 57 60 -20 26 -22 -23 35 29 36 33 48 28 39 -31 -32 32 -34 44 46 -37 38 -39 51 -41 42 -43 -44 -45 -46 -47 -48 -49 -50 50 -52 -53 -54 54 58 56 61 -59 -60 -61 -62 -63
leaf_value=-0.067121256234793994 0.00082441791720575821 0.013073272783476135 -0.0098331683656420494 -0.022175651050105022 -0.0017287633730723321 0.01297589888967225 -0.00949660416141564 0.034611778636136029 -0.00030817186025680675 -0.00070344228685338185 0.0016159312136339603 0.0033685008953834618 -0.012027175265417907 -0.0059654757957597624 -0.017334095847744594 0.015501285406266892 -0.007564912499388639 -0.065800507856529938 0.017062306458280569 0.016525393910230311 -0.012889762528966644 0.0054079310039905825 -0.017591130983164286 -0.031674585361623292 0.020629474151001744 -0.0059784773587577278 0.0097058822439306715 -0.039870169466590472 -0.027335248681798447 0.0096581656707060079 -0.0011405690524589347 0.0078020488490107287 -0.0062445896472734077 -0.0024102078014405252 0.0099674549708674929 -0.0018358642661684809 0.028703017514288214 0.032448549234587322 0.010127590772496236 -0.013363249239141785 0.019109564123475122 -0.023778201865444149 0.030230617549849445 0.022881645504193311 0.013455940061620847 0.005774571156464129 0.0073564795321297569 0.019079610569005583 0.007468522221138303 -0.0074691446475589462 -0.065208964313826057 0.010313385614739254 0.036362293866455432 0.021861790250594787 -0.0097859878118351142 -0.058872016838641947 0.011364602410091747 0.0071979222416961213 -0.071487093446313668 0.031844215470159511 0.0062263635791201689 0.0021346086105530882
leaf_weight=91.10436109155853 2714.5965741363507 1716.2690943177749 1639.2288956995908 1100.4299938973709 14243.237912055876 1601.8059151594935 11367.223297874851 903.23273336995771 3984.9508431637369 136.62716285192437 964.17800290134619 5869.4184105640452 26.814391372434329 9796.7731918555801 503.30908497940982 3554.9073479820072 911.86464920444996 8.0478450404480082 128.4045734978281 2147.4318568404706 6036.659830735196 619.83753536778386 216.60617468424607 50.236201513558626 1405.3907600233033 15756.130485324364 106.28768798988312 225.74290792371175 567.8750153437868 178.62539053801447 6835.2951682125204 4676.8128264133702 337.2464221867267 3953.6363171371631 2423.4361797008023 10982.524126516684 389.4732520189209 808.98222240823998 244.03836960092303 500.99574984410719 719.94675913851825 313.78356204481679 845.70586718823324 1156.7003052918735 197.29228597832844 2025.2859609674269 2739.0474323258677 1104.1908115810984 372.17885273892898 81.920274879783392 42.91031008772552 892.48533552103618 212.56997994788981 183.633832957712 119.24058228736976 10.480112655553965 686.40375749938539 246.31824895585305 12.182531775441019 118.18911501474213 4683.0977853676886 1468.5182837588654
leaf_count=203688 63617 24217 166823 710096 471931 21010 1606798 12657 77142 58308 19426 140303 1615 572298 45635 43292 269854 172 7523 31785 1788871 8847 8989 715 19363 1177043 1759 157760 250530 2231 175829 87656 5748 279199 39187 399732 5108 10390 3500 173037 9773 35739 11332 14087 4363 27535 44930 14679 5642 1425 901 12292 2973 2957 1682 205 10099 32437 170 3528 76118 23228
internal_value=8.63204e-12 0.0107683 -0.00463314 -0.00863598 -0.00158173 0.00808567 -0.00803195 0.0213919 0.00622557 -0.0245867 0.00787341 0.000505101 -0.00444074 -0.00461875 -0.00675596 0.0131054 -0.0129398 0.00233413 -0.00919994 0.0103009 -0.0143215 0.0159291 -0.0039253 0.0183787 0.019097 -0.00537944 0.0112295 -0.0218792 -0.024114 0.000585431 0.000942565 0.0047383 0.00685727 -0.00507719 0.011987 -0.00214059 0.0217123 0.0249474 0.0175919 -0.0207864 0.0285905 -0.0120737 0.0251167 0.0173132 -0.00165609 0.00895484 0.0104318 0.0128197 0.000665063 -0.0102908 -0.0273171 0.0143842 0.0223409 0.00171175 0.00495683 0.00610165 0.00476513 -0.0044252 -0.0155055 0.0237314 0.0061028 0.00507462
internal_weight=137958 41501.1 96456.6 41723.6 54733 33134.2 40201.3 8366.96 24175.6 1522.35 17710.2 31639.1 23093.9 22948.9 31906 8958.54 8295.27 17395.9 11495.6 9981.58 7137.09 5331.45 20995.9 5898.07 5669.21 20410.4 9017.4 1431.24 1294.61 228.862 12704.7 7728.66 5014.06 19907.1 8414.11 11199.1 3952.94 2214.37 1738.57 1068.87 2468.89 1953.01 1565.65 4711.61 4150.93 3627.09 6266.67 3527.63 603.297 231.118 124.831 1349.09 456.608 6465.41 2480.46 2349.04 2165.4 1158.18 131.423 145.004 4691.15 2154.92
internal_count=9479779 661560 8818219 6765142 2053077 547009 5921819 114551 432238 843323 316755 864353 1188724 1183581 3120561 114771 2801258 392422 1614321 159734 2498967 66226 981019 80789 77843 1506240 140308 639635 581327 2946 316132 157021 93404 1460605 130581 408721 53626 29753 23873 423567 33762 202562 21105 57379 283562 48545 98796 53866 9727 4085 2326 18765 6473 115483 38341 36489 33532 302291 1852 5143 76290 33327
is_linear=0
shrinkage=0.08


Tree=39
num_leaves=63
num_cat=0
split_feature=5 5 5 5 5 7 7 5 4 4 6 6 5 4 4 5 4 7 5 4 5 5 1 4 4 3 7 4 4 3 4 6 4 6 4 4 5 4 5 3 6 5 1 6 4 5 6 4 4 6 5 5 4 5 6 6 4 4 4 1 4 3
split_gain=288.225 113.274 80.2082 36.3756 31.671 23.5634 19.3905 17.0482 21.4863 16.0402 21.9661 34.28 31.107 43.2493 28.5606 63.2201 20.4913 16.8535 16.4964 16.2035 26.835 41.7483 33.3355 25.1534 20.0893 15.8588 15.1807 14.4255 14.3323 14.0495 13.1718 12.6722 12.5902 12.5251 12.2802 13.7141 12.8626 12.5397 20.11 14.9566 12.5041 12.2901 12.0212 11.7367 12.3481 34.735 12.0603 18.2156 27.7644 11.7232 11.4705 11.1609 19.5105 10.4386 10.2882 10.2669 10.1053 9.99771 9.62958 9.18312 9.12909 9.0745
threshold=0.59054526686668407 0.74265706539154064 0.36119444668293005 0.10704734176397325 0.81119626760482799 20.500000000000004 17.500000000000004 0.48149947822093969 903.50000000000011 19315.500000000004 115.50000000000001 112.50000000000001 0.73525840044021618 11350.500000000002 18390.000000000004 0.60356745123863231 147804.00000000003 13.500000000000002 0.72761431336402904 83472.000000000015 0.69076326489448558 0.69605797529220592 15.500000000000002 72837.500000000015 86383.000000000015 26.500000000000004 19.500000000000004 195199.50000000003 4065.5000000000005 21.500000000000004 1033.5000000000002 1.5000000000000002 70419.000000000015 117.50000000000001 39079.500000000007 35143.500000000007 0.61147069931030285 49295.000000000007 0.62886893749237072 7.5000000000000009 48.500000000000007 0.62444397807121288 9.5000000000000018 31.500000000000004 12877.000000000002 0.64067861437797557 92.500000000000014 17089.000000000004 17597.000000000004 31.500000000000004 0.25077867507934576 0.68990877270698558 46038.000000000007 0.68283125758171093 56.500000000000007 106.50000000000001 4229.5000000000009 198.50000000000003 4479.0000000000009 19.500000000000004 2598.5000000000005 16.500000000000004
decision_type=2 2 2 2 2 2 2 2 2 2 2 2 2 2 2 2 2 2 2 2 2 2 2 2 2 2 2 2 2 2 2 2 2 2 2 2 2 2 2 2 2 2 2 2 2 2 2 2 2 2 2 2 2 2 2 2 2 2 2 2 2 2
left_child=2 6 3 31 27 7 9 8 -4 10 11 14 -13 28 18 -16 19 -12 43 23 -21 22 -22 32 25 -23 55 57 -14 -15 -5 -1 34 -6 35 41 -36 51 -39 40 49 -11 -25 44 -2 -46 -45 -48 -49 -40 -32 52 -38 -34 -10 -8 -28 -3 -9 -47 -57 -18
right_child=1 4 5 30 33 -7 26 58 54 16 17 12 13 29 15 -17 61 -19 -20 20 21 24 -24 42 -26 -27 56 -29 -30 -31 50 -33 53 -35 36 -37 37 38 39 -41 -42 -43 -44 46 45 59 47 48 -50 -51 -52 -53 -54 -55 -56 60 -58 -59 -60 -61 -62 -63
leaf_value=-0.082299233938349217 -0.00056341196764605746 -0.018098705942876953 -0.0022589232581146732 -0.0097158039279604137 0.011223536182688277 0.018545737600942708 -0.007227137579964348 -0.0016678368638888082 -0.0052735832313241769 -0.0065082419491403389 0.0048064659339930715 0.016446890641553118 -0.0020069920200053676 -0.030805429387931023 0.065228461945030652 0.0012249801539179 0.0043034989297621304 -0.0042320745618702974 0.011116105615546561 0.00068614552767832029 -0.020291058300508622 -0.036045512880874604 -0.072528137882321625 0.0017357391433168159 -0.0029479983417515453 0.0058125275973785594 0.0088068641927534358 0.001027804538432843 0.061129349380930183 -0.095815385985456039 -0.030006001575113239 -0.035497956835515466 -0.016566447405005631 -0.021137244269052242 -0.0081843113335277468 -0.011709300704372165 0.0066781473146934342 0.00963265646774762 0.0077168927858839781 -0.0054562792480722785 -0.00022574282856612564 0.0014134524035428447 0.013093323362292002 0.0043994449851762962 -0.07389603215539578 -0.015654575411683847 0.00056267209628090432 -0.086755255651364521 -0.0098499123175619218 0.037268304964969218 -0.014806262607321426 0.0030367243276595451 0.031194426767568877 0.0007276545242154151 -0.011394856625811897 0.0075180340611579865 -0.0013786459189255814 0.00654688178847027 -0.0045964373990100013 0.012313391860961807 -0.004158870833295825 0.019284173012692384
leaf_weight=45.298304218384146 3981.1205316694031 106.16634831400006 4674.2559415708274 3394.9084864432807 8754.3935542262552 298.27890146014397 4069.0360098021947 16198.983522828486 2770.5190417937338 1844.7785489311518 1876.635743194478 1955.7529949809978 82.037410369724967 48.468718735282891 149.46902404006687 291.19621202661074 598.54721658618655 4453.6445418536314 1288.7821883047145 3165.4821624869073 304.35155852453317 222.75439195526997 105.21516275100294 1056.4075312769128 1939.5410287782142 78.287632857100107 968.31131946077221 4267.4771420313336 31.981889861577656 37.921249219536548 403.48712567628536 202.77637349857832 557.38277372554876 77.221582644822774 709.3616141085804 907.11318433948327 625.42191367031046 1287.9996179565205 280.35342151887016 2556.8912683435337 879.55967832845636 3910.2026876077744 1369.7573801699764 10154.872625866075 55.877794560423354 209.9158895239234 4670.836351012229 36.959313168044901 160.56749099184526 123.87722920085071 1495.4509851946204 1140.7596267013978 311.08280118487892 372.74927819438744 4804.8701797737413 657.87017527164153 1750.1234145488343 13569.84722361248 12914.275045878247 117.02232406788971 1229.0141580260388 455.89390436490066
leaf_count=144367 206352 4197 543806 767792 163099 14732 275350 1305095 353081 130275 107249 66335 2566 1343 5211 18902 20861 248472 42504 144309 11028 12711 10000 30482 72229 3101 51907 110030 736 782 170832 130804 36248 1665 49433 51189 31178 70952 15508 114541 53746 195322 74174 476095 7861 9375 239531 4794 9069 4559 343131 44223 11324 16145 672914 38981 99025 393208 1143721 8740 80931 11656
internal_value=-2.17772e-12 0.00265897 -0.00506163 -0.0141033 0.00701875 -0.00385887 0.000808433 -0.00402044 -0.00652428 0.00136848 0.00262584 0.00376238 0.0133709 -0.0166467 0.00278128 0.0229343 -0.00013216 -0.00155256 0.00235176 -0.000616668 -0.00428616 -0.0102253 -0.0337104 0.000573292 -0.00593239 -0.0251601 -0.00270428 0.00508847 0.0157025 -0.0593418 -0.0127003 -0.0440438 -0.000611772 0.0109406 -3.59771e-05 -0.00256692 0.00209424 0.00310608 0.000982191 -0.0019188 0.00512669 -0.00112587 0.00814797 0.00176914 -0.00188302 -0.0156063 0.00283001 -0.000443648 -0.0242397 0.016773 -0.0180359 0.00834987 0.0148218 -0.00963586 -0.00915615 -0.0049653 0.00224945 0.00635556 -0.00296693 -0.00564389 -8.76687e-05 0.0107805
internal_weight=137059 89856.3 47203.1 5541.92 26775.1 41661.2 63081.2 41362.9 12249.6 54406.8 29603.1 23272.8 2156.16 200.409 21116.6 440.665 24803.8 6330.28 20676 23749.3 5815.63 2650.15 409.567 17933.7 2240.58 301.042 8674.36 17943.5 114.019 86.39 5293.85 248.075 15507.5 8831.62 14577.4 6662.09 7915.31 7205.95 5128.68 3840.68 1283.79 5754.98 2426.16 19387.2 4363.94 382.816 15023.2 4868.36 197.527 404.231 1898.94 2077.26 936.505 930.132 7575.39 5955.92 2718.43 13676 29113.3 326.938 1886.88 1054.44
internal_count=9479779 3889504 5590275 1556926 672199 4033349 3217305 4018617 1569801 2671111 1455917 1100196 71762 5427 1028434 24113 1215194 355721 1004321 1182677 253378 109069 21028 929299 88041 15812 546194 507435 3302 2125 1281755 275171 824643 164764 772250 376786 395464 346031 259306 188354 73813 325597 104656 961817 232328 25976 729489 253394 13863 20067 513963 86725 42502 52393 1025995 395262 150932 397405 2448816 18115 119912 32517
is_linear=0
shrinkage=0.08


Tree=40
num_leaves=63
num_cat=0
split_feature=2 2 2 2 0 0 0 5 0 3 0 5 0 3 2 2 5 5 5 5 2 3 5 2 3 5 0 2 5 2 6 6 5 6 7 5 2 2 7 7 0 6 6 5 5 5 2 7 7 5 6 7 5 5 5 5 5 5 5 7 6 6
split_gain=965.806 176.754 153.31 57.7544 57.655 57.2806 40.7106 30.8709 25.3144 23.1683 22.7414 19.2195 18.3538 17.0785 16.9862 14.7674 12.3396 12.1417 12.1363 11.2754 11.0996 10.844 10.7912 10.3742 10.4677 9.69571 8.85454 8.51711 8.40948 7.38786 7.30779 7.28876 11.4138 7.74698 6.85437 6.77853 6.72991 6.25139 6.20454 6.18736 6.18572 6.18359 7.03088 10.9425 6.23277 6.14843 5.95335 5.87316 5.70535 5.64088 7.84771 6.70582 6.01767 5.55124 5.65283 5.54036 6.9845 6.99698 6.75792 6.3959 5.69112 5.52185
threshold=0.42956349253654486 0.20722186565399173 0.75140449404716503 0.064725596457719817 2.5000000000000004 7.5000000000000009 9.5000000000000018 0.28976984322071081 1.5000000000000002 29.500000000000004 2.5000000000000004 0.66069462895393383 1.0000000180025095e-35 21.500000000000004 0.61577314138412487 0.8760964870452882 0.24477025121450427 0.58428397774696361 0.28331096470355993 0.75467449426651012 0.022857889533042911 25.500000000000004 0.63571140170097362 0.31866537034511572 28.500000000000004 0.83294382691383373 4.5000000000000009 0.99375000596046459 0.68444010615348827 0.57294833660125744 105.50000000000001 97.500000000000014 0.55229642987251293 80.500000000000014 20.500000000000004 0.51416715979576122 0.46201923489570623 0.39886364340782171 20.500000000000004 4.5000000000000009 28.500000000000004 117.50000000000001 77.500000000000014 0.42745010554790502 0.38166807591915136 0.79679140448570263 0.14763412624597552 12.500000000000002 13.500000000000002 0.60170263051986705 8.5000000000000018 4.5000000000000009 0.65008756518363964 0.6156316101551057 0.61807408928871166 0.81119626760482799 0.77774071693420421 0.7725205421447755 0.83294382691383373 13.500000000000002 90.500000000000014 66.500000000000014
decision_type=2 2 2 2 2 2 2 2 2 2 2 2 2 2 2 2 2 2 2 2 2 2 2 2 2 2 2 2 2 2 2 2 2 2 2 2 2 2 2 2 2 2 2 2 2 2 2 2 2 2 2 2 2 2 2 2 2 2 2 2 2 2
left_child=1 3 5 7 11 10 19 12 9 18 22 16 -1 20 40 -8 -3 -12 -5 26 -9 29 41 55 35 37 31 47 38 -19 -26 33 -33 -4 46 -25 -23 -13 -11 45 48 42 -2 44 -44 -21 -10 -28 -7 50 -38 -52 -51 -20 -55 56 57 -6 59 -57 -59 -42
right_child=2 4 6 8 23 14 15 13 34 28 17 25 -14 -15 -16 -17 -18 21 53 39 -22 36 -24 24 30 -27 27 -29 -30 -31 -32 32 -34 -35 -36 -37 49 -39 -40 -41 61 -43 43 -45 -46 -47 -48 -49 -50 52 51 -53 -54 54 -56 58 -58 60 -60 -61 -62 -63
leaf_value=-0.082113518063863758 0.00083370207810028966 -0.022745771695895135 0.012380545640142527 -0.022255846179412037 8.5505718670899062e-06 0.012025964345844926 0.024975281151417957 -0.020784231268577338 -0.0055336110757202685 -0.0062706383265832043 0.0036512035300180542 -0.0022241304595941366 -0.02670925766106266 -0.0034658530417638368 0.018090917223934896 0.038637881080973768 -0.0051499075781129937 0.0083456898806960299 -0.011116281768225001 0.01013338062237998 -0.012024703628489499 -0.0054823244263929359 0.0049771142074521175 -0.0010545235253750483 -0.0039669172904271046 0.0098174905636912654 0.019291839239189409 0.025821542362729322 6.5445970822886499e-05 0.013789918698280145 0.00606020373566516 -0.0019648267968009935 0.022675543227926274 0.00034056885704591505 0.017062852881217807 0.0055660402847649004 -0.080782503481440088 0.0042130201650547082 0.037986710664662041 0.028124111048026097 0.026713155707751235 0.0070824340146626742 -0.016872708564108403 -0.0048206648628833617 -0.054525567932500005 0.024440291000874432 -0.002838745232256374 0.0081432994860438611 0.0067154589605748329 -0.0011310889441131582 0.0037902581836961437 0.033455935479836149 0.0076269967193778364 0.0059217653236887111 -0.0082557302975374419 0.018795602569985709 -0.010305930642193343 0.013172649308824813 -0.0021521955305469158 -0.00095131730082225342 -0.067690961459803842 0.011627012139402537
leaf_weight=41.059827340381162 1471.5371113266665 260.10628538076708 1120.0932389205691 497.55650867611803 11190.600816334249 3497.3798332941951 1422.6455479016513 1074.4040828982252 11103.001969238627 4944.5217268439173 3496.992783140493 7091.0766944500065 562.51030751483631 1342.9709150622075 3200.2263885616558 786.0669034276707 13173.147392691149 3140.5463824279941 6858.7266443015833 350.26070197542867 6694.381574749088 318.18795395502821 3701.3641424219968 1115.7575111412443 1663.9948225163971 529.90768898127135 791.61396960819548 738.14688442643364 1990.4749915339635 3242.0260348647644 645.67021714884322 147.93687525991118 644.34528578910431 492.37852886626024 96.926710512139834 8763.9691943147045 4.8865920784883192 1117.7303851558245 20.35648152208887 764.75960199218025 283.25164961291011 468.667891765479 81.545428219338646 1082.4506166706306 42.958422042429447 426.1287165904796 9946.4291826872432 489.38555127308064 2055.8672114997607 630.85430815722793 80.313979465514421 124.1514681216795 2460.1227839503554 185.2950418330729 6286.049774136809 340.38711977307685 407.74357984936796 326.38165397837292 325.48642064048909 151.78403387847356 5.6669189450331023 343.68283416720806
leaf_count=144346 31815 44218 14398 175740 371141 56494 21873 704789 1027916 574776 66610 185259 451730 335726 46464 14192 640829 51559 953264 4521 1914250 5943 53850 32877 38488 7195 10517 9625 90765 43158 14574 2162 7949 6754 3687 181527 132 19395 1208 9543 4015 10035 2793 23487 1521 5882 495529 7135 35762 10719 1233 1854 33893 14426 425316 5136 9650 6619 5335 2702 189 5289
internal_value=1.47561e-11 -0.00416648 0.0108562 -0.00739898 -0.000622781 0.00818815 0.0205594 -0.0129567 -0.0061112 -0.008094 0.00580372 -0.00359088 -0.0304783 -0.0117961 0.0133601 0.0298377 -0.00549061 0.00770881 -0.00998839 0.0171238 -0.0132361 0.0091276 0.00204889 0.00201617 0.00368484 -0.00067059 0.0150709 0.0189768 -0.00432786 0.0111111 -0.00116382 0.0117913 0.0180746 0.00870406 -0.00416248 0.00481835 0.005629 -0.00134763 -0.00608918 0.0230167 0.0109104 -0.00139498 -0.00287831 -0.00740405 -0.0298643 0.0179859 -0.00426021 0.0150327 0.01006 0.00670026 0.0194088 0.0218033 0.00583951 -0.0095305 -0.00784978 0.000420621 -1.5991e-05 0.000348132 0.0067912 0.0127057 0.0117926 0.018443
internal_weight=136655 98754.1 37900.8 51644.7 47109.4 29727 8173.76 9715.33 41929.3 20783 20346.6 22172 603.57 9111.76 9380.41 2208.71 13433.3 13498.1 13827.6 5965.05 7768.79 10001.1 6848.52 24937.4 12189.4 8738.71 4423.9 2019.15 6955.35 6382.57 2309.67 2404.75 792.282 1612.47 21146.4 9879.73 3618.52 8208.81 4964.88 1541.15 6180.18 3147.16 2678.49 1206.95 124.504 776.389 21049.4 1281 5553.25 3300.33 209.352 204.465 3090.98 13330.1 6471.34 12748.1 11930.4 11522.6 817.658 492.171 332.049 626.934
internal_count=9479779 8878602 601177 7313468 1565134 486626 114551 3550841 3762627 2235495 338602 896896 596076 2954765 148024 36065 685047 215101 1568746 78486 2619039 148491 123501 668238 267466 211849 58540 27277 666749 94717 53062 31263 10111 21152 1527132 214404 53774 204654 575984 19946 101560 69651 59616 27801 4314 10403 1523445 17652 92256 47831 3219 3087 44612 1393006 439742 400772 387599 377949 13173 7838 6808 9304
is_linear=0
shrinkage=0.08


Tree=41
num_leaves=63
num_cat=0
split_feature=2 0 2 2 5 0 0 2 2 2 0 0 2 5 0 5 2 0 7 5 5 5 5 5 2 6 1 2 7 7 2 2 7 7 0 5 5 6 7 6 7 6 0 7 7 0 5 2 7 6 5 6 5 5 6 5 5 7 6 5 6 1
split_gain=868.816 158.103 140.126 67.6366 54.6317 49.6511 36.9276 31.2929 21.4735 21.2136 19.6779 17.4902 15.858 13.9705 13.4492 11.3039 10.6967 10.2073 9.95952 9.62272 9.15227 8.98156 8.74465 8.0322 7.32941 7.14974 7.00977 6.9672 6.83826 6.56755 6.15761 6.03786 6.18978 7.39471 6.9933 5.88227 5.70426 5.6496 6.46718 6.50409 5.61855 5.4704 5.51082 5.9054 5.44246 5.34872 5.18278 4.91476 4.88738 4.85144 6.72928 9.45585 5.52507 4.74713 4.63333 4.58222 6.85537 5.02711 4.57729 4.47124 5.73386 4.59707
threshold=0.42956349253654486 1.5000000000000002 0.75140449404716503 0.22756041586399081 0.47588364779949194 7.5000000000000009 6.5000000000000009 0.022347066551446918 0.92365968227386486 0.082903780043125166 2.5000000000000004 3.5000000000000004 0.61577314138412487 0.17647051066160205 1.0000000180025095e-35 0.73808741569519054 0.12220010161399843 20.500000000000004 20.500000000000004 0.6936996877193452 0.63571140170097362 0.71393844485282909 0.66562321782112133 0.84517383575439464 0.027212143875658516 116.50000000000001 15.500000000000002 0.62563130259513866 12.500000000000002 20.500000000000004 0.54606062173843395 0.31866537034511572 17.500000000000004 16.500000000000004 20.500000000000004 0.6156316101551057 0.83294382691383373 25.500000000000004 17.500000000000004 115.50000000000001 13.500000000000002 30.500000000000004 26.500000000000004 15.500000000000002 3.5000000000000004 18.500000000000004 0.24477025121450427 0.38529014587402349 7.5000000000000009 97.500000000000014 0.74265706539154064 78.500000000000014 0.68444010615348827 0.73808741569519054 124.50000000000001 0.60356745123863231 0.5989007055759431 6.5000000000000009 130.50000000000003 0.79679140448570263 26.500000000000004 3.5000000000000004
decision_type=2 2 2 2 2 2 2 2 2 2 2 2 2 2 2 2 2 2 2 2 2 2 2 2 2 2 2 2 2 2 2 2 2 2 2 2 2 2 2 2 2 2 2 2 2 2 2 2 2 2 2 2 2 2 2 2 2 2 2 2 2 2
left_child=1 4 5 16 7 10 22 14 17 24 20 19 41 28 -1 27 29 36 26 -5 48 -11 -4 -18 35 30 -15 -12 -9 40 -17 -13 33 45 47 -6 -8 -24 39 49 46 42 43 -7 -23 58 -3 -35 55 50 51 -39 -53 -41 -21 56 57 -2 -33 60 61 -22
right_child=2 3 6 11 9 12 8 13 -10 21 15 31 -14 18 -16 25 23 -19 -20 54 59 44 37 -25 -26 -27 -28 -29 -30 -31 -32 32 -34 34 -36 -37 -38 38 -40 53 -42 -43 -44 -45 -46 -47 -48 -49 -50 -51 -52 52 -54 -55 -56 -57 -58 -59 -60 -61 -62 -63
leaf_value=-0.081963200256836025 0.00080699041144147599 -0.022937026711100136 0.0114396967695094 -0.0022462521281347726 -0.021768197526408364 0.014714486497128483 0.018579201575443096 -0.012489172109642621 0.037839857183672415 -0.0061160103327181619 0.0045410146513203435 0.0014370966824374842 0.017243602214311728 -0.010882720074074313 -0.031346118497207372 0.0079996213775573085 -0.0030506892204472374 0.031415344514825812 0.016519757593503787 0.0021551915594821506 0.003108909932865177 -0.015233990552602911 0.012531592583667704 0.03167045052014443 -0.0090838691081817861 0.0019401851623674251 -0.017229169984326855 0.0090843291522567388 -0.034915258904490855 0.019114625317964883 0.015515464309396192 0.0043548690971225764 -0.0013798300977936979 0.037429785496600955 -0.10300147143109981 -0.010403853400271525 0.034874126304935853 0.026776429222095 0.00076413582710005998 0.020774647145831816 -0.0090243285773390081 0.0087965848579244811 0.025567934519741653 0.0014421872038135951 -0.0021569073020556314 0.011033726204092539 -0.0047049293523956145 0.0014027821345641242 -0.0042048438266631795 0.032727903172931616 0.028246059646515415 0.028993910008612706 -0.0028065701775781353 0.0016821785770218406 0.040525652330818243 -0.0058051648611061194 0.026831542846000041 0.017280478328784866 -0.025250039273411639 0.011630282417276523 0.0055097787937012088 -0.0096517223192180042
leaf_weight=37.319151140407484 948.72142153857203 101.44612116193457 2214.1766223629002 9247.5089984073056 576.34377524260708 1187.2149600906996 1842.4337900677456 130.88843414033181 765.9378679568963 19811.730549425163 6788.860872235211 7759.6966700175544 3160.1635022888368 5483.2539074681263 336.71572306323651 1109.6687581669248 17407.585785181698 639.09704587949091 78.310770212556235 4275.3468081983447 406.0183354430992 210.9628038611263 736.36189297981036 42.745643280446529 5944.5051806687552 453.06358131603338 1397.7738956662215 3168.355477562669 259.6368457052231 64.765230159799103 1878.9343339461193 7004.0477951180364 1022.0746499254601 87.612813079729676 2.6878193221054962 589.8044206709601 148.57873991620727 209.42382478160289 96.12290642408334 186.77048563121934 3468.3482665978663 4446.2744910608235 233.14275780611206 261.88149721210357 5902.0120028128476 821.88873794523533 6097.336557672068 33.500430677318946 1599.2700610363681 352.56785389665311 477.60331882488026 43.144412276335061 184.47030922945123 150.51298751347349 20.236238203709945 356.88882978237234 82.177221132871637 135.48832090519136 33.584479751531035 522.12455152098846 2427.4696860077493 325.56090152388788
leaf_count=144346 20685 38565 29588 315570 366434 17814 28322 65850 13035 1338221 126402 228187 46464 888874 337344 14526 905610 10290 9875 85626 5827 9646 9721 1008 1279436 6571 692117 45228 167152 4076 22374 148379 26267 1626 84 253934 2331 2456 1245 2410 527561 75082 3428 5236 190853 15081 834575 768 38237 4346 5843 519 2464 1981 418 6852 1322 2555 1119 5846 36358 5819
internal_value=-6.50397e-12 -0.00395545 0.0103526 -0.0012533 -0.0077668 0.00779941 0.0197096 -0.013824 0.0260517 -0.00635059 0.00557363 0.00134534 0.0126404 -0.0126753 -0.0363964 0.00735279 -0.00415078 0.0226188 -0.011849 -0.000792873 0.00206985 -0.00528888 0.0150789 -0.00296564 -0.0102215 0.0113051 -0.0121719 0.00598668 -0.0273989 -0.00627585 0.0127248 0.00307262 0.00448191 0.00523237 0.024632 -0.0160204 0.0197952 0.0183853 0.0209199 0.0221274 -0.00644596 0.0102668 0.0141525 0.0123159 -0.00260821 0.00492679 -0.00500331 0.0274646 -0.00111596 0.0247552 0.021682 0.0145086 0.00322122 0.0122546 0.00233595 0.00212703 0.00455411 0.0028656 0.00421359 0.00477221 0.00363871 -0.00256971
internal_weight=135788 98249.7 37538.5 57490.4 40759.3 29491.3 8047.2 7723.9 3396.05 33035.4 20202.6 30308.2 9288.68 7349.86 374.035 13398.9 27182.2 2630.11 6959.34 13543.1 6803.72 25924.7 4651.15 17450.3 7110.65 3441.67 6881.03 9957.22 390.525 9731.9 2988.6 16765.1 9005.4 7983.32 123.801 1166.15 1991.01 2436.98 1700.62 1604.49 9667.13 6128.51 1682.24 1449.1 6112.97 7859.52 6198.78 121.113 3122.55 1267.21 914.642 437.039 227.615 337.283 4295.58 1523.28 1166.39 1084.21 7037.63 3681.17 3159.05 731.579
internal_count=9479779 8878602 601177 3134520 5744082 486626 114551 2305558 53978 3438524 338602 823125 148024 1823868 481690 215101 2311395 40943 1590866 401614 123501 1538720 60573 906618 1899804 43471 1580991 171630 233002 1404777 36900 421511 193324 167057 2478 620368 30653 30985 21264 20019 1400701 101560 26478 23050 200499 164579 873140 2394 69651 15628 11282 5439 2983 4391 86044 31414 24562 23240 149498 53850 48004 11646
is_linear=0
shrinkage=0.08


Tree=42
num_leaves=63
num_cat=0
split_feature=0 0 1 5 0 1 0 0 3 5 1 1 0 1 0 7 0 1 4 1 0 5 1 5 0 3 5 4 3 5 5 5 4 1 5 4 4 0 1 7 5 7 0 5 4 4 5 7 0 0 1 7 3 7 4 1 1 4 5 5 5 1
split_gain=572.756 97.9297 104.05 68.4217 58.9766 46.5292 39.7454 38.5192 33.7552 31.9246 27.2296 27.0739 25.324 42.1867 21.5947 20.7178 19.5814 18.464 14.3094 12.5552 11.9043 11.6675 11.3087 10.9821 10.6531 9.97266 9.91631 9.77732 9.65479 9.47237 8.89855 8.70239 8.55745 9.02608 8.54581 8.53932 8.37805 8.31773 7.81962 8.96843 9.73672 8.46218 7.77782 7.32789 7.69992 7.61714 7.11394 7.02602 6.99462 6.84679 6.64943 6.36767 6.29455 6.2345 6.00821 6.00646 5.96934 5.93053 7.76168 7.04505 5.89553 5.89485
threshold=2.5000000000000004 13.500000000000002 14.500000000000002 0.51615241169929515 6.5000000000000009 6.5000000000000009 1.5000000000000002 6.5000000000000009 28.500000000000004 0.10704734176397325 27.500000000000004 7.5000000000000009 26.500000000000004 37.500000000000007 3.5000000000000004 20.500000000000004 3.5000000000000004 25.500000000000004 533.50000000000011 4.5000000000000009 1.5000000000000002 0.83056166768074047 21.500000000000004 0.56322491168975841 1.0000000180025095e-35 6.5000000000000009 0.7725205421447755 1153.5000000000002 27.500000000000004 0.39415359497070318 0.72761431336402904 0.70135679841041576 9413.5000000000018 36.500000000000007 0.62306672334671032 75.500000000000014 15903.000000000002 40.500000000000007 8.5000000000000018 4.5000000000000009 0.83056166768074047 17.500000000000004 9.5000000000000018 0.70944577455520641 83472.000000000015 102441.50000000001 0.23770491033792499 16.500000000000004 5.5000000000000009 18.500000000000004 11.500000000000002 20.500000000000004 21.500000000000004 13.500000000000002 253302.00000000003 13.500000000000002 44.500000000000007 4831.5000000000009 0.65551853179931652 0.41619303822517401 0.51416715979576122 9.5000000000000018
decision_type=2 2 2 2 2 2 2 2 2 2 2 2 2 2 2 2 2 2 2 2 2 2 2 2 2 2 2 2 2 2 2 2 2 2 2 2 2 2 2 2 2 2 2 2 2 2 2 2 2 2 2 2 2 2 2 2 2 2 2 2 2 2
left_child=3 2 4 9 5 14 8 -4 19 24 42 30 13 22 26 17 60 20 -10 31 28 -20 -3 -18 -1 -17 57 -22 29 -11 -8 -5 33 -21 -16 -26 -14 56 -25 54 41 55 -9 44 61 -46 -29 -45 -36 -24 -42 -35 -19 -15 -40 -41 -38 59 -59 -2 -7 -6
right_child=1 12 7 6 43 16 11 10 18 15 -12 -13 36 53 34 25 23 52 21 32 27 -23 49 38 35 -27 -28 46 -30 -31 -32 -33 -34 51 48 -37 37 -39 39 40 50 -43 -44 47 45 -47 -48 -49 -50 -51 -52 -53 -54 -55 -56 -57 -58 58 -60 -61 -62 -63
leaf_value=-0.081823202059266048 -0.0048852859178277266 0.026929088241760428 -0.0021761161010849994 -0.0065832970256217609 0.022337855624309202 -0.0058615837954395711 0.00014799442875759541 0.0048799376217439011 -0.015112403643276514 -0.016872096529845285 -2.2323170331191408e-05 -0.0042501002335662971 0.015070202249095294 0.0071246209354273561 0.0097063892627010425 -0.012968771469066769 0.00034477088652887054 -0.019079893429339901 -0.0019966092678973986 -0.010303306500194077 -0.0014299531905805185 0.010856837476906179 0.011799916439653437 0.010332033843443585 -0.01520951156924712 0.025603220283129235 0.015148719745387368 -0.042275488942923538 -0.0069905281234421803 -0.01010515381131033 0.0052475214959510838 0.00025186978888112752 -0.0071906961632970294 -0.022367971763395327 0.016602170105357809 -0.050221664183641705 0.032769868345335559 0.036323489742638708 -0.00025074120068656493 0.012357936841129633 -0.0034788053974411115 -1.9966184988689228e-05 0.010311413710066554 0.019144519691706562 -0.0362696751664748 0.0065084003763319102 -0.008362961752576387 0.043813419359172809 0.033221913204163428 0.020226458326201593 -0.064067160567973916 0.10455273516256298 -0.0024143701422770802 0.00033387172645578909 0.0099015612680740921 0.00011960345000996682 0.017154047791961408 -0.0011694136050968426 0.0070674419761992818 0.010453456142146707 0.00076863344443170423 0.012280158554613861
leaf_weight=33.923108906463312 211.0238497079572 604.28410914521464 15680.0512085183 3935.4652953187651 477.50522231781724 1031.3814278849168 7855.2091154285445 4038.0568433923181 510.70075222535888 2022.529875535678 6623.1704098896298 9646.8675869732106 1034.771954236483 2315.4440735940589 1273.7998800097812 58.975276957295137 2196.0974416018871 1594.8770297533702 9424.9344006816973 5768.7094184302841 2067.3456290788308 474.74446961958893 1724.0925579335308 2606.0313668505478 88.165423376791296 157.37295496680599 880.43158617422887 40.261606586864218 3222.9174165270379 3832.6422280796542 3036.5452580447345 1710.1582190357149 7638.9648842974748 479.5172416279238 2248.670369703128 90.187961969575554 206.59567286300717 304.62832021100621 2104.8062637585681 2012.3591152446716 29.179592828266323 579.05797006259672 2898.5015484497708 1607.1814674163106 36.851860612165183 96.132977565517649 2368.2969414201216 77.451507803794811 174.65527903813927 961.15009196373285 19.234348060097545 2.5432731053151647 159.55722342548688 1381.5194173372583 453.44779827469029 294.17697817529552 648.25401450588834 1251.5233175461617 1764.3734185842077 2086.2337530215118 5115.1128806238921 1703.3601006659737
leaf_count=144346 4550 10463 1039284 163519 6997 42318 183103 84307 43321 575932 259362 780150 17345 52946 18081 7746 52494 989705 599397 826002 135347 8968 28633 38400 52282 12652 10535 5633 495772 610332 44889 39345 963441 291365 29325 77399 3405 4372 43989 34876 401 13298 47486 23035 677 1414 166933 1062 2340 15502 306 470 73404 34864 6022 6511 10423 21893 24454 31377 137890 27689
internal_value=2.50952e-11 0.00511462 0.00392931 -0.00530997 0.00721214 0.00583745 -0.00387424 0.000524069 -0.00573322 -0.00991576 0.00364648 -0.00116382 0.0128056 0.010451 0.0101732 -0.00949442 0.00322911 -0.00984185 -0.00205387 -0.00769394 -0.00884226 -0.00138022 0.0170412 0.00536246 -0.0407301 0.0150887 0.0072851 -0.00546577 -0.010507 -0.0124426 0.00156971 -0.00451281 -0.00898694 -0.0111821 0.0150114 -0.0329141 0.0203029 0.0249728 0.00672316 0.00501078 0.00802944 0.00862638 0.00714953 0.016265 0.0133427 -0.00534597 -0.00892985 0.0202787 0.0178 0.0148161 -0.0275499 -0.0216984 -0.0175642 0.00458698 0.00154874 0.0107971 0.020928 0.00598204 0.00364935 0.00904445 -0.000343917 0.0144823
internal_weight=134972 68750.6 59569.9 66221.4 30330.1 26331.6 50484.4 29239.8 29945.7 15737.1 13559.7 20538.6 9180.74 6986.49 9890.71 15524.8 16440.9 15308.4 10410.4 19535.4 13554 9899.68 3289.53 10294.4 212.276 216.348 6193.59 4475.9 9078.09 5855.17 10891.8 5645.62 13889.7 6250.77 3697.13 178.353 2194.25 1159.48 8098.29 5492.26 2934.01 2885.59 6936.56 3998.48 2313.85 132.985 2408.56 1684.63 2423.33 2685.24 48.4139 482.061 1754.43 3696.96 2558.25 2306.54 854.85 5313.15 3015.9 2297.26 6146.49 2180.87
internal_count=9479779 2188326 2010373 7291453 579934 519060 3943970 1430439 2935828 3347483 391155 1008142 177953 142408 142555 3073456 376505 3053058 651686 2284142 1989949 608365 54598 196297 274027 20398 92809 307913 1682036 1186264 227992 202864 2081278 1117837 49746 129681 35545 18200 143803 105403 55392 54685 131793 60874 36777 2091 172566 24097 31665 44135 707 291835 1063109 87810 50011 41387 13828 82274 46347 35927 180208 34686
is_linear=0
shrinkage=0.08


Tree=43
num_leaves=63
num_cat=0
split_feature=0 0 0 3 5 5 0 6 5 4 0 4 5 5 5 6 5 5 5 4 4 4 4 3 3 5 4 4 5 4 0 4 7 5 4 4 4 4 5 4 7 4 5 5 4 3 4 5 6 4 4 7 7 5 4 5 4 6 3 4 3 6
split_gain=510.143 89.2692 59.5687 49.3321 47.4116 38.8622 30.9916 25.5348 15.8001 14.9512 14.5694 11.9447 15.3703 10.4483 10.3732 10.1914 10.9448 9.48332 9.31298 8.16549 8.04496 7.84458 32.2238 13.9338 7.61088 8.51032 8.16562 7.54474 7.46039 7.38116 7.3311 7.20177 7.00658 6.91972 13.4416 11.3747 9.55867 8.64815 6.72343 7.13622 6.64904 6.63298 14.2789 24.5869 12.0785 7.35516 6.41065 7.78735 6.36425 8.34599 11.8988 6.30075 6.71756 7.26718 8.99352 7.81686 7.4312 6.75656 6.40101 6.28317 6.26981 6.10588
threshold=2.5000000000000004 10.500000000000002 1.5000000000000002 28.500000000000004 0.69713348150253307 0.4206009060144425 26.500000000000004 117.50000000000001 0.6936996877193452 72837.500000000015 1.0000000180025095e-35 686.50000000000011 0.5616184175014497 0.6156316101551057 0.10704734176397325 114.50000000000001 0.81396234035491954 0.77774071693420421 0.35344369709491735 6475.5000000000009 1707.5000000000002 13472.000000000002 11350.500000000002 20.500000000000004 10.500000000000002 0.29576784372329717 28.500000000000004 15903.000000000002 0.41619303822517401 15436.500000000002 40.500000000000007 751.50000000000011 20.500000000000004 0.73808741569519054 83472.000000000015 148.50000000000003 86383.000000000015 76628.000000000015 0.79679140448570263 7032.0000000000009 20.500000000000004 147804.00000000003 0.69076326489448558 0.69174146652221691 93473.500000000015 19.500000000000004 4065.5000000000005 0.71551167964935314 60.500000000000007 14068.000000000002 6257.5000000000009 13.500000000000002 6.5000000000000009 0.58939334750175487 4754.5000000000009 0.69511905312538158 1498.5000000000002 31.500000000000004 25.500000000000004 4155.5000000000009 6.5000000000000009 30.500000000000004
decision_type=2 2 2 2 2 2 2 2 2 2 2 2 2 2 2 2 2 2 2 2 2 2 2 2 2 2 2 2 2 2 2 2 2 2 2 2 2 2 2 2 2 2 2 2 2 2 2 2 2 2 2 2 2 2 2 2 2 2 2 2 2 2
left_child=2 4 3 5 11 10 38 15 18 14 -1 -2 31 29 -5 16 17 33 -4 51 -20 22 46 -24 25 26 -12 -8 -22 -7 -29 -13 -16 34 37 -35 -36 59 -3 -40 -30 42 -21 44 -44 -46 -17 -48 49 50 -19 52 53 54 56 -55 -14 -56 -59 -6 -43 -54
right_child=1 6 8 9 7 13 27 -9 -10 -11 24 12 19 -15 32 21 -18 48 20 41 28 -23 23 -25 -26 -27 -28 30 40 -31 -32 -33 -34 35 36 -37 -38 -39 39 -41 -42 60 43 -45 45 -47 47 -49 -50 -51 -52 -53 61 55 57 -57 -58 58 -60 -61 -62 -63
leaf_value=-0.081690242743140948 0.0051770684922433311 0.0082245708299083526 -0.010598056737542555 -0.043242200280477629 0.010582192663458492 -0.010586219228061881 0.01440981406999277 -0.00082225892461418142 0.0010747831445482889 0.0033588110198886794 -0.00090525267822566915 -0.016862507166221057 -0.016336874519675457 -0.0061845396821699943 -0.004088387465660228 -0.00016738732793893912 0.011091910910108164 0.012292330964624756 -1.7868166575216947e-05 0.0015051111596025844 -0.015474298978802236 0.016859605192205286 -0.02575147320347233 -0.12568500871496588 -0.012374052374923923 -0.016049942388173231 -0.030655578122632334 0.020061403972871747 -0.0036585042973169774 -0.0052742609950312347 0.03465705734603191 -0.0013614547663002403 0.030208608162158101 -0.054343241270321974 -0.025019620854528257 0.0095941626961629622 -0.00092228067470924132 0.018562196863352153 -0.0076459712438168986 0.015393855718156484 0.038867492864551267 -0.0064632486038294539 -0.0054305065103430541 -0.00131443745094706 -0.057518228112524154 -0.023377996969468146 0.048513763096625535 0.012666484008853857 0.0055495952394736172 -0.0016427818758543028 -0.0512916098032088 0.0020349131319111701 -0.00098390642393671613 0.0065852231829281243 -0.12993712208081509 -0.037870240934893516 0.0080719311846562114 -0.012437412163434405 -0.06960319522476334 0.0034298554698626543 0.015965590370692343 0.012480038784185681
leaf_weight=22.092382696162531 5380.2492001845349 10046.282570115822 1050.5081219028471 43.216623011143383 1106.4828775191727 8835.666499665007 1022.3132825494886 2515.4953660278552 7525.355537485415 2006.4865446818294 65.95885432412615 196.12403197816275 120.07438311737678 12398.853861534924 11500.710326938388 207.77821569264052 3389.0625130378867 29.435818293364719 4693.3494222550362 12391.5287238535 346.96264152381627 1289.4572270786484 21.757835934637114 15.145118535496293 1543.3161894422519 1199.514183035164 563.32672021660255 843.69443555607177 11959.304407882526 2065.5225002263323 298.04703952024283 8743.5161063206197 38.248636427393649 17.884007622720674 129.1440792226349 4174.4433508734401 571.82928541197907 354.54639850684907 91.66758470388595 1400.9335251579905 23.576837713946588 104.26267723209457 83.320671563502401 775.50133501648088 93.736606094869785 70.960312916315161 45.694810734317798 256.46161914582262 861.55267015667414 858.09302629947706 52.307808285011561 3915.8938026339893 254.42095235330635 1789.4680634772449 4.0908742519095531 25.677296168869361 238.14973391482636 59.967722123808926 15.849087957525624 2714.5667620961976 339.50982732744887 1411.589830626599
leaf_count=105337 225876 228313 157038 59998 27879 1644064 17345 67438 242321 70017 36141 10725 4129 1159259 1084862 4620 53168 747 321247 464519 46575 24555 434 272 486048 432830 353908 13828 779487 309570 4372 475142 2048 579 5334 87867 15015 10069 1636 20993 703 3288 2541 23784 4733 1890 820 4502 17037 18762 1198 147540 8910 53695 332 878 8614 2820 553 74571 7469 39534
internal_value=1.03919e-11 0.00484315 -0.00502296 -0.0069406 0.00339487 -0.00893804 0.0106165 0.00667344 -0.00200534 -0.00301673 -0.0169355 0.00170058 0.00109 -0.00777302 -0.00412122 0.0078449 0.00712251 0.00588495 -0.00328782 0.00224032 -0.0028367 0.0134545 0.0054252 -0.0667646 -0.0165113 -0.0200027 -0.0275373 0.0194018 -0.00390968 -0.00957973 0.0238715 -0.00170153 -0.0039747 0.00693807 0.00488914 0.00932141 -0.00536186 0.00661001 0.00896891 0.0139789 -0.00357483 0.00107332 0.000754998 -0.00832647 -0.0302517 -0.0428088 0.0106494 0.0180876 0.000583157 -0.0039696 -0.0283951 0.00430451 0.00657215 0.00372426 -0.00552313 0.00595635 -0.000109741 -0.0297912 -0.0243876 0.005501 0.010696 0.0104239
internal_weight=134210 68328 65882 40282.9 54625 26694.3 13702.9 18611.1 25599.1 13588.7 3394.21 36013.9 30633.6 23300 11582.2 16095.6 14259.3 10870.3 18073.7 21694 17023.2 1836.29 546.838 36.903 3372.12 1828.8 629.286 2164.05 12329.8 10901.2 1141.74 8939.64 11539 9068.9 4876.57 4192.33 700.973 4175.6 11538.9 1492.6 11982.9 13858.8 13415 1023.52 248.018 164.697 509.935 302.156 1801.39 939.837 81.7436 7835.18 3919.29 2253.28 438.132 1815.15 358.224 79.9077 75.8168 3821.05 443.773 1666.01
internal_count=9479779 2188326 7291453 5744082 1901839 4527157 286487 414867 1547371 1216925 1414264 1486972 1261096 3112893 1146908 347429 312226 259058 1305050 775229 1148012 35203 10648 706 1308927 822879 390049 35545 826765 1953634 18200 485867 1086910 221314 132868 88446 20349 112519 250942 22629 780190 508224 497467 32948 9164 6623 9942 5322 37744 20707 1945 267005 119465 71021 16448 54573 12743 3705 3373 102450 10757 48444
is_linear=0
shrinkage=0.08


Tree=44
num_leaves=63
num_cat=0
split_feature=0 0 1 0 0 1 3 0 1 1 0 1 1 0 7 4 4 0 1 0 4 0 1 0 1 0 6 0 7 6 1 4 4 0 4 6 4 1 7 1 0 7 1 3 7 1 6 6 6 7 6 4 1 4 3 1 6 3 6 7 4 6
split_gain=462.406 84.3132 91.5621 54.4322 51.982 44.6569 44.1378 34.5474 27.999 23.7505 21.344 35.0686 19.8353 15.323 14.3456 13.1839 12.4496 11.9881 14.7964 11.6394 9.10908 9.04973 8.67504 10.9008 7.92635 7.87208 7.40096 6.72836 6.27102 6.12808 5.92946 5.80749 5.77578 5.64397 5.61607 5.54537 6.62861 9.06419 5.52284 5.41897 6.56232 5.75156 5.37666 5.37208 9.74246 5.26491 5.18465 10.1386 5.14269 5.09483 5.04895 5.04653 5.01912 5.01362 5.07086 5.01124 4.93596 4.84768 4.83528 4.80923 5.37208 4.72667
threshold=2.5000000000000004 13.500000000000002 14.500000000000002 5.5000000000000009 1.5000000000000002 6.5000000000000009 28.500000000000004 6.5000000000000009 7.5000000000000009 27.500000000000004 33.500000000000007 37.500000000000007 26.500000000000004 3.5000000000000004 1.0000000180025095e-35 72837.500000000015 4578.5000000000009 7.5000000000000009 9.5000000000000018 3.5000000000000004 7032.0000000000009 24.500000000000004 21.500000000000004 20.500000000000004 9.5000000000000018 1.0000000180025095e-35 12.500000000000002 10.500000000000002 20.500000000000004 10.500000000000002 9.5000000000000018 426007.50000000006 1090.0000000000002 4.5000000000000009 9121.5000000000018 84.500000000000014 1328.0000000000002 7.5000000000000009 13.500000000000002 66.500000000000014 50.500000000000007 3.5000000000000004 3.5000000000000004 29.500000000000004 19.500000000000004 26.500000000000004 115.50000000000001 114.50000000000001 56.500000000000007 20.500000000000004 119.50000000000001 37.500000000000007 6.5000000000000009 253302.00000000003 10.500000000000002 8.5000000000000018 120.50000000000001 1.0000000180025095e-35 1.5000000000000002 4.5000000000000009 426007.50000000006 3.5000000000000004
decision_type=2 2 2 2 2 2 2 2 2 2 2 2 2 2 2 2 2 2 2 2 2 2 2 2 2 2 2 2 2 2 2 2 2 2 2 2 2 2 2 2 2 2 2 2 2 2 2 2 2 2 2 2 2 2 2 2 2 2 2 2 2 2
left_child=4 2 3 5 6 13 12 33 29 27 11 22 14 42 -1 25 28 18 26 -7 24 -13 50 34 -16 -8 -5 -9 -14 57 -21 51 38 -4 -24 59 37 -37 55 40 -12 -41 -2 44 -44 -25 47 49 -11 -27 -3 -31 -38 54 -18 -28 -48 -6 -15 60 -34 -19
right_child=1 10 7 17 8 19 15 9 -10 48 39 21 16 58 20 -17 53 61 -20 30 -22 -23 23 45 -26 46 32 -29 -30 31 -32 -33 35 -35 -36 36 52 -39 -40 41 -42 -43 43 -45 -46 -47 56 -49 -50 -51 -52 -53 -54 -55 -56 -57 -58 -59 -60 -61 -62 -63
leaf_value=-0.081563006724843706 0.010917827198183632 0.02824162132719495 -0.0035689994250369286 -0.015876784018446929 -0.080161705152179172 -0.00067072899832496013 -0.081633450372435593 0.0050145566174332771 -0.0046927176434842016 0.0026021516500566171 0.026563338162845573 0.0036063165215617673 -0.020805445807555011 0.061391878579322344 -0.0077712037982184635 0.0030989327003821641 -0.013263955081965864 -0.011212045556212833 0.0064749075814634549 0.0063184487272217454 -0.0061015041626546933 0.011488685247459041 0.0069288870545309291 0.041358348123011972 -0.01213246309968893 -0.0037970068366608416 0.049392527542227692 0.01058761060654362 0.026493087946080497 -0.020083783999892201 0.0019226763192434528 0.011719160412829884 0.0103597583543504 -0.00049621575268469879 0.015336211958908413 -0.083531451723022468 0.029093088571135458 0.016607824029621458 0.013664864281414198 -0.013764784068825194 0.070273158752089615 0.01924293394360839 0.0082314349956391017 0.0016943737921842207 -0.016664696244355761 0.020665724739714179 -0.012417769967627872 0.0091449863314595221 -0.0019682642056218602 0.024867435690900802 0.0061014109418161934 0.00075172211914982371 0.0076497306703712407 0.01404179762474872 -0.0018367128837711731 0.015940836167461336 -0.0040430181472378441 -0.0086148188167835295 0.01318540550475699 0.025630995110660949 0.032705058946561269 0.018175851788666032
leaf_weight=16.833458321012586 1451.9268002552562 513.19610058607122 8882.7088325605728 45.115630658112877 6.1707941065524201 6105.1834817880517 8.3362838856264698 4934.288304263242 12417.469377177731 2618.7271132551832 467.449964445761 3292.0573143957881 1381.3597334866863 13.369292247109113 7916.7816926694559 2010.2603229875676 1031.2102611277151 35.574014434125274 2415.1322181229298 3694.641716093196 11730.375269821865 1300.4115832059179 876.02130410203245 90.250143723824294 4021.9822156582377 9270.2060271010196 93.569442355103092 1928.248902609077 18.176076358926366 74.849289650446735 4192.4745267330873 309.57222637929954 431.89664190550684 6719.6164210833886 1212.0966129688313 11.443079553544523 81.818583929692977 11.699597536586223 91.275438487155498 36.037756676785648 23.067409624893116 540.68259124062024 2892.230575581656 1661.9216524241419 104.22201281574962 614.55612250191098 813.35039846674772 412.33397565633641 3955.7715191592288 39.855267343984451 75.635459869445185 12356.531645929857 477.92363629847114 55.402079021005193 327.44744221522706 41.316195077029988 1009.3666426459677 340.146156288356 3373.4626290195083 398.7385020402362 81.917434576782398 2276.294032746202
leaf_count=82487 19216 9073 722152 671 185 180208 39009 100587 1238776 96346 7890 80791 982907 113 708746 70017 497649 588 41206 62110 1004601 23199 15294 1807 1105891 913807 1219 31206 6383 2862 96103 3819 6468 317132 19563 104 1122 155 1358 676 370 7963 45652 26079 1862 9937 73049 16577 163016 2246 1390 290563 6995 5864 132629 587 102220 11166 46236 5358 1186 35338
internal_value=-2.54467e-11 0.00461885 0.00351683 0.00661777 -0.00479467 0.00482556 -0.00659192 0.000315103 -0.00197153 0.00328846 0.0118128 0.0103908 -0.00849165 0.00905952 -0.0077373 -0.0028804 -0.0148421 0.0131007 0.0105449 0.00195181 -0.00768479 0.0058383 0.0165732 0.0147128 -0.00924044 -0.00392078 0.0161087 0.00658048 -0.0201912 0.000610394 0.00398183 0.0008958 0.0169469 -0.00224561 0.0118091 0.0151449 0.00904945 -0.0329068 0.0288622 0.0224377 0.0286189 0.0171804 0.00666713 0.00534227 0.0073655 0.0233154 -0.00386467 -0.00313062 -0.000147795 -0.0036743 0.0253977 0.000626272 0.0107841 -0.00954798 -0.0105099 0.0391461 -0.00778008 -0.00988967 0.0133757 0.0190384 0.0139223 0.0177236
internal_weight=133632 68064 59022.5 29983.1 65568 23489.4 40063.3 29039.4 25504.7 13437 9041.46 7974.22 26499.6 9497.13 23686 13563.7 2813.6 6493.71 4181.85 13992.3 23669.1 4592.47 3381.76 2792.92 11938.8 11553.4 1766.71 6862.54 1399.54 13087.3 7887.12 12741 1721.6 15602.3 2088.12 1495.44 582.885 23.1427 226.161 1067.24 490.517 576.72 6110.3 4658.37 2996.45 704.806 11545.1 9722.4 6574.5 9310.06 588.832 12431.4 559.742 1414.06 1358.66 134.886 1822.72 346.317 3386.83 912.553 513.814 2311.87
internal_count=9479779 2188326 2010373 579934 7291453 477579 5744082 1430439 1547371 391155 177953 161054 4527157 139158 2901725 1216925 1625432 102355 66429 338421 2819238 103990 57064 46601 1814637 1146908 25223 131793 989290 308595 158213 297244 24552 1039284 34857 21388 8376 259 3164 16899 8260 8639 92809 73593 47514 11744 1107899 932630 259362 916053 10463 293425 8117 636142 630278 1806 175269 11351 46349 13012 7654 35926
is_linear=0
shrinkage=0.08


Tree=45
num_leaves=63
num_cat=0
split_feature=2 2 2 5 5 3 2 5 2 3 5 6 5 3 2 4 7 5 4 5 4 2 5 4 5 5 2 5 2 5 7 7 5 4 5 4 2 6 4 3 4 2 5 4 6 7 5 6 4 2 2 3 7 7 3 7 6 6 4 6 5 6
split_gain=600.656 106.968 102.707 26.0251 25.3522 24.4455 20.8657 16.7802 14.812 12.9473 11.8675 11.6431 11.5241 11.1663 10.2369 9.8444 9.75756 9.70608 8.54402 8.42422 9.41749 7.50798 7.42467 10.1055 7.39781 7.14586 7.01235 7.0103 6.86351 6.22066 6.98088 23.0016 8.47694 6.02195 17.4285 5.93263 5.92012 5.87013 5.78774 5.97055 6.52981 6.8231 5.67786 5.71225 5.58244 5.54148 5.45524 9.12416 6.46553 5.80887 6.97253 6.18767 5.35603 5.33348 5.32792 5.30021 5.23153 5.24645 5.20822 6.31572 5.45463 5.13669
threshold=0.44543650746345526 0.75140449404716503 0.20722186565399173 0.14160569757223132 0.61269941926002514 13.500000000000002 0.073350071907043471 0.66562321782112133 0.57294833660125744 21.500000000000004 0.48426434397697454 1.5000000000000002 0.758103907108307 7.5000000000000009 0.35781671106815344 46038.000000000007 20.500000000000004 0.37723660469055181 320.50000000000006 0.21313631534576419 85.500000000000014 0.67006802558898937 0.63058349490165722 60148.500000000007 0.65160736441612255 0.38895379006862646 0.016807910054922107 0.81119626760482799 0.88303694128990184 0.48149947822093969 17.500000000000004 16.500000000000004 0.66961058974266063 49295.000000000007 0.68990877270698558 6003.5000000000009 0.25126262009143835 56.500000000000007 6740.5000000000009 28.500000000000004 7217.5000000000009 0.66069716215133678 0.79679140448570263 74166.000000000015 49.500000000000007 17.500000000000004 0.71551167964935314 122.50000000000001 238.50000000000003 0.6012820601463319 0.64747309684753429 9.5000000000000018 13.500000000000002 20.500000000000004 5.5000000000000009 18.500000000000004 23.500000000000004 38.500000000000007 43038.000000000007 25.500000000000004 0.77774071693420421 129.50000000000003
decision_type=2 2 2 2 2 2 2 2 2 2 2 2 2 2 2 2 2 2 2 2 2 2 2 2 2 2 2 2 2 2 2 2 2 2 2 2 2 2 2 2 2 2 2 2 2 2 2 2 2 2 2 2 2 2 2 2 2 2 2 2 2 2
left_child=2 5 3 11 19 8 9 54 -2 17 -10 -1 21 -9 27 16 29 53 -13 20 -4 25 23 -17 -24 -7 -19 -6 58 37 31 -31 44 34 -26 -11 -21 52 45 -40 41 -41 43 -30 -32 -27 48 -48 56 -49 -51 -52 -8 -5 -3 -47 -12 -58 59 -15 -60 -38
right_child=1 7 4 6 14 12 15 13 10 35 46 18 -14 28 -16 22 -18 26 -20 36 -22 -23 24 -25 33 38 -28 -29 42 30 32 -33 -34 -35 -36 -37 61 -39 39 40 -42 -43 -44 -45 -46 55 47 49 -50 50 51 -53 -54 -55 -56 -57 57 -59 60 -61 -62 -63
leaf_value=-0.081510351050952681 0.0064485886283523934 0.023016648447286601 0.0025935997343723679 -0.018359149803089527 -0.00045314626113191831 -0.0091888381119824419 -0.0068262542167041853 0.027449232234648582 -0.0011194145559322896 -0.0071902253649628739 0.066962295704894412 -0.013921900813404015 0.0087980007096768852 -0.0094400976671082659 0.0034314140798548548 -0.0074705825941662638 0.013639108275958002 -0.019625482126952511 -0.045669795043965643 -0.0047714713949567472 -0.03298214288351925 0.0078905218589517632 -0.013466834197646034 0.0085632016440369309 0.035412825476403099 0.0061586729687272126 -0.0084775023809121296 0.0045011325140067796 0.021946940123600839 -0.0047052780618691203 -0.015162720268271916 0.014451168251382474 -0.00035389878047439562 -0.0031141643292260275 -0.0067429027004301343 0.0016883391260673264 -0.0014630769311746855 -0.0097170817890733611 0.0038350105521754436 -0.010682113385436582 -0.0011529831021887922 -0.066946216683851298 0.029761787236764082 0.0094779968057256813 -0.0077200362549477925 -0.022691243041879069 0.01701603182835398 -0.035177222148922327 0.010131171463230393 0.037244128314626111 -0.019612999003427563 0.028240534193078499 0.0020426077623046652 0.020587547437929545 0.01195283616306486 0.00089638902037983317 -0.018888738162554625 0.027879930250187708 0.0023313905428059599 0.020031169533858379 0.016776609973783555 -0.012628094088217183
leaf_weight=26.155389138344617 6326.9486407427939 307.24111069570836 77.935483133067464 945.12080677223275 18886.99857817221 330.89412396028638 1754.420518360097 1116.0935784187022 418.8496458777081 941.63090528426983 18.504079513368197 151.933003438382 3032.3046990951771 49.305490384809673 7742.9479209294077 365.21032548282528 171.19951561157359 378.014536867282 84.382510738651035 5817.8620583040902 122.43505082797492 1878.1603547230479 429.23148602707079 808.53320966707543 100.66060728474986 3717.2149582872953 8079.996663398837 2023.7795946673723 1019.0686686451918 19324.012793022252 882.7167153392802 409.65553937497316 761.37276482634479 6754.0200521712286 166.73043472017162 986.03773932029435 12608.081320099067 3813.001465489564 2234.9723775713028 50.69601504621096 2471.2952198343919 18.950731906108558 418.22500126996965 305.67150119990038 2394.7886203169473 65.716221475508064 2262.2296305767013 29.546795139554888 3451.0910936273685 30.783866254030727 65.288928098743781 23.52436190424487 579.83024178707274 23.052322047937196 2984.6834010940161 843.87853702544817 17.772373266052455 112.67028065957129 361.14084262565302 829.04026664166486 311.69500508297278 269.35473426035605
leaf_count=144386 112707 4332 11303 636466 543042 9267 284300 17400 8693 293598 242 105414 39344 754 147459 32048 9165 291042 84515 343866 22501 27043 32583 47547 4365 66828 2288765 32089 14699 1484070 83341 29482 45264 307406 8760 181378 478455 613724 41566 1004 44374 370 6636 4327 226361 1594 30526 522 55521 455 1083 346 73216 6272 44373 16833 320 1517 5353 11880 4797 12890
internal_value=-4.47588e-11 0.00897794 -0.00321979 -0.00573859 -0.00055361 0.00663661 -0.00560688 0.0173075 0.00919671 -0.0086226 0.0119007 -0.0308639 0.00440637 0.0205336 0.000946473 -0.00472247 -0.00540542 -0.00984427 -0.0252583 -0.00282836 -0.0191447 0.00325954 -0.00233962 0.00357429 -0.00327127 0.00236597 -0.00897574 2.6337e-05 0.0181905 -0.00551439 -0.00492781 -0.00430761 -0.00795807 -0.002648 0.00912682 -0.00264868 -0.00265349 -0.00778283 0.00277259 0.000819018 -0.0018338 -0.0259915 0.0216354 0.0190698 -0.00972454 0.00478913 0.0128079 0.0157525 0.0108355 -0.00341299 0.00443445 -0.00693783 -0.00462322 -0.0174318 0.0129854 -0.000807766 0.0271548 0.0215079 0.0143196 0.0183768 0.00902322 -0.00169661
internal_weight=132985 35103.5 97881.1 50331.7 47549.4 27401.3 50069.2 7702.16 12757.2 11353.9 6430.26 262.471 14644.1 4410.24 28653.7 38715.4 30091 9426.18 236.316 18895.7 200.371 11611.8 8624.39 1173.74 7450.64 9733.62 8458.01 20910.8 3294.15 29919.8 23772.5 19733.7 4038.88 7021.41 267.391 1927.67 18695.3 6147.25 9402.72 4775.91 2540.94 69.6467 1742.97 1324.74 3277.51 4626.81 6011.41 2411.37 3600.04 149.144 119.597 88.8133 2334.25 968.173 3291.92 909.595 148.947 130.443 1551.18 878.346 672.836 12877.4
internal_count=9479779 574706 8905073 7313468 1591605 460155 6979153 114551 211932 3697521 99225 334315 248223 65846 722590 3281632 2848923 3222545 189929 869015 33804 208879 432709 79595 353114 181836 2579807 575131 48446 2839758 1868518 1513552 354966 320531 13125 474976 835211 971240 172569 87314 45748 1374 25662 19026 309702 85255 90532 32932 57600 2406 1884 1429 357516 642738 48705 18427 2079 1837 22784 12634 10150 491345
is_linear=0
shrinkage=0.08


Tree=46
num_leaves=63
num_cat=0
split_feature=2 2 2 1 1 1 5 2 2 2 2 5 1 5 6 3 2 5 4 2 2 5 2 1 4 3 5 3 5 3 4 4 6 5 4 5 2 4 4 1 6 6 6 5 5 4 4 5 5 5 5 6 4 4 4 5 1 4 4 4 5 5
split_gain=545.442 98.188 92.4368 29.5507 27.5749 24.6581 22.5437 16.5424 16.3484 15.1414 11.5673 11.171 10.1342 10.0806 10.8562 9.62775 9.47555 9.27632 9.16421 9.06709 10.2867 8.97368 8.44824 11.667 7.91013 7.87666 7.15019 7.18607 6.93165 6.68096 6.51936 7.00095 6.3689 6.34728 8.72629 6.36258 6.27828 6.08233 6.04385 8.8601 5.98511 11.6115 5.86013 5.66757 5.57026 16.0159 5.54924 8.85129 5.37946 5.40687 5.33172 5.31838 5.9954 5.2418 5.22079 5.20497 5.01675 4.81822 4.6931 4.90707 5.72856 4.826
threshold=0.44543650746345526 0.75140449404716503 0.20722186565399173 6.5000000000000009 4.5000000000000009 13.500000000000002 0.28331096470355993 1.0000000180025095e-35 0.62563130259513866 0.073350071907043471 0.8760964870452882 0.58939334750175487 25.500000000000004 0.65551853179931652 116.50000000000001 18.500000000000004 0.29442724585533148 0.66562321782112133 28.500000000000004 0.013423423748463394 0.013072453904896976 0.76100599765777599 0.89564427733421337 4.5000000000000009 46038.000000000007 19.500000000000004 0.15310718119144442 12.500000000000002 0.29576784372329717 18.500000000000004 554.50000000000011 798.50000000000011 114.50000000000001 0.63058349490165722 60148.500000000007 0.65160736441612255 0.016807910054922107 686.50000000000011 7217.5000000000009 3.5000000000000004 115.50000000000001 114.50000000000001 129.50000000000003 0.66069462895393383 0.67935198545455944 50268.000000000007 141789.00000000003 0.69713348150253307 0.79679140448570263 0.7822885811328889 0.27036762237548834 41.500000000000007 369.50000000000006 1536.5000000000002 251.50000000000003 0.53957796096801769 66.500000000000014 322066.50000000006 903.50000000000011 1033.5000000000002 0.70438358187675487 0.6567898988723756
decision_type=2 2 2 2 2 2 2 2 2 2 2 2 2 2 2 2 2 2 2 2 2 2 2 2 2 2 2 2 2 2 2 2 2 2 2 2 2 2 2 2 2 2 2 2 2 2 2 2 2 2 2 2 2 2 2 2 2 2 2 2 2 2
left_child=2 3 6 13 21 17 7 -1 25 15 -7 12 42 -2 30 36 48 38 -9 20 -17 28 -19 54 40 -5 -20 -28 -4 -18 51 32 37 34 56 -35 -8 -32 55 43 41 -11 -6 -40 45 -37 -46 -48 49 -13 -27 -15 -53 -21 -24 -3 -26 -10 -33 60 -60 -61
right_child=1 5 4 8 11 10 9 18 57 24 -12 16 -14 14 -16 19 29 22 26 53 -22 -23 23 -25 33 50 27 -29 -30 -31 31 58 -34 35 -36 44 -38 -39 39 -41 -42 -43 -44 -45 46 -47 47 -49 -50 -51 -52 52 -54 -55 -56 -57 -58 -59 59 61 -62 -63
leaf_value=-0.081375319069675461 0.0011319840812447413 0.008058834103917863 -0.016526616422691175 0.0084691828265699796 -0.0023273594284958549 0.021153780417572633 -0.018716614290270356 0.0048863077158368996 0.01203875315729956 -0.0048682462433366439 0.036277513060819645 -0.0006834904730414229 0.0040511437175503786 0.045868018425175405 -0.0026674525594139759 0.094624973074943108 0.0040883655124891501 0.012576199517165732 -0.029498088065414523 -0.010193760561490676 0.62215271875815203 0.0019201534470347187 -0.041529604684627665 0.028537680989036238 -0.0091694616399514949 -0.071486465080637246 -0.019850028619311299 -0.0070564936403285537 -0.0041939053115726483 0.00049263491062322368 0.0090501450642121901 0.046490499695827268 -0.094037659576726662 -0.012658762989543946 0.007763116709453689 0.032963660337143146 -0.0085514624925069355 -0.047762273004241136 -0.0052838484058861761 0.010045701805028524 -0.0075688291717362155 0.004251632488612391 -0.015873709951349037 -0.064408473222561421 -0.0056902196754299158 -0.00053800622362452769 0.011764798462622277 -0.0024281587653177867 0.0054648451428901271 -0.01347420697252486 0.0039077222244776558 -0.0055970768094229786 0.037203845024384251 -0.0012342697389496197 0.016081740256935942 0.016859160078707216 0.036523366799089914 0.021566491152349938 -0.051134769885055401 0.038842459976708432 0.026881426362365138 0.0068303915977762928
leaf_weight=23.716908478501864 6152.5316432455747 684.32248572435719 299.75629939876126 7494.4559213910761 8558.1400332890189 1104.5811423072664 408.3857568176918 147.60734275927098 3964.3912224932283 23292.29345833301 457.80958951109824 8389.7959339245863 1728.67982459825 48.04547128174454 842.68834311309183 1.8633378594586241 9631.5068669323082 1421.1979051893886 214.61503173561869 548.3907941133657 0.27097560465335835 1578.1075399005786 10.161145052872596 741.85415227724297 346.96936586720403 6.0140613326802841 571.78866373797064 552.50138222560054 10819.368679190613 5036.3664039336145 33.672905068844557 19.177400639746338 6.7163670416921368 424.01852997456444 816.44233395339688 103.25277480948716 8133.0339589770883 18.79054991947487 213.60837296184036 720.22163276145875 4959.4259345110913 929.1288176515809 209.3822327562375 10.906015887274405 3251.8475949967979 790.70731555408565 316.1697859428823 2543.7335777100343 909.09902648767456 216.9830419474747 3275.9198737756815 49.22235477110371 36.46066753793275 1756.5922218658234 1086.6218379190032 1157.9775196268979 16.091433672816493 371.52816282678396 19.149709704332057 30.328082874417305 8.7878461005166155 4853.3561144289688
leaf_count=144346 125310 10446 58573 127479 325108 18637 334517 66954 60528 2143381 9526 263231 59259 569 13227 1344 202268 20207 182597 173957 267 29664 161 11657 31179 202 293429 189787 512324 109669 436 251 74 32583 47547 4365 2459690 244 3203 10639 464773 44174 9730 177 170602 49191 12458 83915 16105 5674 57065 733 462 381543 14338 15560 869 5223 304 405 130 67513
internal_value=-4.96491e-12 0.00859198 -0.00306942 0.00634699 -0.000535475 0.0166261 -0.00546333 -0.0150892 0.00870696 -0.00516444 0.0255853 0.00063235 -0.00154707 0.0034041 0.0057471 -0.00779887 0.00157826 0.0143112 -0.0140317 -0.00321326 0.161601 -0.00372515 0.0172085 0.0207891 -0.00440817 0.00703792 -0.0161173 -0.013563 -0.00452638 0.00285373 0.00713103 0.00666387 -0.0206882 -0.00227729 0.0031745 -0.00314278 -0.00903748 -0.011298 0.0109225 0.00572014 -0.00503684 -0.00451841 -0.00265087 -0.00815589 -0.00256683 0.00333145 -0.00342956 -0.00085909 -0.000387766 -0.00100595 0.00376956 0.0245627 0.012616 -0.00336587 0.015548 0.0135903 -0.00714428 0.0128551 0.00699216 0.00683794 -0.0265945 0.00702919
internal_weight=132367 34840.5 97526 27231.2 47377.2 7609.26 50148.8 1510.23 15112.3 48638.6 1562.39 34680 10496.2 12118.9 5966.4 10848.5 24183.8 6046.87 1486.51 2307.12 2.13431 12697.2 3259.84 1838.64 37790.1 10776.4 1338.91 1124.29 11119.1 14667.9 5123.71 4989.98 59.1798 8609.23 1179.5 7429.73 8541.42 52.4635 2787.04 944.736 29180.8 24221.4 8767.52 224.514 7005.71 893.96 6111.75 2859.9 9515.88 8606.78 3281.93 133.728 85.683 2304.98 1096.78 1842.3 363.061 4335.92 4930.8 4911.62 27.9376 4883.68
internal_count=9479779 574706 8905073 460155 1591605 114551 7313468 877113 250497 6436355 28163 991044 394097 209658 84348 3351318 596947 86388 732767 557111 1611 600561 46363 26156 3085037 184746 665813 483216 570897 311937 71121 69357 754 432709 79595 353114 2794207 680 40025 14019 2652328 2187555 334838 3380 320531 53556 266975 96373 285010 268905 57267 1764 1195 555500 14499 26006 32048 65751 68603 68352 434 67918
is_linear=0
shrinkage=0.08


Tree=47
num_leaves=63
num_cat=0
split_feature=2 2 2 0 0 3 0 5 2 0 2 5 5 0 3 2 5 6 7 3 2 5 2 5 5 3 6 6 5 7 6 3 5 7 7 6 5 5 7 2 3 5 6 5 5 2 3 7 7 5 6 5 5 5 7 7 3 5 6 6 3 7
split_gain=492.38 90.2866 82.705 31.8715 26.5615 33.5744 26.2718 21.0155 19.8227 19.4739 14.8073 12.1316 10.9265 10.7245 9.73431 8.95407 8.8681 8.33649 7.68533 6.76715 6.7984 6.64914 6.32494 6.14926 6.14195 5.8283 7.11576 5.87226 5.81057 5.71683 5.63722 5.54148 5.54105 5.51087 5.4313 5.42718 5.36198 5.23812 5.21472 5.10728 5.00855 6.03884 5.3006 4.95313 4.86076 4.82519 5.41615 4.77518 8.8815 7.9635 4.78937 8.74164 6.29557 4.92681 4.68035 4.67223 4.56269 7.22044 6.05307 6.6795 5.38126 4.58201
threshold=0.44543650746345526 0.75140449404716503 0.25126262009143835 3.5000000000000004 1.5000000000000002 29.500000000000004 5.5000000000000009 0.39415359497070318 0.92365968227386486 3.5000000000000004 0.62563130259513866 0.76478019356727611 0.55598032474517833 1.0000000180025095e-35 9.5000000000000018 0.14763412624597552 0.83056166768074047 21.500000000000004 20.500000000000004 6.5000000000000009 0.55625879764556896 0.41619303822517401 0.027212143875658516 0.83294382691383373 0.10704734176397325 12.500000000000002 23.500000000000004 27.500000000000004 0.24477025121450427 7.5000000000000009 115.50000000000001 28.500000000000004 0.84517383575439464 4.5000000000000009 8.5000000000000018 129.50000000000003 0.14160569757223132 0.5673828423023225 20.500000000000004 0.32466214895248419 3.5000000000000004 0.70135679841041576 52.500000000000007 0.6156316101551057 0.41055466234683996 0.74239632487297069 7.5000000000000009 6.5000000000000009 7.5000000000000009 0.75467449426651012 57.500000000000007 0.56417635083198558 0.79679140448570263 0.5795082449913026 12.500000000000002 5.5000000000000009 18.500000000000004 0.83056166768074047 8.5000000000000018 22.500000000000004 23.500000000000004 19.500000000000004
decision_type=2 2 2 2 2 2 2 2 2 2 2 2 2 2 2 2 2 2 2 2 2 2 2 2 2 2 2 2 2 2 2 2 2 2 2 2 2 2 2 2 2 2 2 2 2 2 2 2 2 2 2 2 2 2 2 2 2 2 2 2 2 2
left_child=2 3 4 12 5 7 21 13 14 11 19 28 29 -1 17 38 24 -8 36 20 -5 34 43 31 -7 26 -11 -28 54 -2 -30 33 -17 -14 -3 -33 -15 44 -6 -29 -22 42 -42 -9 -10 46 55 50 -49 -50 51 -23 -52 -53 -4 -35 -12 58 60 -60 -58 -61
right_child=1 6 9 10 15 16 8 22 37 25 56 -13 23 18 -16 32 -18 -19 -20 -21 40 47 -24 -25 -26 -27 27 39 30 -31 -32 35 -34 45 -36 -37 -38 -39 -40 -41 41 -43 -44 -45 -46 -47 -48 48 49 -51 52 53 -54 -55 -56 -57 57 -59 59 61 -62 -63
leaf_value=-0.081267545519910167 0.0026207351396401023 0.013665475016409214 -0.00023070113565906987 0.0072914827972258827 -0.0046536994949016091 -0.038133697287137877 -0.0056024173028439306 -0.017097304527292009 0.063718859236502445 -0.0040312951908347324 0.013679347423005157 0.0037795545096675847 0.0024585289126363473 -0.029544332318244923 0.013398246243840378 -0.0018653773762143801 0.010715837391073589 0.024794890895272998 0.016525011039576383 0.0054843231360128331 0.023317325190081072 0.03209173674005001 -0.0067268006036792505 0.01411517874981371 -0.0026479406019269416 0.00045806315101839954 0.0084368329898714851 0.00053779182937620598 -0.0014712880043099043 -0.0050499856708820434 -0.0055942053468302777 0.0012283020833765545 0.025970500877190217 0.052982608057075997 -0.023247979605469666 -0.074005790326039392 -0.014247267516911046 0.033263084558612967 0.015871289402463427 0.0049802875664055014 0.01725664688879263 0.019993173044854772 -0.0048486733780417051 -0.0068727680378936886 0.0099791639750812806 0.015268271396458736 0.0034865151830655028 0.023400857178322552 0.0085919322375617429 0.022910716151881311 0.0033861957836478309 -0.025832930387413314 0.095834708437812707 0.01059543182913837 -0.02813242008208015 0.010771086235878899 0.019053137202292115 0.025133260410294685 0.028813139759351989 0.0058895704583465103 -0.052028579641333804 0.031235442757843412
leaf_weight=15.555127645784522 1074.2565428363832 42.696089209055117 62.666154567090416 1830.8735490140825 13206.813249757677 31.319393697282067 61.087455007829703 695.66426060038793 11.966086799489856 716.53071237925906 3279.4484227105058 2421.2335686575825 2320.7202808357179 157.41702718095257 1603.0364813123033 18020.049917456708 322.92564074334223 1054.4174058637727 49.630770895222668 7981.4911460922067 346.84297910373425 126.89652474227478 18847.232131786368 378.08155704394449 9463.446123934511 6132.4271347267058 1727.8540697555291 2739.2574740282726 12931.204897774707 1476.4199142721482 2539.2093697708333 3209.4126071527062 45.884534765034914 17.162597352638841 63.377056762368738 6.1483153910376123 2144.5444792846683 806.29230772311575 79.699910841824021 4188.9175516341784 110.01448208256625 259.71945421335113 188.16596306255087 537.53373603476211 107.94072406736086 455.9899666304409 1521.2252631097581 530.62853882400941 1256.2615938800627 309.9059987767605 743.77240963809891 24.535154524608515 4.7443453297018996 753.16986657466623 99.678127946099266 756.66463322478376 10.276749412529172 157.16448631312232 92.004284391645342 1539.1025319828186 20.24276383407414 47.043236077995971
leaf_count=106842 23590 674 7516 30827 1668618 55831 1041 509928 185 20936 50445 39521 38566 153625 26272 808374 7058 17805 10940 140302 4777 1714 2435764 4414 974810 151581 33731 77906 450831 36151 94395 50716 1007 142 1139 113 936154 14406 4668 90343 1777 3726 3337 248806 1841 5675 26041 6723 17391 4044 10498 315 39 10464 15888 11686 169 2080 1411 23065 435 710
internal_value=-5.35371e-12 0.00819839 -0.0029173 0.00604693 -0.00461238 -0.00622375 0.0159654 -0.00793041 0.0208353 0.000296059 0.00835482 -0.00148986 0.00278298 -0.0150598 0.0173916 -0.0029541 -0.00232158 0.0231303 -0.0146218 0.00666122 0.010095 0.0113623 -0.00708998 0.00413769 -0.00276499 0.00237558 0.0036302 0.0042644 -0.00230599 -0.00181934 -0.002148 0.0036825 -0.00179468 0.00532969 -0.00838974 0.00108445 -0.0152933 0.030943 -0.00453058 0.00322382 0.0157682 0.011075 0.00330714 -0.0126406 0.0153421 0.00775174 0.00625833 0.0119211 0.0144559 0.0114253 0.00870591 0.0126229 0.00397216 0.00944618 -0.0173621 0.0117073 0.0118824 0.00872407 0.00721474 0.00785687 -0.0280934 0.0066413
internal_weight=131756 34579.2 97176.7 27078.5 63617.7 32265.3 7500.73 22447.6 3644.74 33559 15862.4 18054 11216.1 2367.15 2718.54 31352.4 9817.69 1115.5 2351.59 10717.1 2735.62 3855.99 20080.4 8665.41 9494.77 15505 9372.56 8656.03 15632.8 2550.68 15470.4 8287.32 18065.9 5071.76 106.073 3215.56 2301.96 926.199 13286.5 6928.18 904.743 557.9 298.18 1233.2 119.907 2751.04 2295.05 3749.91 2096.8 1566.17 1653.12 904.602 748.517 777.705 162.344 773.827 5145.28 1865.83 1708.67 1678.15 30.5195 1586.15
internal_count=9479779 574706 8905073 460155 7922425 5439758 114551 4402059 61550 982648 263061 608151 197094 1207561 45118 2482667 1037699 18846 1100719 184746 44444 53001 3194498 137353 1030641 374497 222916 201980 568630 59741 545226 132939 809381 82110 1813 50829 1089779 16432 1673286 168249 13617 8840 5114 758734 2026 43544 37869 51188 28158 21435 23030 12493 10537 10779 23404 11828 78315 27870 25790 25186 604 23775
is_linear=0
shrinkage=0.08


Tree=48
num_leaves=63
num_cat=0
split_feature=2 2 2 0 0 5 0 0 2 2 5 3 5 0 3 2 0 3 5 4 4 5 1 2 3 4 4 4 1 5 4 1 4 4 4 4 2 5 4 2 4 4 3 5 5 0 2 5 4 5 4 4 4 3 4 4 3 3 4 2 4 2
split_gain=446.791 107.881 56.9441 25.5548 23.3355 23.2315 21.1991 16.6659 15.3694 12.4269 12.1009 12.0056 10.2782 9.74599 10.4575 8.23849 8.17892 7.78571 7.24692 7.73945 7.49266 7.22602 6.74258 6.66385 6.30847 10.475 8.11865 6.18151 5.99659 5.95848 7.65535 5.66969 5.61625 5.3589 5.35693 5.11023 6.27972 6.01956 10.4702 6.84329 5.76128 6.18912 5.10594 5.0282 4.90537 4.75357 4.87701 4.96677 7.25406 4.49927 4.55271 4.4981 4.45078 4.416 9.07409 5.90176 4.31023 4.13308 7.98788 6.45032 5.19184 5.59324
threshold=0.5025252401828767 0.25126262009143835 0.80178570747375499 3.5000000000000004 6.5000000000000009 0.46399958431720739 6.5000000000000009 1.0000000180025095e-35 0.13284314423799518 0.92980295419693004 0.59054526686668407 26.500000000000004 0.71551167964935314 3.5000000000000004 18.500000000000004 0.64747309684753429 1.5000000000000002 12.500000000000002 0.43441589176654821 105.50000000000001 6257.5000000000009 0.83294382691383373 13.500000000000002 0.38529014587402349 29.500000000000004 554.50000000000011 322066.50000000006 6573.5000000000009 59.500000000000007 0.29576784372329717 1033.5000000000002 6.5000000000000009 173.50000000000003 1627.5000000000002 20.500000000000004 39079.500000000007 0.032433379441499717 0.63058349490165722 63017.500000000007 0.10733487084507944 53248.000000000007 72837.500000000015 11.500000000000002 0.60450911521911632 0.84517383575439464 3.5000000000000004 0.99375000596046459 0.52258428931236278 2535.5000000000005 0.24477025121450427 1328.0000000000002 1210.5000000000002 28.500000000000004 17.500000000000004 637.50000000000011 173.50000000000003 8.5000000000000018 28.500000000000004 63017.500000000007 0.70106381177902233 23316.000000000004 0.5838744342327119
decision_type=2 2 2 2 2 2 2 2 2 2 2 2 2 2 2 2 2 2 2 2 2 2 2 2 2 2 2 2 2 2 2 2 2 2 2 2 2 2 2 2 2 2 2 2 2 2 2 2 2 2 2 2 2 2 2 2 2 2 2 2 2 2
left_child=1 5 6 10 45 7 12 -1 11 22 49 35 18 14 29 28 24 23 19 -2 -20 33 -6 -5 34 -26 -27 -22 -8 30 52 -28 -13 -12 -10 36 -7 38 -37 -40 -39 -42 43 -17 -18 -4 -47 48 -48 50 -3 -49 -9 -14 55 -55 -50 60 59 -59 -29 -62
right_child=2 3 4 17 9 8 15 13 16 -11 21 32 53 -15 -16 42 44 -19 20 -21 27 -23 -24 -25 25 26 31 57 -30 -31 -32 -33 -34 -35 -36 37 -38 40 39 -41 41 -43 -44 -45 -46 46 47 51 56 -51 -52 -53 -54 54 -56 -57 -58 58 -60 -61 61 -63
leaf_value=-0.081198286972290742 0.014620420001881304 -0.0099866453964052738 0.0090254229851637734 0.0025952133067018786 0.013755982151746813 -0.012113856139957625 0.0077348918509140075 0.0025604032162679364 -0.087541614400701684 0.032620119153599157 0.0045437746397098836 -0.023209837459337686 0.011914155013380088 -0.00072600424449443656 -0.0052694002361777948 0.0076699884096689706 -0.0015790715387666854 0.0010298675419243462 0.0069197414813830507 -0.0095460759376250585 -0.018640008200994054 0.0089232245101079841 0.024584690433555666 0.0064459156658625881 -0.015973108374941695 -0.0017057497771331557 0.019948968309123658 0.0083528398211753438 0.01971139122548167 -0.0096711639926355328 -0.026383232030053449 -0.021174468461044663 -0.0011744718831757956 -0.00054927234666560048 -0.0054700993471325197 -0.0059616398270483451 -0.0064532410788330731 0.0020364320352488281 0.017579166319384984 -0.0070168511739105086 -0.012814475502043583 -0.0047280701481682225 0.010484215347643471 0.018752779344672489 0.023062406826825376 0.0099847541721328637 0.016132004993266159 0.032888438534329024 -0.068803063624180927 -0.0032082660836263979 -0.042804429297343294 0.017803480738920172 -0.01447624461154667 -0.025049562295077977 0.00554743574111534 0.061078100749343486 -0.0094651068604323773 -0.0082887057850948957 0.0098860977207682037 0.0056976344916361381 -0.013551836470522912 0.0028909158617202637
leaf_weight=19.910794753744995 104.42699053743854 151.23712292354685 1399.7736345985059 6735.5023744211649 725.92915875824497 1401.3251298453397 4236.1885579414993 115.35998088322231 5.0931407026946536 636.96755737952822 1481.8445559160318 75.333239351995871 1690.0029441621864 1063.6286925257591 3160.6034132473214 320.93767709372332 18280.967956324908 8217.9604679451186 3889.0828881457528 451.55621722298383 91.292447707382962 606.33038993860828 746.37130673426145 5019.8513206816206 320.23130296514137 4715.1133179388416 173.02932764263824 1137.8475194599705 285.60077224351699 3871.2213174215431 336.94373086629639 24.493967947550118 4266.6589631703391 12273.617308319957 8044.5525635475788 478.64438234566478 11952.847788950472 580.44653449658654 299.55055214543245 95.469489605049603 785.96807940484723 2641.9210523688962 1621.5490153001847 1426.5640075347619 51.849931256845593 776.74345674398319 95.064125300468731 143.62535083436524 10.153413310647009 7873.0115091130829 32.947884618770331 1061.5458815632655 657.4739072808552 6.1509758876636615 1882.3985774211524 29.571768959052861 34.304941406706348 763.21189124457305 327.20074900984764 291.68834657192929 151.72502412181348 1039.6171255118534
leaf_count=144346 2129 18881 19216 171339 12163 786210 70376 53043 445 12326 37650 13674 22185 102156 665618 5344 814222 191192 63015 10819 1611 7745 13985 95048 22633 250424 2606 19564 4217 1088105 205958 534 523333 294075 460233 86458 1907921 68693 40913 6478 108012 230561 25421 22659 1162 11016 1368 1850 145 333131 5649 14651 338687 113 24330 290 545 13825 5052 4216 3012 17201
internal_value=3.9522e-11 -0.00228639 0.00953322 0.000837974 0.0166301 -0.00437488 0.00750964 -0.00808602 -0.00374315 0.0232844 -0.00101598 -0.00533737 0.00537119 -0.00792788 -0.00886874 0.0107226 -0.00260463 0.00291895 0.00381322 -0.00500703 0.00445078 0.000376139 0.0192455 0.00423957 -0.00411633 -0.00195395 -0.00104011 0.00192566 0.00849134 -0.0111526 -0.0163204 0.0148494 -0.00155678 -6.10003e-07 -0.00552203 -0.00623752 -0.00704724 -0.00402263 0.00199441 0.0116347 -0.00533411 -0.00658217 0.0137173 0.0167174 -0.00150938 0.012644 0.0150317 0.0179469 0.0036574 -0.00349742 -0.0158572 0.0196012 -0.0119332 0.00893249 0.00630544 0.0462481 -0.0230167 0.00243155 -0.0010342 -0.00442137 0.00448806 0.000796826
internal_weight=131188 105811 25377.1 42392.3 5630.48 63418.6 19746.6 9225.14 54193.5 2109.27 22419 22578.2 11855.8 9205.23 8141.6 7890.84 31615.3 19973.3 8247.65 555.983 7691.67 14361.8 1472.3 11755.4 13282.5 5232.87 4912.64 3802.58 4521.79 4981 1109.78 197.523 4341.99 13755.5 8049.65 18236.2 13354.2 4882 873.664 395.02 4008.34 3427.89 3369.05 1747.5 18332.8 3521.21 2121.44 1344.69 139.522 8057.2 184.185 1205.17 772.834 3608.12 1918.12 35.7227 44.4584 3711.29 1382.1 1054.9 2329.19 1191.34
internal_count=9479779 9077135 402644 1154710 87265 7922425 315379 2597913 5324512 38474 697131 3772253 187362 2453567 2351411 128017 1552259 457579 140444 12948 127496 339470 26148 266387 736875 276197 253564 64481 74593 1685793 597688 3140 537007 331725 460678 3235246 2694131 541115 133849 47391 407266 338573 53424 28003 815384 48791 29575 18559 2058 357661 24530 16501 391730 46918 24733 403 690 62870 23093 18041 39777 20213
is_linear=0
shrinkage=0.08


Tree=49
num_leaves=63
num_cat=0
split_feature=2 2 2 0 0 0 0 5 5 5 7 5 1 6 5 2 2 6 7 2 6 2 5 5 6 6 6 5 7 7 7 1 6 0 2 6 2 7 7 0 7 5 7 6 6 5 6 6 6 1 5 6 1 7 5 5 5 5 5 5 7 0
split_gain=402.157 96.7785 51.3375 22.4389 21.0631 20.6705 18.9377 18.5775 14.349 11.8073 11.3403 9.86907 8.87302 8.42686 8.37747 7.84091 7.74498 7.6697 7.01335 6.91569 6.40598 6.02842 5.95698 5.88899 6.52831 5.88268 5.48912 6.22684 5.46027 5.32856 6.11396 5.27177 5.02843 4.872 5.38541 4.868 8.01998 4.64904 4.64543 4.64394 4.48443 4.47731 4.37778 4.1437 10.6293 11.4948 6.35197 5.16173 11.7387 4.90731 4.63696 6.69064 4.511 4.43929 7.13545 4.29824 5.93401 4.61006 4.24749 4.08922 4.07924 4.69076
threshold=0.5025252401828767 0.25126262009143835 0.80178570747375499 3.5000000000000004 1.5000000000000002 11.500000000000002 6.5000000000000009 0.14160569757223132 0.54349327087402355 0.76100599765777599 20.500000000000004 0.71551167964935314 44.500000000000007 1.5000000000000002 0.75467449426651012 0.64747309684753429 0.9574275314807893 119.50000000000001 20.500000000000004 0.14763412624597552 131.50000000000003 0.35781671106815344 0.43441589176654821 0.36119444668293005 115.50000000000001 12.500000000000002 17.500000000000004 0.37723660469055181 5.5000000000000009 3.5000000000000004 17.500000000000004 59.500000000000007 33.500000000000007 3.5000000000000004 0.90205478668212902 25.500000000000004 0.88303694128990184 18.500000000000004 12.500000000000002 50.500000000000007 2.5000000000000004 1.0000000180025095e-35 20.500000000000004 117.50000000000001 114.50000000000001 0.60170263051986705 120.50000000000001 94.500000000000014 84.500000000000014 41.500000000000007 0.76478019356727611 87.500000000000014 6.5000000000000009 16.500000000000004 0.55869266390800487 0.73018604516983043 0.71551167964935314 0.73808741569519054 0.70944577455520641 0.84517383575439464 4.5000000000000009 6.5000000000000009
decision_type=2 2 2 2 2 2 2 2 2 2 2 2 2 2 2 2 2 2 2 2 2 2 2 2 2 2 2 2 2 2 2 2 2 2 2 2 2 2 2 2 2 2 2 2 2 2 2 2 2 2 2 2 2 2 2 2 2 2 2 2 2 2
left_child=1 4 6 9 7 14 11 13 10 23 12 20 -9 -1 33 31 37 -13 19 -6 22 42 -2 38 25 -25 27 -23 -15 32 43 -8 -10 -4 35 36 -35 39 -3 -7 -11 -30 -5 44 47 -46 49 48 53 -45 -50 -52 -53 -31 -55 56 58 -57 -47 -21 61 -16
right_child=2 3 5 21 18 16 15 8 29 40 -12 17 -14 28 60 -17 -18 -19 -20 59 -22 26 -24 24 -26 -27 -28 -29 41 30 -32 -33 -34 34 -36 -37 -38 -39 -40 -41 -42 -43 -44 46 45 55 -48 -49 50 -51 51 52 -54 54 -56 57 -58 -59 -60 -61 -62 -63
leaf_value=-0.081139140482801408 -0.0045205392153927311 -0.0015796797033320966 0.0070485076524188983 0.0010472270467202459 -0.004146433741587731 0.02380113354130195 0.0073205335378406988 -0.0077090365666705766 0.023815351428532933 0.084431267833797327 0.015192984739949683 0.010088209963817445 -0.019660244303916583 0.026005399002038875 0.010377510878915211 0.013150110731309433 0.043186575755894692 -0.00083332816109471378 0.015077026401128242 -0.0017906121245457355 0.057938399796039181 -0.045863316512950149 0.004093675693875397 -0.0086644413383233435 -0.0048053812606683021 -0.00042740064114431731 0.0043166871422813018 -0.0024220449129584436 0.0032343531728321272 -0.0039321353022818886 -0.0074131022779814013 0.018627324432155385 -0.0086167713671135172 -0.010556106662489104 0.01699863359315465 0.011624174541121857 0.042194173925269259 0.0052116107700587323 -0.013914144586978941 0.052474175602366273 0.0034096633870171374 -0.03274800257121236 0.039088179817005936 -0.0098629905787196905 0.055753581719070217 0.005858779706203323 -0.0032139239927431863 -0.0099533544499970841 0.0024228189658522855 -0.040938593722427481 0.026561452747599079 0.015437753087051241 -0.027250940914742991 0.036277621158064648 -0.00097979126924559049 -0.018386889602621709 0.02685182341281667 0.0024704189718145974 -0.061702568084809492 0.021944185701968807 0.024104430904236755 0.026477304555980654
leaf_weight=18.167208650840621 550.76675402052024 350.54477508272612 1065.905746332442 8469.5285657806107 13120.859996801613 756.94253040316107 4211.020662674513 9731.5180603765839 31.06416567901033 4.3779675830155602 134.41579002280196 3104.6421375265054 414.51809088447772 12.953531126811866 433.39887035622087 3333.3826877236461 146.14403257218055 474.40153144855867 141.8648512797663 17863.546142714757 13.865324427839367 22.139442790998146 7649.9391922598425 576.65527182799633 3025.8252373734067 14706.478695572514 10935.612072953683 457.49684953014366 25.719825388729078 10759.140485437369 2660.5389559391042 281.5565290840168 2029.2574919886683 139.33962859783787 1295.9143970633918 842.95986785004061 21.260593546787277 82.437116768443957 441.59437281865394 37.963986794871744 3237.5641154758705 158.64801274747151 19.405488012824208 1067.8078854910273 28.359078126872191 285.78323416066996 1956.2634830633469 703.10890358692268 1023.5240561593964 33.544163830927573 127.54674624081235 32.721117676468566 30.71298314089654 45.443593534990214 119.1721079707786 81.008237872767495 102.17766022554133 416.65351793469745 6.082214427588041 46.577970829210244 584.30619681799089 158.0585620816355
leaf_count=144384 12907 26930 14851 229235 1668618 14833 70376 2271863 3411 60 16013 39866 419779 8697 6346 53424 3556 7052 6406 806636 129 686 127408 23923 102960 449732 216405 10937 18224 1052191 415143 4217 273150 2237 18927 12523 391 1593 42075 667 51451 157090 316 119930 2742 24058 217369 102592 101601 22833 7302 855 3988 4062 14552 6013 5960 25242 714 1007 8568 2773
internal_value=2.8417e-11 -0.00216909 0.00908283 0.000795283 -0.00415041 0.015865 0.00715922 -0.00559098 -0.00543245 -0.00094489 -0.00789148 0.00513455 -0.00819731 -0.0290012 0.0135503 0.0102104 0.0261354 0.00864056 -0.00266997 -0.0027511 0.003607 0.00274868 0.00351514 -0.00170254 -0.00141036 -0.000738196 0.00394929 -0.00442724 -0.0242009 -0.00425881 -0.0038496 0.00802915 -0.00812778 0.0115193 0.0135917 0.00919218 -0.00357291 0.0232951 -0.00845578 0.0251705 0.00351908 -0.0277284 0.00113419 -0.0032859 -0.00269401 0.00561227 -0.00594984 -0.00328914 -0.00290311 -0.0108095 0.00455809 0.0160017 -0.0052309 -0.00373265 0.00930544 0.00401762 0.0102596 -0.000924686 0.00445086 -0.00172889 0.0193635 0.01468
internal_weight=130640 105456 25184.2 42247.2 63208.7 5564.63 19619.6 32035.9 31820.4 22343 10280.5 11793.6 10146 215.489 4541.14 7825.96 1023.49 3579.04 31172.8 31031 8214.57 19904.2 8200.71 19101.1 18309 15283.1 11415.2 479.636 197.321 21539.9 19479.6 4492.58 2060.32 3365.38 2299.47 1003.56 160.6 877.344 792.139 794.907 3241.94 184.368 8488.93 16819 13761.4 920.064 3057.62 12841.4 12138.3 1101.35 1214.5 190.981 63.4341 10923.8 164.616 891.705 394.043 497.662 291.865 17910.1 1175.76 591.457
internal_count=9479779 9077135 402644 1154710 7922425 87265 315379 5439758 5111363 697131 2707655 187362 2691642 328395 66616 128017 20649 46918 2482667 2476261 140444 457579 140315 645620 576615 473655 228028 11623 184011 2403708 2127147 74593 276561 48929 34078 15151 2628 17093 69005 15500 51511 175314 229551 1712004 1351872 64729 360132 1287143 1184551 142763 113746 12145 4843 1070805 18614 61987 30732 31255 24772 807643 17687 9119
is_linear=0
shrinkage=0.08


Tree=50
num_leaves=63
num_cat=0
split_feature=2 2 2 0 0 0 0 3 4 2 0 0 4 3 2 1 0 2 2 2 0 0 6 6 6 4 0 4 4 4 4 3 4 2 0 3 6 4 4 4 6 4 4 3 4 1 1 4 6 6 4 6 6 3 6 6 1 4 6 2 3 4
split_gain=364.504 87.6855 45.8536 20.3049 19.2434 18.3498 18.2138 25.8271 11.6057 12.3874 9.54431 7.51894 7.25741 7.05125 6.88033 6.49117 6.48188 8.17448 5.89354 5.75292 5.74186 5.60022 5.04683 4.87215 7.47073 5.87944 5.42889 4.87991 5.37776 18.0938 4.74795 4.68408 4.65012 4.63856 4.62181 4.54131 4.56347 4.91969 6.5315 6.15212 4.45243 4.44199 4.43255 4.32076 4.09187 5.32893 7.0121 4.08091 5.07133 9.85637 3.87602 5.41852 4.00985 5.29285 5.62027 3.95032 4.44231 4.82457 3.85332 4.02104 4.08144 3.90231
threshold=0.52223318815231334 0.25126262009143835 0.80178570747375499 5.5000000000000009 11.500000000000002 6.5000000000000009 1.5000000000000002 29.500000000000004 6740.5000000000009 0.015749008394777778 26.500000000000004 1.5000000000000002 322066.50000000006 12.500000000000002 0.97086149454116832 10.500000000000002 3.5000000000000004 0.89564427733421337 0.15026882290840152 0.64747309684753429 2.5000000000000004 1.0000000180025095e-35 129.50000000000003 23.500000000000004 27.500000000000004 572.50000000000011 26.500000000000004 352.50000000000006 83472.000000000015 86383.000000000015 4928.5000000000009 10.500000000000002 126.50000000000001 0.32466214895248419 1.0000000180025095e-35 17.500000000000004 122.50000000000001 1707.5000000000002 1498.5000000000002 3453.5000000000005 132.50000000000003 185.50000000000003 17089.000000000004 4.5000000000000009 4479.0000000000009 23.500000000000004 36.500000000000007 879.50000000000011 115.50000000000001 114.50000000000001 107300.50000000001 26.500000000000004 56.500000000000007 3.5000000000000004 63.500000000000007 53.500000000000007 5.5000000000000009 56016.500000000007 35.500000000000007 0.71563342213630687 26.500000000000004 227752.50000000003
decision_type=2 2 2 2 2 2 2 2 2 2 2 2 2 2 2 2 2 2 2 2 2 2 2 2 2 2 2 2 2 2 2 2 2 2 2 2 2 2 2 2 2 2 2 2 2 2 2 2 2 2 2 2 2 2 2 2 2 2 2 2 2 2
left_child=1 6 5 11 16 20 7 8 9 21 19 -3 34 23 30 -11 -4 43 -8 -7 -2 -1 50 -5 27 26 -26 41 -29 -30 44 -19 -28 -27 -9 36 -22 38 -38 -39 -37 -25 -20 -18 -6 -46 -47 -36 49 -49 51 -13 55 54 -54 56 57 -53 -12 61 -61 -60
right_child=2 3 4 13 14 10 18 12 -10 15 58 22 -14 -15 -16 -17 17 31 42 -21 35 -23 -24 24 25 33 32 28 29 -31 -32 -33 -34 -35 47 40 37 39 -40 -41 -42 -43 -44 -45 45 46 -48 48 -50 -51 -52 52 53 -55 -56 -57 -58 -59 59 60 -62 -63
leaf_value=-0.081011753962878311 0.0022167211357550353 -0.0026460467729092275 0.0084199407633859871 -0.0020133942406828911 0.016329632110575226 0.0067896920564322677 -0.0038126433567733744 -0.081073278404383942 -0.004940652120133949 -0.0065457850697046883 0.024311501524913785 -0.0030184636459210661 0.010537826352640764 0.00071810032334027659 0.043477117514441603 -0.010476344275864616 0.027579216583054633 0.024582673244299653 -0.0026292174635695388 0.011607168412569972 0.0088138795872082371 -0.024224291421805214 -0.012751443137691283 0.00039008708093328612 0.013559394427803255 -0.00016291760361067858 -0.12438051081321133 0.017145336302808217 -0.05794693484029953 0.0088085029855798445 0.026768787992401708 0.015762101273204748 -0.01297849484407438 0.0046821879583407843 -0.0060166431228068839 0.0041949857283629021 0.0092468365503276303 -0.046239667118725986 0.090557116011598299 -0.0022698437481565412 0.078575424318108003 -0.087205586851995795 -2.7266883752239242e-05 0.0088612174616330384 0.020368981400958327 -0.14298252045942925 0.026604955627928514 -0.0012638283228359854 -0.0059680493026041696 0.013151364634249395 0.0032066576296534235 0.0058663206844457314 -0.030857405316096861 -0.00047880554906676759 0.006966645396414727 0.013213935779019349 0.00052218126347921027 0.031341591577108308 0.011167493553613825 0.02698379637870937 -0.045155002579662228 -0.041320040901281663
leaf_weight=11.724980223340024 3494.1449894975085 7270.7042444256585 1389.964349637241 651.0928069538204 261.75108890794854 3642.7555463279023 13618.026434784882 4.7573332360916529 10918.74113972032 6297.1347854646156 334.01081048161723 3127.8596041579876 293.25350803090259 4346.0022558382007 116.82893925650296 4693.0692141922154 84.494586388114385 552.18137447666186 10521.239023392453 2810.436860020387 3657.1343941143896 213.37775421424885 187.34343494952191 9.1678173178806883 522.45694107352756 1817.8227658823598 2.7193289552815285 508.77033754694276 26.569954141508788 1182.1289921948919 607.35237810948365 1275.0009126128434 20.297265547211282 4155.4394133598689 1508.0718032283039 4284.6389850076757 44.543066928163171 22.452661888091825 7.3686418570578089 219.08186360960826 5.1568248104304066 6.2178994964342555 6963.4988890488894 1197.6140196145798 6.9533960931003076 4.1826616609469056 2.488972493680194 6293.7839770147402 1338.6064570188901 318.95208692376036 2812.2633576926964 742.14819877340051 25.884706593584269 11648.667293408875 876.34079577040393 231.13037638855167 2215.9837381835532 50.836456354707479 487.70133395239827 157.44923853047658 5.1847378984093657 9.2371626049280149
leaf_count=106842 59772 304324 19216 17982 5150 60666 1699641 37504 1486922 696138 5482 91502 5850 99772 2985 1875119 1223 8411 525635 45253 56012 237038 7356 217 11870 51831 69 11305 909 19616 12235 19499 408 84988 254112 66511 775 458 59 3732 43 155 257391 18267 151 68 60 600042 126566 13625 47446 16370 824 310427 19389 5483 57443 751 7940 2698 72 179
internal_value=1.78778e-11 -0.00204866 0.00875175 0.000762215 0.0151921 0.00690547 -0.00394228 -0.00528567 -0.00679724 -0.00860473 0.0100116 -0.000416718 -0.00185679 0.00335961 0.0252327 -0.00822422 0.0129614 0.0149916 -0.00256483 0.00888776 0.00493433 -0.0271822 0.000322786 0.00464911 0.00517481 0.00393373 0.0118842 0.00984359 0.0102454 0.00734107 0.0228181 0.0184277 -0.0261402 0.00320769 -0.00224084 0.00608667 0.00804368 -0.00155504 0.0207885 -0.00635721 0.0042844 -0.0350103 -0.00159296 0.0100948 0.0141047 -0.0286381 -0.0797149 -0.00220119 -0.00147755 -0.00056854 0.000435499 2.35694e-05 0.000626131 -2.15941e-05 0.00588148 0.00313517 0.00236098 0.00749948 0.0173106 0.0137653 0.024684 0.0101918
internal_weight=130112 105432 24680.1 42437.8 5498.81 19181.3 62994.2 31891.5 22134 11215.3 7446.78 29189.2 9757.43 13248.7 999.557 10990.2 4499.26 3109.29 31102.8 6453.19 11734.5 225.103 21918.5 8902.68 8251.59 6518.74 545.474 1732.86 1717.47 1208.7 882.728 1827.18 23.0166 5973.26 9464.17 8240.38 3950.58 293.446 51.9117 241.535 4289.8 15.3857 17484.7 1282.11 275.376 13.625 6.67163 9459.41 7951.34 6612.74 21731.1 18918.9 15791 12550.9 902.226 3240.1 3008.97 792.985 993.583 659.572 162.634 496.938
internal_count=9479779 9082862 396917 1160437 87265 309652 7922425 5439758 4402059 2915137 122290 861315 1037699 299122 20649 2571257 66616 47400 2482667 105919 187362 343880 556991 199350 181368 149166 12347 32202 31830 20525 17664 27910 477 136819 1031849 127590 61036 5024 834 4190 66554 372 783026 19490 5429 279 128 994345 740233 613667 549635 502189 410687 330640 20213 80047 74564 17121 16371 10889 2770 8119
is_linear=0
shrinkage=0.08


Tree=51
num_leaves=63
num_cat=0
split_feature=2 2 2 5 1 5 7 5 1 4 2 1 4 5 2 4 2 1 4 6 5 6 4 4 4 1 4 2 4 4 5 5 5 7 7 5 4 7 7 6 1 2 2 4 7 5 4 2 6 5 7 2 4 7 6 5 5 7 5 5 6 5
split_gain=330.223 62.62 51.9306 17.197 16.5412 16.1614 14.1868 15.6004 11.9753 10.754 10.5668 10.5047 10.116 12.5506 10.7154 8.73306 7.6745 7.61263 7.27144 6.77945 12.1979 8.80303 6.83032 14.8139 13.4839 10.7683 8.29763 6.70115 6.63896 6.63029 6.56831 6.44158 6.28269 5.87754 7.53281 5.8277 10.5797 6.48758 19.8316 10.3816 5.69808 5.98949 5.54613 5.16039 5.11892 5.04398 5.44831 6.89831 6.12285 4.8457 4.72611 4.6266 4.6144 5.16296 4.95893 7.66918 7.60803 7.51696 4.80067 4.5517 4.52295 4.60973
threshold=0.44543650746345526 0.6885775923728944 0.20722186565399173 0.75467449426651012 4.5000000000000009 0.6156316101551057 20.500000000000004 0.25077867507934576 13.500000000000002 93473.500000000015 1.0000000180025095e-35 25.500000000000004 46038.000000000007 0.63058349490165722 0.031088917516171936 63017.500000000007 0.8760964870452882 5.5000000000000009 141789.00000000003 52.500000000000007 0.69713348150253307 82.500000000000014 74166.000000000015 93473.500000000015 102441.50000000001 11.500000000000002 53248.000000000007 0.96464017033576976 307.50000000000006 253302.00000000003 0.79679140448570263 0.72243767976760875 0.62744787335395824 8.5000000000000018 4.5000000000000009 0.7187756896018983 405.50000000000006 17.500000000000004 16.500000000000004 73.500000000000014 4.5000000000000009 0.29442724585533148 0.62563130259513866 8214.0000000000018 1.5000000000000002 0.30066822469234472 55.500000000000007 0.41223156452178961 107.50000000000001 0.14160569757223132 4.5000000000000009 0.050252525135874755 6003.5000000000009 7.5000000000000009 64.500000000000014 0.56039884686470043 0.58428397774696361 11.500000000000002 0.60356745123863231 0.3690826296806336 3.5000000000000004 0.57450440526008617
decision_type=2 2 2 2 2 2 2 2 2 2 2 2 2 2 2 2 2 2 2 2 2 2 2 2 2 2 2 2 2 2 2 2 2 2 2 2 2 2 2 2 2 2 2 2 2 2 2 2 2 2 2 2 2 2 2 2 2 2 2 2 2 2
left_child=2 4 6 8 32 11 7 10 9 33 -1 45 14 15 -9 -14 -5 50 -11 20 -15 51 26 -24 25 -25 -23 -10 -12 -22 40 42 52 34 -3 37 -37 38 -16 -40 -7 -42 59 -8 -32 46 47 48 -4 -30 -18 -21 53 58 55 -55 57 -57 -2 -6 61 -47
right_child=1 3 5 16 31 30 43 12 27 18 28 -13 13 19 35 -17 17 -19 -20 21 29 22 23 24 -26 -27 -28 -29 49 -31 44 -33 -34 -35 -36 36 -38 -39 39 -41 41 -43 -44 -45 -46 60 -48 -49 -50 -51 -52 -53 -54 54 -56 56 -58 -59 -60 -61 -62 -63
leaf_value=-0.080953694948493318 0.0078380279736407002 0.0088111877295260453 0.0093170063703592928 0.013980319930335779 -0.0088302703484327959 -0.0018491237270974754 0.019467962435735668 -0.010830338477149063 0.015329268538279237 -0.018303776323621648 -0.0066359453078684025 0.002810295175926676 -0.0026113566329140814 0.0053865816073794181 -0.0047092261246523886 0.0098610925186447661 0.0094348440489431112 0.030427196067639321 0.0079307837266192824 -0.051487448511452608 -0.006862610388702152 0.0030197406703641634 0.0075470444825779465 -0.0079473518148533984 -0.0040458856223681266 -0.057831399504805675 -0.011549267985731167 0.044248971969350584 -0.038746119429511117 8.6199152584552746e-05 0.078787711086432552 0.0079851438027781132 0.0031891250002507214 0.0064016134031155726 0.017001409924907701 -0.029172921964010556 -0.00090620324408514702 -0.0073214173891673999 0.014112325695824579 -0.0016555405911335965 -0.00077471605713367523 0.0021639998458205627 0.0088054313073702602 -0.011691660064763019 0.0040291566278185323 -0.0053184333565632329 -0.013393607375597902 0.088750004412560715 -0.04068869490611051 -0.016501379343492783 0.023750870866503716 -0.015584985922058483 -0.006231093239156135 -0.0039287679885614511 -0.0078202972397210004 -0.037387884168125871 0.0026460856821538944 0.048147049219033622 -0.011557883804899614 0.0040673072210844737 -0.0025117399638948817 -0.026578963884519208
leaf_weight=14.997510756926202 682.69333143586755 2379.4171196010038 95.083462552964193 2026.8723982604752 178.74910624496988 5932.4244859788232 216.1150341383036 1745.9185455045081 1389.2698891696818 158.28125348128378 480.49444145354209 2284.9687729100697 598.20280757419823 1369.8393847602711 25476.132755237151 899.59898373292526 298.01726528059226 439.86094771472108 118.04397483449429 25.041370356688276 1822.0962774117506 315.62293272756506 755.66004692148999 55.071777652483433 1406.9904743022926 55.713055362910382 1206.8730871890439 53.24455715363365 74.153303541846981 1697.5283191827184 5.8726752046495667 5531.1772822360908 3667.396424052984 2935.6162381598142 1029.7212078179282 86.632258848199854 3885.5238631524408 5322.600564230117 547.12938932939142 522.39143416633306 7353.2760366036964 11198.47865672248 1692.7950264512692 40.369577161094639 3187.4634773697398 190.69210685044527 527.64663029706571 6.0486326240934423 18.763363773177844 404.82175766094588 292.3717032018194 277.93974215304479 989.61205621175486 327.40370292277657 609.02038846950018 7.4177391142584375 90.893336054185056 57.919209014653461 92.767507110722363 8627.0977777962962 15754.885631661778 99.2343849131139
leaf_count=144346 14414 35678 11437 30878 4536 186004 22109 1151031 25300 2456 248676 77105 75430 96576 3526508 73614 4419 9143 1582 6668 126398 22734 59234 3518 89380 9444 117801 1345 86588 59789 88 80484 56934 44871 13937 7444 241822 740158 60879 98229 225695 247005 27891 2453 50065 10069 66765 118 2472 226860 3940 15779 23382 8625 15614 184 1781 947 1620 164745 710138 4644
internal_value=1.95065e-11 0.00681581 -0.00239195 0.0117288 0.00439348 -0.000478789 -0.00420233 -0.00430046 0.00979172 0.0083527 -0.0143216 -0.00227694 -0.00409732 -0.00190021 -0.0047103 0.00487976 0.016838 0.0224601 -0.00709658 -0.00303 -0.00101837 -0.00542963 -0.00438221 -0.00160513 -0.00616176 -0.0330338 -0.00852902 0.0163967 -0.0132801 -0.00351117 0.000754132 0.00577572 0.000997835 0.00902555 0.011285 -0.00441217 -0.0015227 -0.00477232 -0.0042612 0.00641075 0.000309057 0.000999194 0.00461169 0.0145636 0.00416664 -0.00297332 -0.00989563 0.00549856 0.00107545 -0.0199452 0.0165244 -0.0185523 -0.0018143 0.000525437 -0.0030176 0.00303023 0.0176139 0.0384362 0.00551772 0.0038055 -0.00269395 -0.0125954
internal_weight=129634 33675.7 95958.3 11120.7 22554.9 46654.8 49303.5 49047 8063.59 6621.08 974.467 18977.3 48072.5 10486.2 37586.3 1497.8 3057.12 1030.25 276.325 8988.38 4889.46 4098.91 3795.93 2273.44 1517.78 110.785 1522.5 1442.51 959.47 3519.62 27677.5 16029.8 6525.12 6344.75 3409.14 35840.4 3972.16 31868.3 26545.7 1069.52 24484.2 18551.8 10498.6 256.485 3193.34 16692.4 647.542 119.895 113.847 478.975 590.389 302.981 2857.73 1868.12 1092.65 483.634 156.23 65.3369 775.461 8805.85 16044.8 289.926
internal_count=9479779 574706 8905073 173549 401157 1591605 7313468 7288906 125169 98524 706470 882748 6582436 756365 5826071 149044 48380 17502 4038 607321 282763 324558 302111 161576 102342 12962 140535 26645 562124 186187 708857 277656 123501 94486 49615 4675040 249266 4425774 3685616 159108 658704 472700 197172 24562 50153 805643 80792 14027 13909 313448 8359 22447 66567 43185 27151 11537 2912 1131 16034 169281 724851 14713
is_linear=0
shrinkage=0.08


Tree=52
num_leaves=63
num_cat=0
split_feature=2 2 2 1 5 1 5 1 2 3 2 2 1 7 5 2 6 5 3 5 7 6 3 7 5 3 6 5 2 2 6 7 7 5 2 6 6 5 2 2 3 2 3 3 5 6 7 5 7 7 6 6 7 7 1 6 6 5 6 7 5 6
split_gain=301.499 58.4362 46.4761 16.0508 15.699 13.2676 12.3084 11.5629 11.2459 10.9875 10.4099 10.0816 10.1919 9.49085 9.00639 7.14405 6.83677 7.58149 6.79854 6.7973 6.51455 6.44196 11.2485 6.34824 6.19953 6.7541 6.04276 5.68478 5.38732 5.28547 5.22372 5.03425 13.6063 6.97834 5.91823 5.59538 5.51558 4.91914 4.77336 4.74474 5.57198 4.65336 4.60917 7.81796 5.31841 4.6081 4.607 4.58121 5.07349 6.55383 6.10058 6.75422 4.57857 5.10419 4.55757 4.52752 9.04177 7.46096 5.04543 4.78881 9.1221 6.32298
threshold=0.44543650746345526 0.75140449404716503 0.25126262009143835 11.500000000000002 0.37278625369071966 10.500000000000002 0.71551167964935314 8.5000000000000018 1.0000000180025095e-35 28.500000000000004 0.84654632210731517 0.125657893717289 7.5000000000000009 19.500000000000004 0.76100599765777599 0.57294833660125744 94.500000000000014 0.81396234035491954 4.5000000000000009 0.79679140448570263 3.5000000000000004 26.500000000000004 12.500000000000002 5.5000000000000009 0.41619303822517401 1.0000000180025095e-35 119.50000000000001 0.34435522556304937 0.022857889533042911 0.86729559302330028 3.5000000000000004 17.500000000000004 16.500000000000004 0.73525840044021618 0.025158228352665905 99.500000000000014 116.50000000000001 0.14160569757223132 0.62563130259513866 0.31866537034511572 2.5000000000000004 0.9574275314807893 25.500000000000004 26.500000000000004 0.72482028603553783 123.50000000000001 20.500000000000004 0.5725916624069215 13.500000000000002 3.5000000000000004 91.500000000000014 84.500000000000014 17.500000000000004 16.500000000000004 4.5000000000000009 26.500000000000004 80.500000000000014 0.51254358887672435 106.50000000000001 12.500000000000002 0.68104687333107006 107.50000000000001
decision_type=2 2 2 2 2 2 2 2 2 2 2 2 2 2 2 2 2 2 2 2 2 2 2 2 2 2 2 2 2 2 2 2 2 2 2 2 2 2 2 2 2 2 2 2 2 2 2 2 2 2 2 2 2 2 2 2 2 2 2 2 2 2
left_child=2 3 4 6 8 19 24 14 -1 11 -7 30 -13 23 -4 45 20 -18 -17 21 -8 22 29 27 25 -2 -20 -10 -25 -3 -6 32 34 -34 -11 -33 -37 -30 -28 40 -9 -12 -22 -44 -45 -5 47 -32 49 -49 51 -50 53 -41 -31 -26 57 -57 -58 -60 -61 -62
right_child=1 5 7 15 9 10 16 39 13 31 41 12 -14 -15 -16 18 17 -19 26 -21 42 -23 -24 28 55 -27 38 -29 37 54 46 35 33 -35 -36 36 -38 -39 -40 52 -42 -43 43 44 -46 -47 -48 48 50 -51 -52 -53 -54 -55 -56 56 58 -59 59 60 61 -63
leaf_value=-0.080883328936468379 -0.061306578870398053 0.0022121015862194629 -0.0022124075117011021 0.0051932005991800713 -0.014819796983854454 0.013627237663585472 0.047653615456024243 0.0071569401776524974 0.0052802314631708062 0.03530706849239057 0.022553092219530342 -0.0050046437374142959 -0.0016079772984910498 0.013201085884424866 0.0033609982602499444 0.01773164380244889 0.0028039467167441635 -0.041554574682176243 0.0099469109796359312 0.018855590959144537 0.010585877303627183 0.011313317600428313 -0.003260475282943254 -0.025695026910411822 -0.00088108164202751766 -0.0041941980875352773 -0.01018141771991762 -0.011461415992971633 -0.021854795178526551 0.013641100836548428 -0.0067818175115878267 -0.0082106300058879221 0.015828005906614116 0.13175504155588155 -0.0011434738333850004 0.0070877821465490307 -0.013739874423121712 -0.0087143248854097497 0.006503198731255158 0.0029473990156786401 -0.00084734055578125145 0.03763932576654537 -0.031196830412460221 -0.017075220742001844 0.006763083650013919 0.023608504766889742 0.012230066578145498 -0.0087541730258805638 -0.0062735722848476973 -0.0022078570515598407 -0.010161138010554077 0.0032220194232100963 -0.0020035985768214106 0.017480087519700444 0.037742866490241361 -0.0016523907153658383 -0.00090472643751637958 0.0083928150471745538 0.0066770386118504936 0.0036483742293633636 0.026938693482387727 -0.016166102184080048
leaf_weight=13.651918925887001 13.508904336491467 124.47941749892198 13431.041533387935 5018.4109336907095 352.58647658790869 1081.4136254478999 27.024426934774965 612.58156854216941 349.09478500187106 28.578968581015943 631.51452975323537 8570.9274324235557 16610.418227631861 128.94889480671554 2153.0914272804876 618.40057874988997 1438.3464455727317 25.089409921383776 2973.678464925677 607.76381616364324 2143.9745740051294 3738.1753184259023 554.25407136582362 137.3505839499303 2154.1387093381163 697.27923568646656 177.36601838748902 206.64539614294335 194.13663025784626 129.45903978184288 6688.1758399534774 1201.5235392479808 261.00655022871069 3.3661067434586576 11451.21259351747 347.77458444786316 106.23177998908795 2996.8597237910799 287.83138677114039 9382.8335515904037 6090.9092806978151 165.05335271546392 37.715481468942016 62.671401339117438 1353.4509610504574 88.49856547859963 98.869754368526628 1127.3229837718736 2025.5248878371349 7427.6536433934616 1703.0874395495048 628.07026226527523 1227.5797750933561 157.26563068432733 82.029389559415904 575.7950802833866 3079.446786795459 2656.1722375008285 1601.1961720334193 1035.1609052291024 23.77393639460206 259.63565801861114
leaf_count=144346 521 1739 503528 90692 93399 19444 391 14473 110213 10251 13237 543003 785961 23205 35927 9632 20400 312 48302 9596 29149 54634 8619 194061 40652 19269 3255 54730 148732 1798 1911217 119747 23332 26 871352 29743 11547 897048 5115 207691 184820 4209 520 927 17743 1681 8593 204878 339858 980164 340077 76942 32840 3369 1275 12236 59203 44211 29789 20911 393 4851
internal_value=-1.8142e-11 0.00653655 -0.00228524 0.00479941 -0.00356564 0.0129703 0.0033575 0.000141857 -0.00839766 -0.00323379 0.0187392 -0.00382986 -0.00276409 -0.00815107 -0.00144239 0.00750324 0.00665863 0.00204346 0.0100092 0.0109013 0.00852188 0.00985684 0.00374088 -0.00885995 0.00196887 -0.00527965 0.00862052 -0.000944952 -0.0101815 0.0152912 -0.00516829 -0.00122169 -0.000639501 0.017304 -0.00105273 -0.00535172 0.00221437 -0.00951378 0.000141848 0.00155499 -0.00011589 0.025679 0.00822795 0.00475072 0.0057081 0.00551232 -0.00499554 -0.00508244 -0.00420216 -0.00307049 -0.00642437 -0.00402609 0.00259521 0.00318697 0.0229894 0.00242139 0.00319204 0.0066032 0.00135434 0.00373696 0.000166693 -0.0125502
internal_weight=129177 33462.7 95714.3 26348.6 62659 7114.14 17184.4 33055.3 4026.69 58632.3 1877.98 45232.6 25181.3 4013.04 15584.1 9164.19 5088.27 1463.44 4057.28 5236.16 3624.84 4628.4 890.222 3884.09 12096.1 710.788 3438.88 555.74 3328.35 335.968 20051.3 13399.7 11744.2 264.373 11479.8 1655.53 454.006 3191 465.197 17471.2 6703.49 796.568 3597.81 1453.84 1416.12 5106.91 19698.7 19599.8 12911.7 8554.98 4356.68 2653.6 10767.7 9540.1 211.488 11385.3 9231.18 3231.97 5999.21 2919.77 1318.57 283.41
internal_count=9479779 574706 8905073 460155 7922425 114551 301478 982648 1572335 6350090 36890 5284092 1328964 1427989 539455 158677 69442 20712 66304 77661 48730 68065 13431 1404784 232036 19790 56672 164943 1239841 4812 3955128 1065998 904961 23358 881603 161037 41290 1045780 8370 443193 199293 17446 48339 19190 18670 92373 3861729 3853136 1941919 1185042 756877 416800 243900 211060 3073 212246 171594 56447 115147 55944 26155 5244
is_linear=0
shrinkage=0.08


Tree=53
num_leaves=63
num_cat=0
split_feature=2 2 2 0 0 0 0 3 2 4 2 4 0 4 4 3 7 0 7 1 7 7 3 4 4 2 2 4 3 0 4 4 2 0 1 2 7 3 3 4 4 7 4 7 4 0 0 3 7 4 7 4 7 2 4 3 4 7 4 7 3 1
split_gain=276.198 62.1471 35.0726 14.6995 14.4049 13.6131 13.1495 20.8364 8.84629 8.83362 9.62251 7.63427 7.4148 7.01046 6.36391 6.00369 8.93607 5.64882 5.50171 5.4422 5.22767 5.03756 5.02422 4.83937 4.64573 4.30069 4.17901 4.13775 4.84455 4.05632 3.94839 3.92216 4.39881 4.04652 3.81327 3.71321 4.32008 7.8598 5.80689 3.61347 3.57729 3.53594 3.51508 3.49811 3.49575 4.9251 3.48413 3.31762 3.29509 3.15121 4.86236 8.90987 6.33698 4.4563 5.87937 4.94474 3.72663 3.61311 4.44856 5.5621 4.94179 3.49141
threshold=0.52223318815231334 0.25126262009143835 0.80178570747375499 5.5000000000000009 7.5000000000000009 6.5000000000000009 1.5000000000000002 29.500000000000004 0.9574275314807893 6740.5000000000009 0.015749008394777778 2653.5000000000005 26.500000000000004 879.50000000000011 322066.50000000006 12.500000000000002 11.500000000000002 1.5000000000000002 20.500000000000004 23.500000000000004 1.5000000000000002 20.500000000000004 17.500000000000004 615.50000000000011 2598.5000000000005 0.64747309684753429 0.15026882290840152 2286.5000000000005 9.5000000000000018 6.5000000000000009 18390.000000000004 67770.000000000015 0.35781671106815344 23.500000000000004 13.500000000000002 0.49725274741649633 13.500000000000002 5.5000000000000009 1.5000000000000002 72837.500000000015 18042.000000000004 3.5000000000000004 74166.000000000015 20.500000000000004 14682.500000000002 13.500000000000002 1.0000000180025095e-35 3.5000000000000004 14.500000000000002 125241.50000000001 4.5000000000000009 30506.500000000004 8.5000000000000018 0.26713615655899053 40294.000000000007 29.500000000000004 65.500000000000014 15.500000000000002 85.500000000000014 20.500000000000004 5.5000000000000009 16.500000000000004
decision_type=2 2 2 2 2 2 2 2 2 2 2 2 2 2 2 2 2 2 2 2 2 2 2 2 2 2 2 2 2 2 2 2 2 2 2 2 2 2 2 2 2 2 2 2 2 2 2 2 2 2 2 2 2 2 2 2 2 2 2 2 2 2
left_child=1 6 5 17 27 22 7 9 11 10 20 13 25 -6 43 16 -5 39 19 -12 -1 26 -2 48 47 -7 -8 29 -29 -4 44 35 33 -33 -13 -25 37 -37 -38 -3 -28 -14 -41 46 -10 -46 -9 -15 -18 50 -19 52 56 54 -53 -56 -52 -54 -59 -60 -61 -58
right_child=2 3 4 15 8 12 21 14 30 -11 18 34 41 24 -16 -17 23 49 -20 -21 -22 -23 -24 31 -26 -27 40 28 -30 -31 -32 32 -34 -35 -36 36 38 -39 -40 42 -42 -43 -44 -45 45 -47 -48 -49 -50 -51 51 53 57 -55 55 -57 61 58 59 60 -62 -63
leaf_value=-0.057358620609254736 0.0061751185986729379 -0.0031062896925714003 0.013745751183207706 0.0061056931006561732 0.019058543176990139 0.0059707200985494582 -0.0033372914609136697 -0.080848568144774355 0.027158307014139082 -0.0042733228584024728 -0.0065880841457110432 0.0137358818019625 -0.0014896112368027637 0.046316260883048035 0.010181401064475484 0.00036884308584150474 0.024727114724167477 -0.0017674540655138362 0.010963395968528838 -0.011674884462105942 -0.019559734904547363 0.012668406444989122 0.0028318722837446927 -0.0017171441492311963 -0.088831506722955075 0.010180991077973895 -0.0023775524360365166 0.01468995149240431 0.0070865697049547231 0.033676205958757872 0.041211007467702877 -0.013135097277188734 0.01989873952012159 0.042613210189942456 0.023886300631432961 0.041758447786639244 -0.040397274913252179 -0.069493429192199252 0.013397500821765196 0.022203969012556814 -1.945678923871814e-05 0.016742247284145358 0.00085810184717989677 0.024503477866629066 -0.033026301111345635 0.06321242334458349 -0.0018656970173843242 -0.0059897919275734715 0.0058001805080836171 0.0028613355500783249 0.022298963016184215 0.014312780194519615 -0.0035511733173564861 0.0077231282068072182 -0.09314857770343625 0.020192096015953249 0.0027458695336459761 -0.015549873929285925 0.00022754783304930657 -0.019683630747757128 0.045321032068810246 0.022306546790131113
leaf_weight=26.765820513399376 5346.049443297281 6131.4122297391186 861.37885209763749 5263.0538545462205 134.25833147473168 3581.2978400621159 13439.396447779814 3.575809853111422 185.26756521853167 10832.716865068778 9170.1589736054448 384.98534922057024 73.745351321122143 8.1712860385887307 292.26411462121177 4300.1824974648098 73.992863821331412 7166.002938463691 106.20205487892963 1577.6390663825405 187.15880225339424 144.98162112978753 6228.4917883119288 2701.7808714718121 4.1746092420071355 2741.2644731707878 10544.973814883851 728.61135303781975 2032.1044333760688 70.720577921377071 142.69623547654601 59.192577021778561 124.75024701748043 9.6982332896441203 615.67647396070242 6.2871241515968022 13.547406738623975 11.494938397081567 246.7463686937117 51.788801891729236 6754.63274522539 886.28597537809401 1058.3557752401975 32.234381820599083 13.873226520192476 4.5094910160346435 9377.9035355883971 154.46113941818476 288.01514331158251 2575.6564259354927 67.956287560635246 11.741505396086724 2382.3285428351264 1290.514811558518 9.5638408251106721 3.3182153329253188 2145.2301136074238 113.5923508699052 5846.3553767335798 9.8405482033267599 31.264472227543592 60.034439604263753
leaf_count=126317 87428 280496 11948 113681 2509 60666 1694913 37504 4099 1486922 1566245 7012 1378 199 5850 99772 1762 197526 14965 990047 217563 6406 99934 68468 68 45253 531848 10637 30152 1112 3197 1339 1803 136 13016 102 234 290 4536 1240 249500 14993 22588 1892 235 126 992453 2955 6999 42779 1659 349 83561 24413 333 79 45166 4000 154807 239 687 1393
internal_value=6.52019e-12 -0.0017827 0.00770193 0.000594989 0.0134248 0.00608104 -0.0033828 -0.00452993 0.0196439 -0.00589736 -0.00748688 0.0166206 0.00879086 0.00545132 -0.00144446 0.00281873 0.00401609 -0.000410997 -0.00715572 -0.00733476 -0.0242891 -0.00220882 0.00437605 0.000905441 -0.00550075 0.00779616 -0.00227899 0.0106493 0.00909326 0.0152579 0.0310068 -9.42108e-05 0.0109385 -0.00528702 0.0199811 -0.000811154 0.00799143 -0.0301586 0.0105977 -0.00234588 -0.00145683 0.0153418 0.0018539 -0.00180541 0.0238567 -0.00941784 -0.0018958 -0.00336173 0.00966876 0.0002343 -0.000119261 0.000867309 0.000100613 0.00707987 -0.0266331 -0.0639538 0.00384698 -0.000915244 0.00013118 0.00043373 0.0297589 0.00327837
internal_weight=128742 104544 24198 42053.7 5340.89 18857.1 62490.6 31606.6 1648.07 21900.6 11067.9 1301.73 7282.59 301.065 9705.98 13098.7 8798.56 28955 10854 10747.8 213.925 30884 11574.5 3535.51 166.807 6322.56 30739 3692.82 2760.72 932.099 346.347 3173.5 193.641 68.8908 1000.66 2979.86 278.076 17.7821 260.294 7241.56 17299.6 960.031 1110.14 9413.71 203.65 18.3827 9381.48 162.632 362.008 21713.4 19137.7 11971.7 10656.6 1315.14 24.6236 12.8821 2273.22 8383.38 6001.05 5887.46 41.105 2205.26
internal_count=9479779 9082862 396917 1160437 87265 309652 7922425 5439758 33416 4402059 2915137 25759 122290 5731 1037699 299122 199350 861315 2571257 2556292 343880 2482667 187362 85669 3222 105919 2476261 53849 40789 13060 7657 76908 3278 1475 20028 73630 5162 392 4770 304324 781348 16371 23828 1031849 4460 361 1029957 3154 8761 556991 514212 316686 291512 25174 761 412 48218 243294 159733 155733 926 46559
is_linear=0
shrinkage=0.08


Tree=54
num_leaves=63
num_cat=0
split_feature=2 2 2 0 0 3 0 3 2 4 2 3 6 2 0 0 6 2 4 4 6 4 6 3 6 0 6 0 4 1 6 6 6 4 2 4 4 4 6 6 4 4 4 3 4 6 6 6 4 4 4 3 3 3 4 6 3 3 3 1 3 4
split_gain=249.428 55.8787 31.4851 13.4806 12.58 12.5171 11.296 18.5022 8.38488 7.73673 8.30742 7.72929 7.48307 7.13212 6.41553 6.2904 6.37578 5.93958 5.8141 5.45625 5.58305 5.36393 5.72917 6.49474 5.21279 4.84267 4.82189 4.51947 4.51092 4.31575 4.25 5.40529 4.47772 4.23937 4.2952 4.22129 4.20597 4.0251 3.93307 9.3484 6.22585 5.34484 4.93679 6.30826 5.11861 4.37112 4.36725 4.85675 3.92965 4.13428 3.88029 4.78365 3.79695 3.76946 4.48099 4.98018 7.06691 3.62732 3.72745 3.61494 3.58756 5.24553
threshold=0.52223318815231334 0.25126262009143835 0.80178570747375499 2.5000000000000004 7.5000000000000009 8.5000000000000018 1.5000000000000002 29.500000000000004 0.94281044602394115 6740.5000000000009 0.015749008394777778 27.500000000000004 131.50000000000003 0.32466214895248419 3.5000000000000004 13.500000000000002 124.50000000000001 0.62563130259513866 2653.5000000000005 40294.000000000007 20.500000000000004 37.500000000000007 107.50000000000001 4.5000000000000009 3.5000000000000004 8.5000000000000018 22.500000000000004 1.0000000180025095e-35 227752.50000000003 10.500000000000002 86.500000000000014 30.500000000000004 28.500000000000004 572.50000000000011 0.15026882290840152 775.50000000000011 710.50000000000011 17089.000000000004 96.500000000000014 98.500000000000014 85.500000000000014 1009.5000000000001 6147.0000000000009 5.5000000000000009 984.50000000000011 88.500000000000014 102.50000000000001 99.500000000000014 7641.0000000000009 12611.500000000002 57767.500000000007 15.500000000000002 3.5000000000000004 7.5000000000000009 1950.5000000000002 12.500000000000002 10.500000000000002 4.5000000000000009 2.5000000000000004 39.500000000000007 2.5000000000000004 253302.00000000003
decision_type=2 2 2 2 2 2 2 2 2 2 2 2 2 2 2 2 2 2 2 2 2 2 2 2 2 2 2 2 2 2 2 2 2 2 2 2 2 2 2 2 2 2 2 2 2 2 2 2 2 2 2 2 2 2 2 2 2 2 2 2 2 2
left_child=1 6 5 24 53 15 7 9 18 10 27 13 14 60 -7 16 -2 -16 35 -9 -21 22 -15 -24 -3 -18 -20 -1 30 -12 31 32 -26 59 -35 36 -6 -36 42 -40 -41 -42 43 -32 -45 57 47 -43 -47 -50 -51 -52 -37 -4 -55 56 -56 58 -44 -8 61 -5
right_child=2 3 4 11 8 12 33 19 -10 -11 29 -13 -14 21 17 -17 25 -19 26 20 -22 -23 23 -25 28 -27 -28 -29 -30 -31 38 -33 -34 34 37 52 -38 -39 39 40 41 46 45 44 -46 48 -48 -49 49 50 51 -53 -54 54 55 -57 -58 -59 -60 -61 -62 -63
leaf_value=-0.080764633674860545 0.007498628597632285 -0.013735135781074317 0.015531793788093089 0.0035655064330816729 0.013220629038194381 0.0021316400888005452 -0.00074631720412864587 -0.002412369571715099 0.028934083860835159 -0.0040496180944251288 -0.0053845688841715261 -0.0010697829921577269 0.063331616331515669 0.034509936633465327 0.0032980209334108786 0.012795810682768907 -0.030559588654143273 0.0077524548208842302 -0.0099279829026447559 0.021632637135330524 0.0012719453511264283 0.003253547240154221 0.080000898123549352 -0.072392507481652907 -0.0029375596977770581 0.029867650167717145 0.01959902238068725 -0.020478636442617569 0.0042157448938605104 -0.0086197998143953507 0.0088503075777536539 0.0008453925095441208 -0.031594834334033366 -0.0035757524173868887 -0.0027088781028404441 0.047587776452065689 0.075769951626922752 -0.00012304866168398081 0.014683569714270017 -0.026102046569421083 0.0039898318249709614 -0.0041458665096473354 -0.064991105523212606 -0.0047860859964201207 -0.021522935171176868 0.022386396609821887 -0.0040648081174283141 0.052053373300794022 -0.014156360906757478 0.0077674341362152753 -0.065522133023230775 -0.00053965067796477864 -0.005500642403206457 0.014681115897683335 0.075649401020832563 0.0077833153546356506 -0.032019949464724404 -0.032572229834268523 0.084999533778423203 0.0058897486790782582 -0.00063891988739168265 0.030195205828058014
leaf_weight=8.2877177879472566 4048.4460407221468 210.41744101153017 689.66053335903371 588.18071360735303 108.27372945495858 5078.3989481158815 2489.5135618733475 7455.940145997818 387.30447302034486 10804.639550602487 6218.7998687863146 5103.4984711159559 13.778038661461322 60.383277886547148 3427.3397132849295 1801.4432992348738 46.375547678559087 4343.9844182633979 36.827547068707645 89.782140870054718 2155.4524265879882 14479.823750151294 2.4162940746173245 6.9033044520765543 2848.6254971762992 10.389391611330209 910.83535632708481 200.38411515215194 974.15533413472804 4584.2041924208825 77.536252179648727 6790.2062693198895 35.328086724111927 12049.642291474236 8712.6480310719344 9.1132613149238733 7.347054674406535 6906.6653893349467 202.12970882948139 72.894052359857596 677.36245867608523 20.599049884825945 1.5225093234330405 180.44775379879866 332.31341020128457 49.175831880653277 3501.0730003716399 18.845242228824645 116.73764104163274 224.34779542102478 10.717897265218197 22.408241683617234 159.99040311865974 678.68379153597471 4.370951243392482 2260.7916585331518 36.320947742775388 41.277791537111625 3.4935265453532338 665.88589533961203 5218.4881086500827 51.484776925295591
leaf_count=106842 64984 9344 10001 14471 2052 83915 211884 925938 8834 1486922 696138 122089 136 1264 59285 31296 1000 68858 729 6986 104775 310756 40 203 103054 178 18391 237038 14505 1875119 2480 227410 2747 1467910 433544 217 135 257391 6457 5218 29626 860 79 9067 13189 1183 115167 396 3650 5805 258 417 3058 9637 61 33584 566 2141 94 111938 157769 698
internal_value=8.81342e-12 -0.00169428 0.0073423 0.000564167 0.0127939 0.00580601 -0.00321301 -0.00427797 0.0186665 -0.00557051 -0.00706281 0.00171478 0.0044061 0.00241114 0.00434292 0.00885473 0.00712531 0.00578794 0.0154396 -0.00137124 0.00208613 0.00336012 0.0254994 -0.0328814 -0.00122442 -0.0194999 0.0184516 -0.022873 -0.00106193 -0.00675742 -0.00139957 -0.00038699 -0.00328861 -0.0021241 -0.00244093 0.00541493 0.0171953 -0.00156546 -0.00316367 -0.00212953 -0.00292156 -0.00252095 -0.00754708 -0.0124171 -0.015633 -0.00142643 -0.00376658 0.0227044 0.00112555 -0.00166838 0.00399363 -0.0215646 -0.00263962 0.010202 0.00896861 0.00728405 -0.0204546 -0.024766 0.0394731 0.000654096 5.42082e-05 0.00570885
internal_weight=128324 104265 24059.7 41922.8 5289.52 18770.2 62341.8 31517.5 1619.69 21816.3 11011.7 25511.2 12863.5 20407.7 12849.7 5906.65 4105.21 7771.32 1232.39 9701.17 2245.23 14549.5 69.7029 9.3196 16411.6 56.7649 947.663 208.672 16201.2 10803 15227 9674.16 2883.95 30824.4 27669 284.724 115.621 15619.3 5552.88 4492.9 4290.77 4217.88 1059.98 590.297 512.761 469.681 3540.52 39.4443 423.387 374.212 257.474 33.1261 169.104 3669.83 2980.17 2301.48 40.6919 46.2938 5.01604 3155.4 5858.15 639.665
internal_count=9479779 9082862 396917 1160437 87265 309652 7922425 5439758 33416 4402059 2915137 607290 212194 485201 212058 97458 66162 128143 24582 1037699 111761 312263 1507 243 553147 1178 19120 343880 543803 2571257 529298 333211 105801 2482667 2158845 5462 2187 690935 196087 157724 151267 146049 38363 24736 22256 13627 116423 1256 11313 10130 6480 675 3275 53849 43848 34211 627 2314 173 323822 172938 15169
is_linear=0
shrinkage=0.08


Tree=55
num_leaves=63
num_cat=0
split_feature=0 0 1 0 1 5 0 5 3 0 0 1 7 3 5 1 6 6 6 6 3 5 5 6 6 5 7 5 6 6 5 7 7 6 5 7 6 5 7 5 5 5 5 7 7 5 5 5 5 1 5 5 7 3 1 5 5 5 1 5 3 1
split_gain=147.729 28.8281 34.0664 21.9216 24.3846 21.5778 15.186 10.2276 9.72947 10.3095 7.95631 10.6892 7.72353 8.40731 7.60874 7.5813 6.63534 6.53935 9.1763 8.67593 6.52359 6.55554 6.50174 5.77399 5.50377 5.29849 5.60503 5.29021 4.9616 6.92944 5.45171 4.8937 8.0751 8.92484 5.26383 4.8391 4.70228 4.51141 4.494 4.44922 4.34531 4.25026 7.16033 4.1607 4.7118 7.59306 4.17038 4.82977 4.78516 4.58908 4.09653 4.83311 4.0674 4.00326 3.99426 3.98847 6.05594 5.96205 4.15988 6.72889 5.1072 8.79021
threshold=2.5000000000000004 15.500000000000002 9.5000000000000018 6.5000000000000009 24.500000000000004 0.51615241169929515 4.5000000000000009 0.10704734176397325 26.500000000000004 1.5000000000000002 33.500000000000007 36.500000000000007 20.500000000000004 6.5000000000000009 0.71551167964935314 5.5000000000000009 77.500000000000014 105.50000000000001 115.50000000000001 79.500000000000014 9.5000000000000018 0.30066822469234472 0.70717167854309093 3.5000000000000004 1.5000000000000002 0.69511905312538158 20.500000000000004 0.79679140448570263 117.50000000000001 114.50000000000001 0.70438358187675487 13.500000000000002 4.5000000000000009 11.500000000000002 0.83294382691383373 20.500000000000004 119.50000000000001 0.53396177291870128 12.500000000000002 0.83294382691383373 1.0000000180025095e-35 0.70438358187675487 0.72761431336402904 17.500000000000004 16.500000000000004 0.33242595195770269 0.35344369709491735 0.37278625369071966 0.39842276275157934 11.500000000000002 0.51416715979576122 0.67935198545455944 3.5000000000000004 12.500000000000002 42.500000000000007 0.77774071693420421 0.7725205421447755 0.7822885811328889 15.500000000000002 0.69605797529220592 4.5000000000000009 13.500000000000002
decision_type=2 2 2 2 2 2 2 2 2 2 2 2 2 2 2 2 2 2 2 2 2 2 2 2 2 2 2 2 2 2 2 2 2 2 2 2 2 2 2 2 2 2 2 2 2 2 2 2 2 2 2 2 2 2 2 2 2 2 2 2 2 2
left_child=5 2 6 25 22 7 14 24 9 23 11 -3 20 -14 17 -11 -6 19 -19 -2 21 38 -5 -7 -1 26 43 -10 29 55 -30 32 34 -34 -8 37 -16 -18 -9 -25 -26 -31 -43 44 50 -46 -47 49 -49 -48 -4 -52 -12 -45 -37 56 58 -57 59 60 61 -27
right_child=1 10 3 4 16 8 31 12 27 15 52 -13 13 -15 36 -17 35 18 -20 -21 -22 -23 -24 39 40 28 -28 -29 30 41 -32 -33 33 -35 -36 54 -38 -39 -40 -41 -42 42 -44 53 45 46 47 48 -50 -51 51 -53 -54 -55 -56 57 -58 -59 -60 -61 -62 -63
leaf_value=-0.080755545143989041 0.0033057193589982924 0.011639187462919552 -0.0039262960437789788 0.0042492171778459806 0.0024366675086584313 -0.015392023533737141 0.0069480228206231691 -0.0069195470552274952 -0.00080933680535106678 0.0017029301623239736 -0.0047978700991480596 0.0041463431829606504 -0.016372216729568182 0.018600337274847226 0.0078583462008730755 -0.0024115725031632583 0.0044478838359752583 0.012276520859807422 0.0022750670437152423 -0.0027450466361731729 -0.0042025636509554548 -0.0066387554801480442 0.0087313054857861422 -0.0040532580855377077 0.0047682373423769521 -0.11659401714617774 0.018344103589486606 0.0046282225264584545 -0.028156262697887353 -0.029169921568892043 -0.002740845793115091 0.0057656494335387807 -0.029020345520813746 0.019388963237514819 0.021826014304628268 0.068589666758845078 -0.00031869934255390379 -0.0030352611814555945 -0.02041290734663714 0.0043930011976667082 -0.028825354970405989 0.027941326571942676 0.0065669029810220773 -0.0019238621666752421 -0.020223843454389236 0.049307084186278834 -0.15266035328573907 0.04293986390084862 0.0085367742327463764 -0.018244138431176501 0.00013380915215451379 -0.0048181328269294001 0.016036876393803821 -0.0084846611978912755 -0.0051602850232373553 -0.018135954141081833 0.010265506055506617 -0.00086266686487910616 -0.0012877908355329226 0.0028544519372760307 0.029493020649794179 0.043118052046903631
leaf_weight=10.823576181985116 4438.5072353875585 1815.0612837711997 3082.563328922206 5185.1772834561671 4087.2899464358925 282.16229045720684 1580.6824506426906 258.18582782152953 16372.76267105612 4233.5456034815907 64.417651581630707 3707.5012992369593 59.632183468347648 167.74359333964821 3350.0534885354409 8873.1438273110107 588.08724848894053 939.28896945982524 1565.8859480571555 2303.8171859377999 9477.2123763325544 4282.1213677646301 3449.1732273937741 17108.961293598939 31.348664417266264 4.2713161045694488 90.223702134913765 1231.2147871153138 57.34872681775596 17.676807650364935 929.35043447633507 1530.705734901951 25.128212677407646 811.79753121310205 168.40713291917928 11.319445510860534 519.94061685131601 4183.9232068869751 406.97256705712061 408.68359331409374 115.19760189542285 123.50425382039975 533.99525216391976 1410.1620998090657 56.379724167956738 17.582845037599327 1.8431003778241564 28.217267873173114 311.72291974484688 13.772241205995668 8590.8632783092035 1478.4988518498722 868.18365011130118 1029.9710239532287 8.0369882800150645 139.37982738227583 535.61302935658023 1550.9071686597308 1961.5524648047285 1351.8161197093141 94.361627682344988 4.5600542929023504
leaf_count=144367 86448 34352 273838 105261 141718 55801 25322 122619 912004 82105 1320 82805 7746 12652 47880 706644 30811 16970 32492 47848 1603026 1086964 56710 2149560 20975 132 2855 25245 3427 648 36197 24517 536 11846 2682 164 8651 148208 240449 12611 108685 3489 14709 110263 6615 1087 68 2029 17455 1401 486597 66789 15579 53654 226 4530 14370 37689 95769 30448 1848 73
internal_value=1.04016e-12 0.002691 0.00212807 0.000871732 0.00301259 -0.00274619 0.00511173 -0.00541905 -0.00193023 -0.00278529 0.00776313 0.00660896 -0.00520117 0.00942834 0.00378138 -0.00108256 6.87868e-05 0.00253496 0.00602501 0.0012382 -0.00543177 -0.0077865 0.00603968 -0.00403907 -0.025705 -0.000729421 -0.00153968 -0.000429036 0.00105785 0.00188185 -0.00421804 0.00935076 0.0114728 0.0179355 0.00838052 -0.00195114 0.00675975 -0.00211306 -0.0151754 -0.00385621 -0.0216391 0.00954112 0.0105819 -0.00165166 -0.0011052 0.00714025 0.0112749 0.0093941 0.0113925 -0.0341095 -0.00137448 -0.000593292 0.0145978 -0.00469315 0.0379679 0.000965338 0.00235632 -0.00228701 0.0011164 0.00435758 0.0240483 -0.0341271
internal_weight=127938 64618.5 58163.4 40929.1 17513 63319.7 17234.2 14809.2 48510.5 30906.5 6455.16 5522.56 14651.9 227.376 13117.5 13106.7 8878.66 9247.5 2505.17 6742.32 14424.5 4947.28 8634.35 17799.8 157.37 23416.1 16111.8 17604 7304.34 6317.64 986.699 4116.72 2586.02 836.926 1749.09 4791.37 3869.99 4772.01 665.158 17517.6 146.546 675.176 657.5 16021.6 13581.4 429.518 373.138 355.556 339.94 15.6153 13151.9 10069.4 932.601 2440.13 19.3564 5642.46 3952.17 1690.29 3416.56 1455.01 103.193 8.83137
internal_count=9479779 2188326 2054270 1749078 483098 7291453 305192 3347483 3943970 3006721 134056 117157 3073456 20398 240289 788749 321127 183758 49462 134296 3053058 1450032 161971 2217972 274027 1265980 1022651 937249 243329 203705 39624 64903 40386 12382 28004 179409 56531 179019 363068 2162171 129660 18846 18198 1019796 855879 28655 22040 20953 19484 1469 827224 553386 16899 163917 390 184859 142640 42219 128270 32501 2053 205
is_linear=0
shrinkage=0.08


Tree=56
num_leaves=63
num_cat=0
split_feature=0 0 5 5 5 4 6 3 0 4 4 5 6 5 4 5 4 4 4 0 5 0 7 5 3 7 4 4 7 4 4 3 6 6 6 5 7 7 6 5 4 5 3 4 6 5 4 4 3 6 4 3 4 7 7 3 7 6 7 4 3 5
split_gain=132.441 26.0329 19.1975 18.1374 8.86791 10.2761 8.95896 8.84792 9.38314 8.26158 18.4732 12.1856 7.93354 16.0179 11.0737 7.84375 19.2386 25.6251 7.46793 7.33553 6.94699 5.90761 5.93962 5.79533 5.63015 9.14895 5.47633 11.4189 5.30352 4.85963 4.85309 4.85064 4.83989 6.13964 4.78835 4.58092 4.40429 14.3505 6.80449 5.03927 4.85534 4.81835 4.71701 4.66301 5.06665 4.41377 4.38681 5.82217 6.25303 8.30517 4.67346 4.39049 4.71347 4.38199 4.77996 4.34841 4.29469 12.9275 6.79807 7.23531 6.95697 9.04231
threshold=2.5000000000000004 15.500000000000002 0.75467449426651012 0.51615241169929515 0.21313631534576419 320.50000000000006 1.5000000000000002 26.500000000000004 1.5000000000000002 83472.000000000015 76628.000000000015 0.73315289616584789 119.50000000000001 0.66562321782112133 955.50000000000011 0.67935198545455944 102441.50000000001 93473.500000000015 514.50000000000011 33.500000000000007 0.73808741569519054 3.5000000000000004 14.500000000000002 0.48149947822093969 9.5000000000000018 20.500000000000004 70419.000000000015 72837.500000000015 13.500000000000002 28.500000000000004 3453.5000000000005 26.500000000000004 88.500000000000014 36.500000000000007 3.5000000000000004 0.84517383575439464 17.500000000000004 16.500000000000004 99.500000000000014 0.49162697792053228 3736.5000000000005 0.62744787335395824 29.500000000000004 1033.5000000000002 49.500000000000007 0.5616184175014497 1671.5000000000002 1210.5000000000002 18.500000000000004 13.500000000000002 775.50000000000011 29.500000000000004 1906.5000000000002 5.5000000000000009 6.5000000000000009 3.5000000000000004 6.5000000000000009 31.500000000000004 8.5000000000000018 2535.5000000000005 28.500000000000004 0.49264453351497656
decision_type=2 2 2 2 2 2 2 2 2 2 2 2 2 2 2 2 2 2 2 2 2 2 2 2 2 2 2 2 2 2 2 2 2 2 2 2 2 2 2 2 2 2 2 2 2 2 2 2 2 2 2 2 2 2 2 2 2 2 2 2 2 2
left_child=3 2 9 4 5 6 -1 8 34 10 12 15 13 14 -2 -11 17 -17 -9 28 -14 22 -15 32 30 -26 36 -28 -3 -27 53 -19 33 -16 -5 -10 37 45 43 -39 -40 -42 -43 44 -38 56 47 48 -24 -50 -51 52 -48 -6 -55 -46 57 -25 59 -58 -60 -62
right_child=1 19 -4 7 24 -7 -8 18 35 11 -12 -13 20 21 23 16 -18 31 -20 -21 -22 -23 46 26 25 29 27 -29 -30 -31 -32 -33 -34 -35 -36 -37 38 39 40 -41 41 42 -44 -45 55 -47 51 -49 49 50 -52 -53 -54 54 -56 -57 58 -59 60 -61 61 -63
leaf_value=-0.080926822516644695 0.0038504366471145703 0.0082220576609987536 0.0049330098558492685 -0.01427980759773894 -0.00014600950882525838 -0.025616950604783112 -0.0042120145769530696 -0.0079038460372854516 -0.001127824956703469 0.0089697564240066793 0.014104492896618939 -0.025900008773504887 -0.00056190885573266644 -0.0017815770780494154 0.00033133234120826736 -0.0050540023573458553 0.00046696135535180246 -0.051450810306627563 -6.021326145105683e-05 0.013975219217870186 -0.011061275222003217 0.0056793949921947031 0.022534225915222694 -0.017565247857488791 -0.0037475656935168785 -0.043312018914025779 -0.021210337968464086 0.005338854981636945 0.0031035615107608172 0.022868920892037466 -0.010665148796592938 -0.022311533982786957 0.0034007200999881045 -0.0087281846476251444 -0.0037033036280800695 0.026010149509994453 -0.064508457063932448 0.044657504870107667 0.010064906241728464 0.014031949540693867 0.0024577370966948151 -0.0088562934479216419 -0.053683546043269574 -0.0036346706256613517 0.080492896571006126 0.0017591999942917259 -0.052304912982012473 0.041183257052816807 0.051269113261307155 -0.012349194465364562 -0.076323652516158955 0.013440560348850496 0.0011008538691731143 -0.02707349028013098 -0.0062242696516859996 -0.022712872244787508 -0.0046303172575653416 -0.00097221684233448681 -0.0033948915615017918 0.022716895883586809 0.040893929910380468 0.0040200320936582719
leaf_weight=9.9734559805001464 5849.5381693149284 3407.2276137324352 11568.297741411443 278.31802707487441 838.71407998248469 282.54663647087727 421.08427858604773 814.58160787522866 13030.373124974449 387.60937061923323 740.12659528796212 138.66681761213113 5706.870192609189 1589.3209012977986 759.74654411225902 390.3504873054917 1970.9038764043362 116.34211853600573 16778.256598196043 925.22574716842428 433.99232421207853 7420.7529880013899 69.61681354540633 366.20572342852211 9103.4344540423081 7.5869170355726956 219.37433779804269 196.60015987150837 2090.4319357207696 110.86469164560549 1470.9021400101919 53.316256650257856 499.77500049643277 1294.4554975663809 17482.667213397854 39.93064943572972 16.895008144259009 38.855364643384746 436.84032830588512 298.93149915567847 467.0311846495606 93.543004219503928 17.897579018492252 2583.3165058324021 3.2709593527251881 9887.9713100322206 10.780039168195797 49.295913800466224 8.8224425041116756 19.195359753910456 11.801025258610023 217.8876169914729 560.31769959207122 72.479333642375423 2425.1321068427133 12.984668385994153 95.615561469581735 1674.8136383209494 1223.6994194051367 175.6831234326819 50.601567750796676 267.88514113618294
leaf_count=144423 253981 70497 235607 55801 197282 211436 207553 57906 787720 14290 23028 5919 232319 51738 53524 12619 58816 5786 879343 16899 13957 193726 2644 22084 1461019 734 10653 6133 46660 6425 408689 1427 32116 89973 2162171 1029 906 1105 16642 10980 21059 4261 626 114971 152 366124 506 1374 172 548 333 4674 20835 28181 681741 708 3970 78859 69303 6030 1364 8428
internal_value=-2.23811e-11 0.00255234 0.00201715 -0.00260292 -0.00505975 -0.0137593 -0.00598698 -0.00185494 -0.00267181 0.0012906 0.00157394 -0.00272887 0.00135639 0.0018041 0.000777239 -0.00162795 -0.00325099 -0.016336 -0.000423388 0.00738491 -0.00130393 0.00454005 0.00120752 -9.19605e-05 -0.00461724 -0.00346013 0.00041069 -0.00866251 0.0062758 0.01863 -0.00683695 -0.0422936 -0.00365975 -0.00537752 -0.00386904 -0.00104492 0.000623778 0.00126447 -0.00186015 0.0175548 0.00369871 -0.0011088 -0.0160556 -0.00401725 -0.0338305 0.000864056 0.00622022 0.0183549 0.00807173 -0.0172136 -0.0367057 0.00377892 9.27668e-05 -0.0051492 -0.0068293 -0.0019458 -0.00143226 -0.00394939 0.00140069 0.0130787 -0.000653697 0.0098786
internal_weight=127586 64418.7 57995.8 63166.8 14742.7 713.604 431.058 48424.1 30831.3 46427.5 43370.3 3057.19 42630.2 36489.3 26531.5 2918.52 2530.91 560.009 17592.8 6422.89 6140.86 9957.79 2537.04 20682 14029.1 9221.89 18128 415.974 5497.66 118.452 4807.23 169.658 2553.98 2054.2 17761 13070.3 17712 14080.3 3631.78 337.787 1015.31 578.472 111.441 2616.47 33.1506 13742.5 947.717 158.732 109.436 39.8188 30.9964 788.985 571.098 3336.33 2497.61 16.2556 3854.5 2041.02 1813.48 271.299 1542.19 318.487
internal_count=9479779 2188326 2054270 7291453 3347483 563412 351976 3943970 3006721 1818663 1719806 98857 1696778 1450502 1173952 92938 78648 19832 937249 134056 246276 276550 82824 919971 2784071 1468178 744358 16786 117157 7159 1315893 7213 175613 143497 2217972 788749 727572 568247 159325 12085 42588 25946 4887 116737 1766 556162 31086 5071 3697 1053 881 26015 21341 907204 709922 860 190038 100943 89095 10000 79095 9792
is_linear=0
shrinkage=0.08


Tree=57
num_leaves=63
num_cat=0
split_feature=2 2 2 1 3 5 5 1 5 2 3 4 2 1 4 4 5 6 1 2 6 6 6 5 4 5 4 5 3 6 4 6 6 4 5 3 6 4 4 3 4 2 6 5 5 2 4 5 3 1 6 5 1 5 5 4 6 6 4 4 1 2
split_gain=198.922 41.1449 29.2087 12.7392 11.4331 11.1395 8.78353 8.15645 8.06204 7.70283 7.51641 6.55516 6.45945 6.24696 6.07227 5.87771 5.83506 5.67695 17.9466 5.49418 5.41732 19.2185 9.41187 8.34266 5.32385 7.79427 5.31311 7.59486 5.42116 5.29881 5.259 5.44125 5.24289 6.46446 5.12133 5.10355 4.99672 4.83501 4.70314 4.89262 4.67237 4.63549 4.63366 4.62107 4.6072 4.5286 4.51987 4.47931 5.97638 5.22536 7.68733 5.01611 4.90755 4.46795 5.03266 6.93163 7.84066 7.4831 4.45596 7.07205 6.23372 5.00316
threshold=0.52223318815231334 0.25126262009143835 0.84654632210731517 10.500000000000002 8.5000000000000018 0.58939334750175487 0.37278625369071966 35.500000000000007 0.62744787335395824 1.0000000180025095e-35 28.500000000000004 405.50000000000006 0.39159812033176428 3.5000000000000004 72837.500000000015 9413.5000000000018 0.72243767976760875 120.50000000000001 6.5000000000000009 0.70106381177902233 121.50000000000001 115.50000000000001 114.50000000000001 0.62306672334671032 8533.5000000000018 0.7725205421447755 984.50000000000011 0.5412144958972932 28.500000000000004 5.5000000000000009 5527.0000000000009 114.50000000000001 85.500000000000014 423.50000000000006 0.15310718119144442 5.5000000000000009 130.50000000000003 9121.5000000000018 42641.000000000007 1.0000000180025095e-35 137.50000000000003 0.022857889533042911 36.500000000000007 0.22132766991853717 0.77774071693420421 0.20101010054349902 1153.5000000000002 0.48715452849864965 6.5000000000000009 4.5000000000000009 42.500000000000007 0.4488102942705155 53.500000000000007 0.60170263051986705 0.58428397774696361 20245.000000000004 52.500000000000007 34.500000000000007 1707.5000000000002 1795.5000000000002 10.500000000000002 0.74239632487297069
decision_type=2 2 2 2 2 2 2 2 2 2 2 2 2 2 2 2 2 2 2 2 2 2 2 2 2 2 2 2 2 2 2 2 2 2 2 2 2 2 2 2 2 2 2 2 2 2 2 2 2 2 2 2 2 2 2 2 2 2 2 2 2 2
left_child=1 6 4 13 16 7 9 -3 14 -1 20 41 -7 -4 -6 37 40 30 -19 -20 21 22 -8 -22 32 -26 -15 -28 -29 -30 42 -32 -10 -34 -13 -23 -14 -12 -24 -40 43 -11 44 -2 -18 -25 -31 49 52 50 51 -42 -49 54 -17 57 -57 -56 61 60 -60 -35
right_child=2 5 3 -5 8 12 10 -9 24 11 15 34 36 26 -16 53 17 18 19 -21 23 35 38 45 25 -27 27 28 29 46 31 -33 33 58 -36 -37 -38 -39 39 -41 47 -43 -44 -45 -46 -47 -48 48 -50 -51 -52 -53 -54 -55 55 56 -58 -59 59 -61 -62 -63
leaf_value=-0.080625409227917569 -0.073454110076849835 -0.0020378523602317946 0.006317438830329365 0.022108238948618783 0.0016133884400774559 0.0002835727868328678 -0.0030809159108636484 0.0066768473437707676 0.012157958975427399 -0.024265626179655882 -0.0024034619839896436 -0.02821618345667895 0.0027369190052683079 0.023336074788724598 -0.031829331227326382 0.0023365736698448204 0.032298937322806934 -0.057920247661858992 0.020453341295804534 -0.021788774095873053 -0.0039400183117228602 -0.014202953736233329 0.0062499822834776791 0.0011964728386443669 0.0020493579218901999 0.0082438161522425096 -0.0057548964058760522 0.01625394230526302 -0.067217824077700009 -0.048989633849087166 0.011969900817010605 0.023399032226491596 -0.018236900044164367 0.0087196978388317074 -0.0083463128751867163 -0.0072252682399523635 -0.091091789268714779 -0.028547725963025062 0.0491852222830335 -0.0063115297283784597 0.031414982043256733 -0.0016494564429713919 -0.0017256040561570551 0.023319541499457488 -0.05387275615828175 0.010033049609455424 0.0084032655666039218 0.00838140546712908 0.0026228326760332227 0.0034008423214870261 -0.035984056531883669 -0.031062683883766231 0.024514922897260649 -0.00032665789870468456 0.0998681885160565 -0.048016396903271454 0.0097467224461877354 0.023713768767422729 -0.014964610941025058 0.004681794023023462 -0.12875117000419362 0.032448896005113234
leaf_weight=8.9475398451431811 3.2367113279078685 12017.577020245921 1347.896934882082 745.23251205428096 4800.6242861931405 16770.379675270451 35702.601099277243 729.04487429177971 1263.7299968219158 60.198455262056086 6644.5090570020111 86.297274897569878 12097.065896376214 289.86538169524692 35.001169618684798 1174.7156107329065 45.909845772897825 31.047259273473173 86.424174486543052 25.525900378357619 2069.2234576184856 923.06254425756924 1055.7282707820632 1630.4542942030093 3913.1066917107682 1946.774353511496 147.06062480651599 1173.9424872831087 6.1500878827646366 8.9288357095792872 1532.929901558633 322.71993440585902 72.257166708521254 209.71491737269389 2184.6937524531459 2455.3037042231736 3.633492616005241 45.582035390718374 10.492328756954519 327.73759642380173 24.306324009783566 1589.1325926580903 255.75275674637669 129.81231168366503 4.3468661038205019 480.57502241374459 533.75568392086961 1814.6397839709598 1417.0671571252733 227.86090430831973 61.447339598773397 12.430107885971664 129.26190102548571 5178.4802337332221 8.9951241333037597 16.535874525492545 166.18741090741241 100.76211046293611 9.269849645206703 1047.2193336331566 4.6156758461147538 78.023725284030661
leaf_count=144346 105 477132 19216 17446 90651 433540 4244903 21459 18669 87681 644762 99238 228212 4393 581 124999 596 576 1372 508 336581 140045 72298 144890 62752 27991 2488 18804 131 135 23779 4817 1228 3204 755049 310918 94 4696 385 18577 501 486021 3846 2073 75 15495 8521 30423 25767 4415 1660 264 2270 270230 357 1889 11016 8049 144 16270 89 1157
internal_value=-4.77639e-11 -0.00151488 0.00660191 0.0126092 0.0052921 0.00043037 -0.00282232 -0.00153941 0.00398169 -0.00648275 -0.0025743 -0.00631353 0.00130003 0.010591 0.00137132 -0.000907657 0.00815489 0.011334 -0.00410343 0.0108217 -0.00307202 -0.0033552 -0.00282913 -0.000330208 0.00545895 0.00410729 0.0132582 0.0116959 0.0131855 0.00662217 0.0123552 0.0139576 0.00840907 0.00507533 -0.00910136 -0.00913176 0.00270874 -0.00258159 0.00361978 -0.00458995 0.00623694 -0.00247492 0.00263826 0.0209653 0.0248457 0.00320812 0.00745898 0.00570545 0.00657394 -0.00324721 -0.0186757 0.0102751 0.00945422 0.000777465 0.00467448 0.0140644 0.00451934 0.029955 0.00632416 0.00392975 -0.0527883 0.0151541
internal_weight=127296 103538 23757.9 4252.83 19505.1 41617.7 61920.2 12746.6 13380.3 3929.27 57990.9 3920.32 28871.1 3507.6 4835.63 13335.8 6124.72 2304.66 142.997 111.95 44655.2 40474.9 37096.6 4180.25 8544.71 5859.88 2159.7 1869.84 1722.78 548.835 2161.66 1855.65 2684.83 1421.1 2270.99 3378.37 12100.7 6690.09 1393.96 338.23 3820.06 1649.33 306.009 133.049 50.2567 2111.03 542.685 3687.01 3360.97 326.045 98.1838 36.7364 1943.9 6645.68 1467.2 292.481 182.723 109.757 1348.84 1061.1 13.8855 287.739
internal_count=9479779 9082862 396917 71134 325783 1160437 7922425 498591 222736 1572335 6350090 1427989 661846 53688 91232 1065998 103047 35569 2456 1880 5284092 4787126 4336163 496966 131504 90743 34472 30079 27591 8787 33113 28596 40761 22092 854287 450963 228306 649458 91260 18962 67478 573702 4517 2178 671 160385 8656 65300 58460 6840 2425 765 32693 416540 146310 21311 12905 8406 20864 16503 233 4361
is_linear=0
shrinkage=0.08


Tree=58
num_leaves=63
num_cat=0
split_feature=0 0 1 0 1 5 0 0 3 0 1 3 7 1 0 5 6 5 7 7 1 3 5 5 6 6 0 1 0 6 5 5 5 6 3 7 5 7 1 5 6 7 3 3 6 3 5 1 5 5 0 6 6 3 6 6 5 6 5 7 7 5
split_gain=110.303 22.2754 23.1035 25.8891 18.6993 13.6667 13.0904 8.46722 8.47363 7.15053 6.829 6.76468 7.50795 6.61986 6.17387 5.9314 9.9433 5.52329 6.8452 5.4983 5.1905 6.79944 5.06652 4.93807 4.88561 5.4978 5.10655 6.97012 4.81451 4.63159 4.57391 5.86099 5.63583 5.62735 5.2488 5.21352 4.57592 4.39568 4.36223 5.38688 4.35713 6.20892 4.27749 5.18073 8.92429 5.28499 4.14539 4.05833 4.04508 4.02152 4.00852 3.98912 4.71161 7.47051 3.89254 8.60713 4.97789 4.81029 3.93574 3.81657 5.31373 5.10463
threshold=2.5000000000000004 24.500000000000004 9.5000000000000018 7.5000000000000009 28.500000000000004 0.4371065646409989 4.5000000000000009 1.5000000000000002 29.500000000000004 1.0000000180025095e-35 8.5000000000000018 20.500000000000004 5.5000000000000009 6.5000000000000009 12.500000000000002 0.79679140448570263 119.50000000000001 0.29576784372329717 20.500000000000004 20.500000000000004 15.500000000000002 28.500000000000004 0.83056166768074047 0.69511905312538158 35.500000000000007 113.50000000000001 40.500000000000007 91.500000000000014 20.500000000000004 123.50000000000001 0.65551853179931652 0.63943681120872509 0.6376805603504182 107.50000000000001 10.500000000000002 4.5000000000000009 0.6567898988723756 3.5000000000000004 39.500000000000007 0.6866402029991151 84.500000000000014 3.5000000000000004 13.500000000000002 8.5000000000000018 64.500000000000014 5.5000000000000009 0.65160736441612255 47.500000000000007 0.75106957554817211 0.65798047184944164 11.500000000000002 23.500000000000004 3.5000000000000004 6.5000000000000009 115.50000000000001 114.50000000000001 0.73018604516983043 120.50000000000001 0.76100599765777599 17.500000000000004 16.500000000000004 0.33242595195770269
decision_type=2 2 2 2 2 2 2 2 2 2 2 2 2 2 2 2 2 2 2 2 2 2 2 2 2 2 2 2 2 2 2 2 2 2 2 2 2 2 2 2 2 2 2 2 2 2 2 2 2 2 2 2 2 2 2 2 2 2 2 2 2 2
left_child=5 2 6 19 15 9 13 8 37 -1 48 12 -11 30 -6 20 -17 18 -14 23 50 28 54 59 26 -26 -3 -28 -22 -25 31 32 -2 42 -35 -32 -37 -7 -16 -40 -13 -42 43 44 45 -33 -45 -27 -9 -38 51 52 53 -5 55 -10 -57 -56 -58 60 -4 -62
right_child=1 24 3 4 14 7 -8 10 22 11 -12 40 17 -15 38 16 -18 -19 -20 -21 21 -23 -24 29 25 47 27 -29 -30 -31 35 33 -34 34 -36 36 49 -39 39 -41 41 -43 -44 46 -46 -47 -48 -49 -50 -51 -52 -53 -54 -55 57 56 58 -59 -60 -61 61 -63
leaf_value=-0.080578292541307509 0.0034991573184126302 0.012013966368249796 -0.0010639905848132056 -0.099613644795306183 -0.0012698554725116434 -0.006873447012967793 0.0085287217819067472 -0.00024062027216344392 -0.0012100620553561474 -0.001011523849064626 -0.0023850977400874116 -0.00043281105752202595 -0.015428812335210705 0.0010404570678134801 0.0060326093580680843 0.012728274326891538 -0.048009157637374317 -0.0071739490766464763 0.019897648770085274 0.018210332277459568 0.0048302491400184482 -0.0034372049554256224 0.0072802711189025905 0.000884661111618332 0.0040785539875212327 0.025675066736176422 0.040573663242193997 0.0045073338459354385 0.024614463757401006 0.024426797414172498 0.0035511934584417327 0.047515432131300175 0.035650529143387198 -0.019910930239498161 0.019067336090079896 0.0425891382106506 -0.025835158216474776 -0.0032746480456148702 0.0043190870264292339 -0.0021804630250245836 0.011457419570251055 -0.009377663263634383 -0.019894370801311095 0.0055091858038536822 -0.045066000161306671 -0.012877510977447671 0.06185903993563447 0.0097489070920458182 0.0033619707448645513 0.0091927013046817531 0.020203663295641598 0.0066400240528977986 0.028287922212040479 0.010045847357266709 -0.0098812719814172119 0.019102568169846481 -0.0088030781912275466 -0.0014833916478186133 0.011725962763241836 -0.0040241105536127503 -0.014520945098216029 0.010669483562748374
leaf_weight=8.1464464462915185 3416.9066600104079 623.25278106308247 14915.880817721891 4.757832332750243 4237.0601422161271 2441.284089988676 4046.2554740714513 10385.760642170288 8595.1241726643093 877.6452789125542 9408.8789912184729 1945.7056195236582 998.09905270770105 5015.5479627511777 1798.5108439216565 1055.4516161593792 17.536962755024433 2356.1806573987124 36.384435897241929 100.44419860845665 4705.8367416338633 671.13418867690143 455.75989681642386 8597.1826348706927 1026.3137482028037 143.30040933894884 101.00329921982484 51.923619349719957 80.061074964783074 53.818139317561872 1920.8079922923625 16.297420775748833 35.253051236677493 30.134529916358588 83.033929255936528 26.038198485674002 21.182628784648841 19703.605721940025 1661.3255234667449 1604.1325636109686 102.87669492547866 830.6017114926799 180.00562881663791 25.265932361980958 30.400701439873956 21.517956018840778 12.483425929211078 358.78930413714261 2468.8714744064055 2160.8950165623255 182.23987063105142 1637.5537202980427 110.25823311298154 24.192923868075013 703.21482401700632 210.70777263125638 110.90070585854119 1151.0612743848469 129.62983402423561 2771.4290912644083 58.778838611789979 414.84159120652475
leaf_count=144346 59890 11782 895970 89 169830 398652 64903 278228 635207 235664 929528 364301 568448 113409 34612 17435 326 677394 7715 3045 94273 13894 8678 273045 20202 2858 1900 889 1930 1741 28717 194 590 502 1282 330 335 2646637 52173 37132 15414 177668 3052 471 578 378 180 6848 38961 30381 3950 28063 1919 461 59272 8894 4377 88517 3552 178345 6842 23580
internal_value=-2.10634e-11 0.00233708 0.00204884 0.00109336 0.0034613 -0.002379 0.00455515 -0.00195665 -0.00276026 -0.0056704 -0.000747404 -0.00558502 -0.00760638 0.00331797 0.000983431 0.00617618 0.0117356 -0.00931341 -0.0141863 -0.000471937 0.00537182 0.00410373 -0.000983576 -0.000541926 0.0100594 0.00743451 0.0152282 0.028328 0.00516121 0.00103112 0.00474939 0.0027663 0.00382748 -0.00641184 0.00868819 0.00659913 0.00925049 -0.00367138 0.00286877 0.00112623 -0.00258842 -0.00708147 -0.0123874 0.000364748 -0.012794 0.0131502 0.0241437 0.0142944 0.000451296 0.00885267 0.00890421 0.00774525 0.0207463 -0.00797584 -0.00132909 -0.000644658 0.0101251 -0.0046682 0.0022607 -0.00129125 -0.000799099 0.00754322
internal_weight=126969 64049 61744.5 44702.4 17790.1 62920.4 17042 55764.8 33501.3 7155.64 22263.5 7147.49 4268.31 12995.8 9301.03 8489.02 1072.99 3390.66 1034.48 26912.4 7416.03 5457.03 11356.4 26811.9 2304.58 1528.4 776.18 152.927 4785.9 8651 7980.22 3851.3 3452.16 399.14 113.168 4128.92 2208.12 22144.9 5063.97 3265.46 2879.18 933.478 285.971 105.965 68.2161 37.8154 37.7494 502.09 12854.6 2182.08 1959 1776.76 139.209 28.9508 10900.6 9046.36 451.238 1854.28 240.531 18160.9 15389.5 473.62
internal_count=9479779 2188326 2143847 1838655 456087 7291453 305192 5100503 3853786 2190950 1246717 2046604 1489221 240289 293747 162340 17761 1253557 576163 1382568 144579 110097 808497 1379523 44479 29908 14571 2789 96203 274786 126880 67117 60480 6637 1784 59763 31046 3045289 123917 89305 557383 193082 4853 1801 1150 572 651 9706 317189 30716 34482 30532 2469 550 799819 652030 16823 147789 7929 1104737 926392 30422
is_linear=0
shrinkage=0.08


Tree=59
num_leaves=63
num_cat=0
split_feature=2 2 2 1 3 5 1 7 5 2 5 6 6 3 2 1 2 1 5 7 7 6 6 5 3 3 2 1 5 6 7 3 5 3 6 6 6 2 6 6 7 6 2 5 5 6 6 1 5 5 6 6 3 2 6 1 6 5 2 3 5 5
split_gain=166.203 33.1074 24.4881 10.9324 10.1552 9.4397 8.01352 7.94105 7.95176 7.36038 6.47088 5.98903 25.2799 5.77919 5.67193 5.50653 5.35867 5.21767 4.86489 4.67371 6.29307 5.95201 4.86592 9.3753 4.86339 4.53238 4.64162 4.43537 6.02314 4.66497 4.29093 5.41235 7.67437 4.23839 6.98853 11.5295 7.05064 5.35091 5.10929 6.63511 4.90723 4.20631 4.19905 4.17125 27.718 11.0144 11.7487 6.54352 5.70099 11.0094 5.11592 4.73207 4.11326 4.42173 4.08567 3.99543 6.53074 4.79608 3.96547 3.94922 6.47394 4.34382
threshold=0.52223318815231334 0.25949975848197943 0.84654632210731517 10.500000000000002 8.5000000000000018 0.58939334750175487 35.500000000000007 20.500000000000004 0.5725916624069215 0.023392613045871261 0.62744787335395824 56.500000000000007 53.500000000000007 27.500000000000004 0.42956349253654486 3.5000000000000004 1.0000000180025095e-35 93.500000000000014 0.72243767976760875 7.5000000000000009 8.5000000000000018 15.500000000000002 25.500000000000004 0.44458228349685674 1.5000000000000002 9.5000000000000018 0.99375000596046459 3.5000000000000004 0.60266375541687023 124.50000000000001 1.5000000000000002 13.500000000000002 0.70135679841041576 29.500000000000004 121.50000000000001 115.50000000000001 112.50000000000001 0.023392613045871261 91.500000000000014 85.500000000000014 3.5000000000000004 39.500000000000007 0.77232852578163158 0.60170263051986705 0.60048425197601329 30.500000000000004 23.500000000000004 17.500000000000004 0.6156316101551057 0.62062227725982677 4.5000000000000009 33.500000000000007 1.0000000180025095e-35 0.013793759513646366 44.500000000000007 38.500000000000007 77.500000000000014 0.5795082449913026 0.97086149454116832 3.5000000000000004 0.57317069172859203 0.72243767976760875
decision_type=2 2 2 2 2 2 2 2 2 2 2 2 2 2 2 2 2 2 2 2 2 2 2 2 2 2 2 2 2 2 2 2 2 2 2 2 2 2 2 2 2 2 2 2 2 2 2 2 2 2 2 2 2 2 2 2 2 2 2 2 2 2
left_child=1 7 4 15 18 6 -3 8 9 16 27 12 17 14 -7 -4 -1 19 -2 21 -21 -11 23 24 -23 -17 -27 28 -6 -29 31 42 -33 34 35 36 38 40 39 43 -35 -8 -12 44 50 46 -46 -48 51 -50 -10 -45 53 -40 -53 57 -57 -43 -5 60 -37 -62
right_child=2 5 3 58 10 13 41 -9 33 11 30 -13 -14 -15 -16 25 -18 -19 -20 20 -22 22 -24 -25 -26 26 -28 29 -30 -31 -32 32 -34 37 -36 59 -38 -39 52 -41 -42 55 -44 48 45 -47 47 -49 49 -51 -52 54 -54 -55 -56 56 -58 -59 -60 -61 61 -63
leaf_value=-0.080535005892994199 0.0058277229326816372 -0.0019327301491193444 0.0057246076443595055 0.017825896845713295 -0.0004902644822990088 0.001094581580746144 -0.0032169185070012709 0.010210269852419036 -0.017520885961011496 0.015660289047446235 0.029067368795266186 -0.0046727862309129562 0.015226850649501975 -0.00064802474053718819 0.0041076495129222139 0.018209651754017845 -0.012087134083690223 0.01912052412486525 0.010515578549952196 0.021390507264065679 -0.0019645496124717329 0.047071858179587374 -0.0039118079547035408 -0.015460073533188685 -0.0010048758529776485 0.0027885867667885641 0.012665391519687706 0.0020652899912628202 -0.01618529401686139 0.01705847077719877 0.0046507138872756469 0.0027595533255208994 0.04894252566920515 0.14772545069678023 0.0013436326487631593 0.061295718588877279 0.0032657549320231284 -0.00046890516559983694 0.18394692429053763 0.0027465049164797336 0.026527969677138896 0.031101989672173352 0.09388004448918412 -0.013403085929224502 -0.0025356308195643306 0.0076556187400743381 0.04231896417232487 0.091750519863005725 0.0067277201838070403 -0.0030468884115171886 -0.00074067904009993309 0.0080404759954019484 -0.0058152495297233665 0.010700752633462629 -0.0066932562829566935 0.023079756277499239 0.00088718171744145066 -0.035730448864171663 0.033416205733973435 -0.0066141609486437911 -0.012554206195086183 -0.034084009428082686
leaf_weight=7.421051798388361 3784.6570741214127 11913.888849556133 1339.7536856575002 597.6828005121331 935.92486061171439 15110.320606395446 190.58138066553511 310.54045574035263 122.3813724976244 82.333971417931025 43.746117798613341 13052.221615190632 515.97798422674532 7952.2164469148302 5437.2626267222295 593.30055390447933 538.1221556743767 67.257773817473208 2264.5082126195011 75.117377279006178 4335.6213422259243 14.122119999985442 2101.4299042561179 739.12097101814288 289.99255120914313 418.33608200839558 1119.2803854712718 3550.0174373867794 187.90498227135686 137.97521136025898 8223.4288580652101 163.69576462067562 26.797993310261518 2.5695413469220503 2923.4789217342041 6.8980512124835505 1396.5531202241364 8719.912705613584 0.95463622440001827 1661.1431966183154 12.734088081531807 85.386678982293233 7.4933449141681185 582.84438216168019 19.639647607808001 60.282379592201323 33.457682331092656 35.139090059150476 777.13847942788561 14447.173978068082 2332.807602731933 149.04575218076934 3430.6678230902689 76.404244951438159 627.88656262325821 119.73456590424757 291.40399246840389 7.4736256091855457 126.5183254648075 2116.1430367904177 295.52485123752558 75.245982611741056
leaf_count=144346 67478 475433 19216 13808 20326 371243 5734 26172 21202 16451 704 2412582 54433 184811 99104 9447 583507 11457 35569 8989 842502 2602 320419 108127 61833 7285 17740 64515 3721 2670 127689 2642 375 434 255621 824 87993 527860 684 119273 3686 2076 94 73718 2512 6000 1585 2526 71313 1104085 283776 16901 389337 7481 78014 3110 8966 252 3638 235734 39744 8410
internal_value=-1.24072e-11 -0.00138385 0.0060684 0.0116089 0.00486579 0.000376854 -0.00144576 -0.00255059 -0.00261479 -0.00384279 0.00362797 -0.00360749 -0.00191614 0.00118319 0.00189189 0.00974338 -0.0130182 -0.00306415 0.00758262 -0.00325951 -0.0015668 -0.00557314 -0.00612908 -0.0105954 0.00122766 0.0122701 0.00997823 0.00128544 -0.00311448 0.00262621 0.00495952 0.0154648 0.00925641 -0.00194339 -0.00237983 -0.0027652 -0.00226225 -0.000385957 -0.00257921 -0.00210393 0.0468775 0.00690712 0.0385457 -0.00252385 0.00045302 0.0340134 0.0520208 0.0676406 -0.00299122 -0.00254793 -0.00157711 -0.00795434 -0.00540389 0.0128387 -0.00386675 0.0107354 0.00735025 0.0257232 0.0205495 -0.00795908 -0.0154949 -0.0169236
internal_weight=126665 103144 23521 4194.87 19326.1 41108.3 12608.5 62035.3 61724.8 21818.7 13277 21273.2 8220.97 28499.8 20547.6 3470.67 545.543 7705 6049.17 7637.74 4410.74 3227 3144.67 1043.24 304.115 2130.92 1537.62 4811.82 1123.83 3687.99 8465.16 241.733 190.494 39906 31170.8 28247.3 25753.5 8735.22 24357 20848.9 15.3036 694.58 51.2395 19187.8 2603.71 148.519 88.2364 68.5968 16584.1 15224.3 2455.19 1359.78 3508.03 77.3589 776.932 503.999 411.139 92.8603 724.201 2493.81 377.669 370.771
internal_count=9479779 9082862 396917 71134 325783 1150729 495571 7932133 7905961 4567248 222736 3839395 1426813 655158 470347 53688 727853 1372380 103047 1360923 851491 509432 492981 172562 64435 34472 25025 91232 24047 67185 131504 3815 3017 3338713 2806733 2551112 2266400 531980 2178407 1780905 4120 20138 798 1661632 317601 12623 6623 4111 1344031 1175398 304978 168633 397502 8165 94915 14404 12076 2328 17446 284712 48978 48154
is_linear=0
shrinkage=0.08


Tree=60
num_leaves=63
num_cat=0
split_feature=2 2 2 5 3 5 3 1 2 6 6 1 5 3 3 6 6 6 7 2 2 6 5 5 5 1 5 5 7 6 5 6 1 5 3 7 1 5 6 5 2 6 5 2 2 5 5 7 2 7 6 5 5 1 6 1 2 6 1 5 6 5
split_gain=150.557 29.834 22.6484 9.8267 8.93624 8.62476 7.11039 5.93383 8.57408 7.40858 6.09301 5.87421 5.83614 5.5335 5.52365 4.91311 12.5223 7.02691 4.88463 4.83238 4.3793 4.35733 6.04134 8.40385 5.38878 6.74285 4.35536 4.33148 4.28936 4.73045 4.71458 5.80981 4.24741 4.24336 7.28104 6.75892 5.55773 4.21677 4.19282 4.08121 4.0812 4.0807 4.01805 6.65645 4.01681 4.01649 3.89238 3.86793 3.84516 3.80829 5.34115 4.013 3.76089 6.44915 3.82576 4.01884 4.70396 3.85981 3.70008 3.68333 5.24106 3.82075
threshold=0.52223318815231334 0.26713615655899053 0.75140449404716503 0.58939334750175487 10.500000000000002 0.72243767976760875 28.500000000000004 6.5000000000000009 0.8896499276161195 7.5000000000000009 3.5000000000000004 35.500000000000007 0.46574629843235021 13.500000000000002 27.500000000000004 121.50000000000001 115.50000000000001 114.50000000000001 18.500000000000004 0.15821565687656405 0.39159812033176428 31.500000000000004 0.29576784372329717 0.27558170258998876 0.7822885811328889 10.500000000000002 0.71393844485282909 0.62306672334671032 20.500000000000004 57.500000000000007 0.29576784372329717 22.500000000000004 37.500000000000007 0.60908645391464245 24.500000000000004 5.5000000000000009 74.500000000000014 0.25077867507934576 74.500000000000014 0.46399958431720739 0.57294833660125744 69.500000000000014 0.71551167964935314 0.91042780876159679 0.015038444194942715 0.61700040102005016 0.65551853179931652 3.5000000000000004 0.80178570747375499 12.500000000000002 97.500000000000014 0.81396234035491954 0.7822885811328889 22.500000000000004 55.500000000000007 34.500000000000007 0.37089946866035467 90.500000000000014 48.500000000000007 0.58592963218688976 122.50000000000001 0.24477025121450427
decision_type=2 2 2 2 2 2 2 2 2 2 2 2 2 2 2 2 2 2 2 2 2 2 2 2 2 2 2 2 2 2 2 2 2 2 2 2 2 2 2 2 2 2 2 2 2 2 2 2 2 2 2 2 2 2 2 2 2 2 2 2 2 2
left_child=1 6 5 11 7 13 12 9 10 -4 26 59 28 39 20 16 17 19 -11 47 -5 24 23 -23 25 -6 -9 45 29 30 31 44 38 34 35 -22 -37 -30 -13 -2 -41 -31 -24 -44 -1 -17 -29 -14 -26 50 -16 58 54 -54 -51 -56 -57 -58 -52 61 -61 -3
right_child=2 3 4 14 21 -7 -8 8 -10 18 -12 32 15 -15 49 27 -18 -19 -20 -21 33 22 42 -25 48 -27 -28 46 37 41 -32 -33 -34 -35 -36 36 -38 -39 -40 40 -42 -43 43 -45 -46 -47 -48 -49 -50 52 51 -53 53 -55 55 56 57 -59 -60 60 -62 -63
leaf_value=-0.063956011056273715 -0.0031047087493426585 -0.012633569802016133 0.051083457117348123 0.00088727297355219214 -0.0038625751712236312 0.0067983694446835689 -0.00084055670249029695 -0.013278778294527362 0.028304405176880536 0.010066350106456304 0.014383966955223957 0.0025593314551786046 -0.0070784341966843569 0.0013648489305263624 -0.00097973703881294055 -0.0019901421858845299 -0.0075502300554298497 0.0031548253753028595 -0.0082901288893201062 -0.0015227471189060045 0.017004557571504066 -0.0066085241597375723 0.0073657319301934348 -0.15850445099773183 -0.0031317300265977979 0.015613788956418967 -0.11233303805555116 0.0072373657695677723 0.037524886223362357 -0.012256277878021115 -0.001035996130129119 0.0032167857894615584 0.0033316529723104154 0.0027657196570301098 0.044862886728213328 0.0012047639529474943 -0.10703074149408069 0.0021120705969045017 0.037527547574502884 0.0010662279431348702 0.0069010089038868162 -0.0057877501251337761 0.0070086498248841589 0.01980606986191465 -0.013956837469670049 -0.021276961199232836 0.00011328609543354774 -0.0030850243824896116 0.015903090100546972 0.00096373759632989973 0.0049851801034742852 -0.093097618062868079 0.0078015782156898627 -0.045892579718297702 -0.0065997732086304573 -0.020172908734885305 0.094099830184702429 0.0086239558012264645 -0.085381048203922894 -0.0086834125794248568 -0.062411887190149423 -0.0014906911258758583
leaf_weight=10.613580922021354 371.13801741662792 200.46635174724906 26.48566811292585 11307.770017453029 642.20777527845485 5507.5388122696004 14331.455937976396 15.995543664321078 339.16824809190371 928.97772045372676 903.65971981876828 39.189137412235141 1717.1288661380022 6299.9499439448364 3646.0025313123242 1655.9953136298136 3231.8617375676258 1426.83016120908 103.0688053850854 15038.986437854543 270.44838166888803 8.4979869779326673 2220.3494057243406 3.212311834562569 89.565413613105193 138.25632534772922 3.4544414037372908 749.55212758484413 26.658608909914619 763.60061384244909 2158.7822007787472 153.78254655504497 559.67826971967588 8011.301432517419 35.111950344406068 359.09128150087781 3.0621458396781227 111.6398287229822 49.873341370839626 982.1009164071429 3506.4822229674373 3418.3326641726344 521.62948979201974 518.86811278965752 330.53101161085215 72.113657323468942 1422.0625601584761 16169.505602274858 281.04048546261401 677.26665212772423 1531.3845579929111 2.683733992278575 297.64142046621237 15.039599701296536 1667.6543463949129 8.1661754904780555 7.6883635595440847 6.0352149521932006 2.9053702806122592 262.54254828614648 12.157634577481074 11195.086973376712
leaf_count=119231 8287 25553 349 289639 10224 81471 1344033 258 8090 13842 17265 1019 311691 112817 81437 243126 413414 90242 1502 678049 5579 139 35669 55 1525 2802 48 69619 5572 238170 515682 69645 16411 150587 668 8634 87 10985 1226 18954 60837 1053372 8787 8661 169986 9603 92285 2525336 5335 18038 33727 60 4578 282 43766 251 53 112 81 8327 487 432219
internal_value=-5.44143e-12 -0.00131676 0.00579073 0.000385864 0.0097023 0.0042079 -0.00240598 0.0137226 0.017427 0.00930528 0.0134304 -0.00149549 -0.00286895 0.00292944 0.00121807 -0.00250898 -0.00278942 -0.00234152 0.00823312 -0.00257971 0.00192472 0.00759306 0.00908214 -0.0482759 0.00335952 -0.000412409 -0.0308714 0.000193823 -0.00501022 -0.00529243 -0.00265054 -0.00969291 0.00591388 0.00327641 0.00940366 0.00743553 0.000289591 0.0089383 0.0221409 0.00495772 0.00562436 -0.00696887 0.00928813 0.0133904 -0.0155124 -0.00279498 0.00257223 -0.00346839 0.0113029 -0.000578265 0.000687673 0.0046431 -0.00302698 0.00521895 -0.00411636 -0.00615276 0.0279028 0.0565101 0.00481406 -0.00190738 -0.0110613 -0.00168671
internal_weight=126369 102958 23411.6 40168.2 6744.44 16667.2 62789.4 2320.81 1262.28 1058.53 923.11 12319 48458 11159.7 27849.3 41484 37584.3 34352.5 1032.05 32925.6 19986.8 4423.63 3272.56 11.7103 1151.07 780.464 19.45 3899.72 6973.94 6835.64 2653.71 494.927 648.741 8679.02 667.714 632.602 362.153 138.298 89.0625 4859.72 4488.58 4181.93 3260.85 1040.5 341.145 1728.11 2171.61 17886.6 370.606 7862.47 5182.98 1536.97 2679.49 312.681 2366.81 1689.54 21.8898 13.7236 1534.29 11670.3 274.7 11395.6
internal_count=9479779 9082862 396917 1122821 114551 282366 7960041 41354 25661 15693 17571 485242 6616008 200895 637579 4433365 4018732 3605318 15344 3515076 455194 73197 53311 194 19886 13026 306 414633 2182643 2166086 874544 358862 18656 165555 14968 14300 8721 16557 2245 88078 79791 1291542 53117 17448 289217 252729 161904 2837027 6860 182385 115305 33868 67080 4860 62220 44182 416 165 33808 466586 8814 457772
is_linear=0
shrinkage=0.08


Tree=61
num_leaves=63
num_cat=0
split_feature=2 2 2 0 2 5 3 3 0 3 5 1 5 7 7 3 5 5 1 5 7 7 2 1 5 0 5 5 5 5 1 2 3 3 7 0 2 2 7 3 5 2 7 5 7 7 7 5 5 0 0 3 5 0 7 0 7 3 1 5 7 7
split_gain=137.427 27.3815 20.9353 8.59484 10.4654 8.18192 7.92307 6.48735 10.6222 6.47591 6.34332 5.78723 5.29576 5.29046 4.92351 4.71008 4.43744 4.26547 7.84778 4.1674 4.80532 4.14397 3.86306 3.76547 3.67922 3.53936 3.42576 3.40418 5.60929 8.21053 5.70093 3.808 3.36017 3.29124 3.42971 3.22809 3.86973 3.3467 3.21864 3.18903 4.86388 3.34945 3.1624 3.06084 4.16297 3.17059 6.63557 5.6914 5.3752 5.02741 3.87757 3.83846 6.15256 4.35791 3.72987 3.18273 3.1065 4.14597 6.26177 3.04156 4.32395 4.34562
threshold=0.52223318815231334 0.26713615655899053 0.75140449404716503 5.5000000000000009 0.91042780876159679 0.59054526686668407 18.500000000000004 28.500000000000004 1.5000000000000002 9.5000000000000018 0.39415359497070318 35.500000000000007 0.48715452849864965 20.500000000000004 8.5000000000000018 27.500000000000004 0.39415359497070318 0.81119626760482799 16.500000000000004 0.41619303822517401 8.5000000000000018 20.500000000000004 0.42956349253654486 37.500000000000007 0.15310718119144442 1.0000000180025095e-35 0.45988053083419805 0.75106957554817211 0.73315289616584789 0.72243767976760875 66.500000000000014 0.39886364340782171 29.500000000000004 24.500000000000004 3.5000000000000004 26.500000000000004 0.71563342213630687 0.55625879764556896 18.500000000000004 3.5000000000000004 0.70944577455520641 0.6885775923728944 1.5000000000000002 0.24477025121450427 12.500000000000002 6.5000000000000009 8.5000000000000018 0.5725916624069215 0.56867092847824108 2.5000000000000004 2.5000000000000004 1.5000000000000002 0.52732089161872875 7.5000000000000009 4.5000000000000009 14.500000000000002 20.500000000000004 5.5000000000000009 5.5000000000000009 0.60266375541687023 8.5000000000000018 3.5000000000000004
decision_type=2 2 2 2 2 2 2 2 2 2 2 2 2 2 2 2 2 2 2 2 2 2 2 2 2 2 2 2 2 2 2 2 2 2 2 2 2 2 2 2 2 2 2 2 2 2 2 2 2 2 2 2 2 2 2 2 2 2 2 2 2 2
left_child=1 7 6 19 9 11 12 8 10 14 25 43 -2 -6 -5 22 -11 -8 32 20 33 35 27 -13 -9 -1 38 28 29 59 -30 -31 -19 -4 -35 37 39 -14 -18 40 -37 -42 -29 44 -3 47 55 48 51 -50 56 52 53 54 -45 -47 -48 58 -58 60 61 -7
right_child=2 5 3 4 13 15 17 24 -10 16 -12 23 21 -15 -16 -17 26 18 -20 -21 -22 -23 -24 -25 -26 -27 -28 42 30 31 -32 -33 -34 34 -36 36 -38 -39 -40 -41 41 -43 -44 45 -46 46 50 -49 49 -51 -52 -53 -54 -55 -56 -57 57 -59 -60 -61 -62 -63
leaf_value=-0.080452316070361365 -0.0014486082183305068 0.0024737081169586678 0.027950024970850453 0.019671669823217979 0.019682022113657386 -0.0073865079451425446 0.0013955907067419084 -0.021073539117182391 -0.0017020948168603278 0.048387018824596117 -0.0036282957317935335 0.021055720096827348 0.0015559479122051775 0.13916888454762918 0.0077539333337649967 -0.00052280136214621746 -0.00831879693579529 -0.0052618077762347035 0.028718673887189763 0.007099796384302897 -0.023950805781966497 -0.059974542040605351 0.0036255457773072103 0.0035403096159045745 -0.00072551543097768717 -0.0080898957434302216 0.0062102777700456359 0.065269442111943257 -0.008282969078889986 0.012867180193903392 0.023699552620090065 -0.0028766232452822715 0.0085291942627648328 0.025803099100714124 -0.059273026121960379 0.035598204639937688 0.026395958362112119 0.0062859262170626437 -0.07490826679665831 0.0054671473680701901 0.012532009414155162 -0.034453232415977385 0.0029795648755754499 -0.021522368860788212 -0.021146651691661533 0.0071074131244069942 -0.0035632551169523558 -0.0098499426011146567 -0.003710745090849084 0.030315003010186751 0.00062808380522521451 -0.0021105643965255091 0.0066043404317322734 -0.10354137924751786 -0.10059091639341179 -0.067797379782682091 -0.10815848727168974 0.02859917330702505 0.056241787339111379 -0.00022121916189278787 -0.0015933540869108702 0.013983688876373116
leaf_weight=4.3347610770833844 646.50453390780422 80.174487853246319 26.740576083772794 541.00654531783721 837.91152834989316 73.354405614087227 6489.4742248978546 57.098556162254681 27284.43022526757 15.699652317824073 18962.896674104672 91.132055257214233 1109.4736300362956 2.3782856925390652 376.07300887501879 7812.0788584169495 23.768111409619454 161.22521944987238 100.88340892456472 3466.3283069975496 59.297626253900489 6.0793540729209772 5383.6336619627418 569.05060757717001 14276.986535375134 2120.7426458279515 1325.6947699652042 5.2229013666510573 664.04335504991468 496.94408751558512 37.694555039750412 122.57605450088158 378.56993680286905 5.3946617059409601 6.9263391345739365 64.546675066783791 93.379536740307231 6983.031598422428 5.7741855895146719 462.28872034687083 101.35746967652813 10.739071950549258 4120.668463013677 48.184505172073841 118.09396086627385 719.08827995468164 3244.627053760807 706.18599605793133 49.987722125442815 62.587677091360092 3205.6247292936405 3431.8419464165963 38.092639615526423 5.3577895178459576 4.1468693972565225 3.6488717123866072 3.7028315297793588 36.151155804283917 2.4730884283781052 8242.2380923612509 351.55913054617122 358.67807787773199
leaf_count=105337 14562 8289 459 10564 18481 2173 110108 75340 2260754 264 3159686 2287 20188 26 7425 181150 438 2385 1450 51188 1139 122 98561 16687 1268693 1090231 24264 93 15907 11370 660 2570 4780 110 105 1097 1774 115501 88 8571 1628 200 74086 1857 17264 22572 163950 22703 1864 1584 97348 130169 1038 172 194 91 152 1073 61 226092 11387 9417
internal_value=2.99152e-12 -0.00125739 0.00554727 0.00932463 0.0123849 0.000375569 0.00402495 -0.00230136 -0.00274431 0.00958074 -0.00409277 -0.00133026 0.00554057 0.0200202 0.0147845 0.0011413 0.00609972 0.0020104 0.00823783 0.00663903 -0.00959923 0.00605224 0.00179599 0.00595815 -0.00080657 -0.0082375 0.00560985 0.00111544 0.000340682 0.000843098 -0.006565 0.00975217 0.00441012 0.0121873 -0.0220231 0.00609773 0.011184 0.00563745 -0.021334 0.00896083 0.0181041 0.00803073 0.00305842 -0.00173942 -0.0115952 -0.00157041 -0.000542189 -0.00327733 -0.00200226 0.0152063 -0.00135163 -0.00255143 -0.0183475 -0.0348234 -0.027788 0.00672924 -0.00328235 0.0182505 -0.042326 0.000231592 0.0049945 0.0103553
internal_weight=126096 102795 23300.5 6692.99 3128.31 40088.8 16607.6 62706.5 48372.4 2288.02 21088 12420.2 9477.4 840.29 917.08 27668.7 1370.94 7130.15 640.679 3564.69 98.3592 8830.9 19856.6 660.183 14334.1 2125.08 1355.24 14473 10347.1 9645.35 701.738 619.52 539.795 39.0616 12.321 8824.82 732.311 8092.51 29.5423 638.932 176.643 112.097 4125.89 11760 198.268 11561.7 7215.32 4346.39 3640.2 112.575 6492.58 3527.62 95.7818 57.6892 52.3314 722.737 3286.95 42.3271 6.17592 9025.83 783.592 432.032
internal_count=9479779 9082862 396917 114551 61550 1122821 282366 7960041 6616008 43043 4355254 489355 163643 18507 17989 633466 25054 118723 8615 53001 1813 149081 452316 18974 1344033 1195568 24790 353755 279576 263009 16567 13940 7165 674 215 148959 13270 135689 526 11496 2925 1828 74179 470381 25553 444828 285247 159581 136878 3448 262584 133430 3261 2223 2051 22663 165236 1286 213 249069 22977 11590
is_linear=0
shrinkage=0.08


Tree=62
num_leaves=63
num_cat=0
split_feature=2 2 2 0 5 3 7 0 7 5 3 0 3 4 5 5 4 5 4 2 4 4 4 5 5 4 4 3 4 5 4 4 4 4 4 4 5 5 4 4 4 0 2 7 5 4 5 5 4 7 3 4 7 4 4 4 5 5 4 4 3 4
split_gain=124.741 24.7903 18.9721 9.14512 8.07048 8.06699 7.71704 6.58659 6.32702 5.81837 5.75226 5.43422 9.32664 5.77193 5.38992 4.98274 4.66323 6.03474 5.43018 6.85494 4.62218 5.8468 4.71018 5.23867 4.61653 10.8426 5.07388 6.96916 4.43179 6.21819 4.39203 4.34178 4.30665 4.2838 7.44465 6.11918 4.1699 4.23989 4.89218 4.08219 3.98327 3.97279 3.96613 4.39992 3.96043 5.21712 6.77895 5.66404 5.38924 6.94758 5.04116 7.41181 7.96562 7.01516 5.19105 4.86661 4.52845 4.47221 4.16996 9.97422 5.37145 4.12584
threshold=0.52223318815231334 0.28292356431484228 0.84654632210731517 7.5000000000000009 0.76100599765777599 8.5000000000000018 20.500000000000004 3.5000000000000004 1.5000000000000002 0.089699901640415206 15.500000000000002 3.5000000000000004 29.500000000000004 198.50000000000003 0.62744787335395824 0.38642528653144842 1707.5000000000002 0.41619303822517401 1426.5000000000002 0.42776885628700262 322066.50000000006 195199.50000000003 141789.00000000003 0.69713348150253307 0.77245694398880016 7032.0000000000009 6906.5000000000009 5.5000000000000009 8533.5000000000018 0.7725205421447755 17089.000000000004 7983.0000000000009 72837.500000000015 16580.500000000004 37398.500000000007 11960.000000000002 0.63943681120872509 0.64067861437797557 14682.500000000002 405.50000000000006 19315.500000000004 19.500000000000004 0.91833335161209118 2.5000000000000004 0.81119626760482799 2653.5000000000005 0.66562321782112133 0.65999040007591259 72160.000000000015 11.500000000000002 29.500000000000004 9739.5000000000018 6.5000000000000009 19315.500000000004 11350.500000000002 3453.5000000000005 0.70717167854309093 0.77774071693420421 3595.0000000000005 7641.0000000000009 3.5000000000000004 7983.0000000000009
decision_type=2 2 2 2 2 2 2 2 2 2 2 2 2 2 2 2 2 2 2 2 2 2 2 2 2 2 2 2 2 2 2 2 2 2 2 2 2 2 2 2 2 2 2 2 2 2 2 2 2 2 2 2 2 2 2 2 2 2 2 2 2 2
left_child=1 6 5 44 7 -2 9 16 -6 -1 30 12 15 -13 32 39 18 40 -3 -20 21 22 -14 -24 -10 26 -26 -28 -16 36 -5 -27 -7 35 -35 -31 -30 38 -38 -11 -18 -37 -12 -44 45 -4 47 58 49 50 57 55 -53 54 -54 -52 -56 -48 -47 60 -60 -51
right_child=2 4 3 10 8 14 -8 -9 24 11 42 13 20 -15 28 -17 17 -19 19 -21 -22 -23 23 -25 25 31 27 -29 29 33 -32 -33 -34 34 -36 41 37 -39 -40 -41 -42 -43 43 -45 -46 46 48 -49 -50 61 51 52 53 -55 56 -57 -58 -59 59 -61 -62 -63
leaf_value=-0.02227958065403858 0.0066815553427560497 0.00010512451857304062 0.012364177302578447 0.015484804748564996 0.070876032022861329 0.0011910532414424703 0.010178833361624173 0.0011994170595484666 0.0075356198993518867 -0.0027634073259570173 0.0018572369974808884 0.007729340157274292 -0.0009868821405120303 -0.0011235384009103332 0.0070769089401635467 -0.0029786757027875851 -0.010749544829875059 -0.0015927224251329397 0.0033322980336225093 0.024623203903899517 0.0078395855084339387 -0.011589683426098831 0.022101874807862139 0.0005467279969016888 -0.010364566479739637 0.0246850907758428 0.023869279563364421 -0.14140217835614682 0.011615552865839056 0.012171033101089718 0.028955870123060425 0.002585971184379613 -0.027242295644250479 0.019136683225065322 0.0056069973781616902 -0.02110478087974502 0.040365076332812284 0.0009557849095704618 -0.028006438602897133 -0.0090066105707330493 -0.080574640650268856 0.026698903039403487 -0.034217600944947829 0.020758834341956866 0.016611189837140231 -0.015295002057791674 0.023823336645557039 -0.027734940735132038 0.00015509071140154825 -0.00609481248775423 0.030299600663287754 -0.0041971518918885609 0.096580715169141421 0.070232888388665954 0.057406719442264248 -0.036009510824423691 -0.03541239820850834 0.067535840020407453 -0.061512199256441379 -0.0039111944601134072 0.018659545407609668 0.010906658838037332
leaf_weight=92.420342285557126 5952.1907003979686 4193.6937596502703 837.17635342648532 342.86467286902678 8.7655730117103285 4739.4876790561029 322.82203094258148 13763.982817742559 1123.2932191638974 1120.5689960311793 213.90893128513108 487.90138348663822 12034.761064300008 13883.3189201807 2626.9840345460943 33599.849588826131 384.14510506918486 12944.784816330244 368.13736259550205 131.30071719002444 388.50532319920603 326.26921994035365 120.05646237405017 180.87722315336578 341.90009854221717 57.543801225489005 2.6147139058448365 4.3487935634329915 233.66404798266012 85.068658967560623 282.54028558294806 5071.2818082520398 34.339858034392819 320.83132343501529 1379.2317963879241 104.63937834553508 7.6044168905355027 3545.3478040518448 56.178402413381264 1668.0525758648146 5.300883008632808 12.450203571002929 9.8388511585071665 175.62816124670644 311.17210643151884 89.938642146797974 241.22650686091288 47.003247574768466 324.97917855009632 139.53226467635932 9.1370985135217762 44.831702508654416 3.5048840357922044 26.40245156677247 4.6105147950293057 31.520678907547335 12.442370617369304 15.971022520070617 5.4811782972137726 444.56572748909002 220.89302183587961 264.56161426418225
leaf_count=233992 103047 177911 12264 8176 129 90651 26311 336944 20484 431834 4419 30597 1168172 768907 40761 4594312 31337 398840 14482 2699 7934 11247 3779 7210 6468 824 42 146 3917 1271 7134 80986 581 4380 20545 1614 128 57517 1190 726886 389 181 261 4136 5384 1392 3637 736 4926 2106 120 700 53 358 64 516 203 235 90 6933 3301 3990
internal_value=-1.73192e-11 -0.00119758 0.00529809 0.010236 0.000410403 0.00423808 -0.00215902 -0.000118414 0.00295389 -0.00222135 0.016781 -0.00219229 -0.00259033 -0.000822984 0.00313173 -0.00324837 -0.00112459 -0.00188792 0.00104422 0.00892961 -0.000755541 -0.00101926 -0.000739685 0.00914608 0.0028637 0.00190564 -0.0117414 -0.0793447 0.00435495 0.0031103 0.0215707 0.00283392 0.000986522 0.00685114 0.00816028 -0.00415818 0.00125854 0.000588005 -0.0198549 -0.00649787 -0.0117 -0.0160218 0.00928061 0.0178424 0.00805474 0.00709138 0.00480016 -0.000784054 0.00883279 0.0123857 0.0200077 0.0073275 0.0199224 0.0429488 0.00790769 -0.0211077 -0.0103173 0.0265377 0.000880836 0.00304919 0.0167184 0.00503611
internal_weight=125824 102626 23197.7 4099.73 38401.1 19098 64225.4 31791.3 6609.75 63902.6 1024.78 63810.2 49438.9 14371.2 13145.8 36388.5 18027.4 13334.2 4693.13 499.438 13050.5 12662 12335.7 300.934 6600.98 5477.69 348.864 6.96351 8372 5745.02 625.405 5128.83 4773.83 1902.22 1700.06 202.158 3842.79 3609.13 63.7828 2788.62 389.446 117.09 399.376 185.467 3074.95 2763.78 1926.6 807.882 1118.72 793.741 389.647 132.45 91.7919 46.9602 20.5578 40.6578 17.0529 257.198 760.879 670.94 226.374 404.094
internal_count=9479779 9082862 396917 71134 1071681 325783 8011181 962602 109079 7984870 24126 7750878 6951374 799504 222736 5753032 625658 430566 195092 17181 1198342 1190408 1179161 10989 108950 88466 6656 188 131504 90743 15310 81810 91232 27991 24925 3066 62752 58835 1318 1158720 31726 1795 8816 4397 47008 41624 29360 12452 16908 11982 5886 2014 1378 678 320 636 267 3872 11716 10324 3391 6096
is_linear=0
shrinkage=0.08


Tree=63
num_leaves=63
num_cat=0
split_feature=2 2 2 3 3 7 6 1 7 4 4 7 7 6 4 3 6 6 1 4 4 2 7 4 2 7 2 7 6 6 2 6 3 3 6 4 6 1 7 4 4 1 2 1 3 2 2 4 4 6 6 2 1 4 6 6 4 4 4 1 6 2
split_gain=113.585 22.7245 18.0677 7.62805 7.2279 6.08137 5.60389 5.33541 5.09489 7.28655 5.94457 4.898 12.1581 12.605 5.68737 7.17633 5.59727 5.46722 4.34259 4.32874 5.30275 5.47211 4.31561 4.79628 4.04325 3.95878 4.75506 3.89928 6.38376 5.22428 3.87851 4.52573 5.27708 3.87561 5.01959 6.071 8.62746 4.60503 6.5121 4.0315 7.15232 5.67252 4.19064 3.87228 5.30258 5.29859 4.4745 4.10207 3.80524 3.75329 3.72629 3.62329 7.48263 5.83994 4.07965 4.28257 4.80778 7.82478 4.20683 3.58514 3.55669 3.49804
threshold=0.52223318815231334 0.28292356431484228 0.76764950156211864 6.5000000000000009 18.500000000000004 20.500000000000004 1.0000000180025095e-35 8.5000000000000018 19.500000000000004 572.50000000000011 2002.0000000000002 17.500000000000004 16.500000000000004 84.500000000000014 9739.5000000000018 26.500000000000004 53.500000000000007 102.50000000000001 33.500000000000007 115.50000000000001 85.500000000000014 0.63762626051902782 17.500000000000004 17089.000000000004 0.27334994077682501 16.500000000000004 0.31281565129756933 19.500000000000004 13.500000000000002 91.500000000000014 0.062828946858644499 132.50000000000003 1.5000000000000002 12.500000000000002 119.50000000000001 227752.50000000003 121.50000000000001 78.500000000000014 6.5000000000000009 3159.5000000000005 9413.5000000000018 76.500000000000014 0.42956349253654486 10.500000000000002 4.5000000000000009 0.46720430254936224 0.41223156452178961 334.50000000000006 10346.000000000002 131.50000000000003 113.50000000000001 0.8760964870452882 4.5000000000000009 126.50000000000001 120.50000000000001 113.50000000000001 23993.000000000004 19315.500000000004 1360.5000000000002 15.500000000000002 116.50000000000001 0.49725274741649633
decision_type=2 2 2 2 2 2 2 2 2 2 2 2 2 2 2 2 2 2 2 2 2 2 2 2 2 2 2 2 2 2 2 2 2 2 2 2 2 2 2 2 2 2 2 2 2 2 2 2 2 2 2 2 2 2 2 2 2 2 2 2 2 2
left_child=1 5 4 8 19 6 -1 -3 50 -10 -11 12 14 16 30 48 -14 27 51 20 -2 -22 25 61 60 33 -27 29 -29 -13 31 -8 -33 34 -9 36 39 -35 -39 -36 41 -41 -42 44 -28 46 -45 -46 -16 -6 -4 -5 54 -54 55 -53 57 58 -57 -32 -19 -24
right_child=2 7 3 18 49 -7 11 22 9 10 -12 17 13 -15 15 -17 -18 24 -20 -21 21 -23 23 -25 -26 26 43 28 -30 -31 59 32 -34 37 35 -37 -38 38 -40 40 42 -43 -44 45 47 -47 -48 -49 -50 -51 -52 52 53 -55 -56 56 -58 -59 -60 -61 -62 -63
leaf_value=-0.080443087860134363 0.008477217089292435 -0.00049745082060190433 0.013713889059659534 0.0048216013237745306 0.0016853648577629604 0.0088183015069027895 -0.0054266970241532908 0.0035933509684795751 -0.10123387889207738 0.068821106688467956 -0.020510156879119577 -0.0055179255585347956 -0.047418157140965776 -0.0066173555175758738 0.0063432640303755549 0.00093301980805451468 0.010025935922699859 0.0013772291302134984 0.020001992888394562 0.0048750337687531219 0.0037858587158681924 0.056759767052675818 -0.0042520718959242294 0.010976372820585485 0.033311015132957165 -0.0110196436285554 -0.13506684864457941 0.0079492140129393037 -0.0043553937712438638 -0.013988694078227122 -0.0032575490567362786 0.19413888807049445 0.025124676720430221 0.00029504077274987651 0.0025864557660756284 -0.01726262584402655 0.0061196897488943972 -0.16888931520565173 0.0021865218862232388 -0.025315778012428802 -0.0086554225422755676 0.028203113858695703 0.015594710317997609 0.025419151785608586 -0.061741071544631786 0.061467189915888287 -0.0076514129685265591 0.012318267795860691 -0.0021389147990711894 0.058968128656137618 0.02614544201984784 0.0050117888516627651 0.053254730203580611 0.013045926880667764 -0.0078000907373267196 -0.0091751113978442642 -0.0054499233887557261 0.074933626072627005 0.023156856752756218 -0.001135074700875829 -0.0060875598932250887 0.0074350734849500727
leaf_weight=5.8456963038333916 131.19209740586848 20147.373082933758 712.05590184831408 2414.529752522029 7110.0303566889743 327.03898085633409 3772.3863811627816 7582.3229812413556 5.3697044878863407 6.2927939491346505 19.669500445131234 3302.8267286415939 10.961025208780482 428.25221097551184 344.04475222452311 7110.3594612105589 1131.8780924014172 1416.5407229325356 172.86201850280122 9310.026524459643 19.253899438306689 35.471871139714494 1744.029290569888 167.08775146782864 22.523334604222327 47.146807263256051 1.9107905162964005 322.98429798051075 1640.2871327136527 542.51176222253707 14303.577415691158 1.3342734829930112 10.380065259829278 6775.3628190763593 198.30512486863881 141.53615452675149 717.71187136205845 2.4861890642205244 3.3333056213450618 193.47927147569135 141.12914368696511 13.563350736163555 67.382199484156445 106.8097053989768 5.6068279792089006 19.83063311339356 34.688061687862501 32.717538367025554 20969.236984641233 7.3281115707941344 197.00965728697656 1361.6406959753322 23.576821369320896 1187.2931107217541 133.5057300290955 31.371144364009524 50.320692329788471 16.539021503948788 143.88189940220036 7909.9652488387364 574.03912000991113 180.90469823955573
leaf_count=144346 2390 641780 12699 40982 119099 26311 1871553 167878 92 113 336 469371 4857 120838 40972 441741 156874 179667 3798 162198 416 547 49937 4163 611 1624 85 38662 199832 101965 1593124 467 5099 160979 4926 2948 18169 88 66 5534 3886 238 1344 2124 180 341 754 776 1881034 84 3682 20105 408 24340 2165 483 755 186 2039 633948 99909 3861
internal_value=-7.79897e-12 -0.00114216 0.00506897 0.00865335 0.00367177 -0.002063 -0.00211876 0.000399132 0.0153148 -0.0164032 0.00114214 -0.00211159 -0.00184963 0.00508849 -0.00204993 -0.00126778 0.00947499 -0.00398682 0.00752168 0.00511641 0.0172034 0.0381222 0.00139289 -0.00202516 -0.000394079 0.00183743 0.0118522 -0.00523196 -0.00233112 -0.00671301 -0.00290506 -0.00527253 0.0443755 0.00168015 0.00276315 -0.00151006 0.000164321 0.000233942 -0.0709 -0.00679858 -0.0112772 -0.0218098 -0.000818788 0.017202 -0.00500141 0.0227395 0.0173119 0.00148344 -0.00200199 0.00174434 0.016408 0.00711938 0.00900127 0.0138288 0.00563647 0.006755 0.0165588 0.0223333 0.0173693 -0.00250176 -0.000775451 -0.00315372
internal_weight=125561 102472 23089.2 6475.92 16613.3 64147 63819.9 38324.7 940.398 31.332 25.9623 63814.1 55992.4 1571.09 54421.3 28423.6 1142.84 7821.71 5535.52 9495.94 185.918 54.7258 18177.3 2092.02 2013.1 16085.3 248.71 5808.61 1963.27 3845.34 25997.6 3784.1 11.7143 15836.6 9055.43 1473.11 1331.57 6781.18 5.81949 613.859 415.554 207.043 208.511 201.564 40.2352 161.328 141.498 38.3244 21313.3 7117.36 909.066 5362.66 2948.13 1210.87 1737.26 1603.75 242.113 191.792 175.253 22213.5 1990.58 1924.93
internal_count=9479779 9082862 396917 112183 284734 8011181 7984870 1071681 16922 541 449 7840524 6750507 282569 6467938 2363747 161731 1090017 95261 165551 3353 963 429901 57961 280187 371940 5884 809830 238494 571336 4104191 1877119 5566 366056 204923 37045 34097 161133 154 15928 11002 5772 5230 4260 1041 3219 2878 956 1922006 119183 16381 91463 50481 24748 25733 23568 3463 2708 2522 2227072 279576 53798
is_linear=0
shrinkage=0.08


Tree=64
num_leaves=63
num_cat=0
split_feature=2 2 2 0 2 5 0 3 3 5 0 5 3 0 5 5 5 5 0 3 6 6 6 2 0 1 5 2 6 5 2 6 3 6 5 6 5 5 5 2 1 6 3 1 2 2 3 3 2 0 6 5 6 2 2 3 2 5 1 2 1 5
split_gain=103.422 24.6236 13.8769 9.3919 10.4634 8.03341 6.43012 6.29449 5.8807 5.69572 5.07903 4.79472 4.73622 5.06421 4.43681 4.14619 4.09837 3.83298 3.82459 3.80268 3.6953 3.43783 3.26171 7.06399 5.0293 4.82609 3.67775 4.33648 3.44677 3.55372 3.25026 3.35279 4.14894 3.22891 5.42039 4.8548 7.75821 10.0224 6.25663 6.6733 4.5999 4.59133 4.41117 9.73514 6.62346 4.15719 4.07529 3.91374 3.82585 3.77316 3.76922 6.75101 6.0727 4.74212 3.69467 5.44126 4.98543 3.68077 3.55194 3.72284 3.51308 3.96735
threshold=0.44543650746345526 0.6885775923728944 0.20722186565399173 5.5000000000000009 0.92365968227386486 0.69511905312538158 10.500000000000002 9.5000000000000018 8.5000000000000018 0.38895379006862646 1.0000000180025095e-35 0.71393844485282909 28.500000000000004 1.5000000000000002 0.41619303822517401 0.76478019356727611 0.68990877270698558 0.4488102942705155 26.500000000000004 1.0000000180025095e-35 2.5000000000000004 131.50000000000003 56.500000000000007 0.5838744342327119 23.500000000000004 48.500000000000007 0.70717167854309093 0.64747309684753429 59.500000000000007 0.4488102942705155 0.46720430254936224 116.50000000000001 4.5000000000000009 119.50000000000001 0.76100599765777599 114.50000000000001 0.72482028603553783 0.758103907108307 0.72243767976760875 0.23132664710283282 5.5000000000000009 123.50000000000001 7.5000000000000009 11.500000000000002 0.42776885628700262 0.41223156452178961 14.500000000000002 1.0000000180025095e-35 0.25126262009143835 5.5000000000000009 91.500000000000014 0.7187756896018983 85.500000000000014 0.37602458894252783 0.3081014752388001 8.5000000000000018 0.25126262009143835 0.73315289616584789 65.500000000000014 0.22756041586399081 6.5000000000000009 0.76906028389930736
decision_type=2 2 2 2 2 2 2 2 2 2 2 2 2 2 2 2 2 2 2 2 2 2 2 2 2 2 2 2 2 2 2 2 2 2 2 2 2 2 2 2 2 2 2 2 2 2 2 2 2 2 2 2 2 2 2 2 2 2 2 2 2 2
left_child=2 8 10 14 7 6 16 20 11 -10 -1 22 13 17 -3 19 -4 21 33 -13 -5 -12 23 24 25 -2 -25 -28 29 -24 31 -17 -33 35 41 50 38 47 -37 -40 46 -35 48 44 -44 -43 -39 57 -41 -49 52 -52 -7 60 55 56 -36 -38 -42 -60 61 -53
right_child=1 3 5 4 -6 18 -8 -9 9 -11 12 15 -14 -15 -16 30 -18 -19 -20 -21 -22 -23 28 26 -26 -27 27 -29 -30 -31 -32 32 -34 34 54 36 37 40 39 42 58 45 43 -45 -46 -47 -48 49 -50 -51 51 53 -54 -55 -56 -57 -58 -59 59 -61 -62 -63
leaf_value=-0.08040936097473704 -0.00040705985263709307 -0.0079277247902913503 -0.0012593963295854708 -0.046397520327488249 0.018612833421958592 0.00059181038241270015 0.0026790784084966242 0.005567950525827624 -0.0082564456699343192 0.0017461403395684152 -0.0064813903673652841 -0.015604165408761611 -0.0007615248923572717 -0.0018078545628203645 0.0053452791347338834 -0.0021468351329204036 -0.0068023725798301649 -0.0031455225929196279 0.010805400452460623 0.011761990781918511 0.012334571320132316 0.033236181719219077 -0.10701491357881207 0.013243737186573783 0.017740885871483831 -0.10290142393074232 0.012249591749464758 -0.054727387397681612 0.0013765643773564361 -0.015103752757724208 0.0055074058667346042 -0.08382809686207765 -0.0094853823303966064 -0.0079311858007513631 0.019173298731606444 0.010469849006951826 0.10867411864081035 -0.019216801438403715 0.099378635129664536 0.056509657255052928 0.015174347340343711 0.020615119560921467 -0.01057087984810897 0.07772237985666447 0.10539108717876308 -0.092016877913930914 0.0068845322624254933 -0.0025683951515692999 -0.029290540189046393 -0.019354821766063204 0.0040063285851298733 0.0011608046905601894 0.0061882015448878483 0.0043950044958653732 0.0063984814312157854 -0.010990490503402275 -0.0081174224891087908 -0.0049403720663473245 0.032544032419203658 -0.0716406946274874 -0.020083593999001021 -0.039620126997306347
leaf_weight=5.325468686365638 867.8881267945203 166.12936071602235 27088.283644170042 6.8859860375528106 729.47923884211923 8996.2896990741356 2664.1623231609119 2363.9872984392027 373.95222813605142 14170.862895493943 2948.1702361269945 33.563552750274539 10345.795315508411 19728.052355922388 5410.4688668539775 110.6362930041505 881.47932423620296 15065.574506256349 260.28684653184609 1022.5823945769735 1581.3268541535545 14.013868451715096 2.877535088453441 620.24540310637121 105.49482921010349 2.9501848082290953 13.666850503417663 11.303972945006535 2703.1840413220389 41.828403174469713 1428.9277226747245 7.6885373769328025 12.807685798965393 857.01922501006629 99.003494806005619 182.89298757328652 3.6743505876511326 54.980065136216581 9.8074653567746264 4.5339830266311791 430.88726107042748 52.028948207153007 21.609403918497268 23.671751109883189 3.6907465402036896 2.185373746789991 126.06504935455814 339.97798108642746 12.484611026709898 114.57945752691012 372.87560958098038 118.47219628933817 1439.4841723333229 110.08098035678267 551.42994910036214 253.53380372421816 75.518037901958451 3.6257719229906797 3.4267422393895668 6.1070210435427725 248.9225138835609 17.525987906381488
leaf_count=144346 18030 3215 1156332 116 16432 194510 77672 42831 11188 261598 1408676 589 1115575 1978078 80296 1849 27051 2659927 4425 16456 30659 6866 138 10886 2048 88 239 226 54970 1068 21415 148 221 27237 2562 3923 40 1127 129 92 7489 1299 475 261 31 75 2028 7240 258 2677 10436 3303 31533 2149 10831 6668 1895 97 45 154 7083 478
internal_value=-5.47898e-12 0.00394213 -0.00133973 0.00716779 0.00980967 -0.000337029 -0.00107637 0.00818482 0.00240525 0.00148897 -0.00228665 0.00431303 -0.002278 -0.00269355 0.00494987 0.00702163 -0.00143409 -0.00366277 0.00119365 0.0108923 0.0120799 -0.00629349 0.00269125 0.00553659 0.00124416 -0.000754285 0.0120318 -0.01807 0.0010122 -0.0210197 0.00440122 -0.00765271 -0.0373728 0.00102155 -0.00206198 0.00148258 0.00603179 0.00305941 0.0184792 0.0378051 0.00969288 -0.00650293 0.0286541 0.0408472 0.00634547 0.0160749 -0.00104196 -0.00586646 -0.00643221 -0.00679972 0.00094248 -0.00412322 0.00136376 -0.0102471 0.00206952 -0.00350714 0.0073642 0.0522449 0.0141057 -0.0341933 -0.0144344 -0.0040946
internal_weight=125326 31788.7 93537.5 10258.3 4681.68 45430.6 30633.9 3952.2 21530.5 14544.8 48106.9 6985.65 48101.6 37755.8 5576.6 2616.21 27969.8 18027.8 14796.7 1056.15 1588.21 2962.18 4369.44 1621.55 976.333 870.838 645.216 24.9708 2747.89 44.7059 1560.06 131.133 20.4962 14536.4 1890.72 12645.7 1342.01 1083.32 258.691 75.798 621.466 911.234 65.9905 48.9719 25.3002 54.2143 181.045 461.858 17.0186 454.557 11303.7 867.877 10435.8 495.002 979.485 428.055 174.522 7.30012 440.421 9.53376 384.921 135.998
internal_count=9479779 574706 8905073 173549 90038 1591605 1261055 73606 401157 272786 7313468 128371 7169122 6053547 83511 40678 1183383 4075469 330550 17045 30775 1415542 87693 31517 20166 18118 11351 465 56176 1206 23633 2218 369 326125 50567 275558 26066 20897 5169 1246 10843 28611 1117 767 506 1374 3155 10054 350 9917 249492 23449 226043 13013 21956 11125 4457 137 7688 199 10864 3781
is_linear=0
shrinkage=0.08


Tree=65
num_leaves=63
num_cat=0
split_feature=2 2 5 4 4 2 5 5 4 1 4 5 4 2 7 7 4 4 4 5 2 1 7 7 7 6 5 5 4 6 4 5 5 5 5 4 1 4 6 6 7 1 4 1 1 5 4 2 2 2 2 5 7 1 7 7 1 7 2 6 7 1
split_gain=94.1382 28.3612 8.38116 10.0909 9.71584 8.1694 6.33809 5.47954 8.47954 5.32983 4.88209 4.96015 5.18948 4.63564 4.16822 5.35898 4.76969 7.31831 3.93591 6.10231 4.62315 4.37883 3.90571 3.84358 10.7104 6.86262 6.2071 4.54183 6.29113 4.34161 4.16699 3.71975 6.47295 4.88979 3.63584 5.47663 6.72649 4.73213 4.34698 4.54827 6.55068 6.85892 5.63472 4.18237 3.86967 3.83778 4.54328 4.56337 5.18704 3.77933 3.73504 5.92578 4.43839 4.61127 3.59705 3.57431 3.51985 3.46097 3.45284 3.89828 3.37399 3.37061
threshold=0.38529014587402349 0.6885775923728944 0.75467449426651012 93473.500000000015 102441.50000000001 0.20722186565399173 0.51615241169929515 0.62627032399177562 63017.500000000007 21.500000000000004 1950.5000000000002 0.22132766991853717 37.500000000000007 1.0000000180025095e-35 7.5000000000000009 4.5000000000000009 12147.000000000002 12407.500000000002 9121.5000000000018 0.73525840044021618 0.74239632487297069 19.500000000000004 20.500000000000004 17.500000000000004 16.500000000000004 84.500000000000014 0.66961058974266063 0.25077867507934576 46.500000000000007 53.500000000000007 12611.500000000002 0.67440575361251842 0.6866402029991151 0.67204704880714428 0.72243767976760875 7641.0000000000009 21.500000000000004 8133.0000000000009 85.500000000000014 93.500000000000014 17.500000000000004 10.500000000000002 1090.0000000000002 5.5000000000000009 5.5000000000000009 0.62306672334671032 6347.5000000000009 0.66069716215133678 0.49725274741649633 0.49725274741649633 0.67006802558898937 0.55869266390800487 6.5000000000000009 21.500000000000004 11.500000000000002 3.5000000000000004 24.500000000000004 19.500000000000004 0.76764950156211864 92.500000000000014 18.500000000000004 13.500000000000002
decision_type=2 2 2 2 2 2 2 2 2 2 2 2 2 2 2 2 2 2 2 2 2 2 2 2 2 2 2 2 2 2 2 2 2 2 2 2 2 2 2 2 2 2 2 2 2 2 2 2 2 2 2 2 2 2 2 2 2 2 2 2 2 2
left_child=5 6 3 14 9 13 10 8 -7 -5 11 12 -2 -1 15 31 18 -18 -17 20 21 -20 23 24 27 29 -25 28 55 -26 60 33 58 -3 35 38 37 44 50 40 43 42 -42 45 57 -40 -47 48 -48 -44 -8 -52 -53 54 -54 -15 -45 -37 -33 -60 -28 -6
right_child=1 2 -4 4 61 7 34 -9 -10 -11 -12 -13 -14 22 -16 16 17 -19 19 -21 -22 -23 -24 26 25 -27 30 -29 -30 -31 -32 32 -34 -35 -36 36 -38 -39 39 -41 41 -43 49 56 -46 46 47 -49 -50 -51 51 52 53 -55 -56 -57 -58 -59 59 -61 -62 -63
leaf_value=-0.080378241602418396 0.015770870494981763 0.0044275137336264045 0.010658834395437822 -0.031147433841361198 -0.005515200851908964 -0.0019715853309762027 0.0050274734848861288 0.0002717385420275081 0.009065297108053455 -0.12940325206654676 -0.0047620257942184484 0.0018681401621261421 -0.038768072735506122 0.038966239377275141 0.0040330078698820274 0.011550489440461094 0.077622914512709362 0.019131569370898199 -0.081990232582281858 -0.060765559553979685 0.010625351643245889 0.030275985088865073 0.0073383502164202944 -0.0053162864895596263 -0.046492510961590655 -0.0041118778237369293 -0.014173218674378365 -0.0020736208061710236 -0.012139991917636674 0.0095979289025031247 -0.011770419561974442 0.010415604566545698 0.0066506926267427425 -0.035616033534403006 0.0036907456006605535 -0.032686375081508096 0.0052579383186984428 -0.00041321792818692474 -0.026202829059456333 0.0023897832884802565 -0.0042263512640010959 -0.0028066221660498314 -0.09542273638841943 0.0088666076592940207 -0.0045234251626833227 0.0056326356919424439 -0.010591449593776016 0.0055703129168193409 -0.14263512310111301 -0.04167288464332599 -0.10005415309803901 -0.060484652801461085 0.077674363284048142 -0.023857168313241268 -0.0080552562804650299 0.0017544134581886578 -0.010996569614063203 0.049025774709985752 0.046677312275694341 0.015141169160023686 0.0049624821750200278 0.021094949264935079
leaf_weight=4.8517937739525214 15.814884602681557 1868.3376636793296 2721.1967819721158 57.995639119297266 205.96591489156708 16473.135934847207 4536.2741418903652 20495.153851183804 457.89585377481853 3.7624930711463085 1454.5190233063076 2080.6126817374388 37.983158321207156 19.337229498563829 3377.8365686482589 850.31939957049497 14.662224627913018 206.4903803674257 7.1734809540212137 11.535048921296946 59.573444350040518 3.2223093514330685 274.52114701872051 4901.0314564703003 8.9204289440567646 353.8550502458711 63.592303718920448 39899.415164846418 577.24230165958579 889.62912523064733 130.15412987640593 68.935398040805012 590.81843299595448 19.722661584615707 9066.5824209019738 64.814188683405519 1434.1861798873579 6821.8539048605235 65.630024520214647 3118.0356044108294 20.650921550113708 67.792971400194801 11.003131281118838 254.99757395021152 116.5340444620233 86.049983249249635 3.3908550608903152 6.6705853331368417 4.3421153072267771 35.014482486061752 5.1004434330388895 7.90862916142214 7.5733322734013218 14.184059657971373 5.3415684578940272 113.39307276940599 73.568931065994548 3.4964082017540923 60.212162365671247 43.00239527085796 811.3778184256953 35.752697275253013
leaf_count=144346 601 31488 48380 1059 3075 832618 89649 561050 14213 90 42004 53672 1728 7733 57600 13529 231 3293 108 185 875 53 24562 897388 4606 114223 9372 5408174 404039 144469 12659 961 9959 348 140813 1742 30339 144506 1434 63148 589 1764 553 4683 2533 1602 66 100 131 1083 107 146 64 231 111 63551 1401 81 943 691 78346 681
internal_value=1.6543e-11 0.00322305 0.00685669 0.00547447 -0.00881463 -0.00149424 0.00196245 -0.000608074 -0.0016731 -0.0371335 -0.00118774 0.00124801 -0.0227354 -0.00218452 0.00607827 0.0078944 0.0124475 0.0230095 0.00994079 -0.00685291 0.00203507 -0.0471919 -0.00217662 -0.0022313 -0.00196176 0.00532484 -0.0041418 -0.00218648 -0.00852889 0.00904109 0.00158505 0.00591418 0.0106282 0.00400922 0.00240014 0.00170215 0.000266286 -0.000755445 0.00315825 0.00113784 -0.00506713 -0.0207245 -0.0389446 -0.00081096 -0.0133856 -0.0111576 -0.00132804 -0.0429127 -0.0847349 -0.0545248 0.00481257 -0.0194933 -0.00775592 0.00763256 0.0422168 0.00717573 0.00441907 -0.028504 0.0242791 0.0335384 0.00357171 -0.00157928
internal_weight=125100 39626.4 10206.5 7485.32 303.477 85473.5 29419.9 37426.2 16931 61.7581 3588.93 2134.41 53.798 48047.3 7181.84 3804.01 1152.98 221.153 931.824 81.5043 69.9692 10.3958 48042.5 47767.9 41861.8 1252.4 5906.16 40609.4 709.973 898.55 1005.12 2651.03 762.968 1888.06 25831 16764.4 8440.88 7006.7 8323.53 3747.15 629.112 134.462 66.6685 494.65 184.845 166.084 100.454 14.4036 7.73297 46.0176 4576.38 40.108 35.0076 27.099 12.9149 132.73 328.567 68.3106 172.15 103.215 874.97 241.719
internal_count=9479779 758430 173549 125169 4905 8721349 584881 1407881 846831 1149 98005 56001 2329 7313468 120264 62664 18274 3524 14750 1221 1036 161 7169122 7144560 6146795 263298 997765 5883497 475323 149075 100377 44390 12554 31836 486876 346063 179201 148862 166862 76554 13406 3989 2225 9417 4356 3333 1899 297 197 1636 90308 659 552 406 175 71284 6084 1823 2595 1634 87718 3756
is_linear=0
shrinkage=0.08


Tree=66
num_leaves=63
num_cat=0
split_feature=0 1 0 0 1 3 5 5 7 1 0 5 0 5 1 7 5 1 3 5 5 5 5 5 5 6 3 6 1 7 7 6 6 5 5 7 5 7 5 3 1 7 6 3 3 6 5 5 6 1 5 3 1 1 6 5 7 6 5 5 3 6
split_gain=53.2633 12.0648 12.8289 10.9712 8.17587 7.8966 6.52885 6.47573 6.2051 6.12105 6.21887 6.09317 6.07777 6.04453 5.55888 5.52967 5.15426 4.98034 4.97985 4.95376 4.84704 4.39684 4.38042 4.20959 4.20276 4.06238 4.03804 5.28927 4.13973 3.80932 5.55301 4.03889 6.32354 4.76421 3.67266 3.82669 6.99658 4.57923 5.43653 6.47554 4.36847 3.66952 3.58599 4.74551 3.94703 3.6109 4.07306 3.55081 4.62637 6.01013 5.92059 5.82156 5.42489 4.95827 4.84862 4.37127 3.51605 3.96174 5.19139 3.61396 4.08897 9.88377
threshold=3.5000000000000004 9.5000000000000018 13.500000000000002 1.5000000000000002 6.5000000000000009 15.500000000000002 0.29576784372329717 0.84517383575439464 13.500000000000002 31.500000000000004 7.5000000000000009 0.54349327087402355 43.500000000000007 0.53630629181861889 33.500000000000007 20.500000000000004 0.54690027236938488 16.500000000000004 12.500000000000002 0.84517383575439464 0.22132766991853717 0.72482028603553783 0.83056166768074047 0.5780966877937318 0.50533118844032299 30.500000000000004 9.5000000000000018 37.500000000000007 25.500000000000004 7.5000000000000009 6.5000000000000009 89.500000000000014 97.500000000000014 0.28976984322071081 0.71551167964935314 17.500000000000004 0.72243767976760875 7.5000000000000009 0.72243767976760875 17.500000000000004 4.5000000000000009 13.500000000000002 77.500000000000014 3.5000000000000004 23.500000000000004 26.500000000000004 0.27036762237548834 0.51086920499801647 55.500000000000007 6.5000000000000009 0.42292030155658727 13.500000000000002 7.5000000000000009 5.5000000000000009 29.500000000000004 0.53195041418075573 19.500000000000004 26.500000000000004 0.83294382691383373 0.758103907108307 10.500000000000002 119.50000000000001
decision_type=2 2 2 2 2 2 2 2 2 2 2 2 2 2 2 2 2 2 2 2 2 2 2 2 2 2 2 2 2 2 2 2 2 2 2 2 2 2 2 2 2 2 2 2 2 2 2 2 2 2 2 2 2 2 2 2 2 2 2 2 2 2
left_child=3 23 9 5 11 6 -1 21 12 10 -3 13 14 20 25 22 18 -12 41 -6 -5 -8 -7 42 -11 -4 28 -28 -27 30 -22 -32 33 -33 -18 37 40 -36 39 -39 -37 -13 45 -44 -45 -2 -47 48 49 54 -51 -52 53 -50 -48 -49 57 58 -25 -59 61 -61
right_child=1 2 8 4 19 15 7 -9 -10 24 17 16 -14 -15 -16 -17 34 -19 -20 -21 29 -23 -24 56 -26 26 27 -29 -30 -31 31 32 -34 -35 35 36 -38 38 -40 -41 -42 -43 43 44 -46 46 47 55 52 50 51 -53 -54 -55 -56 -57 -58 59 -60 60 -62 -63
leaf_value=-0.011144186252357255 -0.0020544979057609625 0.0005526137404776141 0.015704276467995732 -0.024492693444460908 -0.0013496203461332108 -0.0014733417432679313 -0.0036810856233138777 -0.047255458493976575 0.0015591959840951263 0.0036157048340286946 0.0062475465641716093 -0.027582002904005583 0.020220781259372666 -0.015705256574797436 0.0038411679622266659 0.020018655019158591 0.00067951590164391144 0.0018913492311426613 0.026900427215073856 0.0236162969768062 0.00075595711731908806 -0.00017064910283238598 0.0050966811047056726 -0.00019832739707337035 -0.0017557960496872773 0.02172180172034149 -0.0201914272188208 0.0047913424369127903 0.0059601180968460801 -0.0030151813000859717 0.029925323326262143 0.086363610143493086 0.022954935082825704 -0.03750715624092299 0.002081374842292582 -0.10917595381389381 -0.0036528220318529652 0.045983487678714026 0.0063136932934361933 0.0052287740164907457 -0.012880995661984767 0.026341919588107915 0.022223652671597205 -0.0083466378549044342 0.002673492984777127 0.060564155138551297 0.10067351081610687 0.027023122697722241 0.004215909436415516 0.028281671186415711 0.0097607616622834813 -0.036906743473561002 0.0084860848211357112 -0.042920449672805824 0.021461885233435944 0.00717305800220208 0.015933042634420667 0.0055455161073938355 0.01164701494989874 0.025319981325479368 0.0075548459213584211 -0.010880604245069522
leaf_weight=684.63845279240923 306.61838541275756 14997.724622129999 492.180371532408 55.993347696428827 23895.387496080948 19449.52117853989 14329.019985784271 21.304353927902412 3013.8218528071648 1071.6158382149442 2549.3899692406703 22.539850308094174 189.41873022248728 194.14832388840841 3343.1816724387754 78.510746242041932 8400.0374253007612 4923.5800658728895 96.896710038650781 50.973572958260775 1093.4549217073109 2716.3663379675345 671.91125988049316 1241.7824052428041 7167.1046115486643 172.11214081472235 63.375080367666669 376.14070621259089 280.3795057603694 1878.3098765687864 77.232959979679435 2.1644203383475569 40.448269275017083 24.264459509169683 2711.925412721971 6.7894513811916095 164.37736021848832 50.020824017003179 1367.874201448346 49.786596445515897 5.4236856764182448 12.58666353789158 48.680589870367839 469.58651243448367 373.41194435778652 9.4914671536535007 5.3609808329492799 103.0662370785949 21.673352852477365 27.226339544751681 31.270913698710501 37.771692737864214 49.453316685045138 41.881045897491276 63.830569487741741 228.21515446901958 217.14988921799704 3496.468474627507 292.58502201875672 256.79079133890718 700.12715687558102 59.442934351907752
leaf_count=571310 6231 460542 9645 3153 1924689 2156999 2798332 1717 70580 113370 46746 622 3541 4932 76353 5148 174595 104933 1930 1572 30517 195838 14738 21154 425249 3463 1254 7701 5416 57015 1648 63 973 822 40414 131 2836 818 20658 891 121 263 760 9801 7088 177 51 1654 387 577 596 908 1125 835 1096 3822 3558 58166 4769 3768 10719 999
internal_value=-1.00899e-11 0.00213687 0.00154894 -0.00127749 -0.000356527 -0.00225305 -0.00348404 -0.00317675 0.0044174 0.000808165 0.00149206 0.00102824 0.00616938 -0.00200263 0.00560636 -0.00117127 0.00181981 0.00337746 0.0175456 -0.00129648 -0.0011639 -0.00312166 -0.00125395 0.00494781 -0.00105712 0.00986976 0.00665047 0.001189 0.0119553 -0.000744669 0.00270139 0.0174627 0.00307016 -0.0273626 0.00165705 0.00354203 -0.00799334 0.0040294 0.0076289 0.025654 -0.0664127 -0.00825978 0.0015582 -0.00206273 -0.0034652 0.00504546 0.00856102 0.00775153 0.00109284 0.0096146 -0.00331151 -0.01577 -0.0113843 -0.026846 0.0275992 0.0133487 0.00593127 0.00557212 0.00206043 0.0067661 0.0109651 0.0185153
internal_weight=124874 46721.9 38640 78151.9 40200.6 37951.3 17751.3 17066.7 7930.61 30709.4 22470.7 16254.3 4916.79 3366.02 4727.37 20199.9 12888.3 7472.97 132.023 23946.4 3171.87 17045.4 20121.4 8081.89 8238.72 1384.19 892.007 439.516 452.492 3115.87 1237.57 144.11 66.8771 26.4289 12756.2 4356.2 176.59 4179.61 1467.68 99.8074 12.2131 35.1265 1817.54 891.679 842.998 925.859 619.241 609.75 278.468 165.46 96.2689 69.0426 113.008 63.5544 69.1916 331.281 6264.35 6047.2 1534.37 4512.83 1016.36 316.234
internal_count=9479779 1467034 1328793 8012745 2268663 5744082 3567197 2995887 177953 1150840 612221 342402 107373 99123 103832 2176885 243279 151679 2815 1926261 94191 2994170 2171737 138241 538619 27479 17834 8955 8879 91038 34023 3506 1858 885 240464 65869 3088 62781 22367 1709 252 885 35108 17649 16889 17459 11228 11051 5575 3228 2081 1504 2347 1222 1147 5476 103133 99575 25923 73652 15486 4767
is_linear=0
shrinkage=0.08


Tree=67
num_leaves=63
num_cat=0
split_feature=0 1 0 0 1 3 5 0 1 5 5 7 5 0 5 6 6 6 6 5 5 5 5 5 5 5 3 5 1 0 5 7 3 3 6 3 1 5 1 3 7 5 6 1 3 5 0 1 6 6 6 6 5 0 3 1 5 5 0 1 5 7
split_gain=47.6984 10.8436 12.1559 10.266 7.57515 7.05267 6.2004 6.1846 8.4774 5.95765 5.50407 4.52324 4.20421 3.87849 3.8404 5.75936 3.83228 4.2494 3.80763 4.21072 4.55796 7.28008 6.50226 3.72619 3.70311 3.70057 3.65375 3.7647 4.42353 3.97616 3.51771 4.06223 3.47239 3.57971 3.41848 3.30559 4.16521 3.96779 3.25726 4.35805 3.1823 4.12471 3.17978 3.1567 3.1294 3.52213 3.12232 5.43907 3.2635 3.11068 6.74589 5.68232 6.0086 5.45828 4.47216 8.54797 5.22564 5.21782 7.18123 5.33357 4.44374 5.70835
threshold=3.5000000000000004 9.5000000000000018 24.500000000000004 1.5000000000000002 5.5000000000000009 15.500000000000002 0.71551167964935314 7.5000000000000009 28.500000000000004 0.84517383575439464 0.29576784372329717 20.500000000000004 0.84517383575439464 5.5000000000000009 0.69817671179771434 1.5000000000000002 35.500000000000007 113.50000000000001 77.500000000000014 0.38895379006862646 0.5780966877937318 0.56417635083198558 0.60048425197601329 0.6156316101551057 0.83056166768074047 0.29576784372329717 28.500000000000004 0.7119525969028474 13.500000000000002 13.500000000000002 0.69076326489448558 6.5000000000000009 17.500000000000004 13.500000000000002 119.50000000000001 3.5000000000000004 8.5000000000000018 0.67935198545455944 75.500000000000014 18.500000000000004 8.5000000000000018 0.5673828423023225 131.50000000000003 6.5000000000000009 25.500000000000004 0.73018604516983043 40.500000000000007 91.500000000000014 3.5000000000000004 79.500000000000014 106.50000000000001 31.500000000000004 0.67440575361251842 2.5000000000000004 11.500000000000002 3.5000000000000004 0.7119525969028474 0.67935198545455944 2.5000000000000004 4.5000000000000009 0.69076326489448558 6.5000000000000009
decision_type=2 2 2 2 2 2 2 2 2 2 2 2 2 2 2 2 2 2 2 2 2 2 2 2 2 2 2 2 2 2 2 2 2 2 2 2 2 2 2 2 2 2 2 2 2 2 2 2 2 2 2 2 2 2 2 2 2 2 2 2 2 2
left_child=3 13 7 5 6 9 49 -3 26 10 42 24 -6 14 15 -2 46 -18 -15 -20 21 -21 -22 -12 38 -10 27 -9 44 -30 35 -32 33 -19 -35 36 -17 -38 -7 -40 41 -23 -1 -24 -29 -46 -4 48 -48 51 -51 54 -53 -52 55 -5 60 -57 -59 -60 -56 -62
right_child=1 2 16 4 12 11 -8 8 25 -11 23 -13 -14 18 -16 30 17 32 19 20 22 40 43 -25 -26 -27 -28 28 29 -31 31 -33 -34 34 -36 -37 37 -39 39 -41 -42 -43 -44 -45 45 -47 47 -49 -50 50 53 52 -54 -55 56 57 -58 58 59 -61 61 -63
leaf_value=-0.010964083710616326 0.053038760470870312 0.00012436312607850484 0.0094086826537626428 0.01635704818864717 -0.0011252611672820732 -0.0014239723056447028 0.0041163474169303048 0.0033074787691787788 0.029163002871696281 -0.046582012239359739 -0.0041413362642484207 0.017915934024724457 0.020148048009715886 0.012096976329131988 0.0063597076291505399 0.019039994623490323 0.0018534008606437939 0.010847548904702893 0.058927568541586428 -0.0012368081555332244 0.033708294762986014 -0.10854269119576054 0.018983365771644948 -0.0017722838059292683 0.0046246732812621413 0.00044726434589347386 0.00017672785305539456 0.017175796990834814 0.0039362566970858248 0.011521077196068407 -0.012978893888197571 0.0079309127811979414 0.038601057904195643 0.017073250554408524 -0.052616256959449999 0.0021952968751428182 -0.0030308023284769245 -0.097555265364300855 -0.044787919209540464 0.13312952101186717 -0.076657768224410866 0.011795109059283597 0.038366010707110543 0.0025459722412053032 0.047848441653707149 -0.02871227755309691 -0.039558944983645553 0.0012200095868390673 0.037201264799227717 -0.0040962217493140697 -0.00081039128385507458 0.0027955481928789855 0.014575242829262853 0.0073339304064623731 -0.0053699265008406005 0.0022625171650979838 -0.05492795326295781 -0.037134398798480753 -0.020991528409938759 0.038151223147699274 0.01140082892125201 -0.022754612502662606
leaf_weight=667.99244419850947 14.252258400412755 19072.479188795216 596.69638968051868 235.27147630910349 27085.420889263638 19434.42277818999 3557.4760235088288 4171.1119321445922 28.812497471197275 20.348395373526728 8729.2155790874622 79.473538004996954 59.586539763840847 800.56538842770692 2331.2091405984829 149.85609028418548 980.95531273265897 432.49229241309285 9.0259623802266997 125.85502888627525 52.404895458021201 2.386973939836027 84.912663040439838 8279.0259440266145 673.48975737081491 9103.8253928553022 1289.7787156464692 346.83366657526949 1751.6790647745056 591.77297420648301 193.73633693321608 85.795614964490596 27.584345224517165 7.4933839822188046 11.295228112488983 3517.7889015403225 33.631905743386596 3.1044529275968662 1.34563320458983 2.5524824902204273 12.843254952458663 7.7143996448721737 8.4688591332305787 626.20466322357447 4.8413829679402651 18.69876077409026 3.6929572592489412 49.42179524875246 88.355149257462472 2510.8241921068729 1621.8387361866073 2114.7032609225116 318.92610535672247 779.91288930848418 1194.7077631772336 307.59183206083799 12.678263917565344 57.211588977278552 20.365858591161668 18.737041898537427 212.65393696997853 36.724500099429861
leaf_count=566836 173 828227 11782 4074 2011772 2154140 51537 88361 1774 1717 2091541 5148 1708 13613 35521 2204 20202 8870 168 2288 940 47 1407 902629 14738 291973 24826 6816 29878 12012 3610 1374 455 114 267 64786 726 65 1095 1764 229 161 4474 10929 71 376 88 889 1812 55968 38843 45583 5077 12973 27258 7715 274 1366 279 292 3332 612
internal_value=6.26293e-12 0.00202439 0.00146706 -0.00120956 -0.000318076 -0.00215394 0.00126993 0.001118 0.00221297 -0.00331941 -0.00326963 -0.00113197 -0.00107856 0.00469483 0.00377901 0.00227428 0.00724447 0.00486909 0.00806122 0.00455452 0.00401658 -0.00879229 0.00651285 -0.00298816 -0.00120724 0.000537859 0.00408438 0.00481641 0.00713562 0.00585159 0.00209267 -0.00656113 0.0110467 0.00936247 -0.0248223 0.00274568 0.013122 -0.0110187 -0.00140931 0.0717123 -0.0502354 -0.0166409 -0.0103465 0.00450872 0.01526 -0.0129664 0.0119421 0.0226276 0.0341217 0.000197495 -0.0011968 0.00170969 0.00433927 0.00183429 -0.00134355 0.00423527 -0.00379135 -0.00282555 -0.0190749 0.00734806 -0.0033424 0.00637096
internal_weight=124670 46629.1 38577.8 78041 40144.6 37896.3 12999.6 36379.8 17307.4 17705.1 17684.7 20191.3 27145 8051.29 6329.37 3998.17 2197.99 1459.82 1721.91 921.348 912.322 148.8 763.522 17008.2 20111.8 9132.64 8174.72 6884.94 2713.83 2343.45 3983.91 279.532 478.865 451.281 18.7886 3704.38 186.592 36.7364 19438.3 3.89812 22.9446 10.1014 676.461 711.117 370.374 23.5401 738.166 141.47 92.0481 9442.15 4912.58 4529.57 2433.63 2401.75 2095.94 639.178 1456.76 403.906 96.3145 39.1029 1444.09 249.378
internal_count=9479779 1467034 1328793 8012745 2268663 5744082 255183 1284314 456087 3567197 3565480 2176885 2013480 138241 108459 72938 44479 29908 29782 16169 16001 2725 13276 2994170 2171737 293747 162340 137514 49153 41890 72765 4984 9706 9251 381 67781 2995 791 2156999 2859 437 208 571310 12336 7263 447 14571 2789 1900 203646 107784 95862 50660 51816 45202 13726 31476 9652 1937 571 31202 3944
is_linear=0
shrinkage=0.08


Tree=68
num_leaves=63
num_cat=0
split_feature=2 2 2 0 0 0 3 7 7 2 0 3 3 6 6 3 6 3 0 6 6 6 7 0 2 6 2 1 6 2 6 6 1 3 0 6 6 1 3 6 6 2 3 3 1 7 3 3 6 1 3 3 0 6 0 1 0 6 1 0 2 6
split_gain=74.6263 15.2782 13.3634 7.60934 5.9458 4.7603 5.1209 4.59918 4.42809 4.22261 3.79588 3.84434 3.72936 4.1975 6.84693 3.66978 3.65674 3.53166 5.98197 3.66362 8.05954 3.46595 3.39585 3.88868 3.34832 3.29697 3.24275 3.12349 3.10244 3.06763 3.0492 3.67402 2.96381 5.40178 2.91055 2.90908 3.68376 4.52881 6.86279 3.5358 5.64196 4.71982 4.15208 7.46081 5.36765 5.78624 4.2653 3.73261 3.67053 3.19723 2.94644 3.7355 5.23432 3.58305 3.30719 5.13252 3.09044 3.06986 2.93762 7.75969 3.25983 2.88499
threshold=0.54606062173843395 0.28292356431484228 0.84654632210731517 29.500000000000004 5.5000000000000009 3.5000000000000004 28.500000000000004 20.500000000000004 1.5000000000000002 1.0000000180025095e-35 2.5000000000000004 29.500000000000004 4.5000000000000009 117.50000000000001 120.50000000000001 28.500000000000004 3.5000000000000004 29.500000000000004 3.5000000000000004 115.50000000000001 114.50000000000001 114.50000000000001 8.5000000000000018 35.500000000000007 0.93541666865348827 131.50000000000003 0.89564427733421337 31.500000000000004 111.50000000000001 0.067041199654340758 128.50000000000003 123.50000000000001 9.5000000000000018 9.5000000000000018 6.5000000000000009 77.500000000000014 23.500000000000004 23.500000000000004 4.5000000000000009 84.500000000000014 91.500000000000014 0.39159812033176428 19.500000000000004 17.500000000000004 20.500000000000004 14.500000000000002 9.5000000000000018 28.500000000000004 88.500000000000014 51.500000000000007 1.5000000000000002 5.5000000000000009 5.5000000000000009 90.500000000000014 3.5000000000000004 8.5000000000000018 30.500000000000004 90.500000000000014 50.500000000000007 22.500000000000004 0.52223318815231334 47.500000000000007
decision_type=2 2 2 2 2 2 2 2 2 2 2 2 2 2 2 2 2 2 2 2 2 2 2 2 2 2 2 2 2 2 2 2 2 2 2 2 2 2 2 2 2 2 2 2 2 2 2 2 2 2 2 2 2 2 2 2 2 2 2 2 2 2
left_child=1 7 4 5 25 -4 -7 9 24 -1 16 35 21 -14 15 32 -3 18 -11 20 -19 -6 23 30 26 -2 -8 -24 -10 -22 31 -16 33 -15 -21 36 -12 38 -38 41 47 -37 43 46 -45 -46 49 50 -49 -43 53 52 54 -41 55 57 58 -52 59 60 -53 -20
right_child=2 10 3 -5 12 6 8 -9 28 17 11 -13 13 14 22 -17 -18 19 61 34 29 -23 27 -25 -26 -27 -28 -29 -30 -31 -32 -33 -34 -35 -36 39 37 -39 -40 40 -42 42 -44 44 45 -47 -48 48 -50 -51 51 56 -54 -55 -56 -57 -58 -59 -60 -61 -62 -63
leaf_value=-0.080347519561469585 0.0020680546707323548 -0.011268255320985018 0.0039142488289997893 0.028296279416744178 0.0072625756651853073 0.012179946373342446 0.013581316777659828 0.0077647244554444276 -0.00077778050798094067 -0.0025541561588492087 -0.0010537329905360479 -0.0011558534198448525 0.0052404898955200271 -0.08347628802587409 0.0036257359248285108 -0.02484708574839618 -0.00046263856315687137 -0.00044354062109137139 0.0010281259847024649 -0.0032708804598109453 0.033942243214556612 0.01910666940760854 0.012722567980677519 -0.045539423741998236 0.03887861220001404 0.043870570884534409 -0.07366965600650717 0.052269453019573697 0.011327910304753292 0.0084324344573422048 0.030105052819884699 -0.030500448059110945 -0.0023576098787958842 -0.0077115681017435028 -0.033307152269041115 -0.0049528167508599511 -0.0056813017708519974 0.006065076595371967 0.0030994239072250928 -0.034851481327011269 0.00058718262730512636 0.0057296507277747027 0.010667537566385648 -0.017955517677064207 -0.03438612845465084 -0.161872978619126 -0.0057882429884851148 -0.11285966608565388 -0.0014574239850337009 -0.0098946404890471636 0.060139067091670405 0.0041383817599789765 0.0081858539584891126 0.0069468069153944467 0.044595095411055607 -0.037228663034325905 -0.056739876021598044 -0.0039068699156064209 0.027233285508653643 -0.099769781944124086 0.026487576956410797 -0.0014341805271167955
leaf_weight=4.3696502195307394 10360.378390000866 203.01070006374357 1292.8600172004785 120.34464733429286 722.68238091940202 1801.2456763588109 14.156646521489167 329.74925788772816 499.30529455013107 36127.794855133994 1485.448223583051 4304.2188053586142 5374.363210874325 8.3551436329726148 319.73280950519256 73.613314850255847 15802.855920847556 11202.034167290993 4675.8173475047406 2202.0646202992502 32.356947834370658 202.41282133458299 86.459013038256671 10.663707179715855 38.952743347821524 12.089166494552044 3.3763675363734356 14.99938512733206 185.94680189628843 446.28404429520015 25.585092325229198 21.551358544849791 275.92128893405607 21.572729581035674 20.84269292303361 1475.2822566017867 664.18012242050099 2507.7989528095459 4003.2020120393645 23.166817816905677 6051.3824538280423 760.56166812843276 255.76728451228701 42.616338957101107 5.8235065983608347 3.7429198957979679 426.3672100835247 3.2779322098940602 4.4797267587855458 94.203157240874134 11.895784170366827 724.97753920592368 155.91132447426207 30.28242954381858 54.637654972262681 9.4548759008757752 5.0728851300082161 8.0183230326510966 39.29912041965872 4.5140740908682337 44.322348996298388 8733.5669120676212
leaf_count=144346 175015 9344 19216 3408 12819 35266 227 26311 9118 5828908 41317 100199 95602 173 6067 1322 543803 1026785 249198 203630 3319 3528 1641 226 608 120 72 269 3219 16124 432 526 5470 345 957 41194 13367 51801 89330 510 147140 15425 5416 1032 177 103 9236 138 106 1884 178 15805 3085 473 772 258 136 145 737 98 700 511603
internal_value=-1.91592e-11 -0.000894775 0.00428847 0.00848821 0.00334069 0.00786676 0.00987622 -0.00165879 0.00428183 -0.00170776 0.000348017 0.00100185 0.00511426 0.00441076 -0.000783798 -0.0088109 -0.000599692 -0.00170235 -0.00201857 -0.000575674 -9.1629e-06 0.00985409 0.00557537 0.00208343 0.0258111 0.00211678 -0.00322078 0.0185691 0.00250716 0.0101569 0.00346767 0.00147074 -0.00495123 -0.0288633 -0.00355251 0.00149335 0.00257244 0.00332315 0.0018499 0.000580256 0.00155228 -0.00169431 0.00133084 -0.000460202 -0.0301119 -0.0842661 0.000747565 0.00676995 -0.0485295 0.00400771 0.00715589 0.00808161 0.0168596 -0.0111701 0.0329576 0.0113072 0.00550763 0.0343513 0.00589598 0.00481234 0.00542601 -0.000575581
internal_weight=124467 102981 21486.6 3956.19 17530.4 3835.84 2542.98 63774.9 741.738 63445.1 39205.8 23199.9 7157.91 6232.82 858.454 379.462 16005.9 63440.8 49537.2 13903.6 11680.7 925.095 478.991 377.533 56.4858 10372.5 17.533 101.458 685.252 478.641 366.869 341.284 305.849 29.9279 2222.91 18895.7 8660.63 7175.18 4667.38 10235.1 7170.69 3064.36 1589.08 1333.31 52.1828 9.56643 1281.13 1119.31 7.75766 854.765 1111.55 1058.1 239.918 53.4492 84.0066 29.369 818.186 19.9141 813.113 773.814 769.3 13409.4
internal_count=9479779 9105090 374689 71134 303555 67726 48510 8011181 13244 7984870 1093909 540762 128420 112073 16471 7310 553147 7840524 6589709 1250815 1046228 16347 9161 7251 907 175135 299 1910 12337 19443 7025 6593 5988 518 204587 440563 195815 154498 102697 244748 170281 74467 33273 27857 1312 280 26545 23141 244 17309 22897 21914 4438 983 1353 581 17476 323 17340 16603 16505 760801
is_linear=0
shrinkage=0.08


Tree=69
num_leaves=63
num_cat=0
split_feature=2 2 2 0 5 0 5 4 2 4 5 5 5 1 4 2 1 5 5 7 0 4 4 4 5 5 5 4 4 7 4 5 5 7 1 4 0 5 4 5 7 4 4 4 4 5 5 4 4 4 5 2 4 5 5 5 1 4 2 5 5 4
split_gain=67.4964 13.5358 11.9036 7.04436 6.1462 5.02164 4.12168 5.6819 5.0355 4.66585 6.48626 6.00169 7.41453 5.06711 4.51336 4.73027 4.19932 4.19692 5.09758 4.43417 4.01904 5.22548 4.93535 6.0299 4.37749 4.23764 4.0332 3.97191 4.73172 3.92409 3.85286 3.61758 7.06069 6.1939 5.30216 5.16128 4.72264 4.1695 4.11268 3.6038 5.79174 8.80593 3.7489 3.56641 5.2726 4.56515 27.9006 7.28816 8.05755 5.79248 11.9013 5.49379 4.82535 4.56815 10.1191 9.36316 9.11456 8.02144 4.94427 5.9987 7.51386 10.3276
threshold=0.53001201152801525 0.28292356431484228 0.84654632210731517 29.500000000000004 0.58939334750175487 18.500000000000004 0.81119626760482799 2912.5000000000005 0.70106381177902233 83472.000000000015 0.65505805611610424 0.69511905312538158 0.69076326489448558 4.5000000000000009 86383.000000000015 0.55625879764556896 20.500000000000004 0.55598032474517833 0.53630629181861889 20.500000000000004 3.5000000000000004 5450.5000000000009 8710.5000000000018 8367.0000000000018 0.46187102794647222 0.66562321782112133 0.51960447430610668 1121.5000000000002 1033.5000000000002 20.500000000000004 1.0000000180025095e-35 0.60266375541687023 0.60732638835906994 5.5000000000000009 78.500000000000014 3984.5000000000005 34.500000000000007 0.59137621521949779 137.50000000000003 0.60048425197601329 3.5000000000000004 21326.500000000004 18390.000000000004 30506.500000000004 29329.000000000004 0.67935198545455944 0.66961058974266063 72837.500000000015 70419.000000000015 60148.500000000007 0.63058349490165722 0.02649122849106789 55427.500000000007 0.69511905312538158 0.69076326489448558 0.69605797529220592 16.500000000000004 93473.500000000015 0.22756041586399081 0.73808741569519054 0.70438358187675487 111602.00000000001
decision_type=2 2 2 2 2 2 2 2 2 2 2 2 2 2 2 2 2 2 2 2 2 2 2 2 2 2 2 2 2 2 2 2 2 2 2 2 2 2 2 2 2 2 2 2 2 2 2 2 2 2 2 2 2 2 2 2 2 2 2 2 2 2
left_child=1 29 5 20 -3 6 9 8 -8 17 16 12 -12 -14 15 -13 -11 18 -2 -19 21 27 23 24 -23 -24 -26 28 -4 30 -1 33 -33 36 35 37 38 -35 -6 -40 -41 42 -42 44 -32 46 47 48 49 52 51 -51 -45 54 -47 -55 -56 -58 59 60 61 -57
right_child=2 4 3 -5 31 -7 7 -9 -10 10 11 14 13 -15 -16 -17 -18 19 -20 -21 -22 22 25 -25 26 -27 -28 -29 -30 -31 43 32 -34 34 -36 -37 -38 -39 39 40 41 -43 -44 45 -46 53 -48 -49 -50 50 -52 -53 -54 55 56 58 57 -59 -60 -61 -62 -63
leaf_value=-0.080320956482590827 0.0017856332873616768 -0.0012086894963845641 0.0040661553111936751 0.027224277960603015 -0.05886963995973124 0.007131217973239381 -0.013861616420848894 0.0071644719683521601 -0.11201517606888095 0.020008634101726978 -0.0064725051108781729 -0.12397869258866222 -0.0052348333118018252 -0.053812900384898166 0.00065888048975889027 -0.018758848001241616 0.10777288149048551 0.0035701372150874688 -0.0064869400331256377 -0.082991163398199272 0.0092360253814777801 -0.088465128672191404 -0.0083261394476276448 -0.06315501695888262 0.041776667301334731 0.006186958875376688 -0.011134274429526256 0.015205431075990762 -0.048358292517834953 0.0070863601150191633 -0.0019364153583032106 -0.0084973858292460135 0.0009551620876925975 0.024100505999088227 -0.088135090278665007 -0.0060125425206117248 0.090176037391147226 0.0030087053094286255 0.0065954083346001424 -0.010131398307227604 0.016938584179079886 0.012043751358773931 0.063029015353211537 -0.0010247654748690321 -0.01336417668207603 -0.0022975367150575221 0.033435219400461479 0.0057550802804110625 -0.014055617079157161 0.059505002609159724 -0.0061365903026284613 0.0095053824251709815 -0.010900068555966516 0.0095487582451317908 -0.0071237654406813037 0.017958681595579302 -0.02028134674657352 -0.061272303773648673 0.0019266513114338476 -0.00099754362851461257 -0.0097811856850632626 -0.0048688932367982199
leaf_weight=3.982026691446662 2392.0225172192504 11717.938680164036 201.21798888704279 118.04862777157769 5.5613833777606478 1809.869970351021 13.601849426515402 1521.4839304938341 4.4360820458841763 46.061561886686832 248.09085348597728 2.9459109837189308 20.699760926421732 40.88616791064851 1225.0635405488756 38.094748400850222 3.7751514595001927 10406.113399996533 595.37488600339475 3.7888124585151663 2529.2672496783134 4.2142053438219582 179.04592611034604 15.121364717846516 10.416565757244824 458.46724751256147 80.27571048165737 330.70075432386534 11.657064480241386 332.16740926037892 45331.403033964147 516.40239934064448 24499.827263346269 73.019437800860032 4.3467081572161979 399.23859366867691 4.69265292584896 336.01103274559136 506.08315770362969 35.380187357543036 15.40095039596781 108.0513473827159 42.357297489885241 3021.534746104755 259.87535748427035 1631.7207214212976 166.00879110585083 1207.9323672718601 292.69852166090277 14.333997302979695 435.2217563167651 747.54849143780302 353.7444865477446 521.31999184004962 242.42667534697102 165.27066159556853 103.5325824614265 43.344367655321548 2094.7368065777118 4897.9888233469192 1306.8680609536095 545.48398664980778
leaf_count=144346 50253 467171 2895 3408 166 34729 197 22691 112 805 4552 82 375 985 19680 691 35 173489 11193 72 48510 97 2988 171 128 6833 1283 4644 177 26311 6639010 16361 551163 1921 117 12738 39 9428 13266 1041 354 3068 690 301306 28149 113034 8832 84596 30155 5851 39838 53469 37412 23510 14389 12021 10493 8172 51750 234519 107617 36401
internal_value=-1.29482e-11 -0.000871961 0.00398577 0.00797688 0.000317377 0.00313021 0.002693 0.00663529 -0.0380006 0.002289 -0.00175842 -0.0026571 -0.0126401 -0.0374852 -0.000215364 -0.0263116 0.0266568 0.00278011 0.000136947 0.00353863 0.00738214 0.00375042 -0.000589514 -0.0162363 -0.00876076 0.00211095 -0.00505713 0.00971882 0.00119539 -0.00158618 -0.00163162 0.000991004 0.000760036 0.00476709 -1.57183e-05 0.00045817 0.0101837 0.00677398 0.00965713 0.010196 0.019253 0.025523 0.0507392 -0.00162668 -0.00200155 -0.00066606 0.00107772 0.000193213 -0.00118772 -0.00036399 0.00441724 0.0104461 -0.00205974 -0.00160779 -0.00506254 -0.000875267 -0.0166517 -0.0323781 -0.00147838 -0.00250976 -0.00618083 0.000439167
internal_weight=124294 101983 22310.7 3938.43 38264.3 18372.3 16562.4 1539.52 18.0379 15022.9 1625.62 1575.78 309.677 61.5859 1266.1 41.0407 49.8367 13397.3 2987.4 10409.9 3820.38 1291.12 747.541 110.028 94.9065 637.513 90.6923 543.576 212.875 63719.1 63387 26546.4 25016.2 1530.14 812.616 808.269 717.527 409.03 712.834 707.273 201.19 165.81 57.7582 63383 45591.3 17791.7 6239.02 6073.01 4865.08 4572.38 1197.1 761.882 3375.28 11552.7 2021.02 9531.67 389.304 146.877 9010.35 6915.61 2017.62 710.755
internal_count=9479779 9088704 391075 71134 1077523 319941 285212 23000 309 262212 27205 26365 5912 1360 20453 773 840 235007 61446 173561 67726 19216 11500 1679 1508 9821 1411 7716 3072 8011181 7984870 610352 567524 42828 24204 24087 18624 11349 18585 18419 5153 4112 1044 7840524 6667159 1173365 561459 552627 468031 437876 99158 59320 338718 611906 146088 465818 33054 18665 442308 390558 156039 48422
is_linear=0
shrinkage=0.08


Tree=70
num_leaves=63
num_cat=0
split_feature=2 2 3 5 6 5 5 6 5 5 3 7 7 7 6 5 2 5 5 5 3 3 6 5 1 3 1 3 5 5 7 5 5 1 3 3 6 6 7 2 1 5 6 2 7 5 6 2 6 2 1 2 1 5 6 6 5 2 3 5 1 5
split_gain=62.2535 19.4841 5.34329 6.11326 5.67138 5.32979 5.39677 4.88315 4.64832 4.42937 5.62253 4.09635 5.15728 8.24232 11.5573 7.07925 6.4996 5.57698 6.23957 5.57621 5.86466 5.3725 5.28991 7.28903 4.70084 6.1404 4.41656 4.3954 4.3145 4.27901 4.53181 4.12482 4.91753 4.07844 4.07212 3.98056 4.69988 5.96744 5.96147 5.16605 3.96968 6.38955 3.9542 3.94739 3.92575 4.48531 3.88699 4.88058 4.71877 3.76647 4.36858 3.76051 3.69012 3.61382 3.6054 3.7144 3.60311 3.55438 5.0174 3.80858 4.53111 3.63095
threshold=0.38529014587402349 0.6885775923728944 29.500000000000004 0.59640088677406322 10.500000000000002 0.6421831250190736 0.63989016413688671 129.50000000000003 0.51416715979576122 0.59054526686668407 4.5000000000000009 20.500000000000004 17.500000000000004 16.500000000000004 73.500000000000014 0.55035778880119335 0.35781671106815344 0.54349327087402355 0.53013327717781078 0.58592963218688976 3.5000000000000004 1.5000000000000002 106.50000000000001 0.43933787941932684 6.5000000000000009 20.500000000000004 8.5000000000000018 26.500000000000004 0.4964741468429566 0.17647051066160205 12.500000000000002 0.32856500148773199 0.33895458281040197 11.500000000000002 18.500000000000004 25.500000000000004 19.500000000000004 30.500000000000004 5.5000000000000009 0.028778468258678917 8.5000000000000018 0.51086920499801647 59.500000000000007 0.14763412624597552 1.5000000000000002 0.57317069172859203 91.500000000000014 0.6012820601463319 114.50000000000001 0.84654632210731517 3.5000000000000004 1.0000000180025095e-35 68.500000000000014 0.6376805603504182 107.50000000000001 113.50000000000001 0.60170263051986705 0.016807910054922107 21.500000000000004 0.20009532570838931 80.500000000000014 0.51254358887672435
decision_type=2 2 2 2 2 2 2 2 2 2 2 2 2 2 2 2 2 2 2 2 2 2 2 2 2 2 2 2 2 2 2 2 2 2 2 2 2 2 2 2 2 2 2 2 2 2 2 2 2 2 2 2 2 2 2 2 2 2 2 2 2 2
left_child=5 8 3 9 -4 6 7 11 40 -3 -11 12 13 29 15 17 19 18 31 24 -21 -17 -14 -24 25 -16 -23 33 -25 30 51 -15 -33 -19 46 44 39 38 -38 -37 -2 54 -34 -7 57 52 47 -10 -48 -5 56 -1 -46 -40 -42 -56 -51 58 59 60 -31 -59
right_child=1 2 4 49 -6 43 -8 -9 34 10 -12 -13 22 14 16 21 -18 27 -20 20 -22 26 23 28 -26 -27 -28 -29 -30 35 -32 32 42 -35 -36 36 37 -39 53 -41 41 -43 -44 -45 45 -47 48 -49 -50 50 -52 -53 -54 -55 55 -57 -58 61 -60 -61 -62 -63
leaf_value=-0.080296437789492803 -0.0031359554161593094 0.0035526316314835231 -0.020855945371083026 0.0064877892492061018 0.0033039660554702085 -0.0016992354820014987 -0.0083295347615410503 -0.0075157016662724596 0.0027612408176401954 -0.092036054684298638 -0.009713562020178047 0.0067641458681691755 -0.0049932188645457386 -0.0093028863417603802 -0.026632193235747899 -0.06096478107851646 0.041473477093653503 -0.0031789774730126542 -0.029599498370901936 0.052590605853997011 -0.094151215475077085 -0.012828297694344095 -0.015654667417740967 0.010518154686107055 0.00068791650165197951 -0.001069226866526387 0.0086036206089934661 0.054361570810881582 -0.00028599945622768508 -0.085403807979781518 -0.018531991148350149 0.05194648361520806 0.015193678647933648 0.036039473145665121 0.00075182530579520515 0.07321405169695526 -0.012713024470846424 0.0001250021492556422 -0.00051795653006490936 0.0046473188151759364 0.0014694278167665868 -0.025816435430326235 -0.017941535389795617 5.1144013672324432e-05 -0.0027982026121388393 -0.00022613890373124546 -0.002556955732241756 0.0069641361306325769 0.0027136528303113505 0.043302119070478449 0.01304650121828058 0.0021543209070495339 0.0042715358585354432 -0.046621416965608529 0.0343713859470033 0.0079216839393168609 0.0038798183723718683 -0.0010100667361112323 0.64651132657906663 -0.039824396494931025 1.0153814376168648 -0.0064632344474032533
leaf_weight=3.6299424320040989 2257.6225906812833 1565.0076615910893 63.601553967280779 3375.1317113259665 2789.9454971479645 12121.855576930473 792.32642985986604 897.10582036136475 8041.738491188622 5.6946926960372357 78.553159642857281 375.63584814172646 5045.7420716592242 48.090954181363486 106.59372815868119 9.1099943492445146 21.201962967868894 28.998189477482811 22.835256657388527 2.2300254877773096 7.9824490646715276 92.225689625891391 176.62106277145358 279.20015163581411 694.0330190702698 137.99151632726716 184.93782597375684 35.427596120745875 1548.6725911110043 0.047791407243500283 192.77901586691041 22.300293637512368 455.08788367733359 40.914851813926362 10424.984975735086 7.0832975455250553 490.18115722785296 7948.8297587715733 697.37302113674377 981.21712949880748 942.85175198930665 48.922212212346494 24.279034671926638 25786.271982740567 12712.865269964943 9087.7855832043497 1636.8176409578055 2266.7238224805915 3237.297850576836 15.235686302585121 1526.9223562963373 143.32646471852422 490.75386367263854 11.053735661611425 41.091692455578595 196.34666833755909 568.35738699471665 1284.2995544888036 0.068788821110500886 23.093167583814648 0.047936865637893789 1995.8799468766447
leaf_count=144346 66708 27871 1223 57708 44895 1324295 71654 166010 155409 134 1279 27677 677779 15419 13496 1036 458 1324 2310 167 852 4921 46013 37015 174980 15132 17272 1359 174534 92 182648 2628 38880 2785 197227 3127 43455 740567 74597 117853 22567 1304 5172 789874 2203263 849113 34923 38110 63025 230 31666 83056 201553 912 867 4741 8543 213462 66 26746 58 223393
internal_value=-1.25252e-11 0.00264274 0.00569129 0.00686145 0.00276548 -0.00121473 -0.00178283 -0.00167087 0.00159614 0.00259071 -0.0152781 -0.00155545 -0.00162481 -0.00125616 0.00383148 0.010034 -0.00233383 0.0144885 0.0113763 -0.00331272 -0.0621082 -0.000514726 -0.00361203 -0.000135293 -0.00267301 -0.0122099 0.00147219 0.0314054 0.00136429 -0.00152898 -0.0104648 0.0130783 0.0152238 0.0197726 0.00196928 -0.00144402 -0.000102211 -0.000668451 -0.00593041 0.00513875 -0.00114418 0.00251399 0.0135154 -0.000508574 -0.00197539 -0.00159398 0.00280523 0.00368541 0.000943686 0.00814544 0.0107963 0.00011772 -0.00253543 -0.00123732 0.00368827 0.0124991 0.004909 -0.0045491 -0.0357132 -0.037737 0.465825 -0.00432814
internal_weight=124111 39082.8 9988.45 7134.9 2853.55 85028 47119.9 46327.5 29094.4 1649.26 84.2479 45430.4 45054.8 38004.6 1934.24 964.208 970.033 677.934 572.593 948.831 10.2125 286.274 7050.24 2004.49 938.618 244.585 277.164 105.341 1827.87 36070.3 339.735 549.758 501.667 69.913 25607.6 35730.6 10135.7 9147.44 1198.61 988.3 3486.83 1229.21 479.367 37908.1 25594.8 22291.4 15182.6 10308.5 4874.12 5485.65 2110.52 146.956 13203.6 708.427 1180.29 237.438 583.593 3303.44 23.2577 23.1889 0.0957283 3280.18
internal_count=9479779 758430 173549 127431 46118 8721349 6607180 6535526 584881 29284 1413 6369516 6341839 5406498 298191 93106 205085 69877 64409 204627 1019 23229 935341 257562 203608 28628 22193 5468 211549 5108307 410050 62099 46680 4109 488694 4698257 980511 859531 118964 120980 96187 29479 44052 2114169 3717746 3253929 291467 193519 97948 98147 40439 227402 2404816 75509 28175 5608 8773 463817 26962 26896 150 436855
is_linear=0
shrinkage=0.08


Tree=71
num_leaves=63
num_cat=0
split_feature=0 0 5 4 4 4 5 5 0 4 5 4 3 3 5 6 5 4 6 5 6 5 4 4 4 3 3 5 5 5 4 3 5 6 5 4 4 3 4 6 5 4 5 4 4 0 3 0 7 0 4 6 3 4 4 0 4 5 7 7 6 4
split_gain=33.8269 8.11928 5.97372 7.78914 17.915 11.3325 31.0584 18.4856 13.7438 7.69542 7.44205 7.19359 8.25174 5.8052 5.8191 5.43912 10.4077 8.34322 6.84738 7.98632 6.65917 11.1348 6.7902 9.84734 14.7675 10.9377 6.22437 7.85777 6.14274 5.82726 5.58279 5.9701 5.50129 16.5961 7.84465 9.18452 6.12338 5.19192 5.1146 5.17807 5.08815 9.85939 5.00596 4.97387 4.96248 4.93079 4.88189 4.69221 4.67957 4.67501 4.59425 4.56455 4.56339 6.39773 4.56922 4.50669 4.50314 4.4856 4.42013 4.9784 5.39062 4.92066
threshold=2.5000000000000004 24.500000000000004 0.81119626760482799 83472.000000000015 76628.000000000015 125241.50000000001 0.69076326489448558 0.69605797529220592 16.500000000000004 86383.000000000015 0.79430580139160167 14682.500000000002 1.0000000180025095e-35 21.500000000000004 0.41619303822517401 119.50000000000001 0.66731697320938121 1009.5000000000001 120.50000000000001 0.63058349490165722 113.50000000000001 0.72761431336402904 18042.000000000004 11350.500000000002 13703.500000000002 20.500000000000004 6.5000000000000009 0.7187756896018983 0.53396177291870128 0.64612558484077465 4831.5000000000009 26.500000000000004 0.77774071693420421 25.500000000000004 0.7725205421447755 198.50000000000003 25204.500000000004 15.500000000000002 15903.000000000002 68.500000000000014 0.67204704880714428 46038.000000000007 0.66069462895393383 426007.50000000006 31780.000000000004 10.500000000000002 13.500000000000002 10.500000000000002 5.5000000000000009 21.500000000000004 25204.500000000004 63.500000000000007 29.500000000000004 3678.5000000000005 4155.5000000000009 4.5000000000000009 25204.500000000004 0.7187756896018983 17.500000000000004 19.500000000000004 106.50000000000001 3822.0000000000005
decision_type=2 2 2 2 2 2 2 2 2 2 2 2 2 2 2 2 2 2 2 2 2 2 2 2 2 2 2 2 2 2 2 2 2 2 2 2 2 2 2 2 2 2 2 2 2 2 2 2 2 2 2 2 2 2 2 2 2 2 2 2 2 2
left_child=13 2 3 4 15 6 -5 8 -8 55 -7 12 -4 14 48 16 17 37 28 30 32 26 23 -23 25 46 -22 -28 -17 50 -20 -32 34 -34 40 -36 51 -2 -3 -40 41 -18 -30 -13 -24 -43 -25 -29 -1 -19 -21 -37 53 -53 -54 -9 -41 -31 -15 60 -60 -61
right_child=1 38 11 5 -6 10 7 9 -10 -11 -12 43 -14 58 -16 18 20 49 19 29 21 22 44 24 -26 -27 27 47 42 57 31 -33 33 -35 35 36 -38 -39 39 56 -42 45 -44 -45 -46 -47 -48 -49 -50 -51 -52 52 54 -55 -56 -57 -58 -59 59 61 -62 -63
leaf_value=0.00094955232913909368 0.0048249853094983058 0.0021204014956943892 -0.093755262184514493 0.0016504551251794442 0.013296582955971151 0.0017946863911367885 -0.0382130934170367 -0.011619410433282816 -0.1562742317949731 -0.0077623534532338737 -0.0079248018015016294 0.0074178610783709751 -0.0037911285691554666 -2.4915730747015756e-05 -0.0016418007961172493 -0.035450540392196209 0.0034379923439666932 -0.00039870109927561735 0.0022126700603286847 0.011719890385769075 0.0021729671835435168 0.0026007768827320749 0.018641974828955535 -0.05304231666300651 -0.0046067400442397367 -0.11286333982186811 0.015155262266448538 0.046445419566539227 0.0022155243469847343 0.00067415544411335521 -0.0022607079732500173 -0.016075572942947418 -0.060186434333155896 -0.0010404264768575098 -0.11296033999439951 0.070700300489900392 0.015109449354007813 1.5131924583719034e-05 0.0150860248334118 0.018121232530623581 0.0020545885177428516 0.020621077407962145 -0.0055360192480971796 0.0016457792509337104 0.0040670659759876266 0.058658519499758192 0.023158347492220878 -0.0022290465333174433 -0.0064351078882809555 0.011677075316294517 0.038837563167602791 -0.058909964134159928 0.059003608588329919 -0.0057065360071561879 -0.005021823863280441 -0.040447619180386946 0.00022261510777430127 0.013746359688889787 -0.0083734099263305228 0.0080994419837328944 -7.7353421408421213e-06 -0.0041019013775663799
leaf_weight=677.22707052016995 3917.9759021427499 1043.5265157784727 6.6099331090204023 1112.1018134551141 778.32225681847194 3780.8714115011298 159.21543113503139 57.916236189426854 6.5710588181391349 465.63995460816659 581.75755254592514 2382.2108530374076 508.3626114089293 22699.545737110355 32545.181427959214 39.237568769979589 417.89669230441359 20862.465772327701 1502.223202914005 134.62404575367691 157.19975740071084 351.9670238694855 199.05741758308955 17.079065641621131 87.64839703869211 16.588465489679947 386.34323561402164 91.634590396099611 713.3971022925889 604.80142965424511 1002.364305024239 250.16816007322632 31.098517273435846 1282.6667443032497 3.8022845146367663 5.0129206562414756 597.37663519563671 2267.569291401468 586.41930284726539 115.24783310098462 9986.3508939588301 127.65073932800442 2110.9381806685833 1595.2915796703846 600.63948986320111 26.30556338489987 7.8558759715106126 14.70993200119119 2904.9260998682912 207.21671743073966 56.877369002788328 17.88041420339141 11.710918952245267 75.735037974067382 18.251979479566216 86.600265436689369 410.01923747441606 232.61026521895292 1366.70752806153 415.86768755776575 771.09771166717292 430.53876154291356
leaf_count=289570 195965 21951 190 39467 24191 92757 7267 2795 275 15744 14293 43416 10293 1750091 3820731 2084 12645 938336 72670 4911 4739 7585 3562 427 1995 297 8495 1488 26553 19177 53038 8584 825 28408 119 75 11435 74912 11543 2335 279944 3517 69493 28015 13611 464 111 291 1169707 5032 2006 547 151 1699 300 3549 8650 6104 130436 35006 66423 29489
internal_value=-2.35645e-11 0.00131854 0.00114512 0.000917855 0.00125573 -0.0017423 -0.00692024 -0.019204 -0.0428925 -0.0127675 0.00049859 0.00395092 -0.00494586 -0.00132495 -0.00197864 0.00106224 0.00140036 0.000478451 -0.00106335 0.00117037 0.00312937 0.00750444 0.00317688 -0.00433264 -0.0232248 -0.0625241 0.0160335 0.0204559 -0.00401479 0.00718431 -0.00107586 -0.00501995 0.00245906 -0.00244049 0.0030293 0.0110511 0.0117006 0.00306173 0.00614285 0.00991867 0.00247484 0.00981383 -0.00357806 0.0051028 0.007695 0.0271203 -0.0290349 0.0397126 -0.00503899 -0.000279938 0.019774 -0.0041354 -0.00717109 -0.0158683 0.0200023 -0.0288945 0.00414972 0.00430526 -0.000405442 -0.00329993 -0.00535594 0.00189303
internal_weight=123923 62111.6 59956.4 55463.9 49213.3 6250.67 1888.04 775.943 165.786 610.156 4362.63 4492.47 514.973 61811.1 36127.3 48434.9 41787.7 27255.2 6647.24 3783.67 14532.5 1930.72 1280.84 481.139 129.172 41.5234 649.888 492.688 2863.57 1028.91 2754.76 1252.53 12601.7 1313.77 11288 729.77 725.968 6185.55 2155.21 1111.69 10558.2 571.853 2824.34 3977.5 799.697 153.956 24.9349 106.345 3582.15 21069.7 191.501 128.591 123.578 93.6155 29.9629 144.517 525.267 837.412 25683.8 2984.21 2137.81 846.406
internal_count=9479779 2188326 2143847 2061933 1885786 176147 69097 29630 7542 22088 107050 81914 10483 7291453 5280008 1861595 1596975 1214245 264620 166490 382730 42601 27588 10415 2830 835 15013 10274 98130 32198 134292 61622 340129 29233 310896 14326 14207 270877 44479 22528 296570 16626 96046 71431 17173 3981 538 1779 1459277 943368 6917 2772 2697 2246 451 6344 10985 25281 2011445 261354 196859 64495
is_linear=0
shrinkage=0.08


Tree=72
num_leaves=63
num_cat=0
split_feature=2 2 0 2 3 6 2 0 0 6 1 6 6 6 6 7 7 6 3 0 6 6 6 6 2 6 0 0 2 0 7 6 6 3 1 1 7 6 6 3 1 3 2 7 3 0 1 1 3 0 0 6 0 6 1 7 3 6 2 3 2 3
split_gain=54.6132 12.5204 9.91291 9.74806 6.10202 4.95697 4.08126 3.87223 3.38627 3.29772 4.18808 3.21996 2.97997 11.8325 9.67591 6.21687 9.26507 8.43867 6.73576 4.47397 3.89838 4.85935 5.14003 5.36396 4.45325 3.83947 3.54998 3.18575 3.17893 3.00646 4.01964 2.9538 3.77269 2.92766 3.20105 2.91627 2.83659 4.85402 3.53967 3.24725 3.36278 3.77906 3.03856 3.00263 3.61186 3.0408 2.75427 4.53964 3.13837 2.73725 2.85018 3.0102 2.71157 2.83564 2.66759 2.66607 5.1192 3.21762 2.97455 2.60575 6.43089 2.71695
threshold=0.57294833660125744 0.28292356431484228 3.5000000000000004 0.91042780876159679 4.5000000000000009 118.50000000000001 0.61577314138412487 22.500000000000004 40.500000000000007 120.50000000000001 33.500000000000007 1.0000000180025095e-35 115.50000000000001 120.50000000000001 114.50000000000001 15.500000000000002 17.500000000000004 99.500000000000014 10.500000000000002 3.5000000000000004 35.500000000000007 52.500000000000007 53.500000000000007 70.500000000000014 0.20722186565399173 129.50000000000003 16.500000000000004 12.500000000000002 0.26344709098339086 11.500000000000002 16.500000000000004 103.50000000000001 104.50000000000001 20.500000000000004 25.500000000000004 16.500000000000004 19.500000000000004 13.500000000000002 91.500000000000014 2.5000000000000004 23.500000000000004 1.0000000180025095e-35 0.27812939882278448 18.500000000000004 3.5000000000000004 18.500000000000004 7.5000000000000009 18.500000000000004 7.5000000000000009 20.500000000000004 26.500000000000004 85.500000000000014 2.5000000000000004 3.5000000000000004 45.500000000000007 13.500000000000002 10.500000000000002 94.500000000000014 0.21081871539354327 12.500000000000002 0.067041199654340758 1.0000000180025095e-35
decision_type=2 2 2 2 2 2 2 2 2 2 2 2 2 2 2 2 2 2 2 2 2 2 2 2 2 2 2 2 2 2 2 2 2 2 2 2 2 2 2 2 2 2 2 2 2 2 2 2 2 2 2 2 2 2 2 2 2 2 2 2 2 2
left_child=1 11 -2 4 -4 8 -7 -5 -6 10 -8 -1 14 -14 15 19 18 36 29 31 24 -22 27 35 -20 -15 -25 -23 54 -17 49 55 -33 -30 -35 -24 38 39 43 40 41 -38 -39 44 -18 -45 48 -48 -40 -31 -51 -52 53 -3 -21 -13 -57 -58 -59 61 -61 -16
right_child=2 52 3 7 5 6 9 -9 -10 -11 -12 12 13 25 59 16 17 -19 20 28 21 22 23 26 -26 -27 -28 -29 33 30 -32 32 -34 34 -36 -37 37 42 46 -41 -42 -43 -44 45 -46 -47 47 -49 -50 50 51 -53 -54 -55 -56 56 57 58 -60 60 -62 -63
leaf_value=-0.080274293775587757 0.0016447134294078475 -0.0099236806368232997 0.010161810324015816 0.010058585982157718 0.0042895546264884602 -0.01218689812320471 -0.006445431002439668 0.02757211130409587 0.018366155239253567 0.0048559929434941543 0.018436119241061609 -0.0020533714613059514 -0.0061695256833332124 9.8731947697739756e-05 0.021258622146267059 -0.001319295221549282 0.050794738644856299 0.0025660906987181363 -0.0038440976805753273 0.0013966130926939819 0.013748575773777227 -0.0050626393584942368 0.0089759432247138084 0.0035262581007679734 0.0076789940896216024 -0.0060981772994097459 -0.16337415821780807 -0.16241586064496016 -0.0029139403216421346 0.0080995290018492389 0.039988756849487578 -0.018579785392819254 -0.0045996238945655845 -0.0096141635146565867 -0.039883411064553391 0.02358522782429525 -0.086837652379153585 -0.0028953158295892973 -0.028959072246606887 0.0048879912316160774 0.051934663683054771 0.02028373001886814 -0.074832136599868079 -0.0042707935034045578 0.0037536914411993774 -0.046232306856524373 -0.024178271040847306 -0.0072058286402209275 0.0079096592463709127 -0.029921135279577227 -0.024557350172001505 0.076783457166382754 0.00088943898824731373 -0.00032605381259172777 -0.0019072755123495056 -0.010775798569751791 -0.0034894417832439036 0.016121463147782664 -0.014054354648312672 0.026857048952661541 0.0050939025003189928 0.00048015693037540885
leaf_weight=3.3144765134857144 7557.4731757453264 199.51438692278134 1054.9735538235254 1633.9266976484382 7621.0925471647479 176.58723378460854 438.21352106941049 85.00002414596338 110.96438500160002 606.52490480238339 48.041768165887333 23110.953444284653 3863.1873156046204 5810.060442668113 42.090568742015421 4138.2813909188444 12.768367960292379 1772.5573584060257 806.51494677754818 4440.3359294942493 339.90066802217916 352.0512515889277 325.5312579110323 2955.0944385879884 292.48557312902994 719.07737205741796 0.81585073145106335 0.82538647577166457 588.80243141623214 195.56970791192725 22.469666682183743 133.51415727944914 1653.6502866154697 105.87761390954256 28.346179622225463 119.56740350216569 2.5561202580574891 1611.730174328819 18.1949477790331 289.85244891233742 20.162077320666867 12.014925320341716 3.7666793207172296 3162.0416334679903 57.437382012532908 11.091399674653074 167.88898187730229 252.61734279553639 78.645833524758928 25.036312717711553 3.738796465098857 3.7648308780044317 24966.019501870811 15739.074177197655 2414.5141069346428 669.81788734487054 870.91257491397846 103.40876308294537 26.204404374351725 96.157731988001615 902.35161465808051 933.62813184952483
leaf_count=144346 127330 9344 18422 30887 134274 3452 7938 2782 2286 11302 925 3263170 498233 628652 2212 533239 1748 210616 112469 217645 30502 25293 25695 257629 15166 156815 56 44 18749 6391 656 119633 247064 3465 931 15714 246 199625 1889 34869 2635 912 207 458998 8116 509 25908 62591 7393 735 91 43 575853 543803 183133 193366 162219 17759 1916 12325 35679 63884
internal_value=1.58297e-11 -0.000722775 0.00390593 0.00535719 0.00440555 0.00373091 -0.00090245 0.0109246 0.00449157 0.000921054 -0.00398715 -0.00142528 -0.00142117 -0.00266018 -0.00117902 -0.00139092 -0.000143592 -0.0022549 0.00150315 -0.00201392 0.00345317 0.00458888 0.0037595 0.00471305 -0.000777367 -0.000583756 0.00348019 -0.00543069 -0.000299281 -0.000804061 0.00770496 -0.00250298 -0.00564404 -0.00534448 -0.0160066 0.0129005 -0.00375391 -0.00126937 -0.00503564 0.00765791 0.0307732 0.001492 -0.00306304 -0.0040554 0.0123091 -0.00441747 -0.0111809 -0.0139822 0.000982571 0.00452488 -0.0169593 0.0262889 0.000369006 -0.000446194 0.00023287 -0.00227645 -0.00536297 -0.00173927 0.0100207 0.00431666 0.00718972 0.0013765
internal_weight=123809 104476 19332.8 11775.3 10056.4 9001.42 1269.37 1718.93 7732.06 1092.78 486.255 63571.2 63567.9 10392.3 53175.5 51201.3 17055 7473.33 9581.65 34146.3 5192.79 4093.79 3753.89 3401.01 1099 6529.14 2955.91 352.877 7577.88 4388.86 250.579 26568.5 1787.16 723.026 134.224 445.099 5700.77 1940.08 3760.69 324.586 34.7331 14.571 1615.5 3243.34 70.2057 3173.13 517.347 420.506 96.8408 228.11 32.5399 7.50363 40904.6 15938.6 6854.85 24781.3 1670.34 1000.53 129.613 1974.23 998.509 975.719
internal_count=9479779 9140181 339598 212268 178599 160177 23617 33669 136560 20165 8863 8011181 7866835 1283700 6583135 6469035 2039985 1016262 1023723 4429050 482568 354933 324431 299094 127635 785467 257685 25337 423923 541155 7916 4005127 366697 23145 4396 41409 805646 238494 567152 38662 3793 1158 199832 469371 9864 459507 97781 88499 9282 7260 869 134 1129000 553147 400778 3638430 375260 181894 19675 114100 48004 66096
is_linear=0
shrinkage=0.08


Tree=73
num_leaves=63
num_cat=0
split_feature=2 2 2 5 5 3 6 5 6 2 3 7 5 5 5 1 1 5 5 5 1 6 6 6 5 1 1 3 5 2 6 5 5 6 1 3 1 6 6 3 5 2 5 5 6 3 3 1 2 7 2 3 6 1 5 5 3 7 6 1 5 3
split_gain=49.5801 12.9346 6.59839 5.05909 4.44897 4.26432 5.38004 4.83461 7.29853 6.46471 3.81739 4.33062 4.22666 4.01994 3.7415 5.09775 4.89742 3.65535 6.37392 5.13564 5.57528 3.70174 3.78433 4.83696 3.64145 5.24444 3.50771 3.85186 3.48115 3.47971 3.43112 3.49012 3.4915 3.4659 3.49325 3.42985 3.32791 3.30298 3.26553 4.00551 4.40022 3.82943 3.8259 3.24095 3.20044 3.12298 3.11607 4.34417 3.77445 3.33702 3.95304 4.76639 3.09847 3.6012 3.0956 3.29014 5.22646 3.85813 3.42412 3.85588 3.60129 3.46586
threshold=0.4552139043807984 0.6885775923728944 0.22287581861019137 0.75467449426651012 0.69511905312538158 29.500000000000004 10.500000000000002 0.73525840044021618 106.50000000000001 0.77951389551162731 8.5000000000000018 3.5000000000000004 0.22132766991853717 0.38895379006862646 0.68990877270698558 47.500000000000007 45.500000000000007 0.69174146652221691 0.6376805603504182 0.65261220932006847 9.5000000000000018 51.500000000000007 78.500000000000014 83.500000000000014 0.69605797529220592 3.5000000000000004 27.500000000000004 8.5000000000000018 0.65160736441612255 0.30094340443611151 119.50000000000001 0.84517383575439464 0.81119626760482799 2.5000000000000004 6.5000000000000009 15.500000000000002 3.5000000000000004 121.50000000000001 112.50000000000001 2.5000000000000004 0.65551853179931652 0.56711712479591381 0.48149947822093969 0.69076326489448558 132.50000000000003 26.500000000000004 14.500000000000002 4.5000000000000009 0.36425061523914343 6.5000000000000009 0.30094340443611151 10.500000000000002 111.50000000000001 5.5000000000000009 0.59640088677406322 0.59054526686668407 6.5000000000000009 13.500000000000002 77.500000000000014 12.500000000000002 0.58090013265609752 7.5000000000000009
decision_type=2 2 2 2 2 2 2 2 2 2 2 2 2 2 2 2 2 2 2 2 2 2 2 2 2 2 2 2 2 2 2 2 2 2 2 2 2 2 2 2 2 2 2 2 2 2 2 2 2 2 2 2 2 2 2 2 2 2 2 2 2 2
left_child=2 10 -1 5 14 54 -7 17 36 -10 11 38 -13 -12 15 -4 26 18 -8 20 28 -19 -23 -24 -25 -26 27 29 -20 -16 33 32 -32 34 -6 -28 -9 -17 41 40 -40 -2 -43 -37 -15 -18 48 -48 49 50 -29 -52 -49 -54 55 58 57 -57 -3 60 -60 -61
right_child=1 3 4 -5 30 6 7 8 9 -11 13 12 -14 44 16 37 45 21 19 -21 -22 22 23 24 25 -27 35 46 -30 -31 31 -33 -34 -35 -36 43 -38 -39 39 -41 -42 42 -44 -45 -46 -47 47 52 -50 -51 51 -53 53 -55 -56 56 -58 -59 59 61 -62 -63
leaf_value=-0.0015287959278878235 -0.0071010050281858292 0.0070245785294514576 -0.00080493761531377328 0.0082055203645163381 -0.078407988675977203 -0.022544300606336738 0.0045046607473146942 0.051225584987422322 -0.067138635731476284 -0.013702818256420564 -0.0073860933448414347 -0.054674604030769756 0.0040083773121313351 0.0010981570042846759 -0.028790312466159242 0.0031636068983859921 -0.03234396520549096 -0.0020055871490686824 -0.024400458791158909 -0.0018089849339926478 0.014110050868692348 0.03286049898275243 -0.018622391058319129 0.044270595729615322 -0.026654905075157394 0.015830522596034985 0.017046553521207236 -0.019272193027382228 -0.078756610071358826 -0.0075194794232854847 -0.0019574461608497518 0.10312477369826503 -0.032358574701003652 0.0015378459381489152 -0.010278645704307435 0.025139453333974549 -0.0014197888042674026 0.016906960457622217 0.0032802620578529069 -0.020320715036960448 0.11113570962730529 0.035241578896114352 0.0034132702387215416 -0.058261619505947937 0.042569551192255695 0.06231381971788906 -0.016594060879607658 -0.0053884437129078453 -0.01352969016414321 0.030941996661746258 -0.036731438843010396 0.039491377671632043 -0.033433912194512576 0.019423017591907302 0.0066893498214580238 -0.091819169517019572 -0.003682484414760222 -0.0091838951184155578 -0.0055991224223486879 0.026880552241059483 0.011759071625734578 0.0011459883190848964
leaf_weight=50825.947722988138 252.97980593051579 782.56206534878311 26448.103013027947 2610.461775192568 6.5835296404529826 59.877173349260829 1046.1841091937529 9.1350100194103998 22.263123424258083 41.499846574109824 363.86899714028004 7.8656057714251792 5894.8419033715072 13553.740596774463 76.520594538536898 986.24454498878913 54.545949305524118 125.57989504094303 92.161484187468886 374.79568017346082 23.949269784498028 57.279084724272252 32.690383062265028 23.348044627688523 21.202865598387689 151.19316377784617 77.38006376841804 27.844810609240085 8.2125318404287082 137.96895043585937 1789.1054691728204 2.009339800104498 24.5088008280145 12122.271932620637 17.946597871370614 4.7143494025804094 48.405814943555015 126.24437501619104 15.907216853462161 109.12416831147857 2.8554214853793374 27.067117631668225 225.86106527596712 8.1151866058353317 11.919956795871256 2.325793861411511 156.78111438013912 193.1067099487409 39.622502218466252 48.27634180826135 6.7582467809825202 23.534320476308494 9.3312506088986975 71.154867011820897 3506.5006596843054 8.4055482218973321 67.173212705823516 6.3459440926671951 541.70332899218693 56.306159233396556 89.072099197283933 82.667110543188755
leaf_count=7443430 5404 13568 1105489 48380 269 1165 16996 126 370 728 10982 398 109412 253700 2935 29736 1773 1994 1397 5963 392 833 597 362 372 2350 2083 1126 152 3594 47150 10 388 260206 520 111 812 3555 335 2470 29 502 3961 315 123 32 5498 5673 962 1364 238 576 196 1685 61276 143 1155 115 9876 1212 1361 1854
internal_value=-3.17259e-11 0.00280838 -0.00091383 0.00518408 -0.000177714 0.00410044 0.00109765 0.00177892 -0.0137189 -0.0323602 0.00166047 0.00325543 0.00393018 0.000912019 -0.000750898 -0.000581794 -0.00571966 0.00273975 0.000955836 -0.00648272 -0.0205726 0.00944222 0.0144739 0.00986351 0.0146208 0.0106053 -0.00425104 -0.00595576 -0.0288478 -0.015108 0.000992205 -0.00225153 -0.00236828 0.00147706 -0.0285636 0.0106948 0.00693803 0.00472319 -0.00302868 -0.01445 0.0196944 -0.000141524 0.00681938 -0.027615 0.0011346 -0.0284729 -0.00255009 -0.00597647 0.00754757 0.0153956 0.00248604 0.0224861 0.000107888 0.013295 0.00534915 0.00247354 -0.0131515 -0.0562703 0.00329817 -0.000490266 -0.00314796 0.0115726
internal_weight=123642 30355 93286.9 9888.98 42461 7278.51 2137.78 2077.9 121.304 63.763 20466 6536.5 5902.71 13929.5 28498.6 27560.6 937.981 1956.6 1545.3 499.119 124.323 411.293 285.714 228.434 195.744 172.396 881.109 790.9 100.374 214.49 13962.4 1815.62 1813.61 12146.8 24.5301 90.2096 57.5408 1112.49 633.795 127.887 18.7626 505.908 252.928 12.8295 13565.7 56.8717 576.41 430.374 146.036 106.414 58.1374 30.2926 273.593 80.4861 5140.74 1634.24 81.9247 14.7515 1552.31 769.749 630.775 138.973
internal_count=9479779 560865 8918914 173549 1475484 125169 34609 33444 2036 1098 387316 122511 109810 264805 1166941 1138780 28161 31408 24900 7904 1941 6508 4514 3681 3084 2722 26356 23847 1549 6529 308543 47548 47538 260995 789 2509 938 33291 12701 2834 364 9867 4463 426 253823 1805 17318 13052 4266 3304 1940 814 7554 1881 90560 29284 1413 258 27871 14303 11237 3066
is_linear=0
shrinkage=0.08


Tree=74
num_leaves=63
num_cat=0
split_feature=2 2 3 5 6 6 6 5 5 5 5 3 1 1 5 5 2 7 7 6 7 7 5 2 6 6 1 6 1 5 3 5 1 5 5 6 5 3 5 3 1 1 3 5 1 5 5 2 3 6 5 3 5 1 2 2 3 3 5 2 2 3
split_gain=45.6455 14.9521 5.46612 4.77095 4.02174 12.6403 12.453 9.29432 8.13934 7.57805 6.66737 5.32661 5.70566 5.0263 4.92253 4.77872 4.60595 4.23225 8.29096 7.63316 6.65304 5.37317 4.9802 9.85984 6.47879 6.80913 5.37193 5.24131 5.16946 5.15124 4.76851 7.92018 6.29978 4.51504 4.49535 4.44968 5.76052 7.2935 5.53965 4.42728 4.38152 4.24837 4.2308 4.19443 4.05783 3.91914 3.80118 5.68096 3.78006 3.7795 3.88762 3.74653 4.40232 8.22826 3.9268 3.77958 3.66707 3.83232 4.48558 3.96214 3.91932 5.10673
threshold=0.38529014587402349 0.75140449404716503 10.500000000000002 0.74265706539154064 115.50000000000001 120.50000000000001 114.50000000000001 0.72761431336402904 0.72243767976760875 0.62306672334671032 0.65551853179931652 12.500000000000002 11.500000000000002 17.500000000000004 0.76100599765777599 0.61700040102005016 0.28292356431484228 15.500000000000002 17.500000000000004 99.500000000000014 13.500000000000002 19.500000000000004 0.77645063400268566 0.16767068207263949 35.500000000000007 90.500000000000014 7.5000000000000009 83.500000000000014 11.500000000000002 0.7822885811328889 1.0000000180025095e-35 0.51615241169929515 16.500000000000004 0.39842276275157934 0.10704734176397325 85.500000000000014 0.72243767976760875 29.500000000000004 0.55720722675323497 10.500000000000002 8.5000000000000018 77.500000000000014 21.500000000000004 0.7725205421447755 3.5000000000000004 0.72482028603553783 0.76968595385551464 0.11173533275723459 2.5000000000000004 13.500000000000002 0.30066822469234472 8.5000000000000018 0.71393844485282909 12.500000000000002 0.24871134012937549 0.20101010054349902 4.5000000000000009 13.500000000000002 0.7466147541999818 0.28292356431484228 0.24871134012937549 14.500000000000002
decision_type=2 2 2 2 2 2 2 2 2 2 2 2 2 2 2 2 2 2 2 2 2 2 2 2 2 2 2 2 2 2 2 2 2 2 2 2 2 2 2 2 2 2 2 2 2 2 2 2 2 2 2 2 2 2 2 2 2 2 2 2 2 2
left_child=4 3 -3 -2 6 14 17 8 51 15 -11 13 16 44 -6 -7 -13 20 22 21 34 33 24 29 -19 26 35 41 48 39 31 32 -28 -20 -1 43 37 38 -37 -24 42 -25 -41 -26 -10 -46 47 -9 -29 50 -23 52 54 -54 55 -8 -38 58 59 -58 -59 -62
right_child=1 2 -4 -5 5 9 7 46 11 10 -12 12 -14 -15 -16 -17 -18 18 19 -21 -22 49 23 27 25 -27 30 28 -30 -31 -32 -33 -34 -35 -36 36 56 -39 -40 40 -42 -43 -44 -45 45 -47 -48 -49 -50 -51 -52 -53 53 -55 -56 -57 57 60 -60 -61 61 -63
leaf_value=-0.018534060713533387 0.0010184245844238691 0.0091540570310392373 0.0041614071244047406 0.0032455214725507042 -0.0060204240227861366 -0.0021878845303203716 -0.00014973157408119654 0.008777689583104379 0.060038191667632697 0.0066025407963185793 -0.00024004515420673959 0.038715116303690122 0.064951234667204968 0.02922344037979039 0.0046917864172212097 -0.017353934524950543 -0.014627997779244534 -0.0016025635286351599 0.0075100009534133658 0.0021610696040611911 -0.0053784184201139439 0.062771649012346872 -0.041050062057675314 -0.014225482550495199 -0.00051565202455798825 -0.00028883983160250289 -0.043604026566063582 0.035390525241431853 -0.0023982578573461346 -0.0071514181134615445 0.0065371972817312302 -0.034079289342441879 0.06187345243638407 -0.0051631357747679209 -0.0011796767151124525 0.054446985421971336 -0.020708344204830441 -0.014616129697825034 0.006369427294343053 -0.034309566124016526 -0.026812983213157594 0.061473922458602184 0.036255433875556138 -0.021307134990655122 -0.0086189246300682684 -0.083256164142236438 0.0047782125307675796 -0.0064883685000782614 0.0071912572235332409 -0.0015331972815011388 0.0056453845787733312 0.010883278597804342 -0.13536940700645433 -0.0021044896200693173 0.013952214265381303 -0.032687286632579256 0.031251090124607139 0.034123186153307859 0.024938607848418424 0.11446101152863936 -0.09872580035646919 0.0076000769585490005
leaf_weight=95.741135365737136 24244.610995379211 2121.7728976744966 4145.4845177598636 8251.2307377640318 4879.6408655771011 4449.4734680153633 187.99228202414361 202.45671645586845 4.3020317815244189 1388.1498622602521 2653.446307893937 34.973185832845047 35.374169534654357 42.959584832104156 290.91013585017936 137.06377446150873 14.719810714479534 2667.9339509355414 187.07368328707162 2292.7868642454268 2610.8637498130411 7.7647087486620867 59.95851026046148 156.47775247553363 1232.4467487434158 2829.8034295546531 5.1928951243171495 32.283609419129789 495.96325196651742 482.88289585823077 3826.2649714831023 43.7821097408887 11.994874172087291 4703.3147842732869 42654.468434756636 16.790106581378495 13.570247606374322 119.14878718164982 177.38662970985752 7.8092894512228694 43.582206562568899 4.8931720121763638 17.906728797126561 65.393644081428647 22.853931196150373 5.6072756007670241 743.62520231620874 680.00316819377349 527.8875544029288 2186.8409693654539 421.22799921298429 639.68195472305524 4.3100793650373808 9.5030516239930858 120.47602427849415 26.009450084296986 6.5067444853484622 41.146947341971099 32.040579814463854 8.3778672623448056 3.0214715097099534 66.939120947849005
leaf_count=248255 515563 41354 73197 128316 530987 606465 21085 20147 64 102004 135931 956 1249 2354 14679 14760 290 296906 46601 229396 435930 1561 5807 3774 71025 282716 714 484 10591 34190 378470 3786 2318 565674 4273251 1312 394 5205 6706 313 3381 81 529 1709 893 196 26442 19730 10865 220253 40533 31951 190 609 2881 853 184 1247 890 96 64 1422
internal_value=-6.53011e-12 0.00227393 0.00585166 0.00158392 -0.00104029 -0.00228991 -0.000797196 0.00445621 0.00996474 -0.00041552 0.00211015 0.0266569 0.0403947 0.0112238 -0.00541772 -0.00264111 0.0229141 -0.00101107 -0.000121817 -0.00187892 -0.00145797 -0.00311294 0.0012029 -0.00266598 0.00183675 0.00291628 0.00451591 0.00149822 0.00354998 -0.0109483 0.0061835 -0.0160133 0.0300058 -0.00467835 -0.00121854 0.000879803 0.00741831 0.000965538 0.0105266 -0.0251328 -0.0113608 -0.0119301 0.0148267 -0.00156326 -0.0123776 -0.0233236 0.000564663 -0.00298598 0.00881643 -0.00018635 0.00667936 0.00724814 0.000571731 -0.0436868 0.0023995 -0.0041043 0.0192003 0.0226272 0.0417969 0.0780861 0.0145311 0.00300805
internal_weight=123494 38763.1 6267.26 32495.8 84731 13798.7 70932.3 2774.85 1148.76 8628.13 4041.6 160.79 85.0672 75.7228 5170.55 4586.54 49.693 68157.5 22796.4 9799.01 45361.1 7506.22 12997.4 1829.64 11167.7 8499.81 5670 1217.51 1056.13 612.14 3887.23 60.9699 17.1878 4890.39 42750.2 1782.77 484.929 313.326 194.177 129.257 69.2982 161.371 25.716 1297.84 32.7632 28.4612 1626.09 882.46 560.171 2615.83 428.993 987.973 348.291 13.8131 334.478 214.002 171.603 158.033 46.9252 14.8846 111.108 69.9606
internal_count=9479779 758430 114551 643879 8721349 1404826 7316523 129890 63571 859160 237935 6002 2495 3507 545666 621225 1246 7186633 2229197 1104018 4957436 874622 1125179 70015 1055164 758258 475542 25795 21940 44220 385288 6818 3032 612275 4521506 90254 17520 13223 8018 10030 4223 3855 842 72734 1153 1089 66319 39877 11349 262347 42094 57569 25618 799 24819 21938 4297 3903 1170 280 2733 1486
is_linear=0
shrinkage=0.08


Tree=75
num_leaves=63
num_cat=0
split_feature=5 5 4 1 6 3 6 4 6 4 4 7 6 5 6 4 1 4 1 1 7 4 5 7 4 7 4 3 5 4 4 4 5 4 4 4 4 3 6 4 4 1 1 4 3 4 1 3 1 1 5 4 1 4 7 6 1 7 4 4 3 5
split_gain=12.7192 17.9726 15.4763 22.2435 10.6001 10.4748 7.60978 17.5846 7.45004 7.15345 12.5675 8.31113 9.25461 8.3828 12.4726 10.0981 7.38294 6.98604 7.54688 6.4471 6.233 5.88818 5.82335 6.94934 5.78287 5.60935 5.54391 5.4594 5.04751 8.05508 5.03709 4.996 7.81474 4.80891 8.68077 14.5248 10.3597 11.8022 5.62119 5.5207 14.6901 5.07766 4.83969 4.73216 6.06333 4.60485 6.93744 5.1917 5.44236 4.84619 4.38343 5.10536 4.28923 4.20945 4.19855 5.94399 4.3979 4.17422 12.1055 8.96058 6.40424 5.33273
threshold=0.69174146652221691 0.69076326489448558 93473.500000000015 30.500000000000004 117.50000000000001 29.500000000000004 83.500000000000014 5708.5000000000009 123.50000000000001 147804.00000000003 6257.5000000000009 9.5000000000000018 56.500000000000007 0.72482028603553783 32.500000000000007 265.50000000000006 59.500000000000007 3595.0000000000005 6.5000000000000009 27.500000000000004 19.500000000000004 293.50000000000006 0.69605797529220592 6.5000000000000009 5527.0000000000009 6.5000000000000009 12611.500000000002 13.500000000000002 0.51615241169929515 3453.5000000000005 615.50000000000011 3595.0000000000005 0.70438358187675487 20245.000000000004 83472.000000000015 76628.000000000015 86383.000000000015 17.500000000000004 77.500000000000014 12407.500000000002 13158.500000000002 24.500000000000004 28.500000000000004 164736.00000000003 23.500000000000004 8367.0000000000018 16.500000000000004 3.5000000000000004 31.500000000000004 17.500000000000004 0.76100599765777599 29329.000000000004 9.5000000000000018 173.50000000000003 15.500000000000002 47.500000000000007 14.500000000000002 11.500000000000002 4065.5000000000005 1153.5000000000002 1.0000000180025095e-35 0.7725205421447755
decision_type=2 2 2 2 2 2 2 2 2 2 2 2 2 2 2 2 2 2 2 2 2 2 2 2 2 2 2 2 2 2 2 2 2 2 2 2 2 2 2 2 2 2 2 2 2 2 2 2 2 2 2 2 2 2 2 2 2 2 2 2 2 2
left_child=1 28 -3 5 6 -4 9 19 50 10 11 13 21 14 -2 -15 31 53 20 24 -19 -13 -9 26 57 -17 -24 -21 29 -1 52 -16 -33 38 35 42 37 -36 39 -12 -41 -37 -35 44 -11 49 -47 -48 -49 -25 51 -6 -27 -14 55 -23 -57 -8 59 -59 -60 -61
right_child=4 2 3 -5 8 -7 7 22 -10 43 33 12 17 15 16 25 -18 18 -20 27 -22 54 23 45 -26 30 -28 -29 -30 -31 -32 32 -34 34 36 41 -38 -39 -40 40 -42 -43 -44 -45 -46 46 47 48 -50 -51 -52 -53 -54 -55 -56 56 -58 58 60 61 -62 -63
leaf_value=-0.00050392435877492361 -0.0085097758530051741 -6.0183456257317419e-05 -0.029955625143526954 -0.095127974115885083 -0.0044054636618207771 0.00024627826490017547 -0.0033751232620408745 0.014962930549957329 0.011456574390073422 0.0031053318014416711 -0.00013681794641492453 -0.021758811768230399 -0.046807580870517319 -0.012747475035703124 0.0056501687693465323 0.032243767609882588 -0.036526564434571508 -0.077623962430057758 -0.016184827285868959 -0.0056279109006710515 0.007559265290044379 0.01789998647622984 0.007527175239121448 0.0067785877808145892 -0.070675867961123129 0.061548413008055081 -0.0088297005024116724 -0.025056010824673618 -8.3656257255572828e-05 -0.003835716469967599 0.010792684891048929 -0.0044768219066142253 0.028025204745051501 -0.0025773608256732228 -0.034099909259019595 0.0070115592023081543 -0.0032727297675496625 0.00021461981456319501 -0.019863408182860264 -0.048410599692561562 -0.0061810018324883025 0.021908436624803098 0.0040735805607276286 0.0017260585526052469 0.016379077918841051 0.0060353911807746142 -0.0054871601966105122 -0.00019831696864394522 0.0071787156618825666 0.022433243471247543 -0.00039015555853212321 -0.023062564019036075 0.013174093051415203 0.0023666600399117142 0.0066212969915491185 -0.011325752007356018 -0.062658264932214131 -0.0071408620840330232 0.063176312411987096 0.014319270538603917 -0.0090066676424634361 -0.0011655952550897488
leaf_weight=15602.653585732187 377.74966598670994 282.2817102371846 210.65193991863634 26.901009301240265 2529.8933423939015 112.8773754844151 1232.5729178136023 341.92993180381018 244.90431518340847 651.70646448188927 965.54351067910648 58.073601951527507 12.245638449443502 75.639022922798176 412.69873907417877 140.41185445995757 21.525353415156133 27.182996158022434 89.916664730408229 613.56409268600692 6.8912433106452218 24.181156761595048 191.03018300153235 396.76466467880346 7.4071596760768434 24.6574156077113 433.68785523722181 109.01596503969631 59885.237270189566 6612.0440489384928 382.94229907422095 63.056467107002391 190.01356826366737 3248.978282577229 158.41972001973772 567.79775561180577 1760.8906435467143 107.79917008604389 161.45897021514247 56.413042678148486 805.17906540461445 197.33008187837549 892.58280532313802 8335.6499516939311 332.66983050084673 6027.8054186079098 571.32031000927236 1509.6480673909875 1111.1023479613912 185.83675536428927 2442.9750113864975 97.485188564140117 22.376628425350646 123.52386862535786 672.98470574111025 27.466117733541068 17.479608316119993 214.08988566353582 8.001135964645071 690.80873599721667 467.27004124370978 179.27422973649618
leaf_count=2772187 18266 14278 11909 4802 134002 4317 42507 13458 9064 24205 38514 3435 866 3231 16532 4073 2454 832 5074 40595 162 1260 8046 9284 596 410 18281 7339 4203881 1041664 14029 3561 6153 114466 11051 20594 72229 4761 9359 1891 29839 11870 55148 197623 8312 146197 27068 58080 52678 7905 78213 5240 946 6439 29026 827 1058 8046 172 22306 14574 4594
internal_value=6.37082e-12 -0.000569215 -0.0140007 -0.0252303 0.00115935 -0.0194184 0.0016608 0.00308501 -0.00217129 0.000692194 -0.000625568 0.00408057 -0.00148607 0.0075289 0.00316783 0.0147186 0.00958607 -0.0146061 -0.0283347 -0.00182201 -0.0603963 0.00277304 0.00468983 0.00435296 -8.30624e-05 0.0183608 -0.00382799 -0.00855904 -0.000465704 -0.00149561 0.0138273 0.011077 0.0199268 -0.00208715 -0.00109252 0.000726877 -0.00549644 -0.020205 -0.0055552 -0.00429082 -0.008946 0.0108535 -0.00114396 0.00234553 0.00759119 0.00487434 0.00443847 0.00142289 0.00292928 0.0117721 -0.00282954 -0.00509771 0.0385341 -0.00206858 0.00469277 -0.0140824 -0.0312892 0.000104219 0.00285426 0.00752106 -0.00779148 0.0111287
internal_weight=123352 82732.6 632.712 350.43 40619.8 323.529 35304.6 14291.1 5315.26 21013.4 11693.4 2771.02 1059.95 1711.07 1065.04 646.027 687.294 259.76 123.991 3522 34.0742 800.185 10769.1 10427.2 2799.42 570.388 624.718 722.58 82099.9 22214.7 429.976 665.769 253.07 8922.39 6933.8 4906.69 2027.11 266.219 1988.59 1827.14 861.592 765.128 4141.56 9320.03 984.376 9802.48 9219.88 3192.07 2620.75 582.601 5070.35 2627.38 47.034 135.77 742.112 69.1269 44.9457 2792.02 1559.44 1084.17 475.271 870.083
internal_count=9479779 8053038 35306 21028 1426741 16226 1200222 481726 226519 718496 488356 118634 48979 69655 46966 22689 28700 13373 6068 140729 994 35606 340997 327539 92795 19458 26327 47934 8017732 3813851 15385 26246 9714 369722 290119 202078 88041 15812 79603 70244 31730 32464 169614 230140 32517 301212 284023 137826 110758 17189 217455 139242 1356 7305 32171 3145 1885 92199 49692 34946 14746 26900
is_linear=0
shrinkage=0.08


Tree=76
num_leaves=63
num_cat=0
split_feature=2 2 0 2 3 3 4 4 7 5 4 5 3 4 2 0 5 5 7 0 4 4 0 4 7 4 2 5 7 4 3 0 5 2 5 2 5 3 3 4 5 5 4 0 2 4 4 3 4 5 3 2 0 4 5 4 5 7 2 4 7 5
split_gain=41.2451 11.3924 5.94013 5.75865 4.98284 4.10008 6.3344 3.91955 6.32445 3.77847 4.50933 4.42613 4.42172 4.6595 5.30309 3.79565 4.56465 5.19125 4.03836 7.07577 5.07804 3.71876 4.85348 3.70659 5.48229 6.84778 4.9415 4.91379 8.43904 5.26771 9.91783 8.3607 4.30327 6.11977 4.60806 4.06086 4.04652 4.01711 7.2935 4.14987 5.81804 3.89088 3.70383 5.02024 3.60357 3.54179 3.51576 4.25023 4.11092 3.90042 3.50046 4.26088 5.73336 3.48194 6.16157 4.35414 4.24924 3.5983 3.45895 6.74351 3.64882 3.4538
threshold=0.4552139043807984 0.8760964870452882 4.5000000000000009 0.22756041586399081 8.5000000000000018 15.500000000000002 955.50000000000011 39079.500000000007 3.5000000000000004 0.38895379006862646 3383.0000000000005 0.59441441297531139 10.500000000000002 43038.000000000007 0.66069716215133678 5.5000000000000009 0.37278625369071966 0.37723660469055181 11.500000000000002 3.5000000000000004 95.500000000000014 42641.000000000007 25.500000000000004 2391.5000000000005 16.500000000000004 3031.0000000000005 0.66069716215133678 0.63571140170097362 2.5000000000000004 1906.5000000000002 13.500000000000002 18.500000000000004 0.69713348150253307 0.48112535476684576 0.4488102942705155 0.5025252401828767 0.39415359497070318 16.500000000000004 18.500000000000004 2653.5000000000005 0.66388624906539928 0.43933787941932684 3094.5000000000005 12.500000000000002 0.57294833660125744 2341.0000000000005 3736.5000000000005 11.500000000000002 3984.5000000000005 0.60170263051986705 17.500000000000004 0.5838744342327119 5.5000000000000009 14682.500000000002 0.65261220932006847 12611.500000000002 0.63989016413688671 2.5000000000000004 0.91833335161209118 1536.5000000000002 10.500000000000002 0.61269941926002514
decision_type=2 2 2 2 2 2 2 2 2 2 2 2 2 2 2 2 2 2 2 2 2 2 2 2 2 2 2 2 2 2 2 2 2 2 2 2 2 2 2 2 2 2 2 2 2 2 2 2 2 2 2 2 2 2 2 2 2 2 2 2 2 2
left_child=3 4 53 -1 44 -4 -7 -5 -9 15 23 12 13 -12 -15 16 -6 -18 19 -19 -20 22 -10 27 32 37 42 29 -29 35 41 50 34 -34 -25 -11 -37 -26 -39 -40 -41 -31 -27 -44 -2 -43 47 -13 -48 -49 51 -32 -53 55 56 -3 61 -57 59 60 -8 -55
right_child=1 2 5 7 9 6 58 8 21 10 11 46 -14 14 -16 -17 17 18 20 -21 -22 -23 -24 24 25 26 -28 28 -30 30 31 -33 33 -35 -36 36 -38 38 39 40 -42 45 43 -45 -46 -47 48 49 -50 -51 -52 52 -54 54 -56 57 -58 -59 -60 -61 -62 -63
leaf_value=-0.0014038847275387862 0.0017769070577591496 0.0058141572820165936 0.015137221020500248 -0.00061583265873625356 -0.0056579249268769709 0.0270793060882831 -0.12804737791578177 -0.013796412552491871 0.0082630507794619664 0.0066585335201862798 -0.011603397820925176 0.020911099117393861 -0.0016238710239995353 -0.020558507064779546 -0.13159032903886014 0.010024169048428509 -0.07477179721302106 -0.018951066397970534 0.086816406269884641 -0.13844062590248804 -0.011912114615963009 0.0010175771966931227 -0.083985745923734909 -0.01615865088066331 -0.039011641666160349 -0.052328871660508043 0.038048314343883324 0.03208694071725432 0.0049317058794626969 -0.068556587598179425 -0.071388894045023937 0.069246317074416475 -0.082298284090506102 0.0026215495756308428 0.015463795270028493 0.038679529752467863 -0.00061298704978995325 0.065892149975448303 0.008273327362018983 -0.017587488032292427 -0.09727095120047291 0.014762537497945828 0.017254858413808218 -0.097182447078281151 0.0051129538179752465 0.069479107208066465 0.014731571173846322 0.050936182421015608 0.0013230525321736286 -0.017390585801804592 -0.014000053180125354 -0.047739393194492899 0.025343276072093777 -0.019510772771903221 0.0035896937225878161 -0.048794565292960002 -0.046639038083465326 0.033935396287374402 0.0067646345573612911 -0.0032789589629415449 -0.02302494323394139 0.0065974792361514082
leaf_weight=51079.683936992915 3702.2483374421854 1049.8764853444975 729.74209584247967 30454.896627539139 299.7093832460414 82.85665796477042 4.365718534216283 179.25113648641673 563.11355397885382 783.93496841552951 152.36019198241593 24.675863306738393 1921.1932724333201 6.9789086850360018 4.5465978309512138 76.900790321509703 13.029616726562379 14.206142995506527 3.9728349717333939 4.0833844551816574 20.741258093621582 10826.904372106943 3.6739755054004481 31.032040973193944 34.985053051263094 8.0368728279136104 32.621302849147469 78.220805298537016 1150.9318922401699 3.1973079605959347 16.198400005232543 7.1710068171960293 5.5977857816033056 182.52061539102897 594.34492260742309 16.933886367361993 1778.9684540913686 8.0050252903019992 30.5901342863217 37.730964548652992 6.9435668094083658 59.324960307916626 30.824600670719519 2.6655609938316038 4706.9049662476327 8.678823631256817 148.39992062130477 5.550113007426261 10533.37856640057 146.1023005140014 211.3118346795145 18.266588504891846 11.011462574359028 79.374876578391195 611.0513788139076 3.5942471129674223 22.185777757089909 52.69476989522218 441.75277821258385 119.79822438522433 4.1108642807230353 54.827690235818864
leaf_count=7454916 72630 15886 17433 1175452 9028 1636 80 5685 15975 17907 3520 420 43368 131 79 1684 472 424 62 120 670 266780 106 935 869 161 557 1219 19402 88 455 96 125 2857 10787 313 32944 128 600 821 139 1174 604 71 85222 124 2533 71 180384 2679 4440 359 190 1303 9597 68 371 818 9181 2633 99 898
internal_value=2.55631e-12 0.0025695 0.00703899 -0.000833192 0.00202917 0.0110166 0.0064108 -0.000139585 0.00111369 0.00129609 0.00147276 0.000676097 -0.00269986 -0.0153135 -0.0643585 -0.00609233 -0.00957623 -0.0305344 -0.0171309 -0.0456287 0.00395867 0.00134826 0.00766508 0.00347493 0.00783118 -0.00431293 0.0147468 0.00241756 0.00665981 0.000628744 -0.00880647 -0.0159538 0.0107034 9.46142e-05 0.0138946 0.00185452 -0.000242491 -0.0162638 -0.00670652 -0.014428 -0.0299723 0.0176906 -0.00355749 0.00814652 0.00364421 0.0217456 0.00132438 -0.00987989 0.00150933 -0.01489 -0.0183331 -0.0384673 -0.020253 0.00410375 -3.67152e-05 0.00697634 -0.0142061 0.0286528 0.00340652 -0.00815815 -0.0771149 -0.0088444
internal_weight=123299 30191.3 3256.23 93107.5 26935 1382.63 652.884 42027.8 11572.9 18525.9 18093.2 12943.2 2085.08 163.886 11.5255 432.643 355.743 56.0332 43.0036 18.2895 24.7141 11393.7 566.788 5150.05 1005.9 192.403 74.1483 4144.15 1229.15 2915 335.16 263.959 813.495 188.118 625.377 2579.84 1795.9 118.255 83.2697 75.2647 44.6745 71.2011 41.527 33.4902 8409.15 68.0038 10858.1 176.328 10681.8 151.652 256.788 45.4765 29.2781 1873.61 767.44 1106.17 156.388 56.289 570.028 128.275 8.47658 134.203
internal_count=9479779 560865 60003 8918914 500862 31062 13629 1463998 288546 343010 330550 233185 47098 3730 210 12460 10776 1748 1276 544 732 282861 16081 97365 18654 3950 1393 78711 20621 58090 6926 5540 14704 2982 11722 51164 33257 2557 1688 1560 960 1386 836 675 157852 1298 186087 3170 182917 2750 5444 1004 549 28941 12169 16772 2572 886 11993 2812 179 2201
is_linear=0
shrinkage=0.08


Tree=77
num_leaves=63
num_cat=0
split_feature=2 2 2 3 1 3 4 6 4 2 2 4 7 2 7 4 7 1 7 2 4 7 7 4 1 7 4 7 4 3 2 1 6 4 2 4 4 4 6 3 2 1 4 1 7 1 1 3 2 4 4 3 1 2 7 2 3 2 1 7 4 7
split_gain=38.4498 9.45757 7.22868 5.67261 4.93926 3.75997 4.53828 3.90988 3.7184 3.74982 3.58149 8.29381 3.48909 3.47961 3.58301 3.4677 3.23153 3.26197 3.12203 3.05861 2.94576 5.87362 5.3332 4.59029 4.08681 4.05446 6.06551 3.4297 3.36708 3.35471 3.28667 3.32064 3.31549 3.87792 3.29818 3.25697 3.21738 5.59517 3.66651 4.04968 3.86993 3.14261 3.05351 4.8528 4.02649 4.24789 4.14002 6.17663 4.46167 4.36741 7.09787 3.95215 3.8995 3.8971 3.89618 3.4268 5.83318 3.07128 3.03246 4.11598 2.93746 2.92582
threshold=0.57294833660125744 0.3081014752388001 0.8760964870452882 28.500000000000004 4.5000000000000009 15.500000000000002 955.50000000000011 25.500000000000004 105.50000000000001 0.97086149454116832 0.91833335161209118 1536.5000000000002 19.500000000000004 0.91042780876159679 3.5000000000000004 8710.5000000000018 19.500000000000004 15.500000000000002 10.500000000000002 0.93541666865348827 39079.500000000007 15.500000000000002 3.5000000000000004 686.50000000000011 10.500000000000002 14.500000000000002 352.50000000000006 20.500000000000004 49295.000000000007 10.500000000000002 0.31281565129756933 4.5000000000000009 44.500000000000007 265.50000000000006 0.55625879764556896 856.50000000000011 56016.500000000007 57767.500000000007 82.500000000000014 5.5000000000000009 0.32466214895248419 56.500000000000007 30506.500000000004 4.5000000000000009 6.5000000000000009 13.500000000000002 28.500000000000004 5.5000000000000009 0.54606062173843395 36003.500000000007 31780.000000000004 6.5000000000000009 8.5000000000000018 0.32466214895248419 15.500000000000002 0.35032467544078832 25.500000000000004 0.35781671106815344 9.5000000000000018 6.5000000000000009 75.500000000000014 17.500000000000004
decision_type=2 2 2 2 2 2 2 2 2 2 2 2 2 2 2 2 2 2 2 2 2 2 2 2 2 2 2 2 2 2 2 2 2 2 2 2 2 2 2 2 2 2 2 2 2 2 2 2 2 2 2 2 2 2 2 2 2 2 2 2 2 2
left_child=1 -1 3 -2 -4 7 12 13 9 -9 11 18 -7 -6 -15 -10 61 -18 -8 -16 23 22 41 25 58 -3 30 35 -26 -29 32 -32 -27 -34 -33 -25 -30 38 39 -38 -40 -22 -37 -44 46 52 47 48 49 50 -45 -48 54 -49 -46 56 -47 -54 -24 -60 -36 -5
right_child=2 20 4 16 5 6 10 8 15 -11 -12 -13 -14 14 19 -17 17 -19 -20 -21 21 -23 24 27 28 26 -28 29 36 -31 31 34 33 -35 60 42 37 -39 40 -41 -42 -43 43 44 45 55 51 53 -50 -51 -52 -53 57 -55 -56 -57 -58 -59 59 -61 -62 -63
leaf_value=-0.0011613784123054108 0.0035905613872147736 0.004607891321367988 0.0040643216914775845 0.00050447459426019843 0.043972823778174734 0.020277483529550101 -0.11742798581140783 -0.021378269635381583 0.0038171990340129954 0.079296100722626675 0.0069151803699851397 -0.002531038279779998 0.10449813728287573 0.11311287014803531 -0.015166443908982648 0.016795560213187639 0.013704380215431022 -0.039079778710681017 -0.023666714023065204 0.021072790044671642 -0.011534996369538654 0.0069136720554798074 6.7378482491825835e-05 -0.0061478880867900246 0.011199134616585756 0.029613883680196542 0.0048275606698267156 -0.0028638484490654428 -0.0066468520266816759 0.048071114986563003 -0.012196115877876534 -6.6370638650647818e-05 -0.13568671861314424 0.019086693352421996 -0.091228295113296165 -7.744031469317796e-05 0.076776326732502551 0.0024095157855092419 0.070574499193496842 0.023781539077115329 0.0021320241317416408 -0.073432195904798395 -0.012073788832517328 0.041941728140275789 -0.015343963568272084 0.020488058580447565 -0.012063607091190101 -0.081320063699970954 -0.083284410602807044 0.046514169984043362 -0.044447643589376799 0.022526062780276954 -0.0061594979678664258 -0.014861194887416567 0.0083061924235982784 -0.008839103214184043 -0.060198320355870465 0.023865598993303427 -0.012689468535089335 0.02914343480742666 -0.017556099485786038 -0.0068195863804218328
leaf_weight=67980.965538503602 11075.595120401624 2352.690882332754 1867.6782372092518 4250.772796441659 44.530658226867672 77.786564823484696 5.7220284109935147 3.1640820456668708 279.20157186915037 9.4092831831658259 439.01463317643879 121.0851357811182 3.2809312830213448 2.4987049000337711 17.100836062978487 249.50391054306886 159.37165298801847 7.8626185089815399 3.770537200383842 116.1075742623168 152.70009442558148 1174.1081135780551 4789.1187069538828 635.27528232359327 303.13798367104027 1.9498757543042291 710.28708058380289 15.052860907278953 234.18772634863853 18.381091102026403 262.51082972454606 562.42879576038104 3.7389328074641526 1.4332069973461328 4.0782176749780801 19841.633484601731 11.808652402018195 3230.9424720323877 5.7548581250011912 42.237747973762453 65.072915458586067 5.4365246165543786 351.1354240553228 11.764876358211042 62.166226495057344 55.997953928075731 36.352739550580736 5.7673359527252606 2.8112064795568577 21.826103704515845 12.611655056942253 50.521026191534474 26.613128269324079 270.57660925155506 157.60114456317388 237.92972477665171 6.3885707119479767 120.65300524118356 202.07200409425423 16.264361723326147 22.988223036751151 380.31078897624866
leaf_count=8159831 199147 84206 28941 70515 1170 1558 80 65 6382 135 9181 2633 78 13 550 6272 2667 186 99 2846 4069 21892 105339 21908 6486 51 22526 388 5524 378 16088 15748 148 52 104 572500 164 63160 105 633 1213 112 9831 191 1147 1226 840 217 57 408 365 995 643 7076 3032 4577 181 1893 4201 223 453 7080
internal_value=-1.08065e-11 -0.000605681 0.00329801 0.00259516 0.00674171 0.0103859 0.00597609 0.0143627 0.0109644 0.0539614 0.00345551 -0.00817623 0.023686 0.0245682 0.0182009 0.00994188 0.000297534 0.0112227 -0.0801851 0.0164205 0.000440885 0.00158984 0.000899811 -1.37016e-05 0.00115855 0.0025071 -0.000642178 -0.000464311 0.0031027 0.0251388 -0.0051643 -0.00471191 -0.0592845 -0.0927988 -0.00137908 -0.000503384 0.00241905 0.00305171 0.0196677 0.0353604 0.00769307 -0.0136629 -0.000334818 -0.00390421 -0.00124704 0.00259286 -0.00746334 -0.011606 0.0145668 0.0205206 -0.00275343 0.00805185 0.00836633 -0.0162482 0.0016162 -0.00446322 0.0122255 0.0184396 -0.000352974 -0.00957324 -0.0286566 -9.69871e-05
internal_weight=123191 104077 19113.8 15873.9 3239.85 1372.18 650.66 721.517 541.279 12.5734 569.592 130.578 81.0675 180.238 135.707 528.705 4798.32 167.234 9.49257 133.208 36096 10232.8 9058.73 25863.2 8900.6 3922.11 1569.42 21941.1 3893.14 33.434 859.128 852.006 7.12202 5.17214 589.495 21907.6 3590 3355.82 124.874 54.0464 70.8278 158.137 21272.4 1430.72 1079.58 667.35 412.232 325.358 49.0138 46.2026 24.3765 86.8738 367.034 276.344 219.767 300.316 62.3865 147.266 5007.46 218.336 27.0664 4631.08
internal_count=9479779 9140181 339598 279595 60003 31062 13629 17433 12854 200 11993 2812 1636 4579 3409 12654 80448 2853 179 3396 980350 213121 191229 767229 187048 139376 55170 627853 77285 766 32644 32393 251 200 16305 627087 70799 65275 2115 797 1318 4181 605179 32679 22848 12699 10149 8314 1021 964 556 1835 6715 7293 4179 5984 1407 2536 109763 4424 557 77595
is_linear=0
shrinkage=0.08


Tree=78
num_leaves=63
num_cat=0
split_feature=5 5 1 6 4 1 6 6 4 4 4 4 5 4 6 1 3 4 7 4 4 6 7 6 7 5 4 4 4 6 6 5 4 5 5 4 3 5 5 4 4 5 6 6 6 5 3 1 3 1 5 6 5 4 7 5 6 7 1 4 6 6
split_gain=9.40766 13.9049 12.524 15.0458 10.2844 9.46112 8.60411 7.09604 16.2864 7.72195 7.901 7.69089 10.9332 10.7347 15.4966 7.12992 6.48427 5.98686 5.76968 12.5697 6.28138 5.22703 4.91552 4.78904 4.54342 4.33296 4.95066 5.34184 7.38483 5.23332 16.2674 9.97853 12.2309 14.5761 8.92674 6.87042 8.45383 6.31028 6.27151 6.27072 6.38585 5.45578 5.18665 8.55586 5.07712 5.17057 4.84761 4.57413 4.54092 4.47443 4.63209 4.37002 4.21841 7.31528 7.99279 9.88391 10.2914 5.47862 5.43545 5.36287 11.0101 8.21955
threshold=0.69174146652221691 0.69076326489448558 12.500000000000002 85.500000000000014 11960.000000000002 42.500000000000007 117.50000000000001 85.500000000000014 4831.5000000000009 42641.000000000007 40294.000000000007 4316.5000000000009 0.75106957554817211 4396.0000000000009 92.500000000000014 3.5000000000000004 29.500000000000004 148.50000000000003 14.500000000000002 4065.5000000000005 3306.5000000000005 123.50000000000001 6.5000000000000009 119.50000000000001 17.500000000000004 0.56322491168975841 3453.5000000000005 21524.500000000004 42641.000000000007 35.500000000000007 23.500000000000004 0.44458228349685674 8874.5000000000018 0.53800952434539806 0.55720722675323497 13703.500000000002 14.500000000000002 0.49264453351497656 0.48149947822093969 6475.5000000000009 15436.500000000002 0.41619303822517401 56.500000000000007 53.500000000000007 24.500000000000004 0.39842276275157934 3.5000000000000004 7.5000000000000009 9.5000000000000018 25.500000000000004 0.52558034658432018 8.5000000000000018 0.81396234035491954 6257.5000000000009 9.5000000000000018 0.72482028603553783 33.500000000000007 5.5000000000000009 59.500000000000007 3595.0000000000005 47.500000000000007 20.500000000000004
decision_type=2 2 2 2 2 2 2 2 2 2 2 2 2 2 2 2 2 2 2 2 2 2 2 2 2 2 2 2 2 2 2 2 2 2 2 2 2 2 2 2 2 2 2 2 2 2 2 2 2 2 2 2 2 2 2 2 2 2 2 2 2 2
left_child=1 25 4 5 23 -4 7 17 11 10 -10 12 18 14 15 -13 -6 -2 19 -9 -20 -8 -11 -3 -22 26 -1 29 46 30 39 44 33 37 -35 -34 -37 38 -33 -28 41 51 43 -31 45 -32 -29 -42 -45 50 -50 -41 53 54 55 56 -19 -57 -58 -56 61 -61
right_child=6 2 3 -5 16 -7 21 8 9 22 -12 13 -14 -15 -16 -17 -18 52 20 -21 24 -23 -24 -25 -26 -27 27 28 -30 42 31 32 35 34 -36 36 -38 -39 -40 40 47 -43 -44 48 -46 -47 -48 -49 49 -51 -52 -53 -54 -55 59 57 58 -59 -60 60 -62 -63
leaf_value=-0.00035243503333756953 -0.016305212805457867 0.025475636228742635 -0.037260234631255724 -0.0035163653547544407 -0.019216028500347093 -0.10331480292325777 -0.0025630496404293163 -0.0044328949925342767 0.0059207097777878642 -0.0090650826142770514 0.020476305219272701 0.030404479892696915 -0.0092786652212327944 -0.0066393776677279442 -0.021826927880633642 -0.13709062529477095 0.0039464806760701457 -0.0079873477564064606 0.010864186181411759 0.038171888216178708 0.0027453531560871734 0.0093846786384638205 0.0023827138866701352 -0.10996247737192077 -0.031982283591900432 9.1967912769352312e-05 -0.0088545281265775128 -0.01046802147775361 -0.0088753421777748847 -2.1969556679068757e-05 0.069211014668653703 -0.053175689035787829 -0.0025082954753562225 -0.0039158489917738709 -0.078874249467014393 -0.0079902471552931453 -0.047802775408637886 -0.066015967005248102 0.00031050360148862671 -0.057139391901394145 -0.027697515065288895 0.0097893930640718576 -0.0029127061364318295 3.7715881724270894e-05 -0.012893550900530643 0.0097517829293738405 0.0059896767071042087 -0.0024906107619138691 0.015135779729893436 -0.031023938020136897 0.047465377041468304 -0.0022432600100922668 0.0025962811688079786 -0.00052089705490837958 0.0037966818858945319 0.029518455872725384 0.010099584098641286 0.011525008058157133 -0.031493084944026355 -0.0035043966067714043 -0.01175123889565466 0.030765123644198231
leaf_weight=21548.258889223929 131.452353889199 74.920635833527285 112.74353198870085 95.860293682404063 197.18908557610121 15.825670593774701 5048.2850165354075 721.03110427641752 5437.5625575445029 277.76089052003272 249.62952748220414 1.8661161148920644 653.68774980076751 274.34421872480743 50.417301116976887 12.668504267348906 127.27999706484843 362.14270963331955 660.73301377613632 47.221487864779192 63.554574357403908 245.75822048680402 1768.2050593096333 1.7090003169141699 38.849126931180763 47843.015149480125 527.52051349298381 126.31903840060068 330.90228967396251 1082.4366705363991 11.445214309671426 34.397551911781193 225.58077814554417 94.633582174326875 11.391932837635975 79.40206745165051 59.874064954681671 79.830984805870685 23.695439943403471 9.6316020361555257 67.03433267690707 538.54718682836392 7339.770831363121 55.680237912692974 53.838591599320353 51.377087993911118 1228.7114895000036 147.34502002508088 55.497972964483779 7.7884082113159812 58.010765914979856 254.72725781978443 6324.8754767051432 15325.959075016935 863.3511968783273 142.02824152178027 639.9227764097318 456.02013331250555 20.760997312565451 104.77407739514138 505.86459957856368 78.244356704817619
leaf_count=3284807 6568 2261 10303 6917 8175 3252 217455 32507 190412 11224 6284 26 23825 10335 2669 771 4333 17662 28798 1646 2401 9064 54206 65 2130 3112873 97118 16508 31983 112174 2259 7377 26557 8910 1905 10161 5922 14040 3141 4595 5479 59127 971969 4626 13215 7110 112844 26096 3444 979 1926 70587 133968 561348 36141 4166 25196 16522 2379 4777 21532 2729
internal_value=-1.33922e-11 -0.000489876 -0.0123721 -0.0275051 -0.00390467 -0.0453909 0.000998598 0.00145068 0.00322205 0.00504334 0.0065596 -0.00235729 -0.000617255 -0.0135632 -0.0428078 -0.115586 -0.01013 0.000722592 0.00307995 -0.00181415 0.00800685 -0.00200842 0.000828558 0.0224551 -0.0104294 -0.000399175 -0.00108819 -0.00235092 0.00183898 -0.0030008 -0.00641717 -0.016299 -0.0204061 -0.0342734 -0.0119698 -0.0111343 -0.0251054 -0.0514187 -0.0313593 -0.00177648 0.00189389 0.00516908 -0.00209885 0.00264425 0.00513439 0.0205843 0.00445545 -0.0103726 0.0189515 0.0276336 0.0316584 -0.00424334 0.000812761 0.000202971 0.00369922 0.00762838 0.00285148 0.0157982 0.0087926 -0.000403701 -0.00566788 0.0111466
internal_weight=123079 82572.2 625.528 224.429 401.099 128.569 40507 35212.9 10257.5 7733.16 5687.19 2524.37 2185.08 339.296 64.9519 14.5346 324.469 24955.4 1531.39 768.253 763.137 5294.04 2045.97 76.6296 102.404 81946.7 34103.6 12555.4 1685.93 10869.5 2270.27 725.467 608.806 243.949 106.026 364.857 139.276 137.924 58.093 1544.81 1017.29 802.906 8599.18 1259.41 116.661 62.8223 1355.03 214.379 176.977 121.297 113.509 264.359 24823.9 18499.1 3173.11 1620.87 1022.83 598.048 660.684 1552.23 688.883 183.018
internal_count=9479779 8053038 35306 20472 14834 13555 1426741 1200222 367234 262126 196696 105108 91307 13801 3466 797 12508 832988 67482 34153 33329 226519 65430 2326 4531 8017732 4904859 1620052 161335 1458717 363599 100597 78013 35373 10815 42640 16083 24558 10518 263002 165884 134309 1095118 123149 22584 9369 129352 31575 10975 6349 5370 75182 826420 692452 131104 65925 45237 20688 27575 65179 29038 7506
is_linear=0
shrinkage=0.08


Tree=79
num_leaves=63
num_cat=0
split_feature=0 1 0 0 5 4 4 5 5 4 4 5 5 1 6 1 4 0 7 6 6 6 5 7 7 4 0 5 6 1 1 6 5 5 6 6 0 4 5 5 4 6 4 1 0 4 1 4 1 1 4 0 1 1 1 5 6 1 1 5 4 6
split_gain=20.998 5.38605 6.08173 4.926 4.05375 3.913 3.82888 9.2971 4.81708 3.95257 3.79459 8.48835 5.51029 5.48305 4.9571 4.32804 4.02167 5.79779 3.68024 3.54912 16.6146 5.7401 3.73749 3.53779 3.49565 4.54214 3.80598 3.47723 3.43862 3.61676 8.82422 3.49359 3.44786 3.43766 3.74978 3.43358 4.61934 3.6976 8.84045 16.0358 7.6905 5.90367 4.40497 3.94579 3.63711 3.57751 5.73525 4.6074 4.14696 3.65684 3.56364 4.6808 3.82368 5.84718 3.70551 3.50153 8.03601 4.07532 3.42782 3.4159 3.36954 5.1073
threshold=3.5000000000000004 9.5000000000000018 9.5000000000000018 1.5000000000000002 0.84517383575439464 3927.5000000000005 307.50000000000006 0.17647051066160205 0.4466282725334168 293.50000000000006 3235.5000000000005 0.81396234035491954 0.51086920499801647 3.5000000000000004 130.50000000000003 43.500000000000007 2237.5000000000005 2.5000000000000004 14.500000000000002 51.500000000000007 56.500000000000007 46.500000000000007 0.4466282725334168 8.5000000000000018 2.5000000000000004 20.500000000000004 1.0000000180025095e-35 0.51615241169929515 92.500000000000014 90.500000000000014 92.500000000000014 85.500000000000014 0.44155140221118933 0.43933787941932684 123.50000000000001 77.500000000000014 43.500000000000007 42641.000000000007 0.73315289616584789 0.74265706539154064 86383.000000000015 48.500000000000007 105.50000000000001 98.500000000000014 32.500000000000007 23993.000000000004 97.500000000000014 7825.5000000000009 20.500000000000004 35.500000000000007 30506.500000000004 28.500000000000004 72.500000000000014 91.500000000000014 44.500000000000007 0.76906028389930736 28.500000000000004 52.500000000000007 36.500000000000007 0.69174146652221691 320.50000000000006 3.5000000000000004
decision_type=2 2 2 2 2 2 2 2 2 2 2 2 2 2 2 2 2 2 2 2 2 2 2 2 2 2 2 2 2 2 2 2 2 2 2 2 2 2 2 2 2 2 2 2 2 2 2 2 2 2 2 2 2 2 2 2 2 2 2 2 2 2
left_child=3 -2 -3 6 10 -6 8 -8 24 -10 11 14 18 -13 19 27 17 -15 -12 21 59 -5 -22 -17 26 28 -1 -16 29 31 -31 -26 -30 34 -27 36 37 41 40 43 -39 50 -43 58 -42 47 -47 48 -44 -50 55 52 -52 -54 -53 -4 57 -57 -40 -21 61 -9
right_child=1 2 35 4 5 -7 7 60 9 -11 12 13 -14 16 15 23 -18 -19 -20 20 22 -23 -24 -25 25 33 -28 -29 32 30 -32 -33 -34 -35 -36 -37 -38 38 39 -41 44 42 45 -45 -46 46 -48 -49 49 -51 51 54 53 -55 -56 56 -58 -59 -60 -61 -62 -63
leaf_value=-0.080249130800036303 0.0032697622543098703 0.00020155758081203244 0.00094634146739190433 0.00010726801339913008 0.059035615129196597 0.010058161957883291 -0.024193221023816762 -0.063586205609611007 -0.0068747713251508715 -0.027755303384564781 -0.0023649573741026954 0.055101917034391559 -0.00042923180200228356 -0.089075040368265954 -0.010403427746921427 0.16378961320034294 -0.10959288012340865 0.020420748523412642 -0.0094614715106240855 0.012937442070232322 -0.0021184647469988101 -0.011586959939974098 0.0021234895406674328 0.019620416365028318 0.01523019903016368 -0.0062547717327408282 0.011418553571759211 -0.041499549585476435 -0.0085783105307320577 0.72544594780162652 0.021229210854679176 0.073360468586016497 0.13583123770687588 0.016873389264552282 0.010852364953062644 0.0011421869825690753 0.018719986335136 0.019122644705905523 -0.031330797887649114 0.0036234455997490086 0.0048865440978574752 -0.027441575348626738 0.021192385802598617 0.050781121952312054 -0.041890793235737793 0.026265116714765637 -0.091606519125130584 -0.004629889833703397 -0.0014386921236841169 0.010766007747803803 -0.011435421902193156 0.10638130375404023 -0.11143161500532038 -0.0072172679904062512 0.010924464159936522 -0.036357829145518585 0.0029414344173707826 -0.11459084593559636 -0.081295477401540306 0.03207780467068215 -0.0012035462978560979 0.015859015996652653
leaf_weight=2.9515511803165273 7817.7038490625273 24231.171218172385 2176.6596809317857 4293.540950374877 11.78593758261013 91.413792626733994 112.49089688259119 5.4251530075416659 1250.0428439184761 60.843774991779355 1441.7928354992218 2.8820396363735226 24606.806612603843 6.278165880590679 100.78832723275991 1.314346832979935 7.4157093615503973 6.1039109586272389 692.25876033240638 518.04062641136989 1724.578507831714 286.56037288432708 5799.9466693473041 6.3635096463985974 71.324557413288858 1069.9004812746625 162.09391893262728 29.824848398711765 45.958653327896172 0.16060504653432772 0.39142067624197807 7.2933881660719626 1.0830639796331514 48.143043974312604 88.810125373227493 7421.0852339543708 128.0522809205977 476.05029217799711 17.830039664753713 1767.2060115756613 329.48612119443715 23.965241599595174 139.37803221528668 2.3657230271492145 10.993079356383531 85.901492781559796 2.7257136336993417 211.2793758602711 257.55617812718879 402.9156317464367 158.95962623389869 3.2355872541666058 6.3900273202452791 7.4779334423365071 13.30444171396084 20.798235147730797 46.962551285978407 5.3596622834447762 17.327690893784165 67.442842736956663 34513.458115048947 114.0858399102799
leaf_count=144346 138241 986899 58881 298933 185 2090 143110 1270 195090 10784 162789 46 1140501 281 9473 143 224 156 72652 25941 199233 23050 325861 3218 31283 409645 46743 1929 19585 66 839 3082 151 9428 28195 189518 2651 11330 458 34711 7903 682 2607 101 251 1825 107 5940 5676 11983 3920 61 350 334 290 433 855 199 828 1958 4677501 22964
internal_value=-5.10491e-12 0.00135759 0.000963838 -0.000804582 -0.00018321 0.0156516 -0.00146137 -0.00123169 -0.00430236 -0.00784392 -0.000224485 0.000905277 -0.000767424 -0.0479935 0.000991727 -0.0140727 -0.0630015 -0.0350976 -0.00466697 0.00115589 0.00216131 -0.000624398 0.00115126 0.0443003 -0.00120339 -0.00256314 0.00977924 -0.0175041 0.011877 0.0220558 0.226112 0.0206229 -0.0052535 -0.00407328 -0.00494358 0.00230882 0.0036804 0.00336898 0.00564961 0.0025246 0.0125567 0.00169108 0.00648886 -0.0492268 0.00337624 0.00722826 0.02264 0.00587739 0.00865288 0.00600669 -0.000519275 -0.0110591 -0.0149501 -0.0552368 0.0295979 0.000367882 -0.0168518 -0.0523875 -0.0559562 0.0151423 -0.00115711 0.0122526
internal_weight=123032 45782.1 37964.4 77249.6 39695.1 103.2 37554.5 34745.5 2809 1310.89 39591.9 12851.1 26740.9 22.6798 12828.4 138.291 19.7978 12.3821 2134.05 12690.1 8110.01 4580.1 7524.53 7.67786 1498.11 1333.07 165.045 130.613 126.212 79.17 0.552026 78.6179 47.0417 1206.85 1158.71 13733.3 6312.18 6184.13 2621.26 1804.73 816.529 3562.87 1123.72 37.5235 340.479 1099.76 88.6272 1011.13 799.85 660.472 2439.15 189.368 172.828 13.868 16.54 2249.78 73.1204 26.1579 35.1577 585.483 34633 119.511
internal_count=9479779 1467034 1328793 8012745 2268663 2275 5744082 4844845 899237 205874 2266388 890446 1375942 707 889739 14763 661 437 235441 874976 552993 321983 525094 3361 693363 502274 191089 11402 55006 35270 905 34365 19736 447268 437840 341894 152376 149725 55582 36098 19484 94143 28820 1387 8154 28138 1932 26206 20266 17659 65323 4955 4604 684 351 60368 1487 632 1286 27899 4701735 24234
is_linear=0
shrinkage=0.08


Tree=80
num_leaves=63
num_cat=0
split_feature=2 2 2 0 4 5 5 4 5 1 5 5 7 7 4 2 5 4 4 0 4 0 5 4 0 7 5 5 1 5 5 2 4 5 4 2 1 2 2 4 1 5 4 4 7 0 5 5 4 1 1 1 7 4 5 5 0 0 4 4 4 4
split_gain=32.9059 9.65585 4.32924 4.01737 3.37364 4.88529 4.35141 4.01235 4.21574 3.27702 3.10953 3.30669 3.24007 4.72499 6.00516 4.73714 5.94026 4.40691 4.27152 4.04573 5.59895 4.93791 4.35011 3.63986 3.44645 3.87869 6.11987 4.62679 3.71673 3.62928 3.52668 3.41666 3.38885 4.92161 3.42423 5.40213 4.46189 3.09473 3.08503 3.08454 3.01952 2.98648 4.08704 5.62083 4.07327 2.87963 2.87168 3.94755 3.21257 3.00591 2.84141 3.63082 7.26579 2.79717 4.55268 3.16783 2.79668 2.79448 2.84426 3.32205 2.79125 3.84928
threshold=0.44543650746345526 0.6885775923728944 0.22756041586399081 50.500000000000007 115.50000000000001 0.40119273960590368 0.12499993667006494 278.50000000000006 0.25875724852085119 67.500000000000014 0.47058816254138952 0.47295783460140234 17.500000000000004 18.500000000000004 2286.5000000000005 0.95346319675445568 0.59137621521949779 334.50000000000006 20.500000000000004 7.5000000000000009 3031.0000000000005 12.500000000000002 0.66069462895393383 387.50000000000006 13.500000000000002 19.500000000000004 0.65798047184944164 0.76478019356727611 27.500000000000004 0.63058349490165722 0.66731697320938121 0.91833335161209118 57767.500000000007 0.79430580139160167 253302.00000000003 0.78629976511001598 26.500000000000004 0.63762626051902782 0.71563342213630687 148.50000000000003 4.5000000000000009 0.44155140221118933 10984.000000000002 10346.000000000002 15.500000000000002 28.500000000000004 0.75467449426651012 0.76100599765777599 20015.500000000004 25.500000000000004 21.500000000000004 9.5000000000000018 13.500000000000002 95.500000000000014 0.35783077776432043 0.70438358187675487 6.5000000000000009 5.5000000000000009 3306.5000000000005 148.50000000000003 731.50000000000011 929.50000000000011
decision_type=2 2 2 2 2 2 2 2 2 2 2 2 2 2 2 2 2 2 2 2 2 2 2 2 2 2 2 2 2 2 2 2 2 2 2 2 2 2 2 2 2 2 2 2 2 2 2 2 2 2 2 2 2 2 2 2 2 2 2 2 2 2
left_child=2 4 -1 9 37 6 -6 8 -8 10 41 -12 18 17 15 31 -17 -14 -13 20 -16 22 -21 39 30 26 28 45 -26 -30 -23 -15 46 34 -34 36 -36 -2 -5 -18 -19 -3 43 44 50 -28 -20 49 -49 -48 51 60 -53 -39 -55 -56 -25 58 59 -46 -43 -62
right_child=1 3 -4 38 5 -7 7 -9 -10 -11 11 12 13 14 19 16 23 40 32 21 -22 24 -24 56 25 -27 27 -29 29 -31 -32 -33 33 -35 35 -37 -38 53 -40 -41 -42 42 -44 -45 57 -47 47 48 -50 -51 -52 52 -54 54 55 -57 -58 -59 -60 -61 61 -63
leaf_value=-0.0012477468041939388 0.0038600610858230567 0.0025324173933546669 -0.00014554244276887156 -0.019870187033063071 -0.11016291555595521 0.0013456585660347811 0.017911271380295565 -0.0028700822045966455 -0.030324914213605537 -0.082673133877294996 0.038306454466702514 -0.071312103719687811 -0.090206429236814142 0.0040560196618461084 -0.036780170517470526 0.0038349024514751444 0.055330729811780589 -0.051126517527164746 0.0052949806175475941 0.0050980188769999182 -0.0048672984533631048 -0.10440761253561018 0.040325458535669594 0.038925848439800369 0.029649001841516323 0.019824397405297869 -0.092959935805911179 0.03553668752477529 -0.05080773865311107 0.053295061871506663 0.0064906414254961887 -0.072589437239739582 0.0004437374052053648 0.0070874076002462186 -0.0029577506372241848 -0.032755890982483299 0.081951803861620154 0.013002426922948214 0.030233310357829533 -0.025403153229065053 -0.002691339732386618 -0.0055835363569302198 -0.07253125849119306 0.067011250597563951 0.054615596078584024 -0.012262319759852045 0.030722131287832452 0.0042733997582545544 0.013761076560759181 -0.021602932009597856 -0.089381114331436987 0.041900385405703969 -0.091236161251918052 0.10061553216844775 0.0087235991503809094 0.10273114812084283 0.088474850521834708 -0.019732129210915609 0.068526111930548889 -0.0072019277008860986 -0.096608883732083581 -0.027957230959007335
leaf_weight=50984.235682432656 288.79541496758975 326.07328751743307 41267.077961386443 9.0593976150264535 2.6009253514830553 20066.798256449652 13.920326164541619 375.6237650765861 69.447638481738977 2.7771508134901515 18.562006369404116 4.6848495597951105 5.6821734847036387 274.98256262192626 38.67092266787472 64.740254191226569 4.4779319960289277 11.116440091282128 4840.6408524044364 55.538610877585597 390.29708568556794 4.4598568729124954 37.638460887899782 47.4206398561887 17.283388543291952 30.837251292477958 10.981564393019427 3.0852496046572915 9.6654779126401973 2.7539320643991223 3.1185558232809854 3.7733546795789144 1244.1386745677212 875.56386834175441 32.326225010911003 51.01535666622658 4.5138994045555583 102.25427036178735 59.659663175658579 9.3584818172785145 31.807650478091091 31.69094213610515 6.551085232757031 6.1383525077253571 7.6170510007068541 3.8126002103090277 80.449890748720009 520.56368129984719 406.98045255819636 7.6988825218286356 3.6522106863558284 13.642529649892824 3.2480057631619266 6.4753432013094452 15.592366558499636 2.6898849923163644 8.614886140700575 16.376241113757715 6.3999669589102259 20.638697816392778 5.8855660483241072 46.718634537181515
leaf_count=7454916 6471 6326 1450157 177 136 378190 423 11385 2107 53 317 101 123 4789 682 1002 59 289 83464 1047 6267 107 779 659 403 682 281 71 231 62 73 129 21789 17572 581 855 88 2003 1372 136 646 554 161 81 83 96 1352 9681 7691 212 93 256 48 95 323 24 189 336 114 403 116 871
internal_value=-1.0207e-11 0.0022702 -0.000754694 0.00435358 0.00130299 0.00115848 -0.00697858 -0.00639387 -0.0222707 0.00421639 0.00424139 0.00457512 0.0045066 0.000370343 0.00152992 0.00896979 0.0212937 -0.0239993 0.00505519 -0.00352712 -0.0077442 0.00656912 0.019328 0.0374703 -0.00725487 -0.00227625 -0.0165993 -0.0535788 0.00566025 -0.0277235 -0.0587724 0.00301852 0.00509955 0.00242839 -0.000634142 -0.0158982 0.00744594 0.00843708 0.023628 0.000725065 -0.015235 -0.00193696 -0.0105829 -0.00807786 -0.011035 -0.0721634 0.00610646 0.00997382 0.00843633 0.0261521 -0.0200578 -0.0175556 0.0162986 0.0188441 0.0429717 0.022555 0.0465435 0.00750115 0.02037 0.00946255 -0.0243391 -0.0356382
internal_weight=122919 30667.6 92251.3 9723.38 20944.2 20528.4 461.593 458.992 83.368 9654.67 9651.89 9157.26 9138.69 1070.12 1021.51 413.368 134.612 48.6063 8068.58 608.143 428.968 179.175 93.1771 69.8719 85.9979 78.4195 47.5822 17.8794 29.7028 12.4194 7.57841 278.756 8063.89 2207.56 1331.99 87.8555 36.8401 415.807 68.7191 13.8364 42.9241 494.633 168.559 162.008 155.87 14.7942 5856.33 1015.69 927.544 88.1488 104.838 101.186 16.8905 127.012 24.7576 18.2823 56.0355 51.032 34.6557 28.2557 84.2951 52.6042
internal_count=9479779 574706 8905073 173549 401157 392241 14051 13915 2530 172000 171947 162505 162188 18802 17744 6963 2045 1058 143386 10781 6949 3832 1826 1043 2006 1826 1144 448 696 293 180 4918 143285 40885 23313 1524 669 8916 1549 195 935 9442 3116 2955 2874 377 102400 18936 17372 1564 1938 1845 304 2445 442 347 848 936 600 486 1541 987
is_linear=0
shrinkage=0.08


Tree=81
num_leaves=63
num_cat=0
split_feature=2 2 3 6 6 7 0 3 6 6 7 7 5 5 0 3 6 2 3 5 3 3 5 5 0 5 0 5 6 3 5 2 0 5 7 5 5 2 3 5 5 3 3 3 5 7 3 5 0 5 6 5 3 6 3 3 3 3 7 5 0 5
split_gain=30.0095 10.7674 3.87448 5.71056 3.47222 3.39905 3.5211 3.25727 2.94182 2.99595 2.83991 6.56478 7.70981 4.75032 4.40303 3.77919 3.32911 5.2611 4.11052 3.09561 3.66576 3.02728 4.28586 3.35681 2.99219 2.93944 5.04822 4.15404 3.66609 3.13309 3.13047 2.87972 2.99779 2.86538 2.81538 2.82478 3.64643 3.20962 3.11894 2.7463 3.59409 4.87485 4.84237 4.48215 9.98207 4.15993 3.27026 3.24733 3.22009 3.143 3.92264 3.23028 3.90041 2.98282 4.65067 3.15575 2.94179 2.7613 2.9133 2.74576 3.16213 3.96377
threshold=0.38529014587402349 0.6885775923728944 26.500000000000004 10.500000000000002 129.50000000000003 17.500000000000004 40.500000000000007 13.500000000000002 19.500000000000004 17.500000000000004 4.5000000000000009 7.5000000000000009 0.81396234035491954 0.50829836726188671 6.5000000000000009 4.5000000000000009 41.500000000000007 0.84654632210731517 10.500000000000002 0.77774071693420421 25.500000000000004 20.500000000000004 0.41808228194713598 0.4466282725334168 5.5000000000000009 0.72482028603553783 4.5000000000000009 0.74265706539154064 31.500000000000004 6.5000000000000009 0.4466282725334168 0.70106381177902233 38.500000000000007 0.3690826296806336 20.500000000000004 0.68104687333107006 0.56322491168975841 0.023392613045871261 6.5000000000000009 0.62744787335395824 0.5673828423023225 6.5000000000000009 1.5000000000000002 14.500000000000002 0.58090013265609752 3.5000000000000004 10.500000000000002 0.5616184175014497 3.5000000000000004 0.61700040102005016 111.50000000000001 0.60590815544128429 8.5000000000000018 92.500000000000014 1.0000000180025095e-35 22.500000000000004 12.500000000000002 9.5000000000000018 2.5000000000000004 0.67935198545455944 6.5000000000000009 0.7822885811328889
decision_type=2 2 2 2 2 2 2 2 2 2 2 2 2 2 2 2 2 2 2 2 2 2 2 2 2 2 2 2 2 2 2 2 2 2 2 2 2 2 2 2 2 2 2 2 2 2 2 2 2 2 2 2 2 2 2 2 2 2 2 2 2 2
left_child=4 7 5 -4 34 6 10 -2 9 -5 16 12 21 14 -13 -16 17 31 25 20 24 22 -12 -24 39 29 -27 -28 -29 30 -19 -3 -33 -17 -1 36 38 -38 -36 40 41 47 -42 49 -45 -46 48 -18 -43 50 -44 52 -52 55 -55 -41 -51 -56 -59 -7 61 -61
right_child=1 2 3 8 -6 59 -8 -9 -10 -11 11 13 -14 -15 15 33 19 18 -20 -21 -22 -23 23 -25 -26 26 27 28 -30 -31 -32 32 -34 -35 35 -37 37 -39 -40 53 42 46 43 44 45 -47 -48 -49 -50 56 51 -53 -54 54 57 -57 -58 58 -60 60 -62 -63
leaf_value=-0.00082156751170394835 0.0019827252496058454 0.01850892996631083 -0.020912593199733823 0.012928781631302053 -0.0057887525926099146 0.0027555539324978155 0.018455920246721113 0.0002749857885169336 0.0020472035682331203 0.065533083999875494 0.05491627916140477 -0.014499646069921657 -0.078183860450262155 0.0060761770663442238 0.073122752347920705 0.052976181377276436 0.019076259246403559 0.093061733917153527 0.00542467886386362 0.044196329802297998 0.035000056281765016 0.024688239283847668 -0.059385200581683097 0.011178493457512591 0.0041421186792856661 -0.0073616749367908935 -0.066639138318535213 0.02179252486111392 0.087511043209245298 0.037772417981360676 0.0081967432274845306 0.0015939184215801165 -0.061908786230501674 -0.0019287548044127465 -0.0071070510569884952 -0.097703012698352992 0.14531983858101327 0.025569434258196116 0.0091639425752225116 -0.0053456301501471635 -0.093791086252162703 -0.0086480859543241057 0.015734105765142878 -0.12077386733444119 -0.049572741434650923 1.8364817287558989e-05 0.0010718246798557809 0.10023094967943016 -0.060461869556118306 -0.018920892914717779 -0.06045535232409921 0.03437815287022998 0.0016729506941775859 -0.082451463474341388 -0.0023280988205574772 -0.060128401401849309 -0.098343056606541593 0.081368592489144145 0.013538907424151538 -0.024825684895461539 0.0018318159387091389 0.056709607306359933
leaf_weight=83142.004391522554 13470.653387055061 66.762729777138816 68.795383111573756 51.429671843285178 898.89405021311541 608.24661401310516 140.78481977878528 15229.546671559643 3078.2789889826709 8.0078997910513845 14.343490832950804 143.68521380752213 5.9239279320463529 1700.059016814663 5.6780766439624122 6.9185373507443719 25.049011527094994 2.9429967948235563 268.93616295565971 10.444807128980754 19.370325220763334 130.42404564127958 4.3379214219748965 803.67690096843717 578.90041329988162 56.56452384993554 3.2105493992567053 86.214382539371059 5.7979478073393684 80.743858283117561 50.801449385704018 793.45166920909105 4.7863975414074948 50.389971560744016 110.99675604491495 1.6724851324106556 1.4929740821826261 35.335022190352902 235.08988807861169 141.53061710525981 5.1838202020153394 19.295519648119807 49.263826521879309 7.3191158934496334 18.171167983673513 26.780991974286735 78.406842885595324 3.6104021631181231 12.747975010424851 14.874389416562737 14.231240851680928 5.674820519052445 11.853928712241212 3.6876847837120286 93.418515456609384 7.0656399140134445 3.7340362761169663 4.1894116755574933 124.0266154253095 73.673097495209305 83.339137417645219 4.0243412478675955
leaf_count=8525706 273004 1194 1399 853 167584 10951 3619 311877 50906 128 240 2843 119 31274 103 153 423 56 5375 177 329 2121 90 14451 11728 1033 68 2289 122 1382 872 14536 99 1013 10498 91 164 1386 15920 2432 89 366 762 145 264 459 1404 43 287 242 225 96 193 61 1424 161 50 68 1880 1134 1746 72
internal_value=-5.32919e-11 0.00185475 0.00416186 0.00188768 -0.000843202 0.00528814 0.00596122 0.00107653 0.00238759 0.020016 0.0056451 0.00739914 0.0127993 0.00468393 -0.00676851 0.0108678 0.00378292 0.00644904 0.0125266 0.000822054 0.000464879 0.013365 0.0115691 0.0107997 -7.07088e-05 0.0191984 0.0115679 0.0228124 0.0259336 0.0278104 0.0128439 0.00254807 0.00121314 0.00469961 -0.000789979 0.00603905 0.00649217 0.030424 0.00394552 -0.00371009 -0.00946432 -9.97906e-05 -0.0177571 -0.0151624 -0.0341346 -0.020028 -0.00772834 0.0292998 -0.0292613 -0.0052088 0.00160062 -0.0203222 -0.0322223 0.00084808 0.0066506 -0.00795051 -0.034858 0.00813314 0.0157552 0.000296317 -0.00899239 -0.0206026
internal_weight=122807 38381.3 9681.06 3206.51 84425.5 6474.55 5705.27 28700.2 3137.72 59.4376 5564.48 2865.44 958.706 1906.73 206.672 62.9866 2699.04 1420.21 555.212 1278.83 1268.39 952.782 822.358 808.015 1249.02 286.276 151.787 95.2229 92.0123 134.488 53.7444 865.001 798.238 57.3085 83526.6 384.587 382.915 36.828 346.087 670.116 296.197 139.11 157.087 151.904 52.2713 44.9522 110.45 28.6594 32.0435 99.6322 81.0238 31.76 26.0852 373.918 225.322 148.596 18.6084 221.635 128.216 769.283 161.037 77.6974
internal_count=9479779 758430 173549 53286 8721349 120263 106360 584881 51887 981 102741 52407 17021 35386 4112 1269 50334 27026 11197 23308 23131 16902 14781 14541 22802 5822 3512 2479 2411 2310 928 15829 14635 1166 8553765 28059 27968 1550 26418 11074 5048 2523 2525 2436 868 723 2057 466 653 1568 1276 514 418 6026 3433 2593 292 3372 1948 13903 2952 1206
is_linear=0
shrinkage=0.08


Tree=82
num_leaves=63
num_cat=0
split_feature=2 2 2 3 0 3 5 6 2 6 7 5 3 0 5 7 6 6 5 5 5 6 5 3 3 0 0 0 3 0 6 0 6 6 6 3 2 2 3 5 7 2 7 0 5 6 5 0 0 3 0 5 5 6 7 5 2 5 5 2 3 2
split_gain=27.7248 6.97871 6.31022 4.70891 4.17432 3.61167 3.30333 4.79501 2.93174 3.99499 3.915 2.91643 2.96988 3.08504 2.91347 2.88015 2.86194 4.02181 4.11221 7.23564 5.13708 2.81555 3.03304 3.87997 3.53282 3.00889 2.75988 3.01643 2.74804 3.71619 2.97315 2.7269 2.70836 6.33592 4.81423 4.82154 9.21921 4.00953 3.75588 3.56055 3.44573 5.73381 3.97012 3.77425 10.9188 4.35021 3.59728 5.69814 3.55144 4.79142 4.18623 3.31506 3.30891 3.24147 3.24017 3.16337 2.9944 2.95208 3.32687 4.47706 2.91055 2.81316
threshold=0.57294833660125744 0.3081014752388001 0.8760964870452882 28.500000000000004 4.5000000000000009 15.500000000000002 0.74265706539154064 124.50000000000001 0.91833335161209118 12.500000000000002 19.500000000000004 0.27558170258998876 1.5000000000000002 2.5000000000000004 0.57317069172859203 12.500000000000002 120.50000000000001 114.50000000000001 0.57450440526008617 0.68283125758171093 0.68848535418510448 115.50000000000001 0.64340594410896312 20.500000000000004 13.500000000000002 3.5000000000000004 34.500000000000007 26.500000000000004 28.500000000000004 1.5000000000000002 133.50000000000003 39.500000000000007 31.500000000000004 77.500000000000014 74.500000000000014 1.0000000180025095e-35 0.47421585023403173 0.46201923489570623 3.5000000000000004 0.68444010615348827 19.500000000000004 0.31281565129756933 16.500000000000004 5.5000000000000009 0.73315289616584789 23.500000000000004 0.46399958431720739 3.5000000000000004 8.5000000000000018 22.500000000000004 2.5000000000000004 0.73315289616584789 0.41055466234683996 49.500000000000007 18.500000000000004 0.72482028603553783 0.31281565129756933 0.5795082449913026 0.56322491168975841 0.36425061523914343 16.500000000000004 0.5025252401828767
decision_type=2 2 2 2 2 2 2 2 2 2 2 2 2 2 2 2 2 2 2 2 2 2 2 2 2 2 2 2 2 2 2 2 2 2 2 2 2 2 2 2 2 2 2 2 2 2 2 2 2 2 2 2 2 2 2 2 2 2 2 2 2 2
left_child=1 28 3 31 16 -6 11 -8 10 14 -7 12 13 -3 -10 -14 17 -4 -19 21 -21 25 23 24 -23 -20 27 -5 29 -1 -30 -2 40 34 35 36 -34 57 54 -37 42 -42 43 -13 -45 -46 47 -43 50 -50 55 60 -49 -38 -35 -44 -52 58 -36 -60 61 -39
right_child=2 6 4 26 5 8 7 -9 9 -11 -12 32 15 -15 -16 -17 -18 18 19 20 -22 22 -24 -25 -26 -27 -28 -29 30 -31 -32 -33 33 38 37 39 53 51 -40 -41 41 46 48 44 45 -47 -48 52 49 -51 56 -53 -54 -55 -56 -57 -58 -59 59 -61 -62 -63
leaf_value=-0.0021046681393677566 0.0028850769482762083 -0.027115650813602597 0.0029148990773782027 2.0999491956082208e-05 0.013450430514225495 -0.0074983401207436686 0.0016972613884064878 0.032015610298047344 0.011346776193825164 0.0092924383604243918 0.061104604121300671 -0.0026033837498396209 0.0029104326571222951 -0.14540791138808615 -0.063948341147545829 -0.01384728053553967 -0.0072087209448580989 -0.018173029366101556 0.091013453386351306 -0.094671706046806567 0.0093703417551467463 0.048847775054445715 0.0079244685571596505 0.073193200159843527 -0.026679447775143483 0.019525063058040044 -0.060254525957515404 0.039954658242162884 -3.4323824219139537e-05 -0.00072461324901087467 -0.053993096224636709 0.011577730538932792 -0.0029376534508617743 0.0051391414641316236 0.0082986214475559671 0.0013640413635401894 -0.11605538217786716 0.035532095994977399 -0.00075305114699263575 0.0072135379142102378 -0.11700310837996486 0.0073084906034110208 -0.011736670828728691 0.0030450327943999256 0.050261409920522415 -0.044420086795318101 0.0097264967147285934 -0.022275551128596301 -0.016933692167205167 -0.080593378051294837 0.057882801574966038 0.072982444745610331 -0.14525725437692433 -0.04206535306873474 -0.0077081815084747386 -0.058214217256944506 0.00044183553345843174 -0.00050740978552793882 0.0052927589984691501 0.070122605459058213 0.0054322624605977745 0.0067083930420771369
leaf_weight=20612.110843252616 10732.484461857255 5.2283761142716676 1454.6294387865501 4753.4099170049558 697.84692930586584 139.4532593008438 7934.2836433112352 33.526641784235835 5.4154471270740023 477.57240906640106 5.5351725886575869 3761.4994371374996 112.80617429688573 1.9325465444708241 8.375818948909453 156.98660338375703 144.43669831572788 23.143657077975092 11.048647696224807 3.1007741661742321 148.228586080941 9.6734161196254735 24.270395176585225 16.102995424847904 6.715157924219965 5.7181686863459609 4.8502582390792659 12.136761982110327 15536.592170709249 31682.60914335079 6.5381637953105374 236.04348655528156 50.175988430853977 1156.9812384994657 133.14554832267459 4620.8616523415149 6.5907734334468833 67.404890949837863 14109.045047438805 778.12601605575219 2.3762211669236413 9.7873347885906679 178.52682375219592 1618.8755232465919 3.3609287934377781 40.897421784000471 293.83210384426638 2.4305015075951806 88.240489302785136 8.2765893221367133 5.9647474053781471 7.1120615310501298 3.3029793713940307 8.9155231183394772 140.94381380314007 9.8915324676781875 221.4064677215647 239.45876560453326 13.131365968380125 14.178671032655982 75.565857804147527 31.93937154894229
leaf_count=4355254 194170 751 22655 80174 17433 3085 135040 479 100 10161 124 119694 10718 85 159 21188 2429 423 132 64 2341 166 329 225 93 84 80 194 1388081 2415738 758 4977 1491 27430 4716 145538 192 1056 419564 16299 93 555 8013 37380 61 1291 7762 73 2599 258 144 71 115 227 3857 251 6020 4930 380 198 1320 511
internal_value=-2.95261e-11 -0.000513439 0.00281642 0.00215957 0.00606607 0.00947575 0.000387749 0.00182483 0.00511697 0.00806661 -0.00487931 -2.14989e-05 -0.00819018 -0.0590397 -0.034382 -0.00684052 0.00360314 0.00452033 0.0139368 0.0172418 0.0072385 0.0378294 0.0293212 0.045304 0.0179008 0.066633 6.13134e-05 0.000122701 -0.000990975 -0.00126857 -5.70214e-05 0.00307214 6.01677e-05 0.000487071 0.00268163 0.001945 -0.0195993 0.00959901 -0.000374205 0.0022071 -0.00140552 0.00679288 -0.00183599 -0.00120024 0.00197325 -0.0372301 0.00774379 -0.0297917 -0.00856778 -0.0223927 -0.00535862 0.0194419 -0.0931236 -0.073514 0.00374403 -0.0141766 0.00194871 0.00511901 0.0135157 0.0389508 0.0172648 0.0262652
internal_weight=122705 103785 18920.2 15738.9 3181.27 1334.2 35947 7967.81 636.352 491.364 144.988 27979.2 276.954 7.16092 13.7913 269.793 1847.07 1702.63 248.002 224.858 151.329 73.5288 56.762 32.4916 16.3886 16.7668 4770.4 4765.55 67837.9 52294.7 15543.1 10968.5 27702.2 21453.6 6046.61 5464.67 65.6823 581.937 15407 5398.99 6248.67 311.729 5936.94 5424.63 1663.13 44.2584 309.353 15.5208 512.307 96.5171 415.79 182.022 5.73348 15.5063 1297.93 188.418 227.371 399.914 160.456 27.31 174.91 99.3443
internal_count=9479779 9140181 339598 279595 60003 31062 980350 135519 13629 10420 3209 844831 32742 836 259 31906 28941 26512 3857 3434 2405 1029 813 484 259 216 80448 80368 8159831 6770992 1388839 199147 812089 627780 176929 163747 1910 13182 450851 161837 184309 8598 175711 158426 38732 1352 8505 743 17285 2857 14428 2958 188 419 31287 8264 6164 10224 5294 578 2887 1567
is_linear=0
shrinkage=0.08


Tree=83
num_leaves=63
num_cat=0
split_feature=2 2 2 0 4 4 2 4 4 7 6 1 6 6 4 1 6 1 4 2 4 0 2 7 4 2 2 6 4 6 1 1 0 6 4 2 6 6 4 4 7 7 4 7 1 0 4 4 6 4 4 1 2 4 1 4 0 7 7 0 0 2
split_gain=25.3726 6.35255 5.52522 3.69717 3.28638 3.48251 3.22463 3.19206 4.65735 4.63909 2.72408 2.78533 3.43394 3.91519 4.40266 5.66082 3.68649 4.74534 3.69321 3.00506 2.85716 3.43756 2.8652 2.70976 4.23155 3.60647 3.50737 3.94157 3.25084 2.97261 2.88687 2.78254 2.74493 2.73261 5.90551 2.69949 3.93483 2.695 2.68436 3.86023 4.50971 3.09545 4.17689 3.06057 2.88175 3.48061 3.03082 6.85919 7.80865 6.93081 3.05971 5.01038 3.85425 2.79267 3.79483 2.9337 2.74877 2.68652 2.67934 5.85538 3.95759 4.27073
threshold=0.57294833660125744 0.3081014752388001 0.8760964870452882 5.5000000000000009 4997.5000000000009 4316.5000000000009 0.9574275314807893 8710.5000000000018 14457.500000000002 10.500000000000002 131.50000000000003 5.5000000000000009 118.50000000000001 120.50000000000001 25204.500000000004 22.500000000000004 4.5000000000000009 12.500000000000002 4479.0000000000009 0.74239632487297069 1181.5000000000002 32.500000000000007 0.81892696022987377 3.5000000000000004 85.500000000000014 0.0372685194015503 0.25949975848197943 36.500000000000007 55427.500000000007 12.500000000000002 4.5000000000000009 10.500000000000002 24.500000000000004 33.500000000000007 278.50000000000006 0.01183473411947489 7.5000000000000009 2.5000000000000004 686.50000000000011 39079.500000000007 15.500000000000002 14.500000000000002 352.50000000000006 3.5000000000000004 10.500000000000002 4.5000000000000009 83472.000000000015 107300.50000000001 122.50000000000001 86383.000000000015 93473.500000000015 15.500000000000002 0.37089946866035467 30506.500000000004 4.5000000000000009 856.50000000000011 38.500000000000007 6.5000000000000009 6.5000000000000009 11.500000000000002 6.5000000000000009 0.31281565129756933
decision_type=2 2 2 2 2 2 2 2 2 2 2 2 2 2 2 2 2 2 2 2 2 2 2 2 2 2 2 2 2 2 2 2 2 2 2 2 2 2 2 2 2 2 2 2 2 2 2 2 2 2 2 2 2 2 2 2 2 2 2 2 2 2
left_child=1 23 10 4 5 -4 -5 9 -9 -6 11 -2 16 14 20 19 17 18 -13 -16 21 -14 -22 24 25 -1 30 -28 33 32 -27 -29 -25 34 -26 36 -36 -19 41 53 43 57 -43 -41 45 -45 56 48 49 -48 -51 -52 -53 55 -55 -40 -46 -3 59 -56 61 -60
right_child=2 38 3 6 7 -7 -8 8 -10 -11 -12 12 13 -15 15 -17 -18 37 -20 -21 22 -23 -24 29 28 26 27 31 -30 -31 -32 -33 -34 -35 35 -37 -38 -39 39 40 -42 42 -44 44 46 -47 47 -49 -50 50 51 52 -54 54 58 -57 -58 -59 60 -61 -62 -63
leaf_value=-0.031217125339920375 0.00085090485832392266 0.0010322273213445655 0.0063551990454497019 0.0048256243295292109 0.0049119957073819774 0.026396705848696005 0.013913726420553853 0.014314812347433216 0.00071213879776521258 -0.018109002166754342 0.035119381070278934 -0.011632437916276632 -0.024126928839212337 0.003082044099781345 -0.069225704710603228 0.016136612828697553 0.0038887257503950378 -0.022390514549109647 -0.050008019605955648 -0.01390984493719765 -0.004450505256257677 0.064876155617009115 0.013828056232281146 -0.0036994806235134793 -0.019469487768679156 -0.020540517159204037 -0.15302664468153959 -0.080161787859045777 -0.01171455421839441 -0.00066936575071299893 0.019130900161735881 0.013337203820175477 -0.13921312874670264 -0.0026296579644537917 0.4181640462063736 0.019503631272090871 -0.091836787589392052 0.01527780201117835 -0.0055989629569790948 -0.010373183350190452 0.0060801858982963298 -0.0041949626877197457 0.0041219892763493813 0.00014002146827365506 0.0052334745555119803 -0.011150310637056184 -0.049877513532859234 0.0025709746324296058 0.010549841445668284 -0.0017546678063400083 0.0027728296999058898 -0.0093242929755954895 -0.05058336236175294 -0.011212454002797544 -0.011795656822266574 -6.2728715110695852e-05 0.037983771065930608 0.0065077854763395384 -0.0789093264069958 0.011299656017289297 -0.0061203500538504069 0.0073424100467773395
leaf_weight=12.854791662000933 6931.0587509290926 996.26649595721028 785.455337220415 461.08277464054163 105.60822487869439 59.707817544202044 545.46999638974876 196.58999269979665 892.09331061278442 119.31851699381207 15.957881139125673 67.997200498357415 59.75587121443823 674.62142593617318 18.914190268144015 11.295439818641169 7403.8458246364116 15.563386348076163 21.008855796419084 9.413676157826556 365.62165233302221 2.9126593389082691 64.578768674749881 2057.2809865906602 32.567775667077512 12.780732669605639 1.4476384255103756 2.7962789521552605 249.34247061674978 58674.862568944052 144.10886914034199 7.5029651764780283 0.95707638561725517 6519.1756060201078 0.25551706124679086 86.437335245922441 0.1558884189435048 55.520402644062415 632.16384272795403 154.03727270825766 1173.0084467633278 850.24102788208984 708.48859842613456 4798.9145096531611 1376.8865275323624 181.35575677477755 36.167148538632318 2157.6616677717539 85.809045041562058 97.682927719550207 34.160744008142501 22.964840211207047 39.267496560234576 344.54003979582922 316.44971433212049 19780.090207214656 16.599370069568977 1351.3258633699443 3.7082161456346503 90.305892549280543 259.60282570903655 398.85717462620232
leaf_count=153130 119803 33400 12018 12399 1716 951 13226 3182 14620 1891 183 1240 1183 13028 376 244 133212 310 429 192 6911 50 1228 359147 7762 1482 110 202 21809 6762599 24072 270 65 819287 92 9619 185 1206 21984 4181 21892 32644 22526 106248 30466 3515 1261 38122 2032 2358 857 758 1155 9831 8293 573190 276 50806 120 1856 5136 7443
internal_value=-4.85239e-12 -0.000491103 0.00269718 0.00574658 0.00387964 0.00777106 0.00975064 0.00137594 0.00316845 -0.00730012 0.00208308 0.00204951 0.00299667 -0.000965753 -0.00609396 -0.0317495 0.00362902 -0.00838171 -0.0206906 -0.0508436 -0.00403143 -0.0199903 -0.00170665 -0.00094674 -0.0024291 0.0096286 0.0127422 -0.0294217 -0.00274681 -0.000774192 0.0158991 -0.0120481 -0.00376249 -0.00240998 0.00958239 0.0204767 0.224916 0.00703054 0.00036928 0.000127605 0.00141451 0.00234906 -0.000414663 0.000806518 0.00100116 -0.000271114 0.00263962 0.000958698 -0.0100482 -0.0177248 -0.011733 -0.0218448 -0.035358 -0.000472314 -0.0039112 -0.000234185 0.0056236 0.00418408 -0.00155783 -0.00666815 0.00158132 0.00654791
internal_weight=122592 103709 18883.4 3165.33 2158.77 845.163 1006.55 1313.61 1088.68 224.927 15718.1 15702.1 8771.05 1207.11 532.492 39.6233 7563.94 160.09 89.0061 28.3279 492.869 62.6685 430.2 67802.5 7069.43 181.491 168.636 11.7469 6887.93 60733.1 156.89 10.2992 2058.24 6638.59 119.417 86.8487 0.411405 71.0838 35906.6 32000.2 10174.5 3906.32 1558.73 9001.51 8847.47 4980.27 3867.2 2473.71 316.052 230.243 194.076 96.3931 62.2323 21825.7 1413.46 20412.3 1393.49 2347.59 1068.92 406.756 662.168 402.565
internal_count=9479779 9140181 339598 60003 34378 12969 25625 21409 17802 3607 279595 279412 159609 23212 10184 812 136397 3185 1669 568 9372 1233 8139 8159831 1038020 179266 26136 582 858754 7121811 25554 472 359212 836945 17658 9896 277 1516 980350 840974 213121 139376 55170 191229 187048 109763 77285 46543 8421 6389 5128 2770 1913 627853 32679 595174 30742 84206 22848 10149 12699 7563
is_linear=0
shrinkage=0.08


Tree=84
num_leaves=63
num_cat=0
split_feature=2 2 0 4 4 7 0 5 4 5 4 5 4 4 2 0 1 2 4 1 4 7 7 7 4 4 4 5 5 4 5 5 4 4 4 5 4 5 5 5 0 1 4 2 4 2 4 1 1 4 4 5 2 4 1 2 5 5 5 5 5 2
split_gain=23.744 6.83149 3.76073 3.65023 7.22344 5.60004 5.39941 4.80264 17.5633 7.2386 5.67385 5.64898 29.5274 5.03648 5.64195 4.41425 4.14966 3.98231 3.8445 5.39868 3.62137 3.49966 7.39112 5.10223 4.86711 9.49422 11.2929 15.2701 9.05687 11.2101 7.35785 42.1398 31.0276 23.2046 12.3333 9.53028 6.89915 7.4997 7.08553 6.41599 5.93933 5.4598 5.31241 5.20429 4.81948 4.62903 4.45073 5.83342 5.0951 4.73772 4.43687 4.41048 6.88944 4.36239 4.66204 4.29109 3.75809 3.53878 3.53497 6.66809 3.48716 3.47416
threshold=0.46720430254936224 0.80178570747375499 38.500000000000007 40294.000000000007 42641.000000000007 3.5000000000000004 26.500000000000004 0.63058349490165722 63017.500000000007 0.65160736441612255 67770.000000000015 0.67935198545455944 50268.000000000007 43038.000000000007 0.091372914612293257 11.500000000000002 24.500000000000004 0.28292356431484228 80080.500000000015 38.500000000000007 56016.500000000007 6.5000000000000009 8.5000000000000018 5.5000000000000009 26706.000000000004 15903.000000000002 17597.000000000004 0.54942232370376598 0.68283125758171093 17089.000000000004 0.60048425197601329 0.6156316101551057 21326.500000000004 25204.500000000004 26375.000000000004 0.59743008017539989 8710.5000000000018 0.50011590123176586 0.51254358887672435 0.60266375541687023 3.5000000000000004 14.500000000000002 9739.5000000000018 0.4552139043807984 14682.500000000002 0.28669276833534246 22137.000000000004 9.5000000000000018 5.5000000000000009 23316.000000000004 22137.000000000004 0.67204704880714428 0.3081014752388001 65.500000000000014 3.5000000000000004 0.040202019736170776 0.54841411113739025 0.60590815544128429 0.26464308798313146 0.25077867507934576 0.58592963218688976 0.033520599827170379
decision_type=2 2 2 2 2 2 2 2 2 2 2 2 2 2 2 2 2 2 2 2 2 2 2 2 2 2 2 2 2 2 2 2 2 2 2 2 2 2 2 2 2 2 2 2 2 2 2 2 2 2 2 2 2 2 2 2 2 2 2 2 2 2
left_child=3 -2 -3 21 6 -6 -5 8 13 10 -9 12 15 -7 -15 -11 -10 -13 20 -20 -14 23 53 24 25 36 27 56 29 45 34 32 55 46 35 -28 58 -38 -39 -26 -40 -36 51 50 -44 -29 48 49 -33 -48 -34 57 -53 54 -23 -32 -27 60 59 -1 -42 -24
right_child=1 2 -4 4 5 7 -8 9 16 11 -12 17 18 14 -16 -17 -18 -19 19 -21 -22 22 61 -25 39 26 30 28 -30 -31 31 33 43 -35 41 -37 37 38 40 -41 42 -43 44 -45 -46 -47 47 -49 -50 -51 -52 52 -54 -55 -56 -57 -58 -59 -60 -61 -62 -63
leaf_value=0.0027565886363717486 0.001467416677626587 0.0045179694566266004 0.021240034221473487 0.0092860824821789749 -0.0099155696301586969 -0.017830529539293812 -0.11406157981339365 -0.0002388011491154476 0.0063856223358999958 0.027226932424539978 -0.011832480972967709 -0.0013893922462424994 0.0044948869247312759 0.009205470573673118 -0.0048710346794646024 0.069021688669563361 0.015738599591993616 0.0011955381705673212 0.0025590649189456871 0.023371687749158696 -0.0049030394052339017 0.056499778265830004 -0.0051896723227176349 -0.0098810398047060009 0.0024481791063301868 0.003636015806339047 -0.003920713495734922 -0.0028229868723164261 0.011380937003396582 0.05822123433644405 0.13153307624939989 0.0058958780609865849 -0.0034509223676441043 0.037740295868253483 0.027263388334268192 -0.027001069603089806 0.0041719974088998369 -0.022925200490675507 -0.0083160563698460293 -0.0073982664353414674 -0.0079774075403549402 -0.0024430877296758541 0.0042893205737562466 -0.18327579140806172 -0.014793485123719733 0.041567984317674167 0.0072774307870224287 0.006165875020499533 -0.013802417946791205 -0.018900748893034475 0.024298015648233844 -0.019539290497634122 -0.17160366121342338 0.0013503274726980735 0.01000910543718456 0.062749068864911065 -0.020576678952599296 0.036391208138653992 -0.0012423391926287366 0.048513291510820518 -0.051923397711847293 -0.0008514303069379524
leaf_weight=96.478737207651648 24528.193077088898 4470.7087534507646 87.763873547823096 609.21789191700373 357.70845445842133 145.7345160370478 2.2797448877245179 491.5808624947822 1236.1307321246768 225.57434639899293 599.76878905149351 10066.050916725118 378.53140862894361 228.32388045656262 902.66453374666162 17.4222193043679 402.43018477673468 6141.5333506768475 533.09744152255007 93.800191545917187 855.45653373983805 15.034807512420228 1218.9556326395686 482.3149712321574 557.91490573321062 180.94807200666401 1061.6598394075536 39.748708127677673 147.17954630419263 85.801284280489199 6.1549595996330018 104.16032702801749 68.217979824490612 88.691485956660472 109.60720319062239 128.34007522516185 466.76254951330429 163.76794300658366 1834.8347106386509 1758.3395055166693 39.051939395663794 61.99093232654559 657.02675303339493 0.88272129185497661 97.23801243287744 24.179724091896787 64.532661701785401 367.40624571884109 435.01024273967778 140.74447676661657 80.271357387769967 5.0989003652939555 3.0458698500879109 8266.2416668125697 168.71299586341411 101.97599712296505 53.055399231641786 7.8548860759474328 12526.029981548842 25.843074223925214 16.413072583265603 38359.025128868307
leaf_count=178864 459642 84554 2711 35418 24983 12889 64 36012 59792 10050 51062 533264 22405 50066 52071 284 35599 126595 28630 8154 58334 858 962697 117157 46710 21657 131504 4207 9942 4547 1038 4358 5632 6073 7261 12788 70841 27225 200173 131272 2841 10168 27286 23 4253 616 2614 32166 39166 7520 5987 227 107 565299 22989 3618 4903 309 1314556 6183 1117 3790448
internal_value=1.45599e-11 0.00199596 0.00483992 -0.000621556 0.000246242 1.48657e-05 0.00882623 0.000174028 0.00320159 -0.000280865 -0.00661029 9.63643e-05 0.00399634 -0.00383294 -0.00202927 0.0302235 0.00868271 -0.000409886 0.000571566 0.00567317 -0.00202018 -0.000909771 -0.00052648 -0.00174318 -0.00156151 -0.00114545 0.00272563 0.013429 0.0254737 0.0393265 0.000710285 0.00465946 0.0340257 -0.00163925 -0.00351864 -0.0064099 -0.00195917 -0.00522203 -0.00677453 -0.00502656 -0.00578039 0.0165317 -0.000145942 0.0103985 0.00182921 0.0139671 -0.00478052 0.000130678 -0.00999698 -0.0106712 0.0115498 -0.0209924 -0.0764062 0.00162133 0.0138131 0.0666643 -0.00185371 -0.0138646 -0.00111018 0.0124237 -0.0209818 -0.000985043
internal_weight=122491 29086.7 4558.47 93403.9 23287.3 22675.8 611.498 22318.1 2915.28 19402.8 1091.35 18311.5 2103.88 1276.72 1130.99 242.997 1638.56 16207.6 1860.89 626.898 1233.99 70116.5 48028 22088.6 21606.3 19290 3350.56 530.913 296.909 149.73 2819.65 1458.05 257.503 1200.55 1361.6 1190 15939.4 3291.09 2824.33 2316.25 2660.56 171.598 825.729 149.372 754.265 63.9284 1111.85 572.683 539.171 205.277 148.489 71.4647 8.14477 8449.99 183.748 108.131 234.003 63.3199 12648.4 122.322 55.465 39578
internal_count=9479779 546907 87265 8932872 1145672 1110190 35482 1085207 210417 874790 87074 787716 127857 115026 102137 10334 95391 659859 117523 36784 80739 7787200 5342291 2444909 2327752 2149770 315788 45872 19312 9370 269916 108195 16298 91897 161721 144292 1833982 334379 263538 177982 236313 17429 36140 11642 31539 4823 85824 42300 43524 10134 11619 4601 334 589146 23847 4656 26560 4267 1499603 185047 3958 4753145
is_linear=0
shrinkage=0.08


Tree=85
num_leaves=63
num_cat=0
split_feature=2 2 3 6 6 2 0 5 5 0 4 4 5 4 2 5 5 3 6 4 4 4 5 2 2 6 2 4 3 4 5 4 2 6 6 4 5 5 2 0 5 6 5 5 4 2 6 6 0 4 4 4 5 3 0 4 2 5 2 4 4 4
split_gain=21.5623 6.04025 5.64907 4.76514 6.46587 3.57048 3.88153 3.02453 4.67304 3.09221 5.44903 3.56041 3.36105 3.18154 2.97344 2.93447 4.69053 4.31195 3.22673 2.93154 3.26211 2.89187 2.78833 2.74597 2.74319 2.69411 3.52835 2.5987 2.58547 3.34183 6.15835 4.62767 4.79095 3.78671 3.50583 4.2344 4.62405 4.6872 5.25594 3.48225 3.24055 3.16847 3.13044 3.79015 3.45666 5.59167 3.3732 3.51109 3.09968 4.58136 3.86433 6.32262 3.49179 3.33069 3.36197 3.04255 3.08946 3.01817 2.97786 4.37652 2.91196 6.38553
threshold=0.6012820601463319 0.3081014752388001 28.500000000000004 10.500000000000002 13.500000000000002 0.84654632210731517 4.5000000000000009 0.71393844485282909 0.68848535418510448 2.5000000000000004 10540.500000000002 3927.5000000000005 0.58939334750175487 105.50000000000001 0.77951389551162731 0.58939334750175487 0.58592963218688976 3.5000000000000004 122.50000000000001 173.50000000000003 224.50000000000003 36003.500000000007 0.53800952434539806 0.62563130259513866 0.35781671106815344 120.50000000000001 0.49725274741649633 49295.000000000007 28.500000000000004 879.50000000000011 0.7119525969028474 238.50000000000003 0.26713615655899053 131.50000000000003 121.50000000000001 12407.500000000002 0.60266375541687023 0.62744787335395824 0.099450550973415389 3.5000000000000004 0.73525840044021618 131.50000000000003 0.40476186573505407 0.34435522556304937 751.50000000000011 0.18016393482685092 23.500000000000004 104.50000000000001 3.5000000000000004 198.50000000000003 426007.50000000006 322066.50000000006 0.27558170258998876 3.5000000000000004 9.5000000000000018 10702.500000000002 0.16291709244251254 0.66388624906539928 0.022857889533042911 572.50000000000011 195199.50000000003 253302.00000000003
decision_type=2 2 2 2 2 2 2 2 2 2 2 2 2 2 2 2 2 2 2 2 2 2 2 2 2 2 2 2 2 2 2 2 2 2 2 2 2 2 2 2 2 2 2 2 2 2 2 2 2 2 2 2 2 2 2 2 2 2 2 2 2 2
left_child=1 28 5 7 -5 -2 -7 8 9 12 11 -11 13 -4 -13 16 27 21 19 24 -21 -18 -8 -6 -19 -22 -27 -3 41 30 33 39 40 42 -31 55 -37 38 -38 -32 -33 48 43 -30 -45 -46 -47 -48 -1 -50 51 52 -51 54 -52 57 -57 -36 59 -44 -54 -62
right_child=2 15 3 4 23 6 22 -9 -10 10 -12 14 -14 -15 -16 -17 17 18 -20 20 25 -23 -24 -25 -26 26 -28 -29 29 34 31 32 -34 -35 35 36 37 -39 -40 -41 -42 -43 58 44 45 46 47 -49 49 50 53 -53 60 -55 -56 56 -58 -59 -60 -61 61 -63
leaf_value=-0.0015565998749691116 0.0029371576081314511 -0.00030345867591437573 0.073291319720526785 0.04080933448505885 -0.0081358620138084169 0.002942112652816561 -0.0020166768126906945 -0.066624502688644241 0.097538213100225771 -0.022813928563275906 0.031990437766538017 -0.10719005881292677 0.032908227552936563 -0.027609401570338168 -0.033144245698695569 0.00084072651314531647 -0.069170470629964231 -0.033310091369046696 -0.050934733172200528 -0.079892440583131413 -0.0090303997408032379 0.0071738919508807378 0.01037171345670254 0.0010592578815664985 0.065225568971975997 0.0010838090671677447 0.096783627952774759 -0.01164190706926607 -0.0019400593313117715 0.00092935877563945786 -0.053410449712561404 -0.033584509443914216 -0.10035213546068794 -0.05152696688724541 -0.0096547562670140294 0.015519645212987208 0.025783041235683535 -0.00026760327206356557 -0.038470845326556542 -0.1918024665835793 0.0092825599407238765 0.01783566298575652 -0.021954614028734335 0.0073086143753010773 -0.0063114334593186187 0.15294926682465654 0.017129387032619178 0.10988658800655009 0.0071299841108554401 0.017271924318656585 0.018135186178116852 0.011664338589500453 -0.00039497039726495202 -0.016382301265936493 -0.02126458964575623 -0.003240368165448349 -0.053481077686302572 0.01474109258001296 -0.0040893476310134517 0.14952750255425501 -0.014104818467662856 0.0037872766413316107
leaf_weight=36916.504486353304 8709.4422072884408 10974.127567172771 2.2431848580017713 25.795772755518556 217.49418998043984 1162.8049870382913 128.20909720474469 6.9813184654340139 2.4235989972949019 46.772951241408009 9.4297550404444319 6.7171305902302247 15.164847782813011 18.448189318180084 7.1818892015144229 26968.092067248152 12.731455755885692 2.4955588476732355 10.961525436257942 4.0025399560108772 219.39456866227556 4.2306396136991671 1249.3918545877073 4689.9959713402204 6.5650933692231774 7.9962489297613484 3.5648553902283311 130.91174733056687 443.43179347433033 12069.596531723153 14.620266533805987 18.838985820184462 3.8840751936659208 9.8637651758253906 410.20391731311975 108.31347867060686 10.179529316141268 537.5007741037989 40.818499357264955 1.2642610372276966 28.151879236160312 56.256954884469451 1.8427220968442264 236.34132827239227 9.9315791729895881 2.6838535694405428 6.7659327572910097 4.2536930916830897 526.76018289930471 70.157501016117749 42.047358290757984 277.36672387178987 13616.787184232251 172.35599295096472 20.676726116915233 13.186615196987985 19.296191125642508 35.244312600814737 1499.3641341154289 1.9716973687609423 299.68351362028625 222.39744640816934
leaf_count=5942547 158271 419634 40 366 3795 18570 2788 189 37 964 141 189 237 494 150 593294 376 100 425 102 6891 138 29465 78322 119 259 56 4536 155826 936644 1214 1343 158 2237 48859 9335 1552 26381 3074 79 1548 11968 952 37031 2315 78 515 180 31144 8727 802 5898 747784 3988 387 1418 962 1980 154754 404 10922 6825
internal_value=-2.75324e-11 -0.000416188 0.00270914 0.00048588 0.000861722 0.00370688 0.00634579 -0.0155863 -0.0122987 -0.0148111 -0.0245851 -0.0333782 0.00429802 -0.0166706 -0.0689292 0.000386169 -0.000691316 -0.0110716 -0.00847338 -0.00656598 -0.00828789 -0.0501289 0.00921876 0.000651741 0.0380861 -0.00704696 0.0305928 -0.000437122 -0.000870316 3.6003e-05 -0.00279065 -0.0267305 -0.0149612 -0.00206958 0.000523294 -0.00364871 0.000329051 -0.00246678 -0.0256454 -0.0644252 -0.00790317 -0.0011398 -0.0018485 0.00255637 0.0102258 0.0393962 0.0725227 0.0529347 -0.00116027 -0.000200732 -0.000463038 -0.000297926 -0.000531435 -0.0106378 0.00514722 -0.0094482 -0.0330855 -0.00772453 -0.00390975 0.0666856 -0.000619776 -0.0064831
internal_weight=122392 106094 16298.5 5048.65 4933.29 11249.8 2540.41 115.363 108.382 105.958 70.1017 60.672 35.8562 20.6914 13.899 38345.1 11377 271.942 254.98 244.019 234.958 16.9621 1377.6 4907.49 9.06065 230.956 11.5611 11105 67748.5 15527.5 2283.21 66.7595 50.8749 2216.45 13244.3 1174.74 696.812 588.499 50.998 15.8845 46.9909 52221 2206.59 703.408 259.976 23.6351 13.7035 11.0196 52164.7 15248.2 14721.5 14486.4 14209 235.08 62.7241 477.931 32.4828 445.448 1503.18 3.81442 14138.9 522.081
internal_count=9479779 9185761 294018 84924 82483 209094 50823 2441 2252 2215 1444 1303 771 534 339 1025930 432636 8466 7952 7527 7308 514 32253 82117 219 7206 315 424170 8159831 1388839 358634 4342 3049 354292 1030205 93561 40342 31007 4626 1293 2891 6770992 352055 195945 40119 3088 773 695 6759024 816477 785333 780156 774258 5177 1189 53219 2380 50839 156110 1356 765531 17747
is_linear=0
shrinkage=0.08


Tree=86
num_leaves=63
num_cat=0
split_feature=0 4 0 1 6 6 5 6 7 4 5 5 7 4 6 1 1 5 5 5 5 4 4 5 5 4 4 5 4 4 5 6 5 6 4 5 5 5 1 5 6 5 0 4 5 4 4 6 5 4 5 6 4 5 7 5 1 4 4 4 7 4
split_gain=11.9975 4.65921 3.53318 3.60992 3.52689 5.83814 8.20565 5.64154 3.5385 5.03251 4.53515 4.08559 3.72407 4.79383 7.09329 3.60455 5.90265 4.61581 8.97376 5.51354 4.90168 4.05886 13.508 5.05469 4.64474 3.97302 3.42061 3.2451 4.91631 4.72549 4.58072 3.84368 7.71846 5.50204 5.4381 4.395 4.12258 6.64072 5.61881 3.88995 3.7513 4.66784 4.64096 5.06096 4.80516 5.05129 4.39297 3.81681 7.65333 5.02948 7.0285 6.37517 5.81066 3.74211 4.82383 3.72511 4.84784 6.64121 3.61086 4.29346 6.31578 3.58954
threshold=2.5000000000000004 37.500000000000007 24.500000000000004 9.5000000000000018 91.500000000000014 83.500000000000014 0.44458228349685674 93.500000000000014 8.5000000000000018 26706.000000000004 0.68104687333107006 0.76100599765777599 3.5000000000000004 751.50000000000011 118.50000000000001 4.5000000000000009 8.5000000000000018 0.4371065646409989 0.45191486179828649 0.48426434397697454 0.73525840044021618 1181.5000000000002 1627.5000000000002 0.77245694398880016 0.76906028389930736 126.50000000000001 4997.5000000000009 0.50829836726188671 1950.5000000000002 46.500000000000007 0.79679140448570263 13.500000000000002 0.5616184175014497 26.500000000000004 1153.5000000000002 0.58282724022865307 0.77645063400268566 0.75467449426651012 3.5000000000000004 0.52558034658432018 77.500000000000014 0.51086920499801647 4.5000000000000009 85.500000000000014 0.52428972721099865 495.50000000000006 198.50000000000003 105.50000000000001 0.70717167854309093 1360.5000000000002 0.57653760910034191 109.50000000000001 1707.5000000000002 0.53195041418075573 18.500000000000004 0.57054060697555553 3.5000000000000004 1426.5000000000002 238.50000000000003 126.50000000000001 17.500000000000004 596.50000000000011
decision_type=2 2 2 2 2 2 2 2 2 2 2 2 2 2 2 2 2 2 2 2 2 2 2 2 2 2 2 2 2 2 2 2 2 2 2 2 2 2 2 2 2 2 2 2 2 2 2 2 2 2 2 2 2 2 2 2 2 2 2 2 2 2
left_child=4 -2 3 27 5 -1 -7 -6 12 11 -11 -10 13 14 -9 17 -17 -14 -19 25 -21 24 -23 -24 -22 -20 -4 -3 29 -29 31 32 34 -33 -31 -34 37 40 -38 -36 41 -35 43 -43 45 -44 -46 -42 49 51 53 61 -52 54 -51 56 57 -45 59 -58 -61 -49
right_child=1 2 26 -5 7 6 -8 8 9 10 -12 -13 15 -15 -16 16 -18 18 19 20 21 22 23 -25 -26 -27 -28 28 -30 30 -32 33 35 36 39 -37 38 -39 -40 -41 47 42 44 55 46 -47 -48 48 -50 50 52 -53 -54 -55 -56 -57 58 -59 -60 60 -62 -63
leaf_value=-0.0007159662649412771 0.010569514203718234 -0.001515691796883387 -0.0013138892800178647 0.00024756347047884676 -0.0079123000937155116 -0.0098628957945222171 0.0031549547198190175 -0.004307769496189634 -0.0024648117718648116 -0.0042524385499579341 -0.024013005740848956 0.007872977392430822 -0.017674490932755523 -0.0042196170592418763 0.016037098574279301 -0.0037182867996720355 0.0019593873207682205 0.058655919522424473 0.058312286590511651 0.0068136582831603999 0.055408392892278294 -0.1025281858442194 -0.0083023257057095925 0.0061022369693271971 -0.031879002643998774 -0.03021616557562929 0.0059875704775394483 -0.059776438288663879 0.0013882268980463864 0.00032663753759140733 0.043050254448947022 -0.0087294903271824507 0.051504485708245173 -0.078401604162077393 -0.014347816183454517 0.017535115269908096 -0.12385602416721535 0.036719189896078502 -0.011964013153402026 -0.12759181042363055 -0.0035050271456577575 -0.04079534507441606 -0.018055739625217813 0.012109118899745395 0.04734152581164567 0.078816534704986521 0.011360737436993243 0.004099713271793674 -0.022155285513582475 -0.015963103700238873 0.041518054699481714 -0.001656730447205001 0.006436409159468328 -0.025693404007470076 0.073828757085477661 0.011702411153238392 0.016837945306156132 0.11485810373296251 -0.0013231059866718829 -0.087173627572468132 0.01912126264933221 0.035242518701632322
leaf_weight=36801.418004877545 310.43348719913774 1821.2438619488312 564.94822774946533 42834.531250337655 886.0203820796487 333.01294976768986 4463.9940238351046 243.65057752550911 8485.5662511410355 175.29803523900046 129.05424934555776 251.93336056146654 64.737074824282899 2355.3362933049211 199.46574061992578 2108.1188733200961 2638.7465680413516 19.060539548401721 3.5064489056821904 1395.4028115845167 15.422002804465594 8.5609711157157999 323.10357224089967 301.29876796175631 5.2228721119463435 43.413524087925907 1503.4558722165266 7.1099676138301211 11588.902023044093 28.266195259522647 20.657156373374164 188.87510731546308 32.10657162242569 3.8794774031266561 3.6185462824068955 101.23933271893929 3.2559940004721311 43.950277062729128 24.372516142204404 4.1882401639595628 450.16274805239243 14.33463973039761 4.4339123973622945 22.460927612359232 24.876026994673339 15.445186939090489 171.0033655859188 41.502297959892644 55.920968161514793 8.7332542315125448 86.320578648382252 309.8672557221762 46.490665931769399 27.501981953542781 6.8188467279542229 421.60429177769083 7.4214582694694426 4.9052114634541786 173.48888264852576 12.174304792191835 5.0662969956174484 55.178977425035555
leaf_count=4512068 12936 44921 12404 1827723 127207 116373 290812 34512 1299812 17270 12002 12977 5907 270488 29258 104354 400526 663 127 41643 253 195 6696 5432 119 2759 32067 172 213796 650 295 3615 511 111 78 1906 43 672 415 117 8609 279 100 309 348 172 2763 850 1067 173 1374 6027 875 531 100 7198 139 47 3629 293 71 940
internal_value=2.03365e-11 0.000793652 0.000743689 0.000629128 -0.000791053 -0.000373797 0.00225124 -0.00167424 -0.00137973 -0.00251898 -0.0126315 -0.00216674 -0.00032051 -0.00278345 0.00485033 0.000674557 -0.000562111 0.00336769 0.00401176 0.00351482 0.00413573 -0.00158145 -0.00271999 -0.00135156 0.0333259 -0.0236002 0.00399331 0.00166113 0.00207392 0.00534779 0.00553911 0.00521618 0.0168329 0.00433364 -0.0159973 0.0257141 0.00554241 0.00596356 -0.0251504 -0.0751018 0.00527726 0.00915784 0.00954507 0.00622173 0.0197335 0.0572098 0.0159302 0.0021361 0.00611431 0.00882864 0.0201318 0.00393908 0.0292377 -0.00795749 0.0234063 0.00726322 -0.00103585 0.0305262 -0.00539481 -0.0340378 -0.055938 0.0218739
internal_weight=122302 61050.7 60740.3 58671.9 61251.3 41598.4 4797.01 19652.9 18766.9 9041.85 304.352 8737.5 9725.05 2798.45 443.116 6926.59 4746.87 2179.73 2114.99 2095.93 2049.01 653.608 632.963 624.402 20.6449 46.92 2068.4 15837.4 14016.1 2427.23 2420.12 2399.46 169.419 2230.05 36.073 133.346 2041.17 2013.54 27.6285 7.80679 1969.59 881.094 877.215 661.456 215.758 19.8791 195.879 1088.5 638.335 582.414 175.865 406.549 132.811 43.0541 15.5521 647.121 225.517 27.3661 198.151 24.6621 17.2406 96.6813
internal_count=9479779 2188326 2175390 2130919 7291453 4919253 407185 2372200 2244993 1342061 29272 1312789 902932 334258 63770 568674 504880 63794 57887 57224 54338 12695 12323 12128 372 2886 44471 303196 258275 44479 44307 44012 3262 40750 845 2417 37135 36677 458 195 36005 15459 15348 11965 3383 272 3111 20546 11937 10870 3053 7817 2249 804 273 11686 4488 356 4132 503 364 1790
is_linear=0
shrinkage=0.08


Tree=87
num_leaves=63
num_cat=0
split_feature=0 7 7 6 5 6 4 4 5 4 0 3 4 6 6 0 3 0 0 5 3 7 4 4 5 5 6 4 7 5 3 5 0 7 3 5 6 5 3 6 5 6 3 4 5 0 7 5 6 5 5 5 5 5 5 4 4 4 4 4 5 6
split_gain=11.1264 4.47188 9.52318 6.6157 5.58246 4.50113 4.60059 11.3083 5.19816 19.5761 11.403 5.21093 4.44874 4.77118 4.19977 5.71525 4.06078 4.89152 4.99926 3.95247 4.82892 4.53704 3.81172 6.85178 4.93233 10.9439 9.90865 3.77719 4.45484 4.50091 3.75456 3.71881 3.90458 3.63572 4.80351 3.89798 3.67762 9.30222 9.97423 9.18691 8.77143 4.41853 4.87167 4.6681 4.19521 5.64326 4.90212 4.35001 5.26395 3.85414 3.66076 3.58676 14.8586 7.02752 6.84197 9.8529 7.88857 13.8739 10.1557 13.8527 8.68309 6.18008
threshold=3.5000000000000004 13.500000000000002 4.5000000000000009 63.500000000000007 0.40476186573505407 51.500000000000007 93473.500000000015 80080.500000000015 0.6866402029991151 102441.50000000001 18.500000000000004 23.500000000000004 2653.5000000000005 8.5000000000000018 126.50000000000001 20.500000000000004 10.500000000000002 29.500000000000004 31.500000000000004 0.42745010554790502 16.500000000000004 2.5000000000000004 13703.500000000002 3984.5000000000005 0.73525840044021618 0.73315289616584789 95.500000000000014 49295.000000000007 12.500000000000002 0.52732089161872875 13.500000000000002 0.74265706539154064 34.500000000000007 19.500000000000004 11.500000000000002 0.51960447430610668 56.500000000000007 0.7466147541999818 16.500000000000004 53.500000000000007 0.75106957554817211 98.500000000000014 25.500000000000004 369.50000000000006 0.6156316101551057 4.5000000000000009 15.500000000000002 0.66961058974266063 49.500000000000007 0.51254358887672435 0.61269941926002514 0.60048425197601329 0.60170263051986705 0.49782697856426245 0.61147069931030285 12877.000000000002 83472.000000000015 86383.000000000015 42641.000000000007 35143.500000000007 0.7725205421447755 31.500000000000004
decision_type=2 2 2 2 2 2 2 2 2 2 2 2 2 2 2 2 2 2 2 2 2 2 2 2 2 2 2 2 2 2 2 2 2 2 2 2 2 2 2 2 2 2 2 2 2 2 2 2 2 2 2 2 2 2 2 2 2 2 2 2 2 2
left_child=-1 2 5 4 12 51 7 19 -8 10 30 -11 13 -4 -5 -16 -6 27 -19 20 -7 -22 23 33 25 -25 -27 28 -18 -30 -10 32 -26 36 -35 -36 37 38 39 -3 -39 42 -38 -43 50 46 -46 48 -48 -41 -40 53 -53 -2 55 -54 58 -58 59 60 -56 -62
right_child=1 22 3 14 16 6 8 -9 9 11 -12 -13 -14 -15 15 -17 17 18 -20 -21 21 -23 -24 24 31 26 -28 -29 29 -31 -32 -33 -34 34 35 -37 41 40 44 49 -42 43 -44 -45 45 -47 47 -49 -50 -51 -52 52 54 -55 56 -57 57 -59 -60 -61 61 -63
leaf_value=-0.00058654558577241425 0.0055105905766110568 -0.0027844926735887681 -0.016511467975800762 0.0060712072550809758 0.0026997394842950555 -0.0038396470391806039 0.0043331586312811065 0.012744707388890804 -0.048005175669427309 -0.006132892711953321 -0.1429309913584888 0.0069778989805014202 -0.0053532065256733999 0.02106375464153671 -0.0083708921370754807 0.059225167873729563 -0.0032971951637437019 -0.15620417376332482 -0.019788560448759776 -0.00016061985239099628 -0.0056407400700490308 -0.052284635381633172 0.0018369270309399183 -0.0041235209507099217 0.016500987821292074 -0.13915695580982421 -0.029075505875903688 -0.022030957544969216 0.025086137600165998 -0.016493595145978247 -0.018075116844582757 -0.00020955415941322408 -0.088114399519723843 0.011610018496212229 -0.018330094002721436 0.0033613813291608076 -0.0019106849507252567 -0.11438793584302015 0.0087776150692501758 0.031151004435910023 -0.017270011236194784 -0.0077744314724987294 -0.01189453736468456 0.0029549996206263071 -0.094828686415282887 0.029951121733397815 -0.00079619609199005109 0.031259819604173462 -0.09880961127431824 0.0071911455118322844 -0.049531400337320099 0.042786196578616646 -0.0072542131981093187 -0.0055636183553287736 0.0060067198135507786 -0.077267347861541366 -0.027620333516288606 0.0012518575511196413 0.010550558559387288 -0.018280909410843548 -0.055302246430510016 -0.0060687715465833425
leaf_weight=76844.35035947687 570.53913824227766 1097.0879492380163 24.236275574745378 5022.8765786742606 1563.4369261359293 139.07799431492458 356.0538412783053 439.13049916859018 50.624234790797345 1021.6115928489498 6.2937639090232542 239.499712418532 76.117723922233381 200.90991265308367 196.44677997194231 8.3452744362875801 1184.5204030022264 2.6425287248566738 4.9212911736685783 7841.7846997468805 23.641387916984968 30.648474028217606 4884.4590862442346 3664.6183335254586 119.00867389631458 6.3134519779123357 30.584524230589523 63.144107950851321 69.122371238672713 21.953352733282372 57.055929890600964 1187.774576131033 2.3279651077464214 428.12817551926128 68.60125446098391 233.44205634703394 1717.776894523829 7.3466060962527981 378.68368410611583 71.509671139880084 31.350110779283568 302.25536382274026 382.43528750849737 1835.3887039026765 3.326823796844109 147.5855679869419 20.93054411344929 22.40003029583022 4.2127130853477857 107.6501393658109 7.0186806018464258 58.269322734384332 68.179472495918162 1026.6851962465798 1136.4486066498239 15.856016059871761 108.72256409062538 5250.681699983179 1456.8323892246869 203.4703944807809 24.348309377674013 49.472137733013369
leaf_count=8012745 25819 46023 1493 146975 58429 8510 11937 13401 3098 29390 297 4810 6288 11979 11617 181 32058 46 116 282455 840 1518 139856 142211 2755 284 887 1834 2378 792 1951 27126 55 15076 2404 6277 70270 173 10971 2379 884 11582 10593 64580 105 3057 654 458 152 3264 219 1288 2226 41667 29901 1516 4797 114240 41656 7833 623 780
internal_value=3.76642e-11 0.00099332 0.00160118 0.00385782 0.000999744 0.000657279 -0.000523766 0.000243942 -0.00428185 -0.00651256 -0.0382639 -0.003643 0.0113663 0.0170189 0.00561335 -0.00561635 -7.35747e-05 -0.00329417 -0.0674473 -0.000439239 -0.0117383 -0.0319728 -4.43116e-05 -0.000817928 -0.00306732 -0.00456001 -0.0479111 -0.00293171 -0.00198626 0.0150635 -0.0321463 0.00115325 0.0144938 0.000823352 0.00615992 -0.00156527 0.000188411 0.00311388 0.00392138 -4.16122e-05 -0.0357079 -0.00112258 -0.00372868 0.0014379 0.0125796 0.022031 -0.000947094 0.00562224 -0.0172182 0.0167545 0.00771656 0.00186627 0.00252905 -0.00160784 0.0022469 -0.0204645 0.0024788 0.000666147 0.00586306 0.00103269 0.00427969 -0.0223075
internal_weight=122220 45375.8 28613.6 8438.67 3211 20174.9 10205.4 8474.28 1731.14 1375.09 113.974 1261.11 301.264 225.146 5227.67 204.792 2909.74 1346.3 7.56382 8035.15 193.368 54.2899 16762.2 11877.8 5010.63 3701.52 36.898 1338.74 1275.6 91.0757 107.68 1309.11 121.337 6867.13 730.171 302.043 6136.96 1899.1 1860.41 1276.25 38.6967 4237.86 2100.21 2137.64 584.158 198.456 50.8701 47.5433 25.1433 179.16 385.702 9969.51 8372.28 1597.22 8314.01 84.0355 8229.98 5359.4 2870.57 1413.74 1210.27 73.8204
internal_count=9479779 1467034 904739 274186 115413 630553 358207 306724 51483 39546 5346 34200 19760 13472 158773 11798 95653 37224 162 293323 10868 2358 562295 422439 173318 143382 1171 37062 35228 3170 5049 29936 2810 249121 23757 8681 225364 68339 67282 51666 1057 157025 80863 76162 15616 4426 1369 1264 806 5643 11190 272346 204860 67486 203572 3742 199830 119037 80793 39137 31304 1403
is_linear=0
shrinkage=0.08


Tree=88
num_leaves=63
num_cat=0
split_feature=0 4 0 5 1 7 1 6 0 1 5 4 7 7 4 1 1 0 6 6 6 5 4 4 5 4 5 6 4 6 6 5 6 5 1 4 5 1 5 4 5 4 5 5 4 7 7 5 5 1 1 1 5 4 6 5 7 1 4 0 6 0
split_gain=10.1534 4.19085 4.30145 4.9654 5.22821 4.13689 3.5058 3.38028 3.22798 4.96827 3.41961 10.1475 3.73001 3.17391 3.13815 3.10671 3.94331 3.08457 3.05546 5.6505 4.67978 6.16706 3.92618 3.44795 4.56351 4.65282 4.78836 3.80183 3.54924 3.36229 4.81726 6.79933 4.4569 3.34894 3.27144 3.177 3.10782 3.71794 3.06433 3.42676 2.91977 4.28336 6.78013 4.53476 4.24901 3.79307 4.58196 4.67022 4.37441 4.17848 3.90874 3.68673 3.45471 3.41209 4.45253 8.13619 3.86248 4.22817 3.17423 5.26528 4.1845 4.40096
threshold=2.5000000000000004 238.50000000000003 36.500000000000007 0.73018604516983043 72.500000000000014 2.5000000000000004 16.500000000000004 91.500000000000014 9.5000000000000018 9.5000000000000018 0.75467449426651012 637.50000000000011 13.500000000000002 20.500000000000004 8214.0000000000018 26.500000000000004 28.500000000000004 19.500000000000004 115.50000000000001 120.50000000000001 114.50000000000001 0.73018604516983043 3383.0000000000005 1536.5000000000002 0.7725205421447755 265.50000000000006 0.41808228194713598 123.50000000000001 37.500000000000007 91.500000000000014 83.500000000000014 0.44458228349685674 92.500000000000014 0.1868645250797272 3.5000000000000004 1210.5000000000002 0.73808741569519054 5.5000000000000009 0.76100599765777599 984.50000000000011 0.51254358887672435 4831.5000000000009 0.76478019356727611 0.52860301733016979 662.50000000000011 18.500000000000004 4.5000000000000009 0.48950688540935522 0.49437747895717626 23.500000000000004 23.500000000000004 13.500000000000002 0.53195041418075573 7217.5000000000009 119.50000000000001 0.79679140448570263 13.500000000000002 26.500000000000004 15903.000000000002 40.500000000000007 111.50000000000001 23.500000000000004
decision_type=2 2 2 2 2 2 2 2 2 2 2 2 2 2 2 2 2 2 2 2 2 2 2 2 2 2 2 2 2 2 2 2 2 2 2 2 2 2 2 2 2 2 2 2 2 2 2 2 2 2 2 2 2 2 2 2 2 2 2 2 2 2
left_child=18 2 3 7 5 -5 -7 -2 9 10 -3 12 -12 -11 -15 -8 -17 -9 20 38 29 -22 34 24 25 26 28 -25 -21 30 -1 -32 -31 -34 -23 -36 -24 -38 -20 -40 44 42 43 51 45 46 47 50 49 -47 -10 -42 -45 54 -43 56 57 -56 60 -60 -55 -62
right_child=1 8 -4 4 -6 6 15 17 40 13 11 -13 -14 14 -16 16 -18 -19 19 23 21 22 36 27 -26 -27 -28 -29 -30 32 31 -33 33 -35 35 -37 37 -39 39 -41 41 53 -44 52 -46 48 -48 -49 -50 -51 -52 -53 -54 58 55 -57 -58 -59 59 -61 61 -63
leaf_value=-0.00066068954483146152 0.0066089578233295958 0.00081497173087437496 0.055020210960615143 -0.11166669029244684 -0.10320140825734056 -0.025515303359430731 0.029879809188959907 -0.00070146764814199721 -0.07622418114144415 -0.00036258132122043979 0.071555203105598639 0.0033019722127908529 0.010113233484431137 0.02421277141764782 -0.013967382679370106 -0.1133817802739675 -0.0020501798237215862 0.029110235578401641 -0.0050280508664744105 -0.020670011972280793 0.0081142280972103381 0.015855088984948119 -0.0096013750614593607 -0.00043458563137049801 -0.072400596161818348 0.0064151334922003403 -0.014860626352601847 -0.0061354704598833099 0.0095583702671068211 -0.010165576124980077 -0.0090537533270824803 0.0028501435147593257 -0.013068345438896362 -0.0014470903997299148 -0.0049943283140803027 -0.045625886632752383 -0.0033419278571298499 0.0071814513334855648 -0.037749705095739841 0.0084177752607361486 0.062071010171823329 0.0097026539765122551 -0.01538681319558278 0.026070395586897003 0.0034842672355544792 0.029224540369700423 0.032011702274066932 0.043971520235646988 0.042453411492688248 -0.055774026422121134 -0.0023063229571018348 -0.017271799388299154 0.00017825731781926651 -0.0036325743821390578 -0.025653924806031986 -0.14007663992088235 -0.011459342536099058 0.026080392405229504 0.002203764377185855 0.015381308973578207 0.0011821254677555027 0.019015231890356924
leaf_weight=36786.429503627696 1577.837133749535 11815.598266602741 10.514200167614034 2.4954678816720834 4.0168242491199626 39.042347024409992 21.125288102542982 757.65782340490296 6.0487180426674767 30056.541531847179 19.090958117507856 3323.974512522545 9.4554825013037753 61.53667867887998 17.752412674482912 2.1831263792701057 30.238491861673538 22.883588636526838 3494.3636834180288 29.964013844648434 922.77701191682036 12.993445137515662 165.8539781936779 4021.6631043050274 5.0905676397960624 923.93503562062324 155.51704881912883 919.91704301008576 145.9150227861137 421.47876437238847 329.72385084863708 4473.9082736438322 162.30562643793019 7146.9499572245604 20.753957332548453 30.292475957801798 397.03469963777707 468.30731647484936 10.949960816564269 170.57068270615309 3.8643157328510815 722.33256651849479 199.978977883482 33.365457034669816 666.95337415045651 5.1887391330674353 100.16809336861479 10.213974686445566 7.1613145414739838 12.913719417760147 18.835678748204373 124.58310839609476 2857.8626842210801 1304.8665826879076 13.102875371463595 2.7972216126509002 107.04360022052424 44.272262800892349 6164.256397731926 200.36625525023737 471.63282332516269 109.04470480082091
leaf_count=4512068 67031 237046 166 111 238 792 521 33664 167 1459247 207 53368 151 1708 507 77 956 442 435338 9977 53878 243 8092 349073 326 139859 21406 150837 34880 83574 116373 290812 142190 893530 1274 2339 7441 27837 690 9416 83 17254 4390 842 22787 119 2921 228 178 552 650 4291 73848 33964 302 116 3144 1231 145931 4357 12491 2248
internal_value=2.68112e-11 0.000730837 0.00396004 0.00374158 -0.0138008 -0.0100241 -0.00728463 0.00447873 0.000594583 0.000273945 0.00145481 0.00370985 0.0512037 -0.000320413 0.0156644 0.00600779 -0.00954675 0.000172539 -0.000727758 -0.00201626 -0.000479843 0.00329616 -0.000763235 -0.000543212 0.00319169 0.00349823 -0.00463411 -0.00149585 0.00440845 -0.000634343 -0.000349563 0.00203305 -0.00216641 -0.00170515 -0.0199838 -0.0291063 0.000430412 0.00235313 -0.0045016 0.00563279 0.00169614 0.00138813 -0.00112113 -0.000176385 0.00629672 0.0179816 0.0232961 -0.00157773 -0.0104731 -0.0314107 -0.0202737 -0.0148848 0.000477059 0.00227207 0.00697946 -0.00478409 -0.00248239 0.0142657 0.00176451 0.00261861 -0.0011185 0.00453098
internal_weight=122175 60958.8 2467.99 2457.48 99.1015 95.0847 92.5893 2358.38 58490.8 45303.9 15168.1 3352.52 28.5464 30135.8 79.2891 53.5469 32.4216 780.541 61216.7 9877.89 51338.8 2018.01 1095.24 6202 1260.42 1255.33 331.396 4941.58 175.879 49320.8 41590.1 4803.63 7730.73 7309.26 64.0399 51.0464 1031.2 865.342 3675.88 181.521 13186.9 12359.4 3219.65 3019.68 827.484 160.53 135.266 35.0984 25.2638 18.1025 24.8844 128.447 2891.23 9139.72 889.549 167.216 164.419 57.3751 8250.17 6364.62 1885.54 580.678
internal_count=9479779 2188326 103998 103832 2695 2457 2346 101137 2084328 1752234 290772 53726 358 1461462 2215 1554 1033 34106 7291453 1151802 6139651 101104 47226 706358 206448 206122 66263 499910 44857 6038547 4919253 407185 1119294 1035720 3856 3613 43370 35278 445444 10106 332094 304492 83454 79064 27602 4815 3966 1045 849 671 817 4374 74690 221038 22047 4793 4677 1533 198991 150288 48703 14739
is_linear=0
shrinkage=0.08


Tree=89
num_leaves=63
num_cat=0
split_feature=0 7 7 6 5 6 7 3 4 4 5 5 4 3 7 6 0 4 5 5 5 4 3 0 6 5 3 5 7 4 0 6 3 6 5 6 5 4 4 5 4 0 3 3 4 4 3 6 7 3 6 6 4 0 5 3 6 7 3 3 4 4
split_gain=9.53718 3.79008 7.75537 5.12358 4.71456 3.93388 3.66561 4.63704 4.61499 7.9831 6.51422 6.15128 5.88661 5.55428 4.4488 4.41525 4.38411 5.9846 5.0404 8.11917 4.26938 17.1837 5.75065 6.41194 5.15723 7.0338 3.76723 3.63725 4.26204 3.6175 3.57583 3.48863 3.47739 5.44649 4.40816 3.92891 3.64111 3.45643 9.6517 4.29443 18.3159 7.24285 4.32598 3.98947 3.42814 8.38223 4.83612 3.76731 6.32581 4.61103 5.68684 5.46621 3.87897 7.2777 5.25427 3.84825 6.04698 5.41413 5.45923 3.84104 3.92219 4.74859
threshold=3.5000000000000004 13.500000000000002 4.5000000000000009 63.500000000000007 0.38642528653144842 51.500000000000007 8.5000000000000018 23.500000000000004 4065.5000000000005 8710.5000000000018 0.75467449426651012 0.758103907108307 710.50000000000011 21.500000000000004 5.5000000000000009 114.50000000000001 9.5000000000000018 12147.000000000002 0.60590815544128429 0.60356745123863231 0.73525840044021618 13703.500000000002 20.500000000000004 4.5000000000000009 114.50000000000001 0.71393844485282909 10.500000000000002 0.7119525969028474 12.500000000000002 37.500000000000007 57.500000000000007 93.500000000000014 3.5000000000000004 79.500000000000014 0.44458228349685674 71.500000000000014 0.57054060697555553 93473.500000000015 80080.500000000015 0.6866402029991151 102441.50000000001 18.500000000000004 23.500000000000004 13.500000000000002 147804.00000000003 164736.00000000003 23.500000000000004 32.500000000000007 19.500000000000004 12.500000000000002 133.50000000000003 36.500000000000007 3306.5000000000005 1.5000000000000002 0.4829822331666947 7.5000000000000009 23.500000000000004 8.5000000000000018 4.5000000000000009 1.0000000180025095e-35 2148.5000000000005 35143.500000000007
decision_type=2 2 2 2 2 2 2 2 2 2 2 2 2 2 2 2 2 2 2 2 2 2 2 2 2 2 2 2 2 2 2 2 2 2 2 2 2 2 2 2 2 2 2 2 2 2 2 2 2 2 2 2 2 2 2 2 2 2 2 2 2 2
left_child=44 2 5 4 -4 -2 8 16 10 -10 13 20 -12 14 -5 -14 18 -18 19 32 24 22 23 -22 25 -11 -17 28 -6 -29 31 -16 34 36 -8 -36 -34 38 -7 -39 41 43 -42 -41 47 46 -46 48 55 52 51 -51 53 -49 -54 57 -57 59 -59 60 -1 -62
right_child=1 -3 3 6 27 37 7 -9 9 11 12 -13 15 -15 30 26 17 -19 -20 -21 21 -23 -24 -25 -26 -27 -28 29 -30 -31 -32 -33 33 -35 35 -37 -38 39 -40 40 42 -43 -44 -45 45 -47 -48 49 -50 50 -52 -53 54 -55 -56 56 -58 58 -60 -61 61 -63
leaf_value=-0.040554120831554304 0.0017581040397642816 -3.5841785701167015e-05 0.011353096568696366 0.033232966759459158 -0.0023819337978907406 -0.00044647314422779672 -0.016812652652743648 0.010916845137288246 0.015743829925137547 0.0011429523940445425 0.013395917164237261 0.010586598428704059 -0.0095260671861419361 -0.0055189346250448471 0.011711976610181569 -0.021660864141223448 0.013506045581864202 -0.016867895336972978 0.0079940712251994877 -0.094231267512308162 0.038988846712348084 0.00061782507176700197 -0.10474262850750493 -0.061715516416354928 0.0090416785893484147 -0.033950848119601022 -0.068919623936253838 -0.065219909383599964 0.0088796383756689547 0.0065010615737303903 -0.11045476838310311 0.0020712603601452761 0.017003955593820067 -0.012647773905709446 -0.13427419711563496 0.023107497024558766 -0.089700384588599857 0.0040797040247678995 0.011711719716534631 -0.048537937893021174 -0.0053003599783360746 -0.12117628974830331 0.0066329252340529945 -0.017383766462262158 0.004085584592725516 0.00024696384021007713 0.018148994299015706 -0.0023358740075688704 0.0058052949103937065 0.0069638934955111777 -0.041992164081564719 9.3136453514167786e-05 -0.0077663342914383862 0.0023188006715928228 -0.0016665122225140347 -0.00081450597027792591 -0.0045348112718344973 -0.0089565791651232841 0.00048812689044365471 0.0030098456703730597 0.012500613117147235 -0.022524576268537176
leaf_weight=23.924055168085033 9950.8694827857908 16731.469652971828 258.8583570565188 40.338353493948944 2158.1787481039314 8019.2963577715545 31.036307232250692 257.09418042990364 678.33482912858608 209.28555024419961 38.462258127285168 849.38368996912072 62.806644446332939 280.46181671405157 429.76139904855518 24.327075831592083 216.17996892309748 51.383609163487563 166.73323557991534 6.8718169959029174 5.4389333226718035 208.38694188316902 12.258513857144861 15.804899622130732 495.47062126399476 44.286516755237244 19.407712535548399 4.5378395505249491 238.88670718865342 552.49789239485062 1.6810651570558537 544.69019189584742 57.404917506501079 422.44447245512811 1.033113274257629 58.489073960197857 2.1223451010882846 356.42481726489495 440.84637922787806 49.217717618332244 1016.4011614773353 6.1524483915418378 240.40762878186069 56.511240640247706 375.10296878824374 4942.51129546831 268.52064741041977 4163.5041285734387 675.87250519740883 758.646460451655 20.407083338766824 31980.487152768423 972.56777752154085 4444.8431985171937 12776.335857435428 5074.6953315060782 6227.5040635919031 698.48259950507372 891.73391931528204 2395.8175121836798 51.139159891565214 48.050151093717432
leaf_count=5768 272346 562295 17120 899 73361 293323 3502 7938 15731 5638 805 16218 1533 6651 12753 619 6889 1831 6295 673 81 4954 217 346 11237 1019 448 122 12007 12803 25 18138 4003 26096 102 4004 128 11937 13401 3098 29390 297 4810 1951 16895 142041 6937 1181362 67560 55004 1744 2606858 271659 403615 1351316 755109 434497 185134 197956 319812 5763 3715
internal_value=1.30274e-11 0.000920418 0.00148023 0.00351521 0.00100073 0.000626829 0.00505954 0.00132104 0.00625907 0.00832533 0.00264991 0.0055909 -0.0134313 0.00444786 0.00719788 -0.0231161 -0.00111265 0.00767295 -0.00426316 -0.0077904 0.0013088 -0.0079317 -0.0611103 -0.0359328 0.00429285 -0.0049862 -0.0426324 9.35831e-05 -0.00125963 0.00591679 0.00612198 0.0063231 -0.00675289 -0.00945542 0.00763057 0.0203759 0.0131996 -0.000478412 0.000187074 -0.00374202 -0.0057789 -0.0367964 -0.00301771 -0.0318863 -0.000543115 0.00136526 0.00995286 -0.000692832 -0.00176993 -0.000378454 0.000226033 0.000252349 -0.00126419 6.75257e-05 -0.002098 -0.00210214 -0.00286439 -5.58556e-06 -0.00366034 0.00230168 -0.0114793 -0.00446659
internal_weight=122102 45311.9 28580.5 8444.34 3212.96 20136.1 5231.38 1270.79 3960.59 2518.65 1441.94 1840.32 145.004 1296.93 1016.47 106.541 1013.7 267.564 746.135 579.402 990.932 241.889 33.5023 21.2438 749.043 253.572 43.7348 2954.1 2397.07 557.036 976.133 974.452 572.53 481.972 90.5585 59.5222 59.5273 10185.3 8460.14 1725.12 1368.69 111.881 1256.81 105.729 76790.1 5586.13 643.624 71204 16087.2 55116.8 32759.5 32739.1 22357.3 8608.35 13748.9 15411.3 11302.2 4109.15 1590.22 2518.93 123.113 99.1893
internal_count=9479779 1467034 904739 274186 115413 630553 158773 61461 97312 55441 41871 39710 3405 38466 31815 2600 53523 8720 44803 38508 23492 5598 644 427 17894 6657 1067 98293 85368 12925 30916 30891 37835 30227 7608 4106 4131 358207 306724 51483 39546 5346 34200 5049 8012745 165873 23832 7846872 1975314 5871558 2663606 2661862 3207952 1584977 1622975 1907754 1189606 718148 383090 335058 15246 9478
is_linear=0
shrinkage=0.08


Tree=90
num_leaves=63
num_cat=0
split_feature=0 5 4 5 7 7 5 4 4 4 5 5 5 4 4 1 3 0 1 5 4 3 1 3 1 0 1 1 1 1 0 3 3 3 3 4 1 3 5 4 1 1 4 4 4 3 5 1 1 3 0 1 1 0 1 5 3 0 5 3 5 5
split_gain=8.67939 3.19533 4.6173 3.21095 3.01517 5.95174 3.21189 8.63409 5.6962 5.42806 5.17599 8.44288 4.99347 4.54645 4.70436 4.4833 5.65419 4.24474 5.59358 4.10608 13.3716 6.75805 4.36414 5.47136 4.13355 4.10865 5.56836 4.03381 3.68146 4.23664 4.34622 5.29798 3.59995 3.47314 3.23671 3.19873 3.19501 4.1923 3.1742 4.23947 4.81978 3.11494 3.21975 7.79825 3.48741 5.32481 3.43284 6.61519 3.33284 3.09071 3.04815 3.02109 3.31282 2.99075 2.98078 2.9614 2.87084 3.57427 2.84667 2.82442 8.55782 2.99615
threshold=3.5000000000000004 0.38642528653144842 1033.5000000000002 0.22132766991853717 13.500000000000002 4.5000000000000009 0.71551167964935314 15436.500000000002 3984.5000000000005 6003.5000000000009 0.72761431336402904 0.74265706539154064 0.71393844485282909 37.500000000000007 28.500000000000004 7.5000000000000009 21.500000000000004 20.500000000000004 35.500000000000007 0.73525840044021618 46038.000000000007 20.500000000000004 10.500000000000002 13.500000000000002 24.500000000000004 6.5000000000000009 37.500000000000007 14.500000000000002 54.500000000000007 12.500000000000002 10.500000000000002 3.5000000000000004 8.5000000000000018 11.500000000000002 18.500000000000004 6906.5000000000009 9.5000000000000018 11.500000000000002 0.758103907108307 710.50000000000011 65.500000000000014 24.500000000000004 1950.5000000000002 1153.5000000000002 12611.500000000002 12.500000000000002 0.53013327717781078 11.500000000000002 17.500000000000004 15.500000000000002 28.500000000000004 29.500000000000004 43.500000000000007 13.500000000000002 18.500000000000004 0.28976984322071081 7.5000000000000009 22.500000000000004 0.73808741569519054 1.0000000180025095e-35 0.72761431336402904 0.53195041418075573
decision_type=2 2 2 2 2 2 2 2 2 2 2 2 2 2 2 2 2 2 2 2 2 2 2 2 2 2 2 2 2 2 2 2 2 2 2 2 2 2 2 2 2 2 2 2 2 2 2 2 2 2 2 2 2 2 2 2 2 2 2 2 2 2
left_child=1 2 -1 -4 5 53 7 13 38 -10 28 19 15 14 -7 16 -9 -17 -19 -12 21 22 -21 24 -24 26 -22 -13 29 36 31 -31 56 -32 -20 -29 -11 -38 49 40 -40 42 43 -6 55 48 47 -47 -46 -8 59 -34 -53 -2 -16 -44 57 -27 -52 60 61 -43
right_child=4 -3 3 -5 41 6 8 12 9 10 11 27 -14 -15 54 17 -18 18 34 20 25 -23 23 -25 -26 32 -28 35 -30 30 33 -33 51 -35 -36 -37 37 -39 39 -41 -42 50 44 -45 45 46 -48 -49 -50 -51 58 52 -54 -55 -56 -57 -58 -59 -60 -61 -62 -63
leaf_value=-0.00065888287046958038 0.00019611454365363264 -0.00038306520692747128 -0.016192756002473573 -0.0046506973674301276 0.00029513406269953205 0.00715883514463048 0.0075470603506333344 0.036640991607352166 0.019565002325258256 0.024277160412858285 0.00061980251280423237 0.014323019286769781 -0.032573491018185241 0.0029185712534147623 0.068839318785015785 -0.0089559102680417078 -0.010463238457287362 0.10552682171422699 -0.00088842983384161103 0.021720491559763869 0.021558937302673494 -0.10701879623592186 -0.13532331861715735 0.018846995270006554 -0.038980321882672045 -0.032674412653689498 -0.10153442504021913 0.043300083537059164 -0.025394397124213982 -0.03316958846701136 0.029251987792095008 0.056745367263101316 -0.055848877914985322 -0.037418878577547381 0.082091571856989551 0.0040864454567569094 0.010962985047297908 -0.08539804672706533 0.011973524632393481 -0.020376199350980749 -0.084193375855884808 0.021934421073225269 -0.091439242765825351 0.0095757085375529037 0.0086511891908297531 -0.072428496696341008 -0.00037835316533291733 -0.00035987274466395567 0.00014638934853039223 -0.0095653636827541383 0.010055209965707483 0.037250801219517585 -0.076883299049074788 0.0028233773575762743 0.020187076772278406 -0.0013850997964821655 0.050923005963963854 0.039953016118571702 -0.0015666478832864976 -0.0014970243959705521 -0.048676237726487888 -0.0096404676979930382
leaf_weight=3159.0930509269765 16800.845633499652 71834.681104856514 170.79006953476892 1593.6079040623154 1762.9687322680238 55.597129319241503 230.1779616995409 35.618977428297512 213.69684964827047 14.729533859034293 282.38935905066137 448.0748788226831 43.990230329683982 5249.3498601317151 16.835472600767389 503.71162170486059 30.083805202972144 4.263176804086469 28.332661814638417 6.5726522831246283 45.867930219043046 12.225357738556339 5.4809581332374346 4.5099626422888823 5.9377969487104565 14.436360871884977 2.4791275704046702 13.551696824608369 9.3377446720842254 4.5863965237513176 15.136207482544707 49.017127225873992 18.358167664497163 7.4679397558793417 3.3657893558265632 756.60823803460698 6.5253989208722469 5.1859614007255459 55.69748723865132 108.92344426995305 3.5479278136044732 25.56601198995395 2.3383837407445744 863.18304785873806 906.21882785020557 12.48430239711888 1576.089126447315 23.486041717696935 437.14786845107074 95.604939898197699 282.73051425858262 5.5090772716794154 2.310090888524428 3321.1939245277172 15.460742124647366 4125.3742682336306 6.2786002943757913 6.1989711596779662 257.94819502996438 6334.3330533724911 32.896683248982299 77.65182529060985
leaf_count=1093200 553406 6295075 136367 488103 45051 2120 5690 516 4133 257 6205 7297 1019 196162 290 20266 488 81 637 72 928 217 95 60 200 493 246 241 398 151 304 783 358 137 26 17020 94 92 1113 2716 153 1717 142 21334 18109 360 33893 863 11839 1972 6386 112 83 77147 740 101499 108 113 5257 310260 1202 4383
internal_value=-1.16484e-11 -0.000518196 -0.00248978 -0.00576794 0.000878334 0.00137776 0.00316047 0.00216097 0.00559638 0.00752911 0.00605834 0.00491992 -0.00654909 0.0032207 0.0212651 -0.00465801 0.015073 -0.00706017 0.0194933 -0.0048824 -0.0162933 -0.0591401 -0.0331268 -0.0557584 -0.0852246 -0.00162495 0.015247 0.00828774 0.0226976 0.0270724 0.0366458 0.0490521 -0.0169892 0.00722532 0.00792251 0.00477645 -0.00051972 -0.0317071 -0.00208237 -0.0110084 0.00621454 2.51154e-05 0.000952995 0.00334554 6.59312e-05 0.00216377 -0.000936063 -0.0253729 0.00588362 0.00252521 -0.00125985 -0.0381121 0.00353108 0.000629751 0.0455487 -0.00143612 0.00355553 -0.0108567 0.00451063 -0.00174204 -0.0131442 -0.00181969
internal_weight=122044 76758.2 4923.49 1764.4 45285.5 28565.1 8443.03 5986.61 2456.42 1962.47 1748.78 1636.79 649.366 5337.24 87.8933 605.376 65.7028 539.673 35.9616 418.554 136.165 34.7267 22.5014 15.9287 11.4188 101.438 48.3471 1218.23 111.986 102.649 76.2077 53.6035 53.0913 22.6041 31.6985 770.16 26.4409 11.7114 493.952 168.169 59.2454 16720.4 9709.29 2626.15 7083.14 2955.43 1612.06 35.9703 1343.37 325.783 7011.13 26.1773 7.81917 20122 32.2962 4127.71 26.9139 20.6353 540.679 6470.45 136.115 103.218
internal_count=9479779 8012745 1717670 624470 1467034 904739 274186 222345 51841 40197 36064 33848 23033 199312 3150 22014 1004 21010 744 9290 3085 644 427 355 295 2441 1174 24558 2216 1818 1375 934 1267 441 663 17261 443 186 11644 3982 1266 562295 233090 66385 166705 65064 35116 1223 29948 7662 329205 553 195 630553 1030 101641 714 606 11643 317562 7302 6100
is_linear=0
shrinkage=0.08


Tree=91
num_leaves=63
num_cat=0
split_feature=0 4 3 1 1 3 5 5 4 4 0 4 4 5 5 5 7 5 7 4 5 4 1 5 5 3 4 3 4 1 4 5 1 1 5 5 3 5 1 3 5 4 1 4 3 5 1 3 1 3 3 7 5 1 5 3 1 0 7 7 3 7
split_gain=8.10812 3.47737 3.27142 5.35291 4.69537 3.98422 3.42499 3.14636 5.23924 4.36143 2.90388 2.79457 3.94267 3.78641 3.60647 3.598 3.56236 2.78814 2.72568 2.67085 4.84937 7.33824 4.87431 4.08583 4.86858 4.5474 3.88632 3.88229 3.72175 3.33031 3.91006 7.13686 3.12504 5.36641 3.11007 3.63478 3.0741 4.06962 3.35192 3.39755 3.2371 2.96592 3.37993 2.84228 2.97869 2.69457 2.62465 4.42709 5.68503 4.32188 2.62299 3.94541 3.50202 3.33523 3.31451 3.30651 2.60491 3.5081 4.09141 3.77159 3.51421 2.67467
threshold=2.5000000000000004 37.500000000000007 18.500000000000004 75.500000000000014 21.500000000000004 19.500000000000004 0.41808228194713598 0.79679140448570263 164736.00000000003 72837.500000000015 33.500000000000007 20.500000000000004 37.500000000000007 0.15310718119144442 0.16254932433366778 0.66562321782112133 20.500000000000004 0.59441441297531139 17.500000000000004 4578.5000000000009 0.71393844485282909 15903.000000000002 4.5000000000000009 0.73525840044021618 0.73808741569519054 17.500000000000004 9739.5000000000018 17.500000000000004 4065.5000000000005 10.500000000000002 75.500000000000014 0.7466147541999818 25.500000000000004 27.500000000000004 0.79430580139160167 0.72761431336402904 6.5000000000000009 0.7822885811328889 3.5000000000000004 4.5000000000000009 0.79430580139160167 227752.50000000003 13.500000000000002 195199.50000000003 14.500000000000002 0.70717167854309093 6.5000000000000009 15.500000000000002 30.500000000000004 11.500000000000002 7.5000000000000009 9.5000000000000018 0.79679140448570263 3.5000000000000004 0.81396234035491954 9.5000000000000018 9.5000000000000018 7.5000000000000009 13.500000000000002 12.500000000000002 1.0000000180025095e-35 20.500000000000004
decision_type=2 2 2 2 2 2 2 2 2 2 2 2 2 2 2 2 2 2 2 2 2 2 2 2 2 2 2 2 2 2 2 2 2 2 2 2 2 2 2 2 2 2 2 2 2 2 2 2 2 2 2 2 2 2 2 2 2 2 2 2 2 2
left_child=2 -2 6 4 11 -5 -1 8 9 -6 56 15 14 -14 -13 -4 -15 -16 -19 28 26 22 23 -22 -25 36 -21 41 29 30 31 -8 -24 34 35 -34 37 -26 39 -39 -40 42 -23 -44 -45 -28 -43 49 -49 -48 54 53 55 -52 -38 -53 -3 61 59 -59 -60 -58
right_child=1 10 3 5 7 -7 19 -9 -10 -11 -12 12 13 16 17 -17 -18 18 -20 20 21 27 32 24 25 -27 45 -29 -30 -31 -32 -33 33 -35 -36 -37 50 38 40 -41 -42 46 43 44 -46 -47 47 48 -50 -51 51 52 -54 -55 -56 -57 57 58 60 -61 -62 -63
leaf_value=-0.0036533383189039817 0.0090577873820849638 0.0014299636228784418 0.015410244211963964 0.23298052756997234 0.0035428568333231974 0.045522682481614861 -0.0091142768222851247 0.027070144154719082 -0.033383528423851005 0.022552060043970895 0.0054517380925989782 0.020893502032292535 -0.020268096883117516 -0.00023770695575173453 -0.016957580223554803 -0.12953555686253312 0.017092570824711509 -0.086375373247990356 0.02048710044123769 -0.0046733803250824579 0.024613327216415487 -0.00056724874991426189 0.00072347192561929914 -0.051392658167349038 -0.026708060937094831 0.066832173001143927 -0.0012867357296327039 -0.015463078982392525 0.0058892390597382908 -0.0021284244320956369 0.0011859411492333627 -0.12810471691997058 -0.0024863871184201158 0.0070341809550124668 -0.041398774123687469 0.080634977420517465 0.021707591075799563 0.014334260530661119 0.085793448413150827 -0.06559771708566095 0.010088349826623799 -0.0013280570073740902 -0.0086322145403795805 0.015257513245493839 -0.064288954038188656 -0.0090359909369526568 0.0070801425805657068 0.031908257791992023 -0.11569426353260653 -0.0087120221731691837 0.005841196994756501 -0.010108339981860264 -0.0090761424354991304 -0.055093383472251886 0.090052020855576509 0.037683275675370984 -0.00041093094300211438 0.0017888967526896379 -0.014430497053997602 0.011268040503741441 -0.00023408222434671258 0.013400450591892004
leaf_weight=3278.1305317513834 313.48324611499265 15743.725023320818 91.002588212671981 0.99929445986981535 964.02094547902379 2.6496904377936517 153.3681613425515 40.057609336654423 23.182876229344402 83.975981484691147 782.6165136735799 14.857905689241305 60.241461488814821 27283.831123677766 82.412527554566623 1.1094106378732238 76.123225431016181 7.167445545201188 1.9413293360266832 3392.3632358896539 138.85580492345707 1984.1616735176335 729.7243052956037 8.7746006951201689 33.375961169312177 8.4762140251696092 9341.7136428903286 116.74101289606187 661.93339291877419 3910.4552894130247 5978.2836095111261 3.295303664635866 4.3795353418681833 108.26763094105991 2.0907932381378478 14.561819905618902 21.871735016815368 10.08043612167239 6.0577362189069399 5.1380250500515112 8.9636547262780351 664.3708199827347 624.00315547355422 50.639552775945049 3.2033335136948144 296.28478914947482 539.73248987167608 53.811772773857228 1.7235231845406804 139.59502390146008 13.163278562016785 11.7419494879432 23.777229042736508 10.206143516115844 5.7315223049372426 43.921309910016134 25924.790403761777 11005.742794247753 113.51634680138341 275.35862183148856 6598.7087979914504 90.049594956450164
leaf_count=1386609 12936 303196 71257 634 317765 1726 10421 3005 2345 11006 16899 5251 40181 1899080 12211 116 3148 557 136 517464 3006 67919 43661 233 769 104 1119395 5090 90625 1110419 360691 213 790 30024 326 1456 459 155 83 118 173 12408 93345 4575 362 24157 27501 1715 230 6349 234 295 475 234 51 901 1370126 284295 3732 10572 183852 2718
internal_value=-2.02577e-11 0.00065377 -0.000650684 -2.92354e-05 -4.15411e-05 0.096859 -0.00120176 0.00505712 0.00423392 0.00506606 0.000610249 -0.000246686 -0.000293237 -0.000233601 -0.0156647 0.0136645 -0.000189489 -0.0215997 -0.0636001 -0.000925823 -0.00150995 0.000508956 0.00599739 0.0139533 0.00694737 0.00947526 -0.00234463 -0.00107946 7.89257e-05 -0.00030394 0.000858998 -0.0116172 0.00275459 0.0142175 0.0511953 0.061416 0.00696961 -0.00744802 0.0138094 -0.0126522 0.0406182 -0.000666004 -0.00223341 -0.00711051 0.010525 -0.00152496 0.00231594 0.00561039 0.0273275 0.00383501 0.0140026 0.00812373 0.0166238 -0.0207708 0.0358986 0.0276018 0.000546836 0.000230902 0.00108975 0.00202027 -0.00047417 -0.000363123
internal_weight=121985 60848 61136.5 28733.6 28729.9 3.64898 32403 1111.24 1071.18 1048 60534.5 27618.7 27526.6 27420.2 106.379 92.112 27360 91.5213 9.10877 29124.8 18417.5 5387.14 1209.16 350.136 211.28 202.505 13030.4 4177.98 10707.3 10045.4 6134.95 156.663 859.024 129.3 21.0321 18.9414 194.029 63.6158 30.2399 15.2185 15.0214 4061.24 2662.01 677.846 53.8429 9638 1399.23 734.863 55.5353 679.328 130.413 102.81 79.4405 23.3694 27.6033 55.6633 59751.9 44008.2 17993.3 11281.1 6712.23 26014.8
internal_count=9479779 2188326 7291453 2368418 2366058 2360 4923035 334121 331116 328771 2175390 2031937 1960564 1942409 18155 71373 1902228 12904 693 3536426 1964057 303041 83547 7290 4284 4051 1661016 219494 1572369 1481744 371325 10634 76257 32596 2572 2246 3947 1298 529 273 256 214404 166201 98282 4937 1143552 48203 35795 1945 33850 2649 2139 1671 468 510 1196 2158491 1855295 482451 294867 187584 1372844
is_linear=0
shrinkage=0.08


Tree=92
num_leaves=63
num_cat=0
split_feature=2 0 2 0 2 5 4 5 4 4 6 5 6 7 4 2 0 6 4 0 2 4 4 6 5 7 5 5 6 6 4 6 5 6 4 6 4 5 5 4 6 6 4 5 2 6 6 2 5 5 5 6 5 5 5 7 5 7 4 2 6 4
split_gain=15.9021 3.88784 4.33243 4.05253 3.88465 3.09311 5.74756 2.99969 4.36088 6.83487 3.92225 3.84542 3.53371 3.55141 3.46411 3.11555 2.80778 2.97984 2.9854 3.74071 2.68658 2.63651 9.95376 7.88455 5.76466 6.0699 4.90298 3.81722 4.43173 4.28726 3.73269 5.59872 7.30669 5.13266 5.1758 6.46824 3.65006 3.69917 3.60788 4.03278 3.6047 7.94541 3.80572 4.02979 3.59165 3.57742 3.72498 5.53168 5.16728 3.40869 3.58636 3.12683 2.90413 7.49378 2.7999 2.7917 2.73701 3.22001 2.60294 3.64256 2.5811 2.58095
threshold=0.63762626051902782 3.5000000000000004 0.94281044602394115 22.500000000000004 0.31866537034511572 0.35783077776432043 1950.5000000000002 0.33422820270061498 572.50000000000011 1090.0000000000002 11.500000000000002 0.28331096470355993 28.500000000000004 18.500000000000004 903.50000000000011 0.35032467544078832 1.5000000000000002 18.500000000000004 4155.5000000000009 14.500000000000002 0.5025252401828767 3094.5000000000005 2428.5000000000005 127.50000000000001 0.4466282725334168 17.500000000000004 0.70944577455520641 0.42292030155658727 80.500000000000014 130.50000000000003 686.50000000000011 27.500000000000004 0.60732638835906994 29.500000000000004 1627.5000000000002 25.500000000000004 4155.5000000000009 0.41619303822517401 0.61456319689750682 423.50000000000006 27.500000000000004 25.500000000000004 2707.5000000000005 0.61807408928871166 0.99375000596046459 8.5000000000000018 24.500000000000004 0.99375000596046459 0.40119273960590368 0.7725205421447755 0.76968595385551464 119.50000000000001 0.64340594410896312 0.59640088677406322 0.59640088677406322 5.5000000000000009 0.3487056195735932 8.5000000000000018 85.500000000000014 0.55625879764556896 1.0000000180025095e-35 637.50000000000011
decision_type=2 2 2 2 2 2 2 2 2 2 2 2 2 2 2 2 2 2 2 2 2 2 2 2 2 2 2 2 2 2 2 2 2 2 2 2 2 2 2 2 2 2 2 2 2 2 2 2 2 2 2 2 2 2 2 2 2 2 2 2 2 2
left_child=4 21 -3 -4 60 6 7 10 15 12 11 -6 -10 -14 20 -9 -8 -18 -19 -20 -13 22 30 24 56 40 -27 28 36 -30 31 32 54 34 35 52 37 -23 -34 -40 41 -26 -42 -44 55 -36 47 48 -47 50 -29 -51 53 -32 61 -38 -24 -58 59 -17 -1 -2
right_child=1 2 3 -5 5 -7 16 8 9 -11 -12 14 13 -15 -16 58 17 18 19 -21 -22 27 23 -25 25 26 -28 49 29 -31 33 -33 38 -35 45 -37 44 -39 39 -41 42 -43 43 -45 -46 46 -48 -49 -50 51 -52 -53 -54 -55 -56 -57 57 -59 -60 -61 -62 -63
leaf_value=-0.080225987019269029 0.010124672363924565 0.0027338339194497904 0.0067646288174982167 0.03173881903973428 -0.0008069039670268878 0.00040644224311626602 -0.03339024532791203 -0.0056842739981224554 -0.017889828541916786 -0.027829806900431128 -0.00065490621486071605 0.060031579600692622 0.046326658948320415 -0.040522097688175336 -0.073322454596492892 -0.028426413606327909 -0.036632680660180772 -0.0179831440151751 0.017917775733167832 -0.10727545038353505 -0.039166958170485051 -0.12643641112743759 0.040734245293563245 -0.068852530254003536 0.020466691044309895 -0.014314661789356998 0.067205568866688201 -0.00056250595792560975 -0.073331461231204098 0.057766795371166899 -0.013845116650759593 0.002068496647770572 0.11323811102820691 0.00028270604506555651 0.036855726284798294 -0.078321043196665177 -0.039665949984255329 0.013282841368003236 0.061415031349633227 -0.014008117362493426 0.046774796823320301 -0.12390727370546686 0.037245078251289414 0.0045654401750608812 -0.072310480459486501 0.049594839952755314 0.036902348673293735 0.036643661893127934 -0.061563836308925354 0.0041737539044724662 -0.015158084861663913 0.039441856411529953 0.014527480535208845 -0.088668903494783249 -0.061038632126558225 0.03201099830371254 -0.003806305136612319 -0.086508161360372093 -0.045911391857281707 0.078231986826044195 -0.00069985130720053512 0.079156546006665399
leaf_weight=2.6120510876498875 92.239149280660286 7312.5512694162426 1428.5477518592234 42.8304281631099 22.357239096192643 37952.451046540904 52.569335452950327 37.835002938983962 9.7551037677330878 26.351687267306261 491.89697909238021 21.936538998968906 28.48722585558426 3.36983509059064 1.4971651483792801 8.1594688938930613 22.271391437287093 43.348825105698779 36.59951791795902 1.5939926123246539 1.8985286494716991 2.9028896489189746 3.0135434484109274 6.4903379026800385 13.069817624054851 36.720913478428201 5.4185756212100378 3272.6510106237401 13.667696678079661 1.8076337887905545 52.509800092084333 569.33060549340121 5.6238352209329632 763.73993771013625 14.991612800899928 13.765071111265568 4.3105983282439473 2.0829537258159689 17.594357181806121 6.1135841943323603 74.391932173690293 2.9994787089526644 54.5178162176162 43.353659930173308 3.212770787999033 3.1568773929029765 8.4713360646073834 7.2231233815787155 17.585837356746197 720.3921886933249 111.41151090639596 16.456167738386284 13.762934473343192 10.236438108683613 3.4111354173201098 17.998076064512134 6.1226431578397733 5.9325661584734917 38.638275235076435 2.7365468041971317 68294.3131747562 3.6015917095355681
leaf_count=144346 1794 137666 27900 1665 2231 962186 10045 3048 629 1730 40472 1057 1429 235 160 306 1032 2105 1462 47 46 131 108 136 237 672 61 55444 508 53 1152 10489 45 13292 295 206 115 57 197 114 1035 44 796 710 54 56 131 103 428 10504 1730 251 218 211 61 450 126 181 1330 34 8036374 49
internal_value=-2.88065e-11 0.00245741 0.0035308 0.0074916 -0.000339726 0.00029947 -0.00446955 -0.00135125 -0.0111475 0.00405047 0.00146883 0.0233743 0.0242393 0.0371398 0.0447157 -0.0229699 -0.0183263 -0.0106982 -0.00361484 0.0126929 0.0521301 0.000891787 0.00340028 0.0181796 0.0204801 0.0236144 -0.00383225 -0.000225167 -0.0231474 -0.0580182 0.00107712 0.00547371 0.020551 -0.00231176 -0.0162952 -0.0278353 -0.00545863 -0.0680654 0.0556308 0.0419656 0.0297556 -0.00648201 0.033136 0.0227691 0.00677216 0.00396148 -0.00957245 -0.0236505 -0.0446464 3.06075e-05 -0.00104303 0.0049614 -0.0187522 -0.0260519 0.0101839 0.0181612 -0.0274585 -0.0445052 -0.0361728 -0.00163903 -0.000702893 0.0127188
internal_weight=121907 14806.2 8783.93 1471.38 107101 38803.8 851.303 694.92 155.333 67.9639 539.586 47.6895 41.6122 31.8571 25.3322 87.3693 156.383 103.814 81.5423 38.1935 23.8351 6022.28 1855.39 252.031 245.541 230.472 42.1395 4166.89 45.9826 15.4753 1603.36 697.914 128.584 905.443 141.703 90.2742 30.5073 4.98584 29.3318 23.7079 188.333 16.0693 172.263 97.8715 25.5214 51.4288 36.4372 27.9658 20.7427 4120.91 3384.06 736.848 76.5092 62.7462 99.2519 22.3087 15.0688 12.0552 49.5343 10.896 68296.9 95.8407
internal_count=9479779 269475 167231 29565 9210304 1029584 67398 52707 8741 4023 43966 3494 2293 1664 1263 4718 14691 4646 3614 1509 1103 102244 32947 4106 3970 3555 733 69297 1368 561 28841 12749 2260 16092 2800 1787 807 188 356 311 2822 281 2541 1506 619 1013 718 587 484 67929 57174 10755 1581 1363 1904 565 415 307 1670 340 8180720 1843
is_linear=0
shrinkage=0.08


Tree=93
num_leaves=63
num_cat=0
split_feature=2 2 0 3 7 3 4 4 2 2 2 3 2 3 4 7 4 1 3 4 4 4 4 2 4 1 4 1 1 7 7 2 4 4 4 4 3 4 4 2 2 2 4 4 0 4 3 2 4 4 3 2 1 0 2 3 2 4 4 1 4 0
split_gain=14.2725 4.87196 3.0529 3.01434 3.88477 3.23126 2.98442 5.45717 4.33891 3.56265 2.86029 3.17619 2.85739 3.03096 4.61787 2.83554 4.89456 3.51575 4.03332 2.85038 9.79334 5.97842 3.37409 3.37171 3.23928 3.25939 2.72705 2.69623 2.56584 2.51427 5.69397 3.30459 4.00785 4.29943 7.88998 6.69403 4.59004 3.30972 3.29636 3.50506 3.71766 3.1993 6.61546 4.90394 3.66455 3.17354 3.24406 3.11309 3.78715 3.11275 3.40875 3.0383 2.86695 2.77772 2.54126 2.52864 2.7635 2.86138 3.16641 2.73151 2.51379 2.50937
threshold=0.44543650746345526 0.8760964870452882 5.5000000000000009 8.5000000000000018 1.5000000000000002 29.500000000000004 1153.5000000000002 1295.5000000000002 0.6012820601463319 0.55625879764556896 0.9574275314807893 14.500000000000002 0.49725274741649633 25.500000000000004 1627.5000000000002 20.500000000000004 85.500000000000014 42.500000000000007 1.5000000000000002 369.50000000000006 478.50000000000006 533.50000000000011 278.50000000000006 0.23845060169696811 105.50000000000001 27.500000000000004 8874.5000000000018 15.500000000000002 5.5000000000000009 6.5000000000000009 8.5000000000000018 0.61577314138412487 42641.000000000007 4396.0000000000009 1456.5000000000002 4997.5000000000009 24.500000000000004 49295.000000000007 1671.5000000000002 0.49725274741649633 0.6012820601463319 0.53001201152801525 6906.5000000000009 7345.0000000000009 7.5000000000000009 46.500000000000007 21.500000000000004 0.4552139043807984 253302.00000000003 2535.5000000000005 16.500000000000004 0.5838744342327119 10.500000000000002 2.5000000000000004 0.46720430254936224 13.500000000000002 0.54606062173843395 426007.50000000006 86383.000000000015 48.500000000000007 105.50000000000001 1.5000000000000002
decision_type=2 2 2 2 2 2 2 2 2 2 2 2 2 2 2 2 2 2 2 2 2 2 2 2 2 2 2 2 2 2 2 2 2 2 2 2 2 2 2 2 2 2 2 2 2 2 2 2 2 2 2 2 2 2 2 2 2 2 2 2 2 2
left_child=15 3 -3 -2 5 6 -5 8 9 -8 11 -4 -9 26 -15 -1 17 -17 -19 22 -21 -22 24 -23 -18 -26 -14 -16 -10 31 -31 32 33 34 -6 51 -37 -34 -36 49 -41 43 -43 52 -44 46 -33 48 -39 50 -40 -35 -38 -32 -45 56 57 58 -49 -60 -47 -25
right_child=1 2 10 4 29 -7 7 12 28 -11 -12 -13 13 14 27 16 19 18 -20 20 21 23 -24 61 25 -27 -28 -29 -30 30 53 45 37 35 38 36 41 47 39 40 -42 42 44 54 -46 60 -48 55 -50 -51 -52 -53 -54 -55 -56 -57 -58 -59 59 -61 -62 -63
leaf_value=-0.00052566718688199583 0.0024148989389203546 0.0028137191419996149 0.0095890654811396844 0.015492948662174447 -0.011126761346957732 -4.260140755361112e-05 -0.03182100464147572 0.026339888404467108 -0.034560680993821667 0.076388172858970538 0.012210647508104935 -0.0039693710914189759 0.0059127882253996135 -0.068232885026270756 0.032771979924226965 -0.017120260357626572 0.046006466548629596 -0.13753072342160785 0.055202421934838986 -0.057824121986009447 0.068333105598783708 0.00066683450245343817 0.045540157573465974 0.0028335256307692081 -0.01209803255099271 0.033990461477962641 -0.0092370604666003938 -0.029422113327346861 -0.12533199801207051 0.0045502460863350632 -0.002524477265989812 -0.0043180049983530438 0.015873032944470108 -0.032939926282159193 0.036787756046072019 -0.0023483002692101041 -0.02391193801071716 0.0017171959122472271 0.048758870648966779 0.011250656635756882 -0.064891181169411838 0.019462242511947742 -0.037253832716248901 -0.030019345970383322 -0.0045776316031865046 0.034709250049347981 -0.1155005607841799 -0.011235366327338181 0.03685359417538929 -0.051256239529988007 -0.049495294831487194 -0.099917274321109348 -0.078020076324641474 0.00092634453709193349 -0.0015751939084798605 -0.00011792166207292591 -0.015654196134186688 -0.02200341953869538 0.0092473595097619671 -0.053909450647442708 0.00087350127234235206 0.036993854872904151
leaf_weight=91303.376543755454 8487.4242291548144 2122.9938327955124 246.79186835888027 243.35461690823831 210.0715375756854 510.00525083946923 7.4522143341600913 41.731121637392789 3.7779324557632199 2.6360729010775685 527.69563936680879 200.34331751304057 289.83667486899321 3.450778672238811 49.712854833342135 71.770726545219077 13.909763993258819 0.76464562115142864 7.6198887910431949 14.414287255902307 10.790479742805472 143.99634401025833 28.564995876571629 22.685153328580782 32.149105085525662 14.13961409870535 103.0893602988217 4.9008490624837568 4.218427233863622 2337.1612677856028 1996.0743329430825 3.7831748253665856 77.214197613997385 33.24012065003626 25.859603109769523 505.84496948856395 36.160028782207519 56.939243647502735 5.7472855970263499 211.60471097741902 4.1851237593218675 20.094030478736386 98.270643122727051 22.128508217865601 28.288280701031908 14.111150332260875 3.0205413494259119 89.942258421971928 29.964224979281425 11.969257345888762 3.7241306798532605 4.9846903902944169 7.5811915989033869 5921.8976356806488 219.52645040384959 1563.8224213486237 153.16647876449861 40.950970457168296 157.3003801133018 4.5083253027405581 3387.1322710513105 34.990726495161653
leaf_count=8876702 163712 34378 7513 4636 4539 9969 201 858 80 53 13226 4886 5878 86 913 7148 933 221 1355 1113 620 9335 2152 711 2449 1645 2323 117 92 37443 44921 69 1662 791 484 10953 826 1195 94 4412 85 426 2227 503 498 227 83 1960 401 321 98 132 200 113309 4936 27882 2771 591 2684 117 58945 689
internal_value=4.82058e-12 0.00151041 0.00451552 0.00116611 0.000594748 0.00487574 0.00820179 0.00472819 -0.0384328 -0.00354591 0.00822171 0.00351407 0.00631235 0.00445916 0.0215198 -0.000496377 0.0062603 -0.0113936 0.0376257 0.0107434 0.00598825 0.0103175 0.0228975 0.0072134 0.0121533 0.00198042 0.00193802 0.0271909 -0.0824465 0.000281674 0.00108056 -0.000883533 -0.00256562 -0.00582429 0.000434144 -0.008858 -0.00752054 -0.000393062 0.00966527 0.00670875 0.00977393 -0.0135762 -0.0231797 -0.0086414 -0.0299501 0.000904695 -0.053678 -0.000992116 0.0138322 -0.0241408 0.0101256 -0.0416741 -0.0332899 5.64126e-05 -0.00417984 -0.00163315 -0.00694761 -0.00239159 0.000798557 0.00748768 0.00101388 0.0235579
internal_weight=121835 30135.7 3097.82 27037.9 18550.4 1264.17 754.161 510.806 18.0846 10.0883 974.831 447.135 492.722 450.991 58.0645 91699.2 395.796 80.1553 8.38453 315.64 226.877 212.463 88.7635 201.672 60.1985 46.2887 392.926 54.6137 7.99636 17286.3 10255.1 7031.14 3623.09 1449.28 473.162 976.119 937.894 2173.81 263.09 237.231 215.79 432.049 146.653 285.396 126.559 3408.05 6.80372 2096.59 86.9035 21.4407 9.47142 38.2248 43.7412 7917.97 241.655 2009.69 445.868 292.702 251.751 161.809 3401.24 57.6759
internal_count=9479779 574706 60003 514703 350991 25206 15237 10601 426 254 25625 12399 10175 9317 1116 8905073 28371 8724 1576 19647 12468 11355 7179 10735 5027 4094 8201 1030 172 325785 195673 130112 70788 31525 10033 21492 20569 39263 5494 5010 4497 9616 3151 6465 2725 59324 152 37601 1596 513 192 923 1026 158230 5439 36005 8123 5352 4761 2801 59172 1400
is_linear=0
shrinkage=0.08


Tree=94
num_leaves=63
num_cat=0
split_feature=2 3 7 1 6 3 5 5 2 5 3 5 1 2 1 6 5 2 5 3 7 1 5 6 3 5 6 2 7 2 6 6 5 7 2 3 5 1 5 5 3 3 5 5 3 3 5 5 6 2 7 3 1 2 5 6 2 7 2 5 3 3
split_gain=13.3267 4.17752 3.25498 3.32934 3.3327 3.03145 3.39091 4.94793 3.02026 2.98662 3.99218 2.9895 3.08945 2.96046 2.86873 2.85574 2.73777 3.85715 2.83175 2.68383 2.61087 2.44446 2.43278 2.53709 2.45835 2.77041 2.41474 2.3688 2.36674 2.35437 2.30288 4.17085 5.4275 3.14613 4.44538 3.13445 2.6075 2.56155 3.12565 2.84653 2.49411 6.62236 3.7873 2.58446 4.12759 2.92783 3.77801 3.44114 3.40464 3.8544 2.98265 2.75221 2.62836 2.4344 2.42801 2.38276 2.80045 3.61 4.7341 2.68515 2.36594 2.28954
threshold=0.57294833660125744 28.500000000000004 19.500000000000004 15.500000000000002 95.500000000000014 29.500000000000004 0.59743008017539989 0.6936996877193452 0.31866537034511572 0.48715452849864965 1.0000000180025095e-35 0.4829822331666947 5.5000000000000009 0.84654632210731517 3.5000000000000004 82.500000000000014 0.57653760910034191 0.62563130259513866 0.52732089161872875 18.500000000000004 20.500000000000004 9.5000000000000018 0.53957796096801769 56.500000000000007 22.500000000000004 0.49264453351497656 66.500000000000014 0.77232852578163158 15.500000000000002 1.0000000180025095e-35 38.500000000000007 98.500000000000014 0.47058816254138952 17.500000000000004 0.63762626051902782 5.5000000000000009 0.38642528653144842 5.5000000000000009 0.41619303822517401 0.41055466234683996 3.5000000000000004 2.5000000000000004 0.45191486179828649 0.4466282725334168 24.500000000000004 12.500000000000002 0.27036762237548834 0.42745010554790502 59.500000000000007 0.82807883620262157 5.5000000000000009 17.500000000000004 32.500000000000007 0.6885775923728944 0.38895379006862646 116.50000000000001 0.84654632210731517 14.500000000000002 0.72821971774101268 0.47851802408695226 19.500000000000004 7.5000000000000009
decision_type=2 2 2 2 2 2 2 2 2 2 2 2 2 2 2 2 2 2 2 2 2 2 2 2 2 2 2 2 2 2 2 2 2 2 2 2 2 2 2 2 2 2 2 2 2 2 2 2 2 2 2 2 2 2 2 2 2 2 2 2 2 2
left_child=8 9 -3 5 -5 -4 16 26 29 10 15 30 61 20 -15 28 17 18 -7 27 -11 -9 23 24 25 -16 -8 -14 -2 -1 -12 33 -33 40 -35 -34 -36 38 -38 -39 41 42 54 45 -45 46 -42 48 49 -47 -50 -49 -48 -41 -32 56 57 58 -37 -59 -40 -13
right_child=1 2 3 4 -6 6 7 21 -10 13 11 12 19 14 22 -17 -18 -19 -20 -21 -22 -23 -24 -25 -26 -27 -28 -29 -30 -31 31 32 35 34 36 55 37 39 60 53 43 -43 -44 44 -46 47 52 51 50 -51 -52 -53 -54 -55 -56 -57 -58 59 -60 -61 -62 -63
leaf_value=-0.080208564697585749 -0.04217245970912796 -0.00019822648070645191 0.063057924467884371 -0.006893508738826739 -0.11636417737775454 0.099381747825814784 0.0093173155497037596 0.014718184585437869 0.00025007079562147037 0.0025154083216977745 0.0061765881670258118 -0.090283611872842479 0.0040011172899321696 0.0014027919662352368 0.084185598875426607 -0.0031570648000409807 0.056002212725540623 0.0054833634300299255 0.01004940955949271 0.052391176667198273 -0.053686653033568177 0.063457028962711853 0.0082439482654502634 -0.016994562404926403 0.066251205487919615 -0.003710551260142388 -0.020522606447130064 -0.064531679420744489 -0.1264011988315544 -0.00066192200891805348 0.0078441946823302328 -0.0006016931686576338 0.086093155692794299 -0.036266844885435259 -0.023690827959602902 -0.07908579032720113 -0.031422485352021912 0.070636906174753544 0.062487302780346136 0.025064093396260336 -0.096562085224949482 -0.11117556836013336 0.046958488738799514 -0.016138058570213252 -0.078442324569134123 -0.019917117851333037 -0.015617493154408973 -0.0077520395968757152 0.037215415202296508 -0.13453266967045982 -0.005431138215008938 0.053748980496241903 0.058934155105862217 -0.042247634263236591 -0.099277718698110209 0.04061754935892524 -0.063530563828766831 0.10083322022888977 0.063438676231982835 0.01127194623274763 0.0015360693906168608 -0.028395462729895203
leaf_weight=2.3813624132599207 8.0855849043852022 5502.6479594660086 7.2368443098384878 6.19238458201289 2.4977510394528508 5.5044801020994765 26.716585624963045 40.311176020652056 34909.722292007238 9641.5523522747881 276.11389076200976 4.8365690950304296 11.757247823756193 707.28613683601975 2.4815241564064072 8.7496912088245136 14.397819014266132 39.853954011108726 3.8660134710371494 4.9690839608665547 5.292964960448443 7.8719355543144038 1541.9197046995225 51.059557101107202 4.4477924371658437 30.53437449470232 49.538729198047804 4.4493700288003302 2.9011186906136563 68277.592212298783 2.5024215774610656 180.49090003508809 5.6387952319346359 12.250967886764554 8.4398912735996401 4.2226558998227146 3.4692824832163778 3.0477117407135692 19.41958407650964 5.839978718198835 3.5736084033269426 5.8008330408483735 4.8667149264365435 80.159473141390436 7.4365376746281973 9.6767378100194019 66.424253686540965 6.9451849067845641 13.735581456217913 2.3299332286478593 44.498313095597041 14.134173139660559 3.1710569662973276 8.3628209922462684 2.9511831114068627 21.416796253295615 3.4519046815112224 3.7668843818828446 2.3061407031491399 4.9680484058335423 5.1585622034035614 18.304756824396463
leaf_count=144346 295 94428 119 151 56 80 459 608 959461 173424 5867 129 237 11025 51 270 205 758 74 89 128 137 34828 1120 79 658 865 98 86 8036374 68 4208 81 303 201 104 110 50 345 104 141 140 61 1821 177 263 1748 189 317 59 1119 231 63 191 78 381 51 40 39 77 89 425
internal_value=-1.26276e-11 0.00197159 0.00016964 0.010093 -0.038358 0.0122489 0.0102937 0.00261254 -0.000355225 0.00276965 -0.00167333 -0.000876071 -0.0211247 0.00310353 0.00565772 -0.0372569 0.0253172 0.0163421 0.0625256 0.000956425 0.00248457 0.0226809 0.00750351 -0.00539354 0.0104176 0.00289585 -0.010068 -0.0148139 -0.0644137 -0.000664696 0.000196591 -0.00274951 0.00563785 -0.00842805 0.00722064 0.0302424 0.0171348 0.0247414 0.039661 0.000483771 -0.0122782 -0.0427844 -0.00434324 -0.0103273 -0.0214274 -0.0044161 -0.0163399 0.00513767 -0.00336965 -0.0421586 0.00462787 0.0334857 -0.0122206 -0.0145701 -0.0501241 0.0223951 0.00154265 0.016259 -0.0287424 0.0498947 0.0496946 -0.0413302
internal_weight=121782 18591.8 5706.64 203.988 8.69014 195.298 188.061 124.438 103190 12885.2 900.624 880.888 44.317 11984.6 2337.73 19.7364 63.6223 49.2244 9.37049 21.1757 9646.85 48.1831 1630.44 88.5232 37.4637 33.0159 76.2553 16.2066 10.9867 68280 836.571 560.457 226.262 334.195 65.9888 45.7712 53.7378 45.2979 28.0474 17.2505 268.206 16.1212 10.3203 252.085 87.596 164.489 73.1689 91.3199 70.2406 12.0067 58.2339 21.0794 69.5953 14.2028 5.4536 40.1324 18.7156 15.2637 6.5288 8.73493 24.5781 23.1413
internal_count=9479779 339598 97940 3512 207 3305 3186 2069 9140181 241658 20345 19694 978 221313 47761 651 1117 912 154 424 173552 745 36736 1908 788 709 1324 335 381 8180720 18716 12849 4981 7868 1393 773 1090 889 544 345 6475 347 207 6128 1998 4130 1952 2178 1758 322 1436 420 1811 295 146 692 311 260 143 117 434 554
is_linear=0
shrinkage=0.08


Tree=95
num_leaves=63
num_cat=0
split_feature=2 3 6 6 7 5 0 2 2 0 3 5 5 0 7 3 0 5 5 6 5 0 5 2 6 5 3 5 7 2 2 5 3 5 2 5 5 5 5 6 6 5 6 2 5 3 3 5 0 7 6 0 5 7 5 5 0 6 5 7 0 3
split_gain=12.427 3.92717 3.68777 4.80178 2.81263 6.42112 2.85168 2.76182 2.70233 2.46494 2.59178 4.59907 3.34424 2.34396 2.31494 3.37966 3.76725 2.87665 2.74588 2.24479 3.65351 5.49281 2.92802 2.56306 2.655 2.46739 2.38294 2.22331 2.19533 2.14065 2.12399 3.78361 3.41882 3.23402 2.11033 3.36966 2.82817 2.59494 5.77994 4.71434 3.41058 4.27881 5.61992 3.81894 3.35299 3.2438 3.11187 2.6306 2.62643 2.41075 2.22293 2.73574 2.34817 2.19645 2.13716 3.45461 2.12287 2.29942 2.70092 2.58225 2.32148 2.85479
threshold=0.57294833660125744 11.500000000000002 127.50000000000001 131.50000000000003 2.5000000000000004 0.70717167854309093 17.500000000000004 0.22756041586399081 0.88303694128990184 38.500000000000007 6.5000000000000009 0.74265706539154064 0.55412864685058605 29.500000000000004 20.500000000000004 5.5000000000000009 1.5000000000000002 0.48950688540935522 0.066430240869522109 30.500000000000004 0.77245694398880016 43.500000000000007 0.59054526686668407 0.62563130259513866 122.50000000000001 0.76478019356727611 4.5000000000000009 0.66247043013572704 5.5000000000000009 1.0000000180025095e-35 0.35781671106815344 0.42745010554790502 3.5000000000000004 0.5616184175014497 0.8896499276161195 0.30066822469234472 0.20009532570838931 0.5989007055759431 0.5616184175014497 15.500000000000002 99.500000000000014 0.63989016413688671 91.500000000000014 0.90205478668212902 0.62062227725982677 5.5000000000000009 3.5000000000000004 0.62744787335395824 3.5000000000000004 6.5000000000000009 97.500000000000014 4.5000000000000009 0.69174146652221691 14.500000000000002 0.69076326489448558 0.68444010615348827 14.500000000000002 62.500000000000007 0.54942232370376598 13.500000000000002 8.5000000000000018 6.5000000000000009
decision_type=2 2 2 2 2 2 2 2 2 2 2 2 2 2 2 2 2 2 2 2 2 2 2 2 2 2 2 2 2 2 2 2 2 2 2 2 2 2 2 2 2 2 2 2 2 2 2 2 2 2 2 2 2 2 2 2 2 2 2 2 2 2
left_child=7 2 9 -4 5 6 27 29 13 34 12 28 -11 -8 18 30 17 -17 -9 -14 22 -22 -21 25 26 -24 -25 -3 -12 -1 33 -32 -33 -16 36 -36 -2 38 56 44 41 -41 43 -43 -39 46 47 -42 -48 -50 51 52 -44 -53 55 -47 57 60 59 -59 -37 -62
right_child=1 4 3 -5 -6 -7 8 14 -10 10 11 -13 19 -15 15 16 -18 -19 -20 20 21 -23 23 24 -26 -27 -28 -29 -30 -31 31 32 -34 -35 35 37 -38 39 -40 40 45 42 50 -45 -46 54 48 -49 49 -51 -52 53 -54 -55 -56 -57 -58 58 -60 -61 61 -63
leaf_value=-0.08019238908655256 -0.066107270368673435 0.0066074702521305038 -0.019301207326580697 0.056009152423975479 0.00066958728993011781 0.0480044164351075 -0.027325662256115685 -0.040713973681228637 -0.10496045454411228 0.059321721509674789 -0.019443276714896391 0.042470019801476501 0.018080089241690737 0.050367708354745196 -0.018128020625507679 0.0086515157424743114 0.030343574061310736 -0.048075523175599634 4.6659845658650509e-05 -0.05790889936022775 -0.072837915503844095 -0.005191043458781173 0.023988361941493893 0.019454897951719414 -0.069944026228277875 0.10145288963866836 -0.014373183601703041 -0.0069227004100065109 0.018264382706807757 -0.00076045142228689348 0.026278935258728268 -0.04274871609650658 -0.18583940561910303 0.063220685119955655 0.07344888255545276 0.021293087959613006 0.0027750231540379926 -0.025425944956764829 -0.019318590655997891 0.021282138228896554 0.081400902775944917 0.044969361501822125 -0.039049026000281449 0.001585686408308682 0.057437625982071597 0.003863871266028785 0.08518684475421609 0.0016765091610253691 -0.021162086245041012 0.051181393411560937 -4.6375561683033374e-06 -0.05344518260416433 -0.12628188364441892 0.029785634728906593 0.018382901798596731 -0.076751928876345313 0.054035414696507765 -0.027365862794713331 0.036287438148662858 0.007037191087774626 -0.10981861799528643 0.0059665086994236264
leaf_weight=2.1714702755270983 3.8173834411481939 699.52129803437219 73.365824164706282 5.8505061981268218 10854.527816357702 22.142363728008604 15.118328335229313 10.579549517977282 2.3962885569781056 7.192078862223183 15.39942283979701 39.900000420978813 49.588071227713954 2.9741049613803616 14.391102710738783 30.330764439073391 59.636942470096983 7.051240981090813 52312.902956392238 4.1233721573953508 10.010318611102774 33.029506153485272 14.864414861425759 36.765236557635944 3.0045689906110047 3.1976515771821132 20.905186093994416 87.443362398771569 27.576736762886867 50709.745442917832 2.554382207337766 2.9197398293763399 1.685575994197279 3.9961731880903235 4.8351298682392772 61.486939095599155 5596.930386861538 3.7192666933616492 74.020062154161451 77.303136231152621 3.0716093829250637 13.450562138517908 3.6038735897745999 375.85625790823275 19.567851021180559 57.610329168214179 10.131618636554778 19.244128418435196 3.947067631641402 11.647479571645588 7.2600981981959185 5.3413420709275652 4.3692676462233067 3.2724995280432267 92.228909446796706 3.6155399951967402 6.2191426590411529 29.472046613783732 8.9390035800256538 26.534655025134271 1.9564010547474016 4.4921041055772548
leaf_count=144346 177 12307 1702 80 193699 362 323 4138 81 176 385 1043 1225 52 525 1433 1394 272 1677212 113 228 739 312 878 99 33 521 1624 646 7310570 82 78 63 68 78 1007 104019 71 1265 1422 47 445 95 7943 319 1136 140 426 107 260 146 139 69 63 1862 81 196 656 171 464 57 109
internal_value=6.93783e-12 0.00190555 0.00342208 -0.0137392 0.00101273 0.00550246 0.00433695 -0.000342896 -0.0251277 0.00362202 0.0111775 0.0229114 0.00585425 -0.0145541 6.41424e-05 0.0110458 0.0178626 -0.00204871 3.84182e-05 0.00366298 -0.00201545 -0.0209245 0.00780641 0.0112478 0.00337269 0.0377024 0.00719242 0.00510407 0.00475279 -0.000763853 -0.0148423 -0.0518088 -0.0951209 -0.000448212 0.00331494 0.00683714 0.00272807 0.00649021 -0.00125814 0.00879899 0.00760749 0.00400751 0.000775346 0.00308459 0.0442032 0.0163701 0.0345112 0.01265 0.0534742 0.0328709 -0.0369234 -0.0530827 -0.0868525 -0.0218248 0.0106907 -0.000896692 0.00835245 0.00621439 -0.0045488 -0.0110665 0.0165039 -0.0291613
internal_weight=121721 18562.8 6878.72 79.2163 11684.1 829.596 807.453 103158 20.4887 6799.5 265.557 82.8762 182.68 18.0924 52446 122.566 97.0189 37.382 52323.5 175.488 125.9 43.0398 82.8604 78.7371 60.675 18.0621 57.6704 786.965 42.9762 50711.9 25.547 7.1597 4.60532 18.3873 6533.94 933.196 5600.75 928.361 213.12 715.241 691.954 490.457 413.154 389.307 23.2871 201.497 48.0419 22.3157 25.7262 15.5945 23.8471 16.587 7.97314 8.61384 153.455 61.2259 139.1 132.881 64.9457 56.0067 67.9354 6.44851
internal_count=9479779 339598 131150 1782 208448 14749 14387 9140181 456 129368 6398 2074 4324 375 1685265 3915 3099 1705 1681350 4148 2923 967 1956 1843 1498 345 1399 13931 1031 7454916 816 223 141 593 122970 18774 104196 18696 3925 14771 14381 10322 8900 8388 390 4059 980 473 507 367 512 366 164 202 3079 1217 2660 2464 1291 1120 1173 166
is_linear=0
shrinkage=0.08


Tree=96
num_leaves=63
num_cat=0
split_feature=2 2 0 3 0 1 1 2 3 4 5 4 5 4 4 3 2 5 5 1 1 1 5 2 3 5 4 1 1 1 0 2 5 3 1 2 3 2 3 0 5 2 0 4 4 0 4 4 3 3 4 3 2 4 5 5 3 3 5 3 3 5
split_gain=11.4455 3.98926 4.08699 2.92258 3.46369 3.51086 2.85169 2.82932 2.47359 2.19334 3.89998 4.63304 6.65352 2.95314 6.84245 4.77441 3.0948 3.16873 4.2515 3.59606 5.32448 3.54721 3.44555 4.94787 4.46075 3.56876 5.4093 4.15717 3.74917 4.58087 4.71123 3.53169 3.74326 3.5006 3.65647 3.20389 3.80056 3.38093 3.1637 3.91491 3.09621 2.83746 2.823 6.13137 6.98073 5.1624 4.82838 4.26915 3.98651 4.01332 3.40656 4.906 3.79183 5.50959 3.70831 3.21875 4.67643 3.6129 3.19555 3.82512 3.08885 3.28548
threshold=0.44543650746345526 0.92980295419693004 6.5000000000000009 28.500000000000004 34.500000000000007 43.500000000000007 52.500000000000007 0.62563130259513866 9.5000000000000018 662.50000000000011 0.56039884686470043 751.50000000000011 0.75106957554817211 83472.000000000015 86383.000000000015 27.500000000000004 0.92365968227386486 0.77645063400268566 0.68013089895248424 59.500000000000007 65.500000000000014 18.500000000000004 0.69605797529220592 0.80178570747375499 9.5000000000000018 0.69076326489448558 147804.00000000003 4.5000000000000009 39.500000000000007 5.5000000000000009 2.5000000000000004 0.49725274741649633 0.69713348150253307 12.500000000000002 25.500000000000004 0.52223318815231334 3.5000000000000004 0.67006802558898937 4.5000000000000009 11.500000000000002 0.68848535418510448 0.61577314138412487 5.5000000000000009 955.50000000000011 1121.5000000000002 12.500000000000002 829.50000000000011 2535.5000000000005 6.5000000000000009 15.500000000000002 3530.0000000000005 3.5000000000000004 0.78629976511001598 4396.0000000000009 0.41619303822517401 0.54841411113739025 20.500000000000004 5.5000000000000009 0.4206009060144425 5.5000000000000009 11.500000000000002 0.49782697856426245
decision_type=2 2 2 2 2 2 2 2 2 2 2 2 2 2 2 2 2 2 2 2 2 2 2 2 2 2 2 2 2 2 2 2 2 2 2 2 2 2 2 2 2 2 2 2 2 2 2 2 2 2 2 2 2 2 2 2 2 2 2 2 2 2
left_child=-1 3 -3 9 5 -5 -6 -7 -4 -2 42 12 -12 -13 15 -15 17 18 21 22 -21 -16 23 25 40 27 33 -20 29 30 -28 32 -24 34 -27 36 -29 -37 39 -34 -25 -22 47 45 48 46 -44 55 -45 -50 54 52 53 -52 -49 -11 57 -57 -56 -60 -46 -62
right_child=1 2 8 4 6 7 -8 -9 -10 10 11 13 -14 14 16 -17 -18 -19 19 20 41 -23 31 24 -26 26 28 35 -30 -31 -32 -33 38 -35 -36 37 -38 -39 -40 -41 -42 -43 43 44 60 -47 -48 50 49 -51 51 -53 -54 -55 58 56 -58 -59 59 -61 61 -63
leaf_value=-0.00044419805096684032 0.0041558893098041444 0.0029508945284371767 0.019681360388617685 -0.00025907411076353114 -0.10871032461376257 0.021088194455417378 -0.0045862597781220846 0.10797346566211992 0.0069166027869279759 -0.0070813276965601499 -0.0090759363122343076 0.0025088484142158853 -0.084140046898015144 -0.02594808730981428 0.005566969314197796 0.069706278284897824 -0.075636929453784654 0.0026631615927137746 -0.019420975376468193 -0.098297279770132986 -0.032854338397875042 0.041371116362567781 0.036101969012052093 -0.073257248857311857 -0.082424487952840866 -0.047790252280352739 -0.01365374589509448 -0.037318924354678561 0.054761207178071453 -0.022937451134218745 0.037553905049917034 0.0011897236508587698 -0.095296892092300634 -0.016767400057451858 -0.14314354893555617 -0.012855252635737781 0.029713165282394791 0.023123575647010338 -0.013609365331157412 -0.012480096990572878 0.036273034675561713 0.039121877579868743 0.010061033211956479 -0.077181216507859571 -0.0030007742766321693 -0.0083004407166434781 0.052515494822795009 -0.026525278120539675 0.0024312946772142448 -0.063488307557544504 -0.05753413574617966 -0.0048868552310231007 0.095564564320012729 0.020875121885674437 0.073751962007917768 -0.068951383115945161 -0.072128999180563258 -0.0075969884628267342 -0.019023702180675575 0.016677239530981543 0.017231585940736385 0.00078043558152241887
leaf_weight=91632.297594153206 1924.0565945436356 2284.3735252493398 152.11914399002359 7856.2380418340254 3.4279715870507053 11.884466695133595 3.307674097828567 3.0052131125703445 268.91627354350607 520.99118066287838 97.947447920245395 11638.808603180565 8.1891434835270029 84.689415802363328 92.918561229016632 3.4766634367406359 3.4214194858213878 1854.3822938381109 50.624817349947989 6.2102642260142629 11.900409618741834 21.879199292743579 7.9090357464738181 2.5275155664421645 10.954420334193854 22.432012503501031 25.308590572327375 6.0847542844712725 6.0584428291767827 68.60395083297044 21.072598794475198 814.67523526322566 7.5326810693368298 25.552609235513955 2.9073550920002154 58.736811383394524 49.055106191895902 23.364875784842297 59.579968665260822 7.0930387346306816 4.7669953955337405 4.9690000258851788 32.292867879150435 10.082345457398331 470.05887175995167 27.694445318658836 36.549955683294684 16.358380134217441 18.757325555430729 8.6306377477012557 6.3667392057832322 659.99307226028577 3.778582942672073 57.839853456709534 5.4388762244489035 7.1077414778992525 11.570914112962781 45.230597760993987 22.586167359026149 128.39062995401946 126.3239140935475 201.82118480472127
leaf_count=8905073 38827 37775 4710 143843 43 229 66 33 7616 13391 1825 220608 158 2075 1746 45 130 32275 1040 173 276 404 135 70 243 650 495 99 106 1404 266 14127 135 672 144 1265 936 434 1166 135 111 92 719 246 10434 689 585 609 443 213 188 17140 47 1283 91 191 278 907 493 2826 2891 4460
internal_value=-5.05717e-12 0.00135546 0.0042858 0.00106531 -0.00023459 -0.000185519 -0.0575781 0.0386244 0.0115285 0.00159194 0.00131039 0.00178793 -0.0148676 0.0019058 -0.00018394 -0.0221761 0.000408922 0.000488559 -0.0023659 -0.00367109 -0.0349674 0.0123908 -0.00310451 -0.00951013 -0.0501486 -0.00744898 -0.0157773 0.000173131 -0.0065764 -0.00980821 0.00961168 -0.000404151 -0.0162173 -0.0376612 -0.0587308 0.00740089 0.0223161 -0.00261623 -0.0217936 -0.0551332 -0.00167872 -0.0116533 -0.00167266 0.00177823 -0.000426935 0.0208672 0.0326009 -0.00383801 -0.0341739 -0.0183416 -0.000382277 -0.00277904 0.0176834 0.0131 0.00971642 -0.00915987 -0.0261043 -0.0159291 0.0135067 0.0113364 0.00115726 0.00711353
internal_weight=121661 30028.8 2705.41 27323.4 7877.86 7871.13 6.73565 14.8897 421.035 19445.6 17521.5 15103.6 106.137 14997.5 3358.69 88.1661 3270.52 3267.1 1412.72 1297.92 23.0797 114.798 1274.84 378.051 18.2489 359.802 171.936 187.866 121.044 114.985 46.3812 896.79 82.1147 50.892 25.3394 137.242 55.1399 82.1017 74.2057 14.6257 7.29451 16.8694 2417.86 932.212 835.674 96.5373 68.8428 1485.65 37.4703 27.388 900.752 727.978 67.9852 64.2066 172.774 584.9 63.9093 52.3383 156.416 150.977 798.204 328.145
internal_count=9479779 574706 50101 524605 144214 144105 109 262 12326 380391 341564 283440 1983 281457 60849 2120 58729 58599 26324 24174 541 2150 23633 7935 424 7511 3737 3774 2271 2165 761 15698 1571 1466 794 2734 1035 1699 1436 270 181 368 58124 20680 18687 1993 1304 37444 902 656 22677 18658 1518 1471 4019 14767 1376 1098 3410 3319 17785 7351
is_linear=0
shrinkage=0.08


Tree=97
num_leaves=63
num_cat=0
split_feature=2 2 3 7 5 3 5 7 4 5 5 2 0 4 4 2 3 4 4 4 5 5 3 2 4 5 3 2 5 2 4 5 4 3 5 0 7 3 5 7 4 4 0 5 2 5 5 2 7 4 5 4 2 7 4 5 5 5 7 4 4 5
split_gain=10.988 3.54193 2.74201 3.09928 3.85588 2.77556 2.73949 2.72096 4.09027 3.33242 3.2547 3.23499 3.24627 3.01301 3.83277 2.5458 3.42786 2.80995 2.79158 8.12722 4.01283 5.87737 3.50784 2.89545 2.72345 4.38778 4.47393 3.03589 4.14591 2.46017 2.42963 4.49425 3.13864 7.82351 4.21031 2.93531 2.79127 2.52538 4.21693 6.35799 4.08264 4.02126 3.45751 3.31131 6.51453 2.99 2.73955 2.482 3.82801 3.95321 5.72086 3.87453 2.82879 2.47773 3.16709 3.26034 2.62375 2.55653 4.25178 3.12031 4.977 5.52016
threshold=0.44543650746345526 0.8760964870452882 8.5000000000000018 1.5000000000000002 0.73315289616584789 29.500000000000004 0.72482028603553783 20.500000000000004 85.500000000000014 0.25077867507934576 0.23770491033792499 0.023392613045871261 1.5000000000000002 126.50000000000001 278.50000000000006 0.25126262009143835 2.5000000000000004 126.50000000000001 369.50000000000006 478.50000000000006 0.40729045867919927 0.47666649520397192 3.5000000000000004 0.19890110194683078 8214.0000000000018 0.45384614169597631 18.500000000000004 0.055867666378617294 0.39232537150383001 0.020942983217537407 137.50000000000003 0.64612558484077465 148.50000000000003 2.5000000000000004 0.53630629181861889 14.500000000000002 10.500000000000002 6.5000000000000009 0.55869266390800487 12.500000000000002 105.50000000000001 126.50000000000001 7.5000000000000009 0.55412864685058605 0.61577314138412487 0.51416715979576122 0.43933787941932684 0.82807883620262157 3.5000000000000004 18042.000000000004 0.79679140448570263 903.50000000000011 0.83527129888534557 3.5000000000000004 514.50000000000011 0.33242595195770269 0.69076326489448558 0.49437747895717626 20.500000000000004 72160.000000000015 56016.500000000007 0.6567898988723756
decision_type=2 2 2 2 2 2 2 2 2 2 2 2 2 2 2 2 2 2 2 2 2 2 2 2 2 2 2 2 2 2 2 2 2 2 2 2 2 2 2 2 2 2 2 2 2 2 2 2 2 2 2 2 2 2 2 2 2 2 2 2 2 2
left_child=7 2 30 4 5 -4 -7 -1 10 13 -9 29 -13 -10 -15 18 -17 -18 20 -20 -11 23 -23 -22 25 27 -27 -21 -29 -12 31 37 33 -32 36 -33 -35 41 39 40 46 42 -2 -44 -45 -43 -39 53 51 50 -50 -49 -52 54 56 -56 -34 -55 59 60 -59 -62
right_child=1 -3 3 -5 -6 6 -8 8 9 15 11 12 -14 14 -16 16 17 -19 19 24 21 22 -24 -25 -26 26 -28 28 -30 -31 32 35 47 34 -36 -37 -38 38 -40 -41 -42 45 43 44 -46 -47 -48 48 49 -51 52 -53 -54 57 55 -57 -58 58 -60 -61 61 -63
leaf_value=-0.00046367590435969155 0.021059567776661438 0.0039054763346492412 0.007054902947377947 0.00020974244401816879 0.058828506770713933 -0.0011063332805500193 0.069296072108384413 0.017331584784079368 0.1261920736455665 -1.7997514596921143e-05 -0.057351000229276694 -0.0447798024869899 -0.0062581709390899798 -0.030699687138580043 0.070163826436036122 -0.051507702666043771 -0.04400120393900446 0.03357101828799014 -0.063891986014698782 0.03135348453221741 0.080975148926578047 0.067361184062371404 -0.018003470204310219 -0.048640424566229301 -0.011051801301772158 0.0093407414404429231 0.050854468579123284 -0.0028760158786029751 -0.068014939120229947 0.13572494075466324 -0.15360900859343349 -0.028241016404591045 0.0078558394992190583 0.0045046150276908219 0.039341847130250518 0.016074056762878264 -0.11494466775435942 0.043331581591521402 0.063078209743488947 -0.017031174002640793 0.085592878412863296 -0.0021073671779560568 0.0073524017074384444 -0.12857412105804966 0.035087155462765786 -0.11405870292741213 -0.019768084394454065 0.083819497023294789 0.0016137963630215486 0.015894467044157617 0.00034261727178617037 0.01911299768079102 -0.085040994169961678 -0.0036471044441766334 0.081969629494026267 -0.0047538174673018184 0.058200001858893215 0.0030270288080262537 -0.090587558603396789 -0.00024159780818216889 -0.002875977663134713 0.01969360284205976
leaf_weight=91233.812180454392 69.873152498383206 3066.6746733892433 747.85642892901978 17214.642959785226 8.2499506203457695 503.59407190076581 3.5623426046222439 20.600722863629926 2.6532883043400934 34.877243774943054 0.59670936578186173 24.952716957719531 31.89964452048298 3.9808886729588249 6.1147200922714546 3.6195372664369634 3.1780997216701499 50.118844605982304 11.957363975874612 8.1340412920399086 15.694675183796791 4.1640385586069923 11.842761394684201 1.1863952453713853 50.860247903328855 55.733535112463869 23.670836501580197 19.229953316040341 9.2669838983565551 1.4455824089236555 2.8696917188353828 26.889189729467034 73.091492930892855 2.3343663583509606 6.08283885801211 14.848421445640268 2.7003519008867443 12.192617045249795 17.193701077369042 20.407955069094896 9.1277057649567706 3.2943087960593394 11.71519933245145 3.9337274590507141 2.575843813829124 2.8457928718999028 6.893168236128985 7.949770218459892 140.50354475111362 138.36548105246038 3.6700105625204724 23.224175370531157 7.6799992257729173 439.94939985703058 2.7860537935048333 663.65429594414309 7.2856755834072819 4646.0256871956262 3.1288525005802503 1724.3458813528496 97.902511797146872 237.86296685400885
leaf_count=8876702 1397 60003 15158 325785 124 9876 48 4264 346 3527 384 2733 1241 717 826 107 118 1236 1027 1702 670 189 724 63 2642 3097 721 1348 587 102 53 424 1449 62 111 261 79 246 274 543 113 83 187 95 39 73 165 108 2888 3033 69 526 150 11034 37 13754 105 88445 88 31730 1989 4102
internal_value=-1.49522e-11 0.0013295 0.00103595 0.00049041 0.0043151 0.00395675 -0.000611816 -0.000434963 0.00618392 0.0102612 -0.0100382 -0.0196118 -0.0231655 0.0503294 0.0303914 0.0085783 0.0238291 0.0289454 0.0050586 -0.000180512 0.0188862 0.038934 0.00420345 0.0718658 0.00438415 0.01115 0.0217162 -0.0117542 -0.0240587 0.0793127 0.00223129 0.0109039 0.00201868 -0.0358452 -0.00544774 -0.0124756 -0.0595616 0.0170007 0.0290253 0.0169834 0.0415875 0.00860276 0.0129655 -0.0180667 -0.0638132 -0.0539942 0.020542 0.00208313 0.00897456 0.00611308 -0.00279949 0.035614 -0.0574323 0.00180263 -0.00258202 -0.00439127 0.0124192 0.00226065 0.00264804 0.00269154 0.00370679 0.0131128
internal_weight=121607 29977.8 26911.1 18477.9 1263.26 1255.01 507.156 91629.6 395.779 316.283 79.4954 58.8947 56.8524 12.7489 10.0956 303.535 56.9165 53.2969 246.618 178.853 67.7651 32.8879 16.0068 16.8811 166.896 116.035 79.4044 36.631 28.4969 2.04229 8433.2 201.791 8231.41 13.9872 11.1176 41.7376 5.03472 160.053 65.8151 48.6214 28.2135 94.238 88.0979 18.2248 6.50957 6.1401 19.0858 8217.43 321.393 290.219 151.854 31.1739 11.35 7896.03 746.818 666.44 80.3772 7149.22 6709.27 6706.14 4981.79 335.765
internal_count=9479779 574706 514703 350991 25206 25082 9924 8905073 28371 19647 8724 4460 3974 1889 1543 17758 1461 1354 16297 11124 5173 1646 913 733 10097 7455 3818 3637 1935 486 163712 3900 159812 305 252 685 141 3215 1341 1067 524 1874 1718 321 134 156 411 159507 6774 6140 3107 634 219 152733 15345 13791 1554 137388 126354 126266 94536 6091
is_linear=0
shrinkage=0.08


Tree=98
num_leaves=63
num_cat=0
split_feature=2 2 3 4 4 2 4 1 2 2 0 4 4 2 4 7 7 4 7 7 7 2 4 4 3 2 4 4 4 7 7 7 1 7 4 0 4 4 4 4 7 4 2 7 7 1 0 4 7 7 1 0 1 7 4 4 7 0 3 2 4 4
split_gain=10.0238 3.02576 2.91065 2.46833 4.62466 4.64258 3.85976 4.0215 3.49026 3.40107 3.67947 3.03305 4.34936 2.48468 2.93438 4.86375 3.64513 2.62253 2.43529 2.38131 2.35173 2.61313 2.4623 3.00533 2.34777 2.81742 4.854 3.09609 3.69839 5.26388 2.75022 2.66589 2.23843 2.20942 3.38713 9.39796 6.25858 9.55836 5.47196 5.25529 4.59749 3.10502 2.9786 3.08007 3.40324 2.90446 5.05142 3.19778 4.31655 8.81545 4.14107 3.87715 3.13216 2.75415 3.18707 2.67686 7.00028 5.05846 3.0108 3.6547 4.28996 6.15204
threshold=0.63762626051902782 0.31866537034511572 28.500000000000004 3383.0000000000005 3736.5000000000005 0.92365968227386486 2391.5000000000005 25.500000000000004 0.6885775923728944 0.83527129888534557 9.5000000000000018 1121.5000000000002 1181.5000000000002 0.94281044602394115 2045.5000000000002 3.5000000000000004 14.500000000000002 2189.0000000000005 17.500000000000004 16.500000000000004 20.500000000000004 0.023392613045871261 85.500000000000014 8214.0000000000018 29.500000000000004 0.70106381177902233 1090.0000000000002 211.50000000000003 265.50000000000006 13.500000000000002 16.500000000000004 2.5000000000000004 5.5000000000000009 19.500000000000004 8874.5000000000018 9.5000000000000018 6475.5000000000009 5868.5000000000009 6906.5000000000009 11178.500000000002 3.5000000000000004 8133.0000000000009 0.71563342213630687 13.500000000000002 17.500000000000004 14.500000000000002 12.500000000000002 12147.000000000002 12.500000000000002 6.5000000000000009 8.5000000000000018 3.5000000000000004 3.5000000000000004 14.500000000000002 11693.500000000002 12407.500000000002 12.500000000000002 3.5000000000000004 29.500000000000004 0.76764950156211864 322066.50000000006 21326.500000000004
decision_type=2 2 2 2 2 2 2 2 2 2 2 2 2 2 2 2 2 2 2 2 2 2 2 2 2 2 2 2 2 2 2 2 2 2 2 2 2 2 2 2 2 2 2 2 2 2 2 2 2 2 2 2 2 2 2 2 2 2 2 2 2 2
left_child=1 20 -2 6 5 9 7 11 -9 10 -5 24 -13 -14 -15 -16 -17 -18 -7 -19 -1 -22 -23 -24 30 26 27 -26 29 31 -4 -29 -25 34 35 36 37 -6 40 -36 -38 -35 -42 -44 -45 47 -47 48 49 -41 51 52 53 -50 -55 56 -49 -58 59 60 61 -57
right_child=2 -3 3 4 33 18 -8 8 -10 -11 -12 12 13 14 15 16 17 19 -20 -21 21 22 23 32 25 -27 -28 28 -30 -31 -32 -33 -34 41 39 -37 38 -39 -40 45 42 -43 43 44 -46 46 -48 55 50 -51 -52 -53 -54 54 -56 58 57 -59 -60 -61 -62 -63
leaf_value=-0.00062286443392335145 0.0027365397704455213 0.00029654865013244494 0.042626915962835119 -0.033058015250392606 -0.0082870188761627588 0.0002749178413133835 0.011612480436178536 0.025163766313348546 -0.079643700868086392 -0.10772735220335561 0.040161894741367318 -0.036373029197191417 -0.0046641517408926754 0.018543971695074359 0.068063755985705229 -0.091358264332346714 -0.055047227160530142 -0.023097755716134021 0.076115290871724084 0.063097254327258559 0.045112096931220168 -0.0089503213699979062 0.012308584871199879 -0.0516388822567116 0.022427253178870968 -0.00063372385195112888 0.070295355909210516 -0.066778137458513534 0.0061238263188167046 -0.10327436510508319 -0.023974697061320823 0.025920583225911575 -0.0026153014345460012 0.031334123247553095 0.014029971267067188 0.022217950385036857 -0.097341855030524602 0.02270243016085317 -0.012842002968598028 -0.0045507578256375773 -0.059552279099574237 0.0013027686842260573 0.021993515490927318 -0.06686656894981019 0.017554134338159336 -0.035937257734814938 -0.0017064439194597106 0.070656388168242656 0.0544707178046989 -0.076783557476355777 0.068394429321660941 -0.05565721104056591 0.054661727141817607 0.0055000858606111458 -0.081935686580546591 0.01716203393925363 -0.076653176864652034 0.037325182682427939 0.0012701042807509231 0.0039928121747002518 0.035621299249093089 -0.063123037845566152
leaf_weight=67899.568505328687 9957.508551182611 38659.792226720747 19.669044159032641 48.088427380193025 334.59743630352284 10.547529817093162 275.18971662972763 2.8509452838334237 7.0926195537904277 3.5064220661297432 4.8339895834214976 24.342373076789045 351.90773077164795 67.461959946940169 3.7391734174452749 4.8698777477254707 5.1993935499340287 4.3524239063262922 3.6465882398188105 3.8799412711523473 10.584971033749751 67.266167402238352 217.33785197295947 6.8548688502050927 72.089157942729798 362.66694098424773 8.3015864510089141 2.811907032504676 186.85618121444713 4.9014910255791611 4.9708901399862944 6.7560350196436048 45.709440057631582 33.052346949156345 174.29933986032847 70.594101267076326 8.2733515240252 78.677849681718726 209.75613742530936 29.339247579220682 14.702360487543045 66.096894251299091 9.3214917015284318 8.8669582346919906 4.6635032183921785 39.31542380922474 92.514778975343233 11.774312885999736 3.2532717622816607 17.124684037129555 5.7093343557789913 7.502741700038313 7.0911977672949424 6.7245219871401787 4.422886255197227 8.1295800376683456 5.0529492544010264 4.9170368099585176 1884.4187199900434 32.779126276960596 5.1153847970999768 24.569674483500421
leaf_count=8154084 189539 1029584 349 945 5725 212 4515 50 155 86 99 466 6080 1153 59 103 62 47 41 57 3904 6980 13332 198 1311 6215 84 46 3476 135 102 125 2222 498 2836 1277 173 1274 3682 441 340 1190 137 188 71 732 2001 183 29 315 91 163 67 108 91 141 94 83 30936 543 66 488
internal_value=-1.8453e-11 -0.000268931 0.00196241 0.00031994 -0.000888421 -0.0211382 0.00310554 0.00106048 -0.0495941 -0.0314255 -0.02637 0.00150435 -0.00345264 -0.00163718 0.0102643 -0.015078 -0.0320645 -0.0105667 0.0197589 0.0175262 -0.000589256 0.00597279 0.00474406 0.00815703 0.00495524 0.00402853 0.0100305 0.00820067 0.00310652 -0.0358585 0.0291906 -0.00132249 -0.00900843 -0.000441885 -0.000817456 -0.00554301 -0.00847302 -0.00238736 -0.0183134 0.000660652 -0.0433565 0.011314 -0.0314634 -0.0133917 -0.0377695 -0.000403514 -0.011915 0.00033391 -0.0152288 -0.0311728 0.00611813 -0.0061447 0.0111399 -0.0102911 -0.0291912 0.000972931 0.0288873 -0.0204409 0.000662458 -0.015558 -0.0325053 -0.0431628
internal_weight=121558 106907 14650.7 4693.19 3273.28 70.623 1419.91 1144.72 9.94356 56.4288 52.9224 1134.78 465.753 441.411 89.5028 22.0408 18.3016 13.4318 14.1941 8.23237 68247.3 347.753 337.168 269.902 669.023 644.383 281.716 273.415 201.326 14.4694 24.6399 9.56794 52.5643 3202.66 3103.51 739.453 668.859 413.275 255.584 2364.05 45.8277 99.1492 37.5543 22.852 13.5305 2189.75 131.83 2057.92 81.1679 46.4639 34.704 28.9946 21.4919 14.4007 11.1474 1976.76 21.7443 9.96999 1955.01 70.5938 37.8146 32.6993
internal_count=9479779 9210304 269475 79936 55346 1383 24590 20075 205 1130 1044 19870 8027 7561 1481 328 269 166 253 104 8180720 26636 22732 15752 11843 11392 5177 5093 3782 306 451 171 2420 53963 52275 12867 11590 6999 4591 39408 909 1688 736 396 259 36572 2733 33839 1305 756 549 458 295 228 199 32534 360 177 32174 1238 695 629
is_linear=0
shrinkage=0.08


Tree=99
num_leaves=63
num_cat=0
split_feature=2 2 7 4 5 4 4 5 2 0 3 0 0 7 5 3 5 4 4 5 2 0 0 4 0 2 4 2 5 4 3 4 5 7 2 3 4 7 5 0 3 3 4 3 2 7 4 4 0 5 3 4 4 7 3 2 4 4 3 0 7 5
split_gain=9.52091 3.38611 2.44415 2.77209 2.66807 2.51577 3.56548 2.50715 3.44902 3.05931 2.42484 2.42276 2.32879 2.32298 3.47907 2.4278 4.56966 2.75277 3.81293 5.27715 3.6508 4.08581 3.50482 2.56425 4.13632 2.76365 2.75079 2.69556 2.30329 2.95771 3.88666 2.30917 5.90135 3.72815 2.81098 3.40762 2.81024 2.65929 2.39698 2.30168 2.29817 3.01204 2.27679 2.94299 2.30798 3.84836 2.47979 2.25982 2.87779 3.7748 4.5075 4.09339 2.86389 4.6446 2.79122 4.74217 4.51355 4.37939 3.94926 3.72736 3.08463 2.71126
threshold=0.44543650746345526 0.8760964870452882 20.500000000000004 85.500000000000014 0.25077867507934576 126.50000000000001 238.50000000000003 0.23770491033792499 0.023392613045871261 1.5000000000000002 8.5000000000000018 21.500000000000004 11.500000000000002 1.5000000000000002 0.70717167854309093 13.500000000000002 0.6320285201072694 1090.0000000000002 2101.5000000000005 0.60356745123863231 0.64747309684753429 8.5000000000000018 12.500000000000002 3595.0000000000005 2.5000000000000004 0.6012820601463319 3159.5000000000005 0.47421585023403173 0.089699901640415206 307.50000000000006 1.5000000000000002 20.500000000000004 0.5989007055759431 5.5000000000000009 0.011428944766521456 2.5000000000000004 12.500000000000002 4.5000000000000009 0.25077867507934576 12.500000000000002 14.500000000000002 17.500000000000004 55.500000000000007 2.5000000000000004 0.32466214895248419 2.5000000000000004 85.500000000000014 238.50000000000003 36.500000000000007 0.64612558484077465 4.5000000000000009 55.500000000000007 251.50000000000003 3.5000000000000004 2.5000000000000004 0.62563130259513866 211.50000000000003 75.500000000000014 4.5000000000000009 14.500000000000002 18.500000000000004 0.27036762237548834
decision_type=2 2 2 2 2 2 2 2 2 2 2 2 2 2 2 2 2 2 2 2 2 2 2 2 2 2 2 2 2 2 2 2 2 2 2 2 2 2 2 2 2 2 2 2 2 2 2 2 2 2 2 2 2 2 2 2 2 2 2 2 2 2
left_child=2 10 28 7 5 -5 -7 -4 -9 -10 47 -3 -6 14 15 16 17 22 19 20 21 -19 -12 24 -20 26 -26 -25 29 30 -1 32 34 -34 35 -30 -35 -36 42 -31 -16 -42 43 -33 -44 46 -46 48 49 54 -51 -52 53 -49 59 57 58 60 -57 -2 -56 -60
right_child=1 11 3 4 12 6 -8 8 9 -11 13 -13 -14 -15 40 -17 -18 18 23 -21 -22 -23 -24 27 25 -27 -28 -29 31 39 -32 38 33 36 37 -37 -38 -39 -40 -41 41 -43 44 -45 45 -47 -48 52 -50 50 51 -53 -54 -55 55 56 -58 -59 61 -61 -62 -63
leaf_value=0.077836383847158561 -0.00022971026897771962 0.0033017093207980269 0.016184776040631337 0.10672578016259548 0.0067253819333185248 -0.046966884240012607 0.054927480000956229 0.075781144204847398 -0.041719132679470187 -0.0038290469333075836 0.023015744027405249 0.014754646338380067 0.063633104851608543 0.00019621954698270793 -0.0068091234248388692 0.0012492027878051144 0.029500771147222781 -0.046480435360266956 0.074193083136152721 0.033473753105019294 -0.078092016522339561 0.046051951780644321 -0.036839542210009339 0.046661143895222183 -0.045927314982028795 0.0383976693143699 0.05237980519172851 -0.0090375971626396687 0.27295023031076371 -0.043347749907415557 -0.0095687413352126549 -0.040126362456736051 -0.1159057250255732 -0.080557272348034822 -0.013767818452544768 -0.086501714405670324 -0.0032440833539588397 0.013720093779270567 -0.00039753579044970024 0.14640996222143179 0.095975536721959839 0.027254770652582205 -0.0043886451237249114 0.0083116841406017626 0.1292286758390728 -0.020734138850490521 0.0095541255379703611 0.038526309462992181 0.060546197565036063 0.018044871144966369 -0.081349411886550094 -0.014352820839783682 0.0018824388520800926 -0.055893777212731151 0.036382822637087198 0.060049699865174749 0.079402531370492427 -0.0055555835987466592 -0.062596090606954688 -0.090577427988830714 -0.017512771055039997 0.018019825794839888
leaf_weight=3.4253922818452898 39.902299717292408 2931.0928239981768 20.844968128410983 3.124392473982879 303.15243027452379 3.109848093648905 7.4944976053666323 2.4985752936627241 24.129609918629285 31.366343430359848 61.339013726452094 123.17829266092303 4.6731656920164815 17182.98149051188 8.6755863057915104 975.28531220451464 59.216463674325496 9.5136390072293597 8.0080980705097335 7.2528300667181602 11.168454920407383 4.4979038755409411 6.9726686915382734 6.1705077001824966 7.761614868417384 8.8090822277590615 2.3803209904581308 56.278882432263345 0.5456819253267885 20.51329343109683 65.836177891776003 8.5713696235379739 2.986682683753318 3.8072176497080372 25.410507826367393 0.24438484454003628 14.350960739102447 198.3534306136753 89897.918856271368 0.41742187738418479 5.0825106743723181 20.734157600905746 734.26928340392078 126.58178929152928 1.7296181743149635 96.692439837104757 3.0839806810254231 4.5363364098593619 6.6748437157948493 23.531086534960195 7.0515636876225463 33.874010967012509 8050.6877000787936 12.582638419233261 34.89049295487348 15.02317634783685 10.195739584974943 82.040639769285917 2.785493317525833 3.153401681687682 8.440500336699186 64.386937970131839
leaf_count=8758 835 55465 4264 346 17681 567 976 486 2733 1241 1174 4538 77 325785 149 19635 1105 242 132 118 211 88 159 106 196 153 55 1286 460 34800 193806 4899 251 298 5330 483 985 41198 8096527 2 62 335 428026 44206 88 16248 337 72 92 351 132 610 156849 289 649 254 139 1902 97 67 201 1173
internal_value=-1.5277e-11 0.00123963 -0.000404563 0.0058322 0.00912826 0.0436345 0.0250458 -0.00761108 -0.016164 -0.0203036 0.00095243 0.0037636 0.00758931 0.00043927 0.00375606 0.00305033 0.0100946 0.00405119 -0.00315613 -0.0266535 -0.0439725 -0.0167762 0.0169062 0.00536751 0.0259877 0.00561758 -0.0228546 -0.00353411 -0.000431943 -0.01321 -0.00524604 -0.000419294 0.00732586 -0.0330779 0.0111304 0.161764 -0.0194543 0.0105986 -0.000440236 -0.0395634 0.0288131 0.0407838 -0.00439387 0.00523976 -0.00595172 -0.0172586 0.0525555 0.0020791 0.00854806 0.00748103 -0.00985488 -0.0258965 0.00181293 -0.0308735 0.0117653 0.0154452 0.0291974 0.00531073 0.0229698 -0.00684678 0.0258844 0.0146769
internal_weight=121501 29896.2 91605.1 400.394 321.554 13.7287 10.6043 78.8395 57.9945 55.496 26841.9 3054.27 307.826 18442.1 1259.15 1224.65 249.369 190.153 121.841 32.4328 25.18 14.0115 68.3117 89.4085 26.9591 18.951 10.1419 62.4494 91204.7 90.1923 69.2616 91114.5 245.699 21.1449 224.554 0.790067 18.1582 223.764 90868.8 20.9307 34.4923 25.8167 970.928 135.153 835.775 101.506 4.8136 8399.76 331.95 325.275 64.4567 40.9256 8067.81 17.119 260.819 217.763 92.3913 125.372 82.1956 43.0557 43.331 67.1724
internal_count=9479779 574706 8905073 28371 19647 1889 1543 8724 4460 3974 514703 60003 17758 350991 25206 24660 5025 3920 2587 659 541 330 1333 1928 536 404 251 1392 8876702 237366 202564 8639336 49005 1534 47471 943 1283 46528 8590331 34802 546 397 493804 49105 444699 16673 425 163712 6502 6410 1093 742 157210 361 5317 4415 1663 2752 1524 902 850 1270
is_linear=0
shrinkage=0.08


Tree=100
num_leaves=63
num_cat=0
split_feature=2 2 3 6 6 2 5 6 1 0 3 5 2 6 6 5 6 6 6 6 5 6 5 0 5 5 0 6 0 3 6 5 5 0 6 5 6 5 2 5 5 5 5 0 5 0 5 5 2 5 5 0 6 2 5 5 0 2 3 5 1 2
split_gain=8.92502 2.636 2.52073 4.04997 7.4311 2.75367 2.98277 3.37416 4.68652 4.01709 3.69064 3.74423 3.63744 2.87004 2.55635 6.52671 4.23722 5.00813 4.19018 3.88318 5.6724 3.62567 3.23655 2.57317 2.45328 4.5255 3.27877 4.9546 4.00515 3.33996 2.3877 3.26558 2.47128 2.38524 2.3303 2.71489 2.84674 2.45656 2.61621 3.803 3.38067 2.97018 2.86576 2.81996 2.29137 2.29134 2.38752 4.86544 3.04462 2.83715 3.80738 3.89115 2.6503 4.52294 2.75251 2.2856 2.87539 2.95792 2.26636 3.34169 3.04939 2.23502
threshold=0.64747309684753429 0.20722186565399173 22.500000000000004 10.500000000000002 13.500000000000002 0.90205478668212902 0.68444010615348827 7.5000000000000009 5.5000000000000009 4.5000000000000009 26.500000000000004 0.58939334750175487 0.6885775923728944 3.5000000000000004 116.50000000000001 0.27558170258998876 63.500000000000007 55.500000000000007 78.500000000000014 118.50000000000001 0.81396234035491954 53.500000000000007 0.22132766991853717 12.500000000000002 0.60266375541687023 0.59743008017539989 3.5000000000000004 61.500000000000007 2.5000000000000004 29.500000000000004 3.5000000000000004 0.44458228349685674 0.4466282725334168 3.5000000000000004 98.500000000000014 0.39842276275157934 84.500000000000014 0.31818179786205297 0.94590643048286449 0.55412864685058605 0.62444397807121288 0.66247043013572704 0.42292030155658727 4.5000000000000009 0.55720722675323497 4.5000000000000009 0.59054526686668407 0.61021780967712413 0.91833335161209118 0.60590815544128429 0.60170263051986705 7.5000000000000009 49.500000000000007 0.6885775923728944 0.61147069931030285 0.73018604516983043 10.500000000000002 0.82807883620262157 27.500000000000004 0.58592963218688976 9.5000000000000018 0.84654632210731517
decision_type=2 2 2 2 2 2 2 2 2 2 2 2 2 2 2 2 2 2 2 2 2 2 2 2 2 2 2 2 2 2 2 2 2 2 2 2 2 2 2 2 2 2 2 2 2 2 2 2 2 2 2 2 2 2 2 2 2 2 2 2 2 2
left_child=1 -1 -2 5 -5 6 7 8 10 -9 -4 30 -10 -14 16 -16 17 21 23 33 -21 45 -20 -18 25 -19 27 28 -26 -28 32 -32 -12 44 35 36 -24 -36 -39 42 43 -42 -40 -41 -17 -6 48 49 58 50 -48 -52 54 -54 -49 -55 57 -57 -47 60 -60 -31
right_child=2 -3 3 4 14 -7 -8 9 12 -11 11 -13 13 -15 15 19 18 24 22 20 -22 -23 34 -25 26 -27 29 -29 -30 61 31 -33 -34 -35 37 -37 -38 38 39 40 41 -43 -44 -45 -46 46 47 52 -50 -51 51 -53 53 55 -56 56 -58 -59 59 -61 -62 -63
leaf_value=-0.00069752642351373977 0.0027301521988223215 0.00010172908430975769 0.070855138200167977 0.039701597876534475 -0.0028764854283431667 -0.036000571345452224 -0.041520850859957388 -0.053928414750675585 -0.072855398298520377 0.031821485562788444 0.038871328146051799 0.038491100177820238 0.011676552796878245 -0.064950815191444952 0.091888925877416747 -0.090107943365325002 0.012493825753300615 -0.017082377486057631 -0.075695597996264116 -0.0024614087302747062 -0.11233162791598751 0.022489047246491541 -0.054218466756105366 -0.021877732722445517 -0.045551113991835319 0.04429230934029476 0.048073654893562023 0.0025643953860876581 -0.14299548862698361 -0.060762395105189916 -0.059300580549725979 0.034716041208341403 -0.056892281947111253 -0.0072866124374680067 0.053594436112956181 0.00081543824307490854 0.0046853311738908653 0.0029627462782303654 0.056965584519266345 0.056263277177363097 -0.018595311744866953 0.018157980102271674 -0.02499969418181907 0.00083532609890005986 -0.029435086782411874 -0.042326035447063627 0.045368075557173322 -0.077021617421519362 0.021043811264454072 0.083500196529221429 -0.076133872849782694 0.040504902244026683 -0.079431235053969873 0.013410498797877288 0.005191298100836397 0.025512590794402695 -0.089902991439158267 -0.062742812716574226 -0.017583329798102773 -0.067985169479962582 0.015494766434714553 0.012800470393606629
leaf_weight=47273.926266314971 8682.3155643114787 59835.980266054001 7.6526323650014083 31.401799972401932 1268.6387593616846 26.971613521629479 14.247971487231551 14.064500579610469 6.7369419727474478 4.6532112900167695 2.1511891582049456 17.560224051587284 14.925372179597618 3.9577601067721835 4.5690938443876794 6.2891373881138923 374.93936329619169 69.316330396301055 3.4076792875766833 777.61813590523889 3.0190451391972593 43.510676507030439 11.793809085153045 14.47782809420846 5.5446043340489286 8.6482743825763446 4.4306973500642899 5.1170307425782076 5.2608826439827681 7.210134222637862 3.0853541940450659 10.119617263786493 8.6980543271638435 14.126171984866231 6.8307497233034828 1380.5225642863679 9.4652255216205941 607.21851105874407 3.1231714291498092 23.565417839117803 16.506449118256569 95.433721770751504 21.6845501370899 7.8250665017403653 10.867378536702743 14.918369056889786 16.055250769946731 2.6198646756820372 19.454149711199989 6.4200422519352278 4.0934453634545198 3.3112219236791134 6.2203978672623625 18.586056033149362 504.31313153294923 6.454868558328597 3.6975879527162752 3.8982264195983589 42.759086403180845 5.5838475544005624 30.601976952864788 4.1732244791928679
leaf_count=7313468 166666 1901612 96 428 20536 556 256 344 166 108 42 306 310 109 73 164 6356 1371 112 14010 54 637 301 365 93 97 75 56 87 151 104 204 221 301 133 23928 257 10101 46 291 243 1742 335 181 148 305 256 65 455 84 64 55 100 311 9027 88 79 116 799 59 597 79
internal_value=-8.67422e-12 -0.00025103 0.00187336 0.000561466 0.000895135 -0.0131381 -0.00742066 -0.00223014 0.00536344 -0.032611 0.0197953 0.0104058 -0.0223889 -0.00438396 0.000673739 -0.00345729 0.00139328 -0.00126418 0.00357019 -0.00399385 -0.00288632 -0.000351814 0.00220902 0.011216 -0.0179072 -0.0102744 -0.0366583 -0.0622843 -0.092994 -0.0108565 -0.0100973 0.012749 -0.0379043 -0.0316314 0.00233058 0.000378544 -0.0279925 0.00582888 0.00540807 0.0142392 0.0192446 0.0127384 -0.0146807 0.0424461 -0.0516762 -0.000859481 0.00285445 0.00494384 -0.00775998 0.0363769 0.0234812 -0.0239753 0.00322299 -0.0169126 0.00476642 -0.00499686 -0.0293459 -0.00771801 -0.0137299 -0.008326 -0.00378507 -0.0337937
internal_weight=121463 107110 14352.7 5670.35 5535.52 134.824 107.853 93.6049 74.8871 18.7177 49.2671 41.6144 25.6201 18.8831 5504.12 816.489 4687.63 2110.84 2576.79 811.92 780.637 2001.14 2187.38 389.417 109.701 77.9646 31.7366 15.9225 10.8055 15.8141 24.0542 13.205 10.8492 31.2827 2183.97 1401.78 21.259 782.188 775.357 168.138 143.331 111.94 24.8077 31.3905 17.1565 1957.63 688.988 575.67 113.317 29.88 23.4599 7.40467 545.79 38.8571 506.933 32.6367 14.0507 10.3531 93.8633 78.9449 73.3611 11.3834
internal_count=9479779 9215080 264699 98033 95211 2822 2266 2010 1558 452 973 877 585 419 94783 14750 80033 35642 44391 14677 14064 33633 37670 6721 2009 1468 541 236 180 305 571 308 263 613 37558 24486 558 13072 12939 2838 2457 1985 381 472 312 32996 12460 10245 2215 459 375 119 9786 694 9092 594 283 204 1760 1455 1396 230
is_linear=0
shrinkage=0.08


Tree=101
num_leaves=63
num_cat=0
split_feature=2 3 6 5 4 5 5 1 3 5 6 4 1 1 2 4 4 4 5 5 2 3 6 5 3 6 6 3 3 5 2 3 5 4 2 6 6 3 4 1 4 6 1 4 1 5 1 4 4 6 4 5 6 4 5 4 2 4 6 6 6 6
split_gain=8.36568 2.86866 3.65854 4.5942 3.39154 3.32469 3.04852 2.56021 3.52572 2.8958 4.45275 2.80509 2.52429 2.61528 2.4631 2.69022 4.30849 4.78737 4.30873 4.22192 3.8001 3.16086 4.99012 3.48518 2.91714 3.62606 2.65796 4.12614 3.63661 4.653 2.56013 2.61253 3.32849 3.44428 2.48424 2.42344 3.59237 4.65426 4.77652 5.13034 4.37789 5.4961 3.84319 8.31081 3.56856 3.09368 2.36399 2.46542 2.4448 3.20629 2.83063 2.31069 2.26022 2.25302 4.1379 3.65458 2.24176 4.17088 3.51806 2.23577 9.17994 7.31538
threshold=0.57294833660125744 7.5000000000000009 126.50000000000001 0.53630629181861889 4396.0000000000009 0.81119626760482799 0.22132766991853717 34.500000000000007 22.500000000000004 0.71551167964935314 122.50000000000001 39079.500000000007 36.500000000000007 23.500000000000004 0.8164983093738557 238.50000000000003 320.50000000000006 307.50000000000006 0.43933787941932684 0.47434833645820623 0.61577314138412487 2.5000000000000004 22.500000000000004 0.38895379006862646 1.0000000180025095e-35 90.500000000000014 89.500000000000014 2.5000000000000004 4.5000000000000009 0.58428397774696361 0.62563130259513866 4.5000000000000009 0.59137621521949779 85.500000000000014 0.70106381177902233 113.50000000000001 84.500000000000014 5.5000000000000009 1295.5000000000002 3.5000000000000004 5343.0000000000009 106.50000000000001 3.5000000000000004 14682.500000000002 9.5000000000000018 0.68104687333107006 63.500000000000007 70419.000000000015 18390.000000000004 119.50000000000001 16580.500000000004 0.758103907108307 129.50000000000003 2341.0000000000005 0.56591099500656139 211.50000000000003 0.61577314138412487 31780.000000000004 23.500000000000004 120.50000000000001 115.50000000000001 114.50000000000001
decision_type=2 2 2 2 2 2 2 2 2 2 2 2 2 2 2 2 2 2 2 2 2 2 2 2 2 2 2 2 2 2 2 2 2 2 2 2 2 2 2 2 2 2 2 2 2 2 2 2 2 2 2 2 2 2 2 2 2 2 2 2 2 2
left_child=52 2 6 -4 -3 7 -2 56 9 11 46 -9 13 -5 15 21 17 18 -17 -20 -21 22 -8 -24 -25 -26 27 -22 -29 -30 -23 34 -33 -34 -32 36 -16 38 39 -38 41 44 43 -39 -40 -41 47 48 50 -50 -11 -10 59 55 -55 -44 57 -6 -59 60 61 -1
right_child=1 4 3 12 5 -7 14 8 51 10 -12 -13 -14 -15 35 16 -18 -19 19 20 26 30 23 24 25 -27 -28 28 29 -31 31 32 33 -35 -36 -37 37 42 40 45 -42 -43 53 -45 -46 -47 -48 -49 49 -51 -52 -53 -54 54 -56 -57 -58 58 -60 -61 -62 -63
leaf_value=-0.00029951760880597803 -0.072960961330917035 0.0027165980949475977 -0.04413612774152665 0.0030632646770423571 -0.0084171694600758355 0.0038095038010688242 0.073504286582904449 0.0033540107344192456 0.054457614984323215 0.015363485640437038 -0.039063535272288383 -0.028177080387342852 -0.064738220864673957 0.079097220602485793 0.0079363778213262966 -0.096323333871506156 0.002533302234723543 -0.083581835685827374 0.058558226369009682 -0.083721827096672127 -0.094842698107860529 0.00019772393668839841 0.032755567731953386 -0.093662491752840818 -0.057855413905601207 0.022789439299332272 0.040342670966530873 0.064593502450094722 0.045770358358403984 -0.085105459596601513 0.069855705308224658 0.031144025446525062 -0.064134346405692544 0.012491878798458717 0.013283713682848055 0.015358627129244434 -0.024445949895619729 -0.083168350955790699 -0.11872884393490031 0.093994916048150898 0.017635164911438832 0.014421274282413242 -0.05728109609507729 0.037930168776958005 -0.011064505941031467 0.0029650721671468441 0.064762064050958995 0.040584909815531381 -0.00077416833986753038 -0.09588427778944876 0.09869957389867276 -0.0019488446146034208 -0.0040295686703943423 -0.11170466038791083 -0.013413679710165046 0.026095347270287759 -0.00019691441567820181 0.032877378323934295 3.0432724828428797e-05 0.00093816068558986413 -0.0032927323549860363 0.0033790743442177369
leaf_weight=82694.602110555919 3.326397984288632 4875.3160854300004 23.203741737408563 16.238219176884748 621.71407831110673 1324.5904775093722 3.9342154487976613 63.727076401380145 16.08098313712981 23.706785072223287 8.8241094786208105 25.196682298788801 2.7846336248330763 3.5234541948884717 589.69541750968165 3.4316926915198556 3234.3917053850641 7.0083525115624061 5.9859474366530803 4.4005096368491676 3.6382200056687024 31.194882983807474 5.4819184965454069 4.7887807486113187 7.9366174563765508 6.4830995053052902 6.5518414583057156 3.9798106085509044 2.9719772972166538 4.189238280756399 14.594113170402126 39.916529539428666 5.3470640570158166 12.602964000077916 7.5316823618486515 190.80097741499026 4.8883921008043698 13.574678942793982 5.5227981787174922 9.7786602285664213 22.975809307236432 7.2096791459994156 4.1157189083460279 4.9493984216824165 3.063035913859494 3.1620292473235159 7.1366434597875914 19.794318418367766 23.627513824496422 2.5093741831369689 2.9310443154536179 6.5375567886512718 1019.0405445835058 2.9665198922157279 36.081218157836702 18.435484367264053 6515.0163047378337 21.879546193405986 451.64750253309239 9316.9010572947736 6369.6821887179394 3610.8966564235743
leaf_count=7519397 165 89986 582 371 12025 23744 55 1350 263 500 189 530 73 52 12678 110 60179 134 70 91 48 538 86 106 126 84 131 48 63 66 186 732 107 219 130 4306 68 244 107 169 534 144 71 73 105 81 106 421 550 56 41 111 171935 63 924 413 116607 403 8184 728922 576805 143122
internal_value=5.24766e-12 0.0015716 0.00335791 -0.0191466 0.0010128 0.000103488 0.00359531 -0.000525033 0.00840801 0.00461651 0.0148588 -0.00558037 0.00657159 0.0166199 0.00365408 0.00266584 0.00220211 -0.0232078 -0.0111699 -0.00195667 -0.0160343 0.0135335 -0.0101736 -0.0235069 -0.0395637 -0.0215975 -0.00207062 -0.020873 0.00328258 -0.0307907 0.0196368 0.0272176 0.0182777 -0.010334 0.0505984 0.00733496 0.00522747 -0.0064562 0.0111053 0.0453763 -0.00465425 -0.037076 -0.018862 -0.0508124 -0.0803191 0.071752 0.0208284 0.0165079 0.00747726 -0.00990559 0.0245332 0.0381542 -0.000280612 -0.00925387 -0.020881 0.0108787 -0.000759881 -0.00410867 0.00154814 -0.000243155 -0.000361916 -0.000145611
internal_weight=121404 18392.9 4382.66 45.75 14010.2 9134.92 4336.91 7810.33 200.072 177.454 88.5298 88.9238 22.5463 19.7617 4333.58 3416.36 3276.55 42.1576 35.1492 31.7175 25.7316 139.812 28.6246 24.6904 19.2085 14.4197 21.3311 14.7792 11.141 7.16122 111.187 79.9924 57.8666 17.95 22.1258 917.22 726.419 136.723 56.6004 17.8291 38.7713 15.7955 80.123 18.5241 8.58583 12.9407 79.7057 72.569 52.7747 26.1369 26.6378 22.6185 103011 61.5989 39.0477 22.5512 7610.26 1095.24 473.527 101992 92675.2 86305.5
internal_count=9479779 339598 84532 1078 255066 165080 83454 141336 4117 3743 1863 1880 496 423 83289 63309 60940 761 627 517 447 2369 457 402 316 210 356 225 177 129 1912 1374 1058 326 316 19980 15674 2996 1208 318 890 356 1788 317 212 250 1674 1568 1147 606 541 374 9140181 1471 987 484 137219 20612 8587 8968246 8239324 7662519
is_linear=0
shrinkage=0.08


Tree=102
num_leaves=63
num_cat=0
split_feature=2 3 2 7 7 7 6 2 6 1 1 6 6 7 6 7 1 1 6 3 0 6 2 2 0 3 1 3 7 3 2 2 3 6 6 3 7 3 6 0 1 3 0 1 1 0 6 3 6 1 3 7 0 2 3 1 0 2 0 1 1 7
split_gain=8.02987 2.52169 2.54494 2.42759 3.71648 6.17058 4.10838 3.94369 5.27984 3.16478 2.766 3.57733 6.39847 3.10312 3.06598 2.67445 3.47128 2.93966 2.88059 2.81104 2.63124 2.61205 2.9423 2.62009 3.87963 4.22451 3.63295 3.18928 2.7259 2.54441 5.885 5.39869 4.31009 4.34327 3.90838 3.24074 3.18174 4.10829 3.15432 2.96786 2.47194 2.37554 2.23371 2.44493 2.28115 2.22825 2.673 2.4174 2.18138 3.33972 3.44946 2.16257 2.37134 2.17948 2.55709 2.2851 2.14178 2.13451 2.05044 2.0174 3.6989 2.50006
threshold=0.44543650746345526 11.500000000000002 0.8896499276161195 3.5000000000000004 6.5000000000000009 13.500000000000002 119.50000000000001 0.94868421554565441 30.500000000000004 20.500000000000004 5.5000000000000009 108.50000000000001 79.500000000000014 12.500000000000002 54.500000000000007 12.500000000000002 12.500000000000002 16.500000000000004 109.50000000000001 19.500000000000004 3.5000000000000004 111.50000000000001 0.8760964870452882 0.5025252401828767 19.500000000000004 20.500000000000004 30.500000000000004 15.500000000000002 2.5000000000000004 16.500000000000004 0.66069716215133678 0.66069716215133678 17.500000000000004 6.5000000000000009 50.500000000000007 18.500000000000004 7.5000000000000009 14.500000000000002 34.500000000000007 2.5000000000000004 3.5000000000000004 13.500000000000002 33.500000000000007 39.500000000000007 33.500000000000007 6.5000000000000009 7.5000000000000009 6.5000000000000009 122.50000000000001 7.5000000000000009 7.5000000000000009 20.500000000000004 12.500000000000002 0.023392613045871261 2.5000000000000004 65.500000000000014 2.5000000000000004 0.56711712479591381 7.5000000000000009 60.500000000000007 72.500000000000014 10.500000000000002
decision_type=2 2 2 2 2 2 2 2 2 2 2 2 2 2 2 2 2 2 2 2 2 2 2 2 2 2 2 2 2 2 2 2 2 2 2 2 2 2 2 2 2 2 2 2 2 2 2 2 2 2 2 2 2 2 2 2 2 2 2 2 2 2
left_child=51 2 48 9 -5 7 -7 10 -9 41 11 12 14 40 29 17 18 -12 58 -20 -15 22 -11 26 -25 27 -23 -26 -28 30 36 34 -33 39 -31 -35 -6 -38 -32 -34 -14 -3 43 44 -8 46 47 -4 -2 50 -50 -1 53 -53 -55 -56 -40 -21 -17 61 -61 -51
right_child=1 3 45 4 5 6 42 8 -10 21 15 -13 13 20 -16 16 -18 -19 19 57 -22 23 -24 24 25 -27 28 -29 -30 31 38 32 33 35 -36 -37 37 -39 56 -41 -42 -43 -44 -45 -46 -47 -48 -49 49 59 -52 52 -54 54 55 -57 -58 -59 -60 60 -62 -63
leaf_value=-0.000397067758712022 0.0020287769752786052 0.013113544456046112 0.073109309594613772 -0.0013477590615982263 -0.075224441865528541 0.00069184501958168031 -0.0046716054294287258 -0.019086110579069688 0.015073745704961347 -0.016180707935704818 0.0060091534077401547 0.0067844851536562603 0.0037453946304745124 -0.025602860272139066 0.0099969223215910178 0.015059240829701904 0.03572787775051188 -0.0019640752089161145 -0.10355758707764326 -0.062916264024463334 -0.09223309321648078 0.048590986324387173 -0.10870415744775491 -0.030540049199907396 0.016675838389744731 0.067851624859830151 0.041462683540429354 -0.07132049336909993 -0.066431481529184558 0.013578190924677127 -0.010853394366246065 0.055085271551432877 0.0016666163712300733 -0.074543622234732834 -0.055403758810750249 -0.011831092015910354 -0.0017122358283587526 -0.092286872745035567 0.061517760002931098 0.070022749021392452 -0.015817034738423292 0.0031260633423323908 0.059689496511308136 -0.04160057749736381 0.02689922028910631 0.012086439902610154 0.002689319560736936 0.012978730944617267 -0.015072614067685333 0.0016918702819107697 0.0020562718770417336 0.039286403092255354 0.062809897819559452 -0.017387726796131639 0.004783243722170866 0.046297681420685487 -0.009741915338460104 0.01910678421223912 -0.042299435083207132 -0.060336132955843134 0.0054299419575126393 0.028099327902457522
leaf_weight=91154.683385850381 9922.672366898054 167.26265521236837 6.3949954187532994 6033.5703855622342 11.781837552320669 5495.8571440628448 1186.0393836304493 31.843355409790547 319.58431878486499 69.526240804698318 1246.1331654839062 363.00670038908174 64.143438331837388 50.914088467818146 190.53536371929385 90.461187520995736 39.351100269472227 388.1163695675948 2.5674285688437513 3.0732770343311113 4.0984669239260247 14.450279269367458 2.271565450122579 22.893944097682834 8.7685291939415055 6.9865974821150294 2.4611584441736332 3.76903079857584 3.8319570077583194 159.67113126860932 27.80509584560059 6.7021583328023544 10.341426954604687 5.4325028676539651 5.4355579023249438 180.41853489816276 14.308068087790163 4.1301544979214659 8.1609671488404256 6.6979584796354166 116.2861978430301 1717.1231870198253 3.4653683626092961 11.34152165870182 14.830602073343469 275.53354630212743 657.08800613116887 12.93170495994559 200.115162515664 426.53434760065284 120.58424421719383 11.408440018785766 4.5657566068693987 33.289369049016386 343.94707213997026 8.7003368259174731 4.0335759543813756 5.9844330754131079 4.1726674134843043 9.2310460807057115 13.445325186912667 24.248824897920713
leaf_count=8876702 193825 3129 75 112033 277 106959 23724 661 5849 1539 21786 5795 1140 1576 3372 1921 936 7177 70 94 71 245 67 544 174 124 49 79 100 3461 609 100 268 71 189 3086 402 178 138 107 2275 32866 98 281 278 8647 11122 195 4124 9004 2557 3904 72 2332 21625 438 89 96 101 227 255 491
internal_value=-2.0996e-11 0.00114068 0.002058 0.000550265 0.000222519 0.00116274 -0.000239061 0.0039585 0.0119785 0.00316501 0.00302331 0.000112499 -0.00266852 -0.0139339 0.00150541 0.00504126 0.0154303 0.0041156 0.00791352 -0.0296678 -0.0305669 -0.00866922 -0.019108 0.00319689 -0.00819737 0.0180016 0.026497 -0.00977755 -0.0242354 -0.00213106 -0.0161062 0.000487919 -0.00803498 -0.0101201 0.0113072 -0.0136642 -0.0427511 -0.0220009 0.00402429 0.0285365 -0.00886251 0.00401258 -0.00444752 -0.00463087 -0.00428171 0.00602208 0.0035518 0.0328753 0.00170588 -0.00232856 -0.00863209 -0.000371251 0.00548413 0.00482542 0.00380674 0.00580747 0.0379473 -0.0087236 0.0125301 0.00194115 -0.021342 0.0031124
internal_weight=121355 29798.4 11668.8 18129.6 16110.3 10076.7 6711.53 3365.19 351.428 2019.35 3013.76 1233.9 870.897 235.442 635.454 1779.86 145.61 1634.25 106.259 11.6251 55.0126 134.959 71.7978 63.1615 42.4181 19.5242 20.7434 12.5376 6.29312 444.919 70.2197 374.699 209.593 202.89 165.107 185.851 30.2201 18.4382 39.9996 17.0394 180.43 1884.39 1215.68 1212.21 1200.87 951.948 676.415 19.3267 10716.8 794.159 320.699 91556.6 401.911 397.345 385.937 352.647 12.1945 9.05771 94.6339 473.46 22.6764 450.783
internal_count=9479779 574706 230522 344184 305268 193235 131340 61895 6510 38916 55385 23204 17409 5062 12347 32181 3218 28963 2282 260 1647 2921 1606 1315 921 377 394 253 149 8975 1693 7282 3632 3532 3650 3157 857 580 836 375 3415 35995 24381 24283 24002 20039 11392 270 210483 16658 6681 8905073 28371 28299 24395 22063 227 190 2022 9977 482 9495
is_linear=0
shrinkage=0.08


Tree=103
num_leaves=63
num_cat=0
split_feature=0 4 4 3 5 5 5 5 5 7 4 1 7 0 4 3 1 5 1 4 5 4 3 5 7 1 7 4 0 4 4 5 0 5 5 4 5 0 3 3 7 1 5 7 4 4 3 0 0 5 5 4 3 5 3 4 7 4 7 5 1 5
split_gain=3.97617 3.49966 5.2824 4.7948 6.34675 4.45043 4.33914 4.24952 4.10034 3.68597 2.98407 2.98315 4.01693 3.0937 2.93599 2.74175 2.73872 2.77417 5.14863 5.74127 6.15075 5.16345 5.30311 3.9352 3.60676 3.08294 2.94234 3.07823 2.9978 2.72388 10.3617 5.00716 5.48486 4.84444 4.15667 3.75487 3.54127 4.6338 4.27218 8.32297 6.69128 7.81139 3.51437 9.21538 6.6824 4.72779 3.80764 4.36334 3.51158 3.46528 3.44264 8.56444 4.76656 4.50136 11.5394 4.25341 7.1092 3.92085 3.3393 3.30953 3.37254 4.62431
threshold=1.5000000000000002 686.50000000000011 798.50000000000011 12.500000000000002 0.73018604516983043 0.84517383575439464 0.41808228194713598 0.46399958431720739 0.72482028603553783 20.500000000000004 572.50000000000011 80.500000000000014 5.5000000000000009 25.500000000000004 115.50000000000001 29.500000000000004 41.500000000000007 0.74265706539154064 9.5000000000000018 160.50000000000003 0.76100599765777599 65.500000000000014 17.500000000000004 0.77774071693420421 17.500000000000004 31.500000000000004 10.500000000000002 334.50000000000006 2.5000000000000004 5527.0000000000009 5343.0000000000009 0.71551167964935314 10.500000000000002 0.72761431336402904 0.54349327087402355 147804.00000000003 0.76968595385551464 15.500000000000002 13.500000000000002 27.500000000000004 15.500000000000002 7.5000000000000009 0.758103907108307 18.500000000000004 4928.5000000000009 955.50000000000011 15.500000000000002 2.5000000000000004 16.500000000000004 0.77774071693420421 0.73808741569519054 83472.000000000015 28.500000000000004 0.73525840044021618 22.500000000000004 60148.500000000007 15.500000000000002 14457.500000000002 19.500000000000004 0.66388624906539928 9.5000000000000018 0.65160736441612255
decision_type=2 2 2 2 2 2 2 2 2 2 2 2 2 2 2 2 2 2 2 2 2 2 2 2 2 2 2 2 2 2 2 2 2 2 2 2 2 2 2 2 2 2 2 2 2 2 2 2 2 2 2 2 2 2 2 2 2 2 2 2 2 2
left_child=15 3 6 4 8 11 -3 -4 14 -8 16 13 -13 -6 -2 -1 17 -5 19 23 -21 22 -20 24 -19 -23 27 -22 -28 30 36 32 35 48 -32 -31 42 38 -38 40 41 -40 -9 44 45 -44 -46 -48 -33 -39 51 53 -53 -35 -55 56 -56 -58 59 60 -36 -62
right_child=1 2 7 10 5 -7 9 29 -10 -11 -12 12 -14 -15 -16 -17 -18 18 21 20 26 25 -24 -25 -26 -27 28 -29 -30 31 34 33 -34 50 58 -37 37 49 39 -41 -42 -43 43 -45 46 -47 47 -49 -50 -51 -52 52 -54 54 55 -57 57 -59 -60 -61 61 -63
leaf_value=-0.0011772512908324779 0.0080106802718388735 0.0063731199968254824 -0.0024112719676690816 -0.0016156053280566476 -0.014721382907277942 0.045627409523538873 -0.0082709964992365125 0.00083995809072664801 0.033922777553717781 0.054019869821701427 0.0051182845991051959 0.03882428257633793 -0.089251795613663032 0.024202734820131057 0.0029244534393870463 0.00027397865819876277 0.012402735694333701 -0.11288445258544043 0.11419921251318836 0.081068382994221297 -0.018247897832998725 -0.014797779992375351 -0.016681813846082614 0.03535158329847711 0.0095762669940405529 -0.11607562044124256 0.027157570970329399 0.065823959395624354 -0.071443038306752124 -0.0011696348535809682 -0.0075083968181716898 0.0041560847441101598 0.0022936663576116254 0.0014537840479678661 0.031718777952179339 0.0051496754348677922 0.0040816294491055746 -0.0629071524034409 -0.00079112199395978534 0.0031230372524658806 -0.016332690718476636 -0.098449276765686253 0.051166376671632471 0.042477440533493518 0.04012995968285394 -0.004903964923491556 -0.076857869206030119 0.018370973496149062 0.017993431673974301 -0.01604823145476994 0.0010050546978556891 -0.025391218146658966 0.0062498193852084287 0.00056911692892236019 -0.08401020268865228 -0.020081536416933169 0.043110172321062575 -0.046912933857810632 -0.028741544779765739 0.0084798078317616654 0.0077767701792475896 0.046729513585272067
leaf_weight=24700.248295953545 909.89097959656237 163.72342668380907 3774.1629584556504 3653.3183764064943 152.00179963011487 8.463501214515416 858.73101369595361 18575.990941123571 29.4022544248146 6.1230625831522039 604.71862001926638 2.0455542576964927 6.7026244385051541 14.297564683831295 3600.717036191048 12572.650752761252 96.168584428713075 3.681303918361662 4.0883305934257796 16.851621630368754 4.0559772457927492 33.457857415545732 3.8444931344129145 4.6343582328408957 2.6452721436508 2.0409499355591825 3.9245682572945944 8.9107602103613299 3.9694447068031877 25854.082883450632 70.808079526178744 1439.1347608790995 3629.6748931978436 1213.279528864558 103.82142315057177 616.11724398599472 295.50192316683206 11.729959976437383 8.0174060725444196 135.91529137368843 88.355191708367784 15.142161378520539 10.069224837351724 45.747640902060084 43.22524489615887 217.84396085301069 4.0720552718266871 12.63180812820792 127.79851233016666 72.699194604821969 16463.554222745224 148.79779630352277 38.317429691436701 229.40109839138813 20.969191213831436 61.71183649264276 5.4524608550127578 7.1655784854665399 12.040310685813891 331.38865187993059 139.01301264615904 22.688728529727086
leaf_count=4577784 65838 15895 375825 162506 5134 150 43385 837061 794 211 24626 64 516 264 238384 1166298 11196 91 65 195 89 1042 124 92 31 120 86 95 98 1285755 5341 46284 99899 37253 2096 17457 8689 305 166 2723 2247 592 242 964 759 5895 104 183 2782 1554 391454 8193 1269 7777 406 1610 166 249 687 10903 7194 522
internal_value=-2.30931e-11 0.000305001 0.000124342 0.00178015 0.003555 -0.0110308 -0.00556921 0.000203645 0.00414457 -0.00782998 -0.000105356 -0.0137702 -0.0593042 -0.0113749 0.00395046 -0.000687732 -0.000927627 -0.0012699 0.0124423 0.0303094 0.0451219 -0.00758101 0.0507702 -0.020655 -0.0616811 -0.0206206 0.0160838 0.0395264 -0.022423 0.000344488 0.00112776 2.68662e-05 -0.000622653 0.00101648 0.0108373 -0.00102255 0.000789928 -0.00512328 -0.00241201 -0.0101673 -0.0263656 -0.0646419 0.00098611 0.00912457 0.0038237 -0.00242677 0.0275945 -0.00484384 0.00528465 -0.0225585 0.000648784 -0.00275131 -0.0189118 -0.000785182 -0.00915134 -0.0325501 -0.0554594 -0.00801248 0.0129706 0.0138119 0.0204667 0.0132423
internal_weight=121318 84044.7 74874.9 9169.83 4723.52 183.511 1028.58 73846.3 4540.01 864.854 4446.31 175.048 8.74818 166.299 4510.61 37272.9 3841.59 3745.42 92.1049 48.6733 37.7124 43.4316 7.93282 10.9609 6.32658 35.4988 20.8608 12.9667 7.89401 70072.2 20216.7 49855.5 30099.9 19755.6 679.76 26470.2 19536.9 627.361 542.932 247.43 111.515 23.1596 18909.6 333.59 287.842 227.913 59.9291 16.7039 1566.93 84.4292 18188.6 1725.09 187.115 1537.98 324.7 95.2991 33.5872 12.618 608.952 596.912 265.523 161.702
internal_count=9479779 3735697 3224097 511600 311144 6128 59491 3164606 305016 43596 200456 5978 580 5398 304222 5744082 175830 164634 2128 777 563 1351 189 214 122 1162 368 184 184 2788781 888227 1900554 1403111 497443 26743 1303212 861484 16276 14417 5728 3005 758 845208 8147 7183 6137 1046 287 49066 1859 448377 56923 9462 47461 10208 2431 821 415 21402 20715 9812 7716
is_linear=0
shrinkage=0.08


Tree=104
num_leaves=63
num_cat=0
split_feature=2 0 4 3 4 4 5 6 5 6 3 5 6 4 5 6 2 4 2 0 0 0 0 4 5 4 3 0 4 5 0 3 4 0 2 4 2 4 2 3 4 3 2 2 4 2 0 2 2 2 2 2 3 3 2 6 4 4 2 3 3 2
split_gain=7.09802 2.45587 2.32739 2.71001 3.59592 3.8008 3.29575 3.18042 2.91584 2.70836 2.53542 2.72797 2.31454 2.27576 3.46132 7.7501 5.91138 5.09432 5.17883 4.78666 4.89595 4.58643 4.16995 4.16632 3.8937 7.06537 5.36383 3.61538 3.45757 3.40626 3.36698 3.28115 5.44224 4.81806 4.10956 4.5825 4.05324 3.39021 5.79935 3.33604 3.2834 3.9218 3.73344 5.09909 5.47915 3.80237 3.58493 3.21669 3.18828 5.06508 3.15401 6.57301 3.089 3.0886 3.03614 2.85231 2.79773 3.28374 6.71215 4.302 3.65963 3.54599
threshold=0.57294833660125744 38.500000000000007 30506.500000000004 6.5000000000000009 3306.5000000000005 4316.5000000000009 0.68990877270698558 107.50000000000001 0.77774071693420421 95.500000000000014 5.5000000000000009 0.83294382691383373 34.500000000000007 253302.00000000003 0.77645063400268566 63.500000000000007 0.16767068207263949 35143.500000000007 0.15821565687656405 21.500000000000004 17.500000000000004 7.5000000000000009 9.5000000000000018 423.50000000000006 0.7725205421447755 40294.000000000007 1.0000000180025095e-35 6.5000000000000009 28.500000000000004 0.77774071693420421 37.500000000000007 14.500000000000002 514.50000000000011 3.5000000000000004 0.53907206654548656 6257.5000000000009 0.14763412624597552 14068.000000000002 0.42956349253654486 17.500000000000004 37398.500000000007 4.5000000000000009 0.11050061136484148 0.22756041586399081 74166.000000000015 0.038218110799789436 8.5000000000000018 0.20101010054349902 0.41223156452178961 0.32466214895248419 0.30094340443611151 0.40114942193031317 10.500000000000002 5.5000000000000009 0.42956349253654486 124.50000000000001 147804.00000000003 164736.00000000003 0.11173533275723459 17.500000000000004 1.5000000000000002 0.3081014752388001
decision_type=2 2 2 2 2 2 2 2 2 2 2 2 2 2 2 2 2 2 2 2 2 2 2 2 2 2 2 2 2 2 2 2 2 2 2 2 2 2 2 2 2 2 2 2 2 2 2 2 2 2 2 2 2 2 2 2 2 2 2 2 2 2
left_child=13 -2 3 4 8 6 -6 9 -3 10 11 12 -7 14 24 19 17 23 21 20 31 -19 -23 28 56 26 48 -27 -17 -25 -18 32 -16 36 35 -34 39 38 -37 -33 -39 42 45 46 -45 -42 -44 -48 49 -26 -46 -52 -36 55 -53 -31 -1 59 60 61 -59 -58
right_child=1 2 -4 -5 5 7 -8 -9 -10 -11 -12 -13 -14 -15 15 16 30 18 -20 -21 -22 22 -24 29 25 27 -28 -29 -30 53 -32 33 34 -35 52 37 -38 40 -40 -41 41 -43 43 44 50 -47 47 -49 -50 -51 51 54 -54 -55 -56 -57 57 58 -60 -61 -62 -63
leaf_value=-0.00035688703885368656 0.0013354417162725332 0.024317496076315625 0.017893082641501065 0.015978976508443595 -0.015169555479813508 -0.040650575888572842 -0.13781005772122387 0.012733757674631368 -0.044512085784044288 -0.09252162943035297 -0.06661463249944484 -0.077587389874823262 0.013682352382981565 0.0014554957648368286 -0.063883369701216844 0.091517859286461015 0.0018731666537111983 -0.012324590314794751 -0.039450547523040481 0.013823355335843779 -0.041310839819456532 0.070673991816037132 -0.021899743028669812 -0.078126318482832385 -0.09900780301597395 0.023977941513673245 0.0017555902944423097 -0.00092385119602687112 -0.068894613791706097 0.0078382429976781836 -0.02682862350555593 -0.059920646015842113 0.030082564313328532 -0.023618351044571242 0.041210830085056438 -0.01828336512803971 -0.0032700114492215347 0.01348692933439959 -0.12274980364514719 -0.015981344454366737 -0.054387750136265976 -0.0018402101796029932 -0.031919834186823877 -0.068570241992862282 0.018579480978368118 0.014340116643507705 -0.065472649970031147 -0.18716532182794626 -0.18428986925161325 0.050866115782325409 -0.041787118854428283 0.060811057112119107 -0.038181976461543476 -0.0035162423508465286 -0.0027428940993135631 0.061766018241628161 0.0059286665353571345 -0.054318945645445184 0.0022518737913675224 0.012974130763287302 -0.0095479272630426167 -0.0088557499747576734
leaf_weight=89726.993906575968 18046.085126979346 31.229718187271544 110.91697028975807 63.671031950850363 2.7068917766155201 6.6982668754353716 2.9099858915433288 24.219984644762008 4.5076164784841231 3.3881114232353857 5.6924626202089703 3.2488320306874803 20.001623900607228 4731.3811154007562 9.626467739436519 0.95326452143490215 2562.4104210578944 261.51643765403423 44.373097630683333 65.929839244694449 28.063220314215869 8.2849901524605212 4.98958343011327 3.5829395895125336 3.8832210526452391 157.41581503051566 590.94748239008186 48.90716284152586 8.7853184693085478 131.64755337210954 26.427654842613265 12.480687001545446 23.853126084635733 165.11675589706283 20.516539592063058 39.560863504855661 336.44461371330544 61.296983401378384 3.7208737460896364 97.063090114039369 5.9929339293448711 435.43640825958573 38.519007840193808 9.3669273215346021 26.516411420889199 36.711608650977723 8.6157833579927665 1.6575974971055973 1.2311535459011791 2.2967037074267864 27.648715221788734 6.8240949921309975 3.7024373093154272 388.08368764744955 16.306164905661717 6.5912636560387901 346.16787536535048 12.276359994313678 1639.99065354513 361.77510164654814 242.5080536391215 148.3092322233133
leaf_count=8748939 332639 705 2912 1539 76 202 83 544 95 77 147 93 486 111336 728 45 48916 18363 1482 1189 696 177 169 416 281 4720 19863 930 1197 11429 426 1265 1117 3849 261 1894 8009 2219 83 6205 1585 17512 1578 225 620 2347 410 84 28 32 577 80 82 27474 229 321 16918 1189 39754 10160 19389 3383
internal_value=1.5521e-11 0.00145063 0.00889637 0.00296625 -0.00495446 -0.0156396 -0.078707 -0.0100389 0.0156359 -0.0241706 -0.0176731 -0.00837056 5.17178e-05 -0.000258234 -0.000340794 -0.00240697 -0.000327788 -0.00607924 -0.0140911 -0.00724724 -0.00822896 -0.00999603 0.0358778 -0.00134077 -0.000231626 0.00530925 0.000907362 0.0180752 -0.0531926 -0.000387836 0.00158017 -0.0075596 -0.00410633 -0.011944 -0.00335535 -0.0044138 -0.00762178 -0.00555954 -0.0272642 -0.0209875 -0.0041676 -0.00593125 -0.0159301 -0.0224326 -0.010786 0.0046952 -0.0431187 -0.0851076 -0.066729 -0.0433087 -0.00378347 -0.0154612 0.0290738 0.000141368 0.0160074 0.0104095 -0.000279839 0.00223313 0.000375118 0.00634467 -0.0117051 0.00149436
internal_weight=121268 18325.3 279.191 168.275 104.603 68.8662 5.61688 63.2493 35.7373 39.0293 35.6412 29.9487 26.6999 102943 98211.3 4928.62 3447.65 858.808 319.164 1480.97 1415.04 274.791 13.2746 539.644 93282.7 804.682 598.359 206.323 9.73858 529.905 2588.84 1386.98 775.873 611.105 766.246 742.028 445.988 718.174 43.2817 109.544 674.893 613.596 178.159 135.455 86.6623 42.7045 48.7924 10.2734 7.41108 6.17992 77.2954 50.779 24.219 526.323 23.1303 138.239 92478 2751.03 1894.78 856.252 254.784 494.477
internal_count=9479779 339598 6959 4047 2508 1708 159 1549 800 1005 928 781 688 9140181 9028845 163259 110415 61073 20191 52844 51655 18709 346 40882 8865586 25854 20204 5650 1242 39640 49342 50959 31631 19328 30903 30560 15479 29443 1977 7470 27466 25247 7735 3803 1731 3932 2072 494 341 313 1506 886 343 39224 309 11750 8839732 90793 60332 30461 20578 20301
is_linear=0
shrinkage=0.08


Tree=105
num_leaves=63
num_cat=0
split_feature=2 3 7 2 5 5 7 4 4 3 5 7 5 4 4 5 7 2 1 4 1 1 1 2 3 4 1 1 1 2 5 2 5 4 4 1 1 2 1 4 4 7 4 2 4 5 4 5 5 5 1 2 2 7 1 7 1 7 7 5 4 2
split_gain=6.59277 3.17268 4.98908 2.63381 2.52754 5.07953 5.57635 5.12852 5.51226 4.76699 4.22694 4.56928 3.61815 3.42471 4.35061 3.29175 7.65312 3.11172 2.70968 2.7066 3.59284 3.10702 2.98404 3.39435 2.6689 2.62938 3.05215 4.078 2.62269 3.53982 3.38442 2.56233 3.35027 4.2253 2.81552 3.48863 3.25589 3.08358 2.47282 2.43323 2.32692 2.30137 2.2679 2.56067 2.19013 2.14576 2.19432 4.53 13.0011 5.67606 4.92263 4.66936 3.87349 3.58262 3.24686 3.23123 3.60069 3.11971 4.37513 4.37087 5.63474 4.01814
threshold=0.39159812033176428 28.500000000000004 20.500000000000004 0.82807883620262157 0.69174146652221691 0.69605797529220592 19.500000000000004 148.50000000000003 615.50000000000011 29.500000000000004 0.69713348150253307 1.5000000000000002 0.68848535418510448 1753.5000000000002 856.50000000000011 0.74265706539154064 10.500000000000002 0.77951389551162731 6.5000000000000009 6740.5000000000009 4.5000000000000009 14.500000000000002 19.500000000000004 0.63762626051902782 29.500000000000004 2045.5000000000002 5.5000000000000009 3.5000000000000004 9.5000000000000018 0.70106381177902233 0.6936996877193452 0.77951389551162731 0.73525840044021618 322066.50000000006 164736.00000000003 13.500000000000002 25.500000000000004 0.43785113096237188 6.5000000000000009 5708.5000000000009 2391.5000000000005 6.5000000000000009 1671.5000000000002 0.46720430254936224 426007.50000000006 0.12499993667006494 293.50000000000006 0.65008756518363964 0.66388624906539928 0.56417635083198558 46.500000000000007 0.48112535476684576 0.71563342213630687 12.500000000000002 52.500000000000007 5.5000000000000009 37.500000000000007 19.500000000000004 8.5000000000000018 0.5673828423023225 126.50000000000001 0.40114942193031317
decision_type=2 2 2 2 2 2 2 2 2 2 2 2 2 2 2 2 2 2 2 2 2 2 2 2 2 2 2 2 2 2 2 2 2 2 2 2 2 2 2 2 2 2 2 2 2 2 2 2 2 2 2 2 2 2 2 2 2 2 2 2 2 2
left_child=-1 3 4 45 12 9 7 17 15 -6 42 25 -3 14 -14 -9 -17 -7 -8 20 39 -21 -23 -24 31 -12 27 -27 38 30 -30 34 -33 -34 35 -13 -37 -36 -11 41 -40 -15 -10 -44 -26 -2 47 49 51 53 55 -49 -53 -47 -52 -50 -57 58 61 -60 -61 -51
right_child=1 2 -4 -5 5 6 18 8 10 28 11 24 13 19 -16 16 -18 -19 -20 21 -22 22 23 -25 44 26 -28 -29 29 -31 -32 32 33 -35 37 36 -38 -39 40 -41 -42 -43 43 -45 -46 46 -48 48 50 57 54 52 -54 -55 -56 56 -58 -59 59 60 -62 -63
leaf_value=-0.00039169452061981185 -0.052457496477305014 -0.00098994479879041509 0.071599916891162269 0.0036513952607069916 0.064015565397024937 -0.071740921778087399 0.0074530139257268794 0.0066387995816066586 0.035778402009035863 0.010287259254740617 0.061656778838527451 -0.016656177642588272 -0.0085411652624467465 -0.1102626488057093 -0.10643523126179037 0.078186450385628367 -0.0054686829496409604 0.018030179064361617 0.03513668858326404 -0.010563671287850169 0.030965140208162278 -0.092548494916287485 -0.062666104850689339 0.054005577431055246 -0.00032381777804232101 0.032825098709460508 0.039014412653981548 -0.063124129394972139 0.042885166386513955 0.065500422016614074 -0.0027984264272739468 -0.035515246552861472 0.040749408219289032 -0.044880275176513482 0.042918598038573709 -0.07795418763575844 0.013097198389796227 -0.011710043210212018 -0.080756600133197895 0.025001705608091111 -0.0068637276298627158 -0.012663186541551397 -0.059781748201123357 -0.016864923772771507 0.0062895620805025199 0.0081462236265861174 0.00091603037477592359 -0.11037202277570667 -0.029160642675351425 -0.043791443339836533 0.08067021910715752 -0.022489118934648337 -0.12828427928782291 -0.0032689639001612274 0.013718899803330813 0.0058139465257255165 -0.056831115609134522 -0.020544670320319352 0.079502124336354327 0.045224407924155614 0.01070391827302508 0.011547467778191696
leaf_weight=84137.45022623516 4.7900519367503867 6299.0915855213261 6.177506109699606 2861.6044158963305 10.93417690601177 10.002324003261036 49.650580860674381 32.913597350241616 4.2024684883649561 139.9474815283927 10.724548413418232 57.854937919647909 6.1931924982927722 2.8959283577278274 5.473144190153107 16.952413175953556 11.920402848161755 3.2820764244534066 41.576752114109695 122.86280440445989 20.550773950601069 6.0868276667315495 3.8970226855017245 2.7027041357941926 3209.0644875042744 5.5142071854579644 14.351734129711984 5.8346137125045061 17.009524726541713 11.159824708942322 26.62372559029609 8.040432014968248 19.134697409579534 4.5685011297464362 8.7676638378761691 12.335237793624399 3.1567083308473221 26.908459685742855 2.9472566968761376 3.5326749831438065 36.570851563909855 3.3175689559429884 11.012382665649055 46.335919458884746 356.03856375243049 383.03421571431227 22364.580436707594 7.8926033014431622 25.790230649639852 9.1055144811980409 7.4724843441508737 16.146477759117264 2.5670136082917443 325.48165539966431 12.211774925352072 104.30111867864616 6.222395727178081 13.741590573918073 9.9036139855161291 49.967163490233361 76.737656306432655 107.97584659303539
leaf_count=8728525 334 135641 105 58968 183 233 811 562 66 2203 115 1012 126 59 126 199 186 61 764 2644 366 168 127 44 52044 70 266 152 253 161 541 123 304 102 108 295 70 456 66 36 662 52 312 896 5505 8865 457788 168 460 268 100 310 57 8669 217 1976 111 296 135 839 1530 1888
internal_value=6.59625e-12 0.000888603 -0.000273516 0.00135972 -0.000315042 0.0012096 0.000519462 5.96616e-05 0.000230188 0.0123843 -0.000154829 0.000187182 -0.00130737 -0.0125711 -0.0544672 0.0239335 0.0436487 -0.0495619 0.0200698 -0.00962399 0.0119932 -0.0144557 -0.0521479 -0.014887 -8.9959e-05 0.0283833 0.0144987 -0.016504 0.00997435 0.0252938 0.0150104 -0.0108943 0.00910841 0.0242453 -0.0167184 -0.0256845 -0.0594011 0.00171534 0.00529713 -0.0280111 -0.0123747 -0.0581514 -0.0209491 -0.0251061 0.000336645 0.00108099 0.00109189 0.0044867 -0.00707813 0.00665053 0.00173755 -0.0587666 -0.0370015 0.00290226 0.0391348 -0.00366276 0.00228707 0.016581 0.018592 0.0283181 0.0243174 0.00724371
internal_weight=121225 37087.6 10698.1 26389.5 10691.9 4215.34 3970.14 3878.92 3865.63 245.193 3803.85 3742.29 6476.6 177.513 11.6663 61.7864 28.8728 13.2844 91.2273 165.846 30.2969 135.549 12.6866 6.59973 3705.87 36.4251 25.7006 11.3488 234.259 54.7931 43.6333 140.767 31.7436 23.7032 109.023 73.3469 15.4919 35.6761 179.466 9.74617 39.5181 6.2135 61.5508 57.3483 3565.1 23527.9 23523.1 1158.55 182.604 975.947 155.998 26.6061 18.7135 708.516 19.6843 136.314 110.524 267.431 253.69 136.608 126.705 117.081
internal_count=9479779 751254 208275 542979 208170 68781 64712 63137 62843 4069 61896 60622 139389 3748 252 947 385 294 1575 3496 513 2983 339 171 60019 603 488 222 3886 955 794 2470 529 406 1941 1377 365 564 2931 147 728 111 1274 1208 57549 484011 483677 25889 3399 22490 2864 535 367 17534 317 2547 2087 4956 4660 2504 2369 2156
is_linear=0
shrinkage=0.08


Tree=106
num_leaves=63
num_cat=0
split_feature=2 6 4 4 0 4 2 0 1 0 0 1 1 0 1 2 1 2 4 1 4 2 2 2 0 0 0 1 1 2 2 0 4 2 1 2 2 2 2 5 1 6 6 6 4 4 4 5 1 0 5 6 5 4 4 6 2 2 5 4 4 6
split_gain=6.1058 2.19296 2.12486 2.61598 4.31208 3.92682 4.44811 3.6604 3.20452 3.124 3.10767 3.05127 3.01116 3.44572 3.21807 2.57934 2.25058 2.1901 2.96702 2.17156 4.15666 2.10151 3.57522 2.03809 6.25389 3.38108 3.31091 2.00364 2.34583 2.00296 1.97801 1.97882 2.84352 7.29257 3.81868 3.336 2.95617 2.98038 1.97569 1.94353 2.78207 1.92287 3.27667 8.50504 5.88644 8.34552 7.93497 5.48492 8.47649 4.94884 4.78996 5.44085 7.36006 10.2808 18.2052 5.95056 5.91207 5.35324 5.68134 5.19353 7.28478 5.07761
threshold=0.64747309684753429 133.50000000000003 253302.00000000003 195199.50000000003 3.5000000000000004 147804.00000000003 0.63762626051902782 32.500000000000007 94.500000000000014 20.500000000000004 16.500000000000004 52.500000000000007 38.500000000000007 14.500000000000002 36.500000000000007 0.014599318150430919 30.500000000000004 0.015749008394777778 2428.5000000000005 66.500000000000014 164736.00000000003 0.32466214895248419 0.41223156452178961 0.57294833660125744 7.5000000000000009 10.500000000000002 8.5000000000000018 88.500000000000014 83.500000000000014 0.62563130259513866 0.53001201152801525 4.5000000000000009 164736.00000000003 0.1366749703884125 20.500000000000004 0.32466214895248419 0.26713615655899053 0.22756041586399081 0.62563130259513866 0.76100599765777599 73.500000000000014 129.50000000000003 120.50000000000001 119.50000000000001 83472.000000000015 102441.50000000001 80080.500000000015 0.69076326489448558 9.5000000000000018 13.500000000000002 0.65999040007591259 85.500000000000014 0.6866402029991151 46038.000000000007 50268.000000000007 87.500000000000014 0.067041199654340758 0.39159812033176428 0.81119626760482799 72837.500000000015 70419.000000000015 77.500000000000014
decision_type=2 2 2 2 2 2 2 2 2 2 2 2 2 2 2 2 2 2 2 2 2 2 2 2 2 2 2 2 2 2 2 2 2 2 2 2 2 2 2 2 2 2 2 2 2 2 2 2 2 2 2 2 2 2 2 2 2 2 2 2 2 2
left_child=2 -2 3 5 11 17 8 12 9 10 23 -5 13 29 16 27 -15 18 39 -11 -21 -12 -23 26 38 -26 30 28 -4 -6 31 32 35 -34 -35 36 37 -7 -25 -1 -41 42 43 44 46 47 50 -46 -49 -44 59 52 53 -52 -55 56 -53 -54 -59 60 -19 -60
right_child=1 -3 15 4 7 6 -8 -9 -10 19 21 -13 -14 14 -16 -17 -18 41 -20 20 -22 22 -24 24 25 -27 -28 -29 -30 -31 -32 -33 33 34 -36 -37 -38 -39 -40 40 -42 -43 49 -45 45 -47 -48 48 -50 -51 51 55 57 54 -56 -57 -58 58 61 -61 -62 -63
leaf_value=-0.017797738526316251 0.0015326584993038093 0.043569132959574146 0.069271177615907981 0.00046915846387128769 -0.0077181043250273652 0.012168521570582942 -0.087900180001810158 0.027264154672198497 -0.039767436747848821 0.041803389995034461 0.016385711741547113 -0.044235810466951096 -0.016421179907075943 0.028965465428711114 0.064684990479378771 0.0013480059740694325 -0.012086751153836098 -0.00052010765086882402 -0.00066037550331969554 -0.085142718343012597 0.035397342796589341 -0.1043217717384559 -0.019079507049226434 -0.0022240449837449554 -0.11205758587655011 -0.028808171960997966 0.016188368151672503 -0.015951230830290271 0.26165251689580027 0.025780026540237502 0.021410605610306641 -0.0038740676752228964 -0.017385108123393632 0.0034916621432098676 0.0464589231525541 -0.0017363948520074872 0.031509754176559296 -0.0054952647168782934 0.051149250674810964 0.18519458396063454 -0.0574005733819564 -0.0037119112329962478 0.00083861382467305878 -0.0038381401552002848 -0.00045699460638393304 -0.00094219749566261976 0.012119286757963364 -0.0037282914352610749 -0.019915187568320017 0.010036504312767876 0.00024705477476012094 0.027554640841998365 -0.002379874437493424 0.027022512145332054 0.0035005834723712569 0.0013891942456619847 0.0055624717633576994 0.0026883491825069107 0.028380852240865468 0.0082339196003688806 -0.010765984291793294 -0.012309336490106
leaf_weight=120.14209910215504 14233.349563474752 7.9469665936194351 1.6633616055978562 1115.8299509148201 562.26165504392702 367.29365185496863 3.398079400882124 18.981524620787241 10.777800012496298 22.836369299329821 5.6728476309217539 9.8575492512900365 214.81763685675105 15.601705613895318 7.3785747338552019 5048.8347143190413 18.900849046651274 52202.374564009871 184.26337318477817 2.8047985918819887 5.2728381250053644 4.1601858953945365 12.955505756894125 44.1362609048374 4.803668826352804 8.9203064462635648 141.08680881140754 1.1024601702229118 0.5364834404317661 11.660746635403482 37.838111743563786 232.51152431569062 121.28781269813771 403.47207871975843 13.686915020458398 175.0916596588213 41.717097950167954 73.341411067172885 4.9349426291882983 0.7171677104779508 0.52329533919692039 1030.9806722510839 8067.4275265094766 4334.9509338561038 354.82292914701975 3241.3270851690759 341.64580710447626 389.28675612265943 442.27769146712671 392.59401894724579 3239.5790373986201 82.589897083918913 7950.8566507907399 274.35675599158276 905.99230548343621 9250.6958098574032 1482.5701845769654 2739.6301459472616 21.226901603862643 428.68893361196388 447.92835946221021 260.45293922733981
leaf_count=310023 264586 113 323 39150 13159 18295 70 356 905 446 117 2100 7408 240 111 115841 356 5889221 171141 71 108 117 242 719 132 157 3023 331 63 205 582 5991 10122 9915 328 3700 821 1949 65 160 403 164647 667569 293454 18092 140316 16072 15076 36151 9939 195778 13318 417661 10645 47406 408320 44333 48666 308 20031 34711 4121
internal_value=6.69105e-12 0.00155612 -0.000207204 -0.000286601 -0.00316958 -0.000229612 0.00353981 -0.00747206 0.00371895 0.00399083 0.00353062 7.76809e-05 -0.00826586 -0.00542094 0.0167317 0.00139424 0.00647665 -0.000296333 -0.00705772 0.029193 -0.00645779 -0.0258125 -0.0397987 0.003931 -0.0102079 -0.0579472 0.00448338 0.0720738 0.116188 -0.0070375 0.00335709 0.00287885 0.00419179 -0.000118738 0.00490141 0.00772212 0.0111555 0.00922848 0.00314355 -0.0167691 0.0828546 -0.00027522 -0.000238637 -0.000382594 -0.000204385 -0.00304345 -4.65198e-05 -0.00878429 -0.0123375 0.00126545 -9.8942e-05 0.000785969 -0.000180278 0.00257598 0.00896795 0.00216104 0.00672295 -0.00129059 0.00157598 -0.00053587 -0.000607276 -0.00924299
internal_weight=121195 14241.3 106953 101901 1975.29 99925.9 1738 849.603 1734.6 1723.82 1692.91 1125.69 830.621 615.804 41.8811 5052.14 34.5026 98187.9 305.646 30.914 8.07764 22.7885 17.1157 1670.12 62.7952 13.724 1607.33 3.30231 2.19985 573.922 1466.24 1428.4 1195.89 538.447 417.159 657.444 482.352 440.635 49.0712 121.383 1.24046 97882.3 96851.3 88391.3 84056.3 4427.71 79628.6 1186.39 831.564 8460.02 79286.9 26208 15392.1 4419.93 1180.35 10815.9 1565.16 10972.2 3021.31 53079 52650.3 281.68
internal_count=9479779 264699 9215080 9098522 63085 9035437 57875 21835 57805 56900 56275 41250 21479 14071 707 116558 596 8977562 481727 625 179 476 359 55799 1073 289 54726 717 386 13364 51703 51121 45130 20365 10243 24765 21065 20244 784 310586 563 8495835 8331188 7653680 7360226 209635 7150591 69319 51227 677508 7134519 1190556 724585 253829 58051 465971 57651 470756 53095 5943963 5923932 4429
is_linear=0
shrinkage=0.08


Tree=107
num_leaves=63
num_cat=0
split_feature=0 4 3 6 5 6 6 6 5 5 5 0 4 4 5 5 5 6 4 3 5 1 5 5 1 4 5 5 1 5 3 6 4 5 6 4 4 3 5 4 1 6 1 5 6 4 5 4 1 5 6 1 1 4 4 4 5 4 1 6 6 6
split_gain=3.06568 2.57041 4.05947 5.53128 4.68181 3.66801 2.78167 2.77206 2.88099 4.86908 3.99117 3.86985 3.19182 3.26654 3.45081 2.68502 2.46777 2.45046 2.34905 2.82097 3.37264 3.22243 2.84473 6.40407 4.14743 2.96843 6.82687 4.31221 2.93915 2.80766 3.35721 3.42512 3.528 3.15655 2.79471 2.69979 3.94097 2.67357 2.66435 3.62664 3.26071 2.64949 3.89316 3.65795 7.39269 6.6822 3.93055 3.31182 3.80155 3.59915 3.88234 3.24232 2.75091 2.61717 2.5778 2.4599 2.40343 2.32934 4.14502 3.71795 2.59812 6.34048
threshold=1.5000000000000002 224.50000000000003 12.500000000000002 118.50000000000001 0.73018604516983043 107.50000000000001 106.50000000000001 127.50000000000001 0.41808228194713598 0.39232537150383001 0.46835438907146459 4.5000000000000009 55.500000000000007 126.50000000000001 0.33895458281040197 0.70717167854309093 0.81396234035491954 129.50000000000003 6347.5000000000009 25.500000000000004 0.23770491033792499 11.500000000000002 0.60170263051986705 0.58282724022865307 44.500000000000007 20245.000000000004 0.58090013265609752 0.58195683360099804 3.5000000000000004 0.61147069931030285 28.500000000000004 116.50000000000001 18390.000000000004 0.61021780967712413 58.500000000000007 6906.5000000000009 6740.5000000000009 26.500000000000004 0.60732638835906994 39079.500000000007 12.500000000000002 120.50000000000001 7.5000000000000009 0.60048425197601329 58.500000000000007 18390.000000000004 0.5989007055759431 8214.0000000000018 3.5000000000000004 0.59137621521949779 95.500000000000014 15.500000000000002 5.5000000000000009 7345.0000000000009 7512.5000000000009 10702.500000000002 0.60266375541687023 251.50000000000003 53.500000000000007 37.500000000000007 78.500000000000014 93.500000000000014
decision_type=2 2 2 2 2 2 2 2 2 2 2 2 2 2 2 2 2 2 2 2 2 2 2 2 2 2 2 2 2 2 2 2 2 2 2 2 2 2 2 2 2 2 2 2 2 2 2 2 2 2 2 2 2 2 2 2 2 2 2 2 2 2
left_child=18 2 4 -4 15 6 -6 8 9 12 11 -10 -5 -14 -15 -2 -7 -9 -1 -20 21 55 23 25 29 27 28 37 -27 30 -24 32 56 38 -30 36 -31 -22 39 -33 -41 43 -43 44 46 52 -25 48 53 -49 -51 -44 -45 -46 -55 -21 -32 58 60 -60 -3 -62
right_child=1 57 3 7 5 16 -8 17 10 -11 -12 -13 13 14 -16 -17 -18 -19 19 20 22 -23 24 41 -26 26 -28 -29 34 35 31 33 -34 -35 -36 -37 -38 -39 -40 40 -42 42 51 45 47 -47 -48 49 -50 50 -52 -53 -54 54 -56 -57 -58 -59 59 -61 61 -63
leaf_value=-0.0012699701130372684 0.0053066768541066723 -0.0023697112972332545 0.0011024992958536951 0.01482195054685707 -0.020842610526668932 0.0017722464927320011 -0.12946669737799663 0.016974129712823433 -0.096976206618838379 0.048325907836626679 -0.021723138251945842 -0.000538675490516419 -0.071538937598115374 0.027317338524783165 -0.07494173073221358 0.025351281757163637 0.078103873104815758 -0.016583466613807205 -0.00078053145872346351 0.14512756887485093 0.021940658057413659 -0.062253775324327541 -0.039577335488036533 0.0014142557822072078 0.051560061854457821 -0.0020916528342892335 -0.017465206528613914 0.043069518080959594 0.023955715343084282 0.001623010697999363 -0.056460827272729504 0.031037229845737369 0.0019025265781388366 0.084304315119307638 0.0085036758036098545 0.00024519488802278184 0.031918789156398522 -0.0019726338278610212 -0.042226265008520829 -0.034437735308702692 0.062997620691002523 -0.01746760356929275 0.039348022865101737 0.032053468377968866 0.12292644814389327 0.086458600993966309 -0.044396373892737907 0.020523561342790344 -0.029833335554666076 0.087498287226248112 0.024424149537185649 -0.045068349520320627 -0.047084315442539951 -0.066417430704508909 0.06432848213118289 0.035364284574405165 -0.016966313066741755 0.00020555798517716531 -0.04214486135833289 0.044360376018864091 -0.051008496267212947 -0.0083556987243409552
leaf_weight=17746.746709941541 1718.1763732767242 211.34822701385565 1486.4426321065712 11.469965092197528 57.012631323336564 10.2611047149403 1.5498217557324085 28.70315248168481 9.5131055627716687 8.996330601279622 64.621878465288319 3.6983775650151065 9.5990624395781214 6.5498357152100635 3.1171503742225468 43.861110336118145 3.6838138920720658 27.052136232377961 11733.13367857222 2.4123793487378853 30.776265683787642 1.1480683283007236 20.256631313881371 77.426277756530908 10.058933320862705 92.252537299757023 64.470429676526692 14.192438304075038 117.33619193852064 77.421201725956053 11.307330579555126 27.908390866417903 71.277308119402733 3.6138167422614051 207.18264540168457 5396.6252400086705 42.601110559771769 1078.2390049083915 6.1922729985089964 12.61067914648447 2.6622034307802087 39.051572069874965 17.465186576126147 7.674199276138097 1.909791443496945 12.492555539356545 14.182369391812243 168.27261659043143 15.163770104263675 11.397070860955866 13.817479460907633 3.4945857956772661 4.4362558423308656 1.6760989665053787 2.2751308484002948 2.8510630934615619 77.115362146885673 80022.311214537272 3.8999038241308908 17.220838353947329 27.297985059252824 121.95517534192186
leaf_count=3697077 121394 11075 70983 734 1862 323 73 1272 620 324 2649 109 756 401 225 1315 56 1757 1528170 489 4943 746 2483 6780 2248 4247 5688 868 11943 5110 971 2213 5564 260 22432 268715 1856 138866 713 957 350 2234 1678 340 59 435 1757 10644 1808 511 1418 969 658 101 63 617 7101 3508160 981 2400 1843 6385
internal_value=3.05314e-11 0.00026813 0.00239222 -0.000474499 0.00498582 -0.0149369 -0.0237173 -0.0139992 -0.0209666 -0.00343861 -0.0299143 -0.0699798 -0.0185899 -0.0384815 -0.00565642 0.00580563 0.0219367 0.000692183 -0.000604054 2.16422e-06 0.00118541 0.0591837 0.00113746 0.0037408 0.000235644 0.00150412 0.00676113 -0.000748266 0.0105087 0.000145852 -0.00845726 -0.00549335 -0.0113411 0.0121314 0.0140907 0.000509124 0.0123763 -0.00130902 0.00684885 0.0138863 -0.0174539 0.0129251 -0.00253972 0.0157313 0.0133461 0.0454089 -0.00567791 0.0214705 -0.00868444 0.0247472 0.0529339 0.0252734 0.00306402 0.0460325 0.00886649 0.0856718 -0.0220168 0.000175818 -0.00605865 0.0283874 -0.00807619 -0.0161568
internal_weight=121139 83898.3 3494.31 1659.76 1834.54 72.5074 58.5625 173.321 117.566 39.7323 77.8334 13.2115 30.736 19.266 9.66699 1762.04 13.9449 55.7553 37241.1 19494.4 7761.25 6.41151 7754.83 1995.18 5759.65 1604.45 481.242 1123.21 416.771 5749.59 232.944 212.687 159.7 52.9874 324.519 5516.65 120.022 1109.02 49.3735 43.1813 15.2729 390.735 60.0113 330.724 306.121 24.603 91.6086 214.512 21.0248 193.487 25.2146 20.9598 12.1105 5.86102 3.95123 5.26344 88.4227 80404 381.722 21.1207 360.601 149.253
internal_count=9479779 3735697 204853 79830 125023 2314 1935 8847 5818 2440 3378 729 2116 1382 626 122709 379 3029 5744082 2047005 518835 1852 516983 218442 298541 188987 44310 144677 38622 296293 20612 18129 13636 4493 34375 275681 6966 143809 4233 3520 1307 29455 4881 24574 23141 1433 8537 14604 2031 12573 1929 2647 998 223 164 1106 8072 3530844 22684 3381 19303 8228
is_linear=0
shrinkage=0.08


Tree=108
num_leaves=63
num_cat=0
split_feature=2 3 6 6 4 4 4 6 2 1 0 4 2 6 4 2 4 0 0 2 4 1 4 1 2 2 3 2 4 4 4 6 0 4 1 4 1 4 6 6 4 0 1 6 2 6 3 6 4 4 4 4 4 4 1 4 6 2 4 4 2 2
split_gain=5.48458 2.76555 2.90718 7.05242 3.6065 7.54082 6.39366 3.4523 3.29417 3.2164 4.79298 3.19287 3.12072 2.84159 2.62479 6.16983 4.72485 2.72307 3.2409 2.63388 2.56402 2.27197 4.50734 2.8816 2.26851 2.24687 3.19663 2.41669 2.09605 3.0667 3.58422 3.83058 2.08723 4.0328 2.7511 4.23477 3.34821 2.07995 4.42777 5.97018 4.35444 3.24635 4.32999 3.1509 5.66652 4.48951 4.29966 3.93419 3.92648 3.86582 3.72732 5.82926 4.37523 4.05599 4.00636 3.97062 3.76141 3.83473 3.6487 3.59585 4.011 3.60062
threshold=0.39159812033176428 28.500000000000004 21.500000000000004 10.500000000000002 15903.000000000002 19315.500000000004 13158.500000000002 2.5000000000000004 0.89564427733421337 4.5000000000000009 2.5000000000000004 31780.000000000004 0.8164983093738557 20.500000000000004 1210.5000000000002 0.78629976511001598 1090.0000000000002 10.500000000000002 13.500000000000002 0.64747309684753429 18042.000000000004 15.500000000000002 554.50000000000011 11.500000000000002 0.84654632210731517 0.44543650746345526 29.500000000000004 0.76764950156211864 185.50000000000003 637.50000000000011 2848.5000000000005 3.5000000000000004 6.5000000000000009 3031.0000000000005 9.5000000000000018 2801.0000000000005 12.500000000000002 426007.50000000006 32.500000000000007 79.500000000000014 56016.500000000007 20.500000000000004 29.500000000000004 71.500000000000014 0.70106381177902233 43.500000000000007 29.500000000000004 40.500000000000007 12877.000000000002 4754.5000000000009 3927.5000000000005 1707.5000000000002 2148.5000000000005 2912.5000000000005 7.5000000000000009 4578.5000000000009 35.500000000000007 0.40114942193031317 10540.500000000002 903.50000000000011 0.6012820601463319 0.5838744342327119
decision_type=2 2 2 2 2 2 2 2 2 2 2 2 2 2 2 2 2 2 2 2 2 2 2 2 2 2 2 2 2 2 2 2 2 2 2 2 2 2 2 2 2 2 2 2 2 2 2 2 2 2 2 2 2 2 2 2 2 2 2 2 2 2
left_child=-1 24 3 7 6 20 14 8 -3 10 -8 12 -7 -11 15 16 21 32 19 -19 -6 23 -23 -5 -2 26 -9 -27 -29 -30 -31 -32 34 -34 -16 -36 -37 38 40 43 41 42 -4 45 48 46 47 -40 49 59 51 -48 54 -54 -53 -52 58 -58 -57 -45 61 -61
right_child=1 2 37 4 5 11 9 25 -10 13 -12 -13 -14 -15 17 -17 -18 18 -20 -21 -22 22 -24 -25 -26 27 -28 28 29 30 31 -33 33 -35 35 36 -38 -39 39 -41 -42 -43 -44 44 -46 -47 50 -49 -50 -51 55 52 53 -55 -56 56 57 -59 -60 60 -62 -63
leaf_value=-0.00035729384713508339 0.0010147847334496239 0.021573418889819718 -0.0086150749081952433 0.010215899405871713 -0.024262668879909161 0.029227403004946452 -0.04661157104373162 0.056698194762294041 -0.058402225106295072 0.087972915463572318 0.092119966943742179 -0.0024270202108748456 -0.047345512234564409 0.019198174619148405 0.017305608901901328 -0.049344326709789561 -0.063620349603959125 -0.1440361433299702 0.024443791967182597 -0.023358172512695771 -0.093241999277860574 -0.13737217609313696 0.047492099497085237 0.06096753292006693 0.0035786272060652387 -0.0027823842640975205 -0.035929970511999296 0.032715759986222302 -0.096845743382137819 0.0098143792725348886 -0.085530073858164371 0.0055187626647719657 0.076367529928201561 0.011834825727049633 0.035705631370183982 -0.074194858893965668 0.030657133699403556 0.0052583855152456517 0.022560759225693627 -0.0013944765048208017 -0.00086730983499078108 0.047171837474721007 -0.080377197739130823 0.015190250650998121 0.023890305952584994 -0.0012425770381502123 0.0077635593290543625 0.097901231738545369 -0.02160353816919823 0.019942019167840698 0.048927894718393608 -0.026004560852156834 0.0089447517531206083 -0.026663321089953382 -0.10363679878066673 -0.056472154491864643 0.047745839905311137 0.011275320594609879 0.0027630518850755891 -0.0040694414324267255 -0.029830129893990691 0.0435293593210122
leaf_weight=84076.93658836963 23906.575683450843 37.653749102259098 829.26045668902452 79.043019890086725 7.307084307074545 40.986103808972985 4.2900703819468644 2.572277253959327 3.6124026607722035 13.847818164154889 2.5359296705573797 111.98273259121925 3.7150638727471224 5.3227785325143477 192.85554903342381 13.784780526148095 5.5690378192812195 1.9523733952082674 4.090397103689611 2.843051066622138 6.5314275082200766 1.8254835444968187 1.5701255267485974 7.8731823717243961 2433.5424455899483 148.01621457352303 32.652418705285527 3.3448021942749646 4.2553819077438702 11.223963871598245 8.0752876754850131 4.6661075465381137 10.668194780126216 14.789588888641445 6.1889866236597326 7.7745856801047903 2.6012789527885616 367.09688860410824 19.065632528624977 5569.4447733288716 1022.2503720706059 6.6178971738554528 5.4163153842091551 72.569312655134127 126.15844499204377 1028.0854294426863 249.78237215004629 5.7808542978018513 34.325710413627348 99.100007421802729 19.526492000145936 16.117097001872029 47.739521938527105 35.844951139646582 5.7803208241239181 9.0818142583593708 21.419866542797536 133.14530417976675 24.907024381216615 90.483839184045792 35.847983735184243 11.45912351447623
leaf_count=8728525 492156 770 15501 1764 142 930 103 64 88 142 33 2432 70 107 3994 276 196 84 103 55 194 62 46 113 50823 3503 1368 54 100 251 165 105 156 307 140 211 44 5746 377 109782 17046 104 114 1497 2159 21275 4762 83 560 1997 344 373 878 807 160 205 447 2473 484 2011 739 179
internal_value=6.75602e-12 0.000811185 -0.000273897 0.00434601 0.00945231 -0.000211417 0.0137954 -0.00662042 0.0145724 0.0520862 0.00492863 0.00478825 0.0228635 0.0688774 0.0109789 0.000700284 0.00789519 0.0156031 -0.0278687 -0.0724901 -0.0568192 0.0123052 -0.0518912 0.0148132 0.00125166 -0.0106917 -0.0291658 -0.00706808 -0.0271644 -0.0342616 -0.0231489 -0.0521865 0.0172477 0.0388775 0.0146183 -0.0166681 -0.047908 -0.000650554 -0.000878425 -2.71686e-05 -0.00437549 -0.00863825 -0.00908075 0.00362304 0.00938887 0.00194658 0.00752084 0.0400897 0.00406731 0.00691475 0.00608439 0.00110425 -0.0146651 -0.00632566 -0.0464974 0.0145872 0.0110309 0.0163295 -0.0130646 0.000777645 -0.00681293 0.00128101
internal_weight=121109 37032.4 10692.3 806.021 549.949 170.522 379.426 256.073 41.2662 25.9966 6.826 156.684 44.7012 19.1706 353.43 109.666 95.8808 243.764 8.88582 4.79542 13.8385 90.3118 3.39561 86.9162 26340.1 214.806 35.2247 179.582 31.5655 28.2207 23.9654 12.7414 234.878 25.4578 209.42 16.5649 10.3759 9886.31 9519.21 7655.67 1863.55 841.295 834.677 2086.22 469.944 1616.28 588.191 24.8465 343.786 309.46 563.345 355.264 105.482 83.5845 21.8974 208.081 188.554 154.565 33.9888 210.36 137.791 101.943
internal_count=9479779 751254 208275 18172 11704 3768 7936 6468 858 385 136 3432 1000 249 7551 2457 2181 5094 242 139 336 1985 108 1877 542979 5610 1432 4178 675 621 521 270 4852 463 4389 395 255 190103 184357 151592 32765 15719 15615 41810 9142 32668 11393 460 6983 6423 10933 6980 2218 1685 533 3953 3609 2920 689 4426 2929 2190
is_linear=0
shrinkage=0.08


Tree=109
num_leaves=63
num_cat=0
split_feature=2 4 4 3 4 0 3 2 3 2 2 3 1 2 1 2 1 0 1 3 1 1 0 0 4 1 0 2 1 0 2 1 2 0 1 1 1 3 3 1 1 1 2 2 4 1 1 4 1 3 2 3 2 2 3 2 4 2 2 2 1 2
split_gain=5.09227 1.91962 1.87807 2.67762 5.05222 4.11391 4.09723 3.29246 3.16967 4.37283 5.05521 4.03591 3.12728 3.51796 4.03476 3.92769 3.37733 3.12405 4.56717 3.0884 2.97011 5.90404 3.6854 3.65054 3.30904 2.73423 3.73515 3.037 2.69691 2.62898 5.10339 4.90566 3.01162 2.76489 2.59624 4.33508 2.3946 5.96705 2.38868 2.37516 2.3486 2.64209 4.11142 3.06632 2.83966 2.49035 2.33953 4.83194 6.64455 3.73298 2.80012 2.63395 2.48731 2.52046 4.53395 2.68025 2.89247 2.40151 2.30778 4.12092 2.26965 4.98213
threshold=0.64747309684753429 1.0000000180025095e-35 253302.00000000003 12.500000000000002 426007.50000000006 5.5000000000000009 15.500000000000002 0.015268065501004459 7.5000000000000009 0.49725274741649633 0.43785113096237188 5.5000000000000009 8.5000000000000018 0.18786764889955523 12.500000000000002 0.30094340443611151 6.5000000000000009 28.500000000000004 44.500000000000007 11.500000000000002 56.500000000000007 67.500000000000014 3.5000000000000004 28.500000000000004 426007.50000000006 30.500000000000004 2.5000000000000004 0.093933824449777617 3.5000000000000004 9.5000000000000018 0.25949975848197943 55.500000000000007 0.29442724585533148 10.500000000000002 3.5000000000000004 4.5000000000000009 9.5000000000000018 11.500000000000002 8.5000000000000018 31.500000000000004 24.500000000000004 16.500000000000004 0.18655367195606234 0.39886364340782171 322066.50000000006 8.5000000000000018 20.500000000000004 426007.50000000006 44.500000000000007 14.500000000000002 0.3081014752388001 14.500000000000002 0.15345369279384616 0.52223318815231334 13.500000000000002 0.35032467544078832 322066.50000000006 0.32466214895248419 0.3464102596044541 0.35781671106815344 24.500000000000004 0.5838744342327119
decision_type=2 2 2 2 2 2 2 2 2 2 2 2 2 2 2 2 2 2 2 2 2 2 2 2 2 2 2 2 2 2 2 2 2 2 2 2 2 2 2 2 2 2 2 2 2 2 2 2 2 2 2 2 2 2 2 2 2 2 2 2 2 2
left_child=1 -1 -3 4 7 8 20 -4 11 10 12 -6 16 25 36 38 -10 18 19 -7 22 23 24 -22 28 26 -14 -27 -5 -8 -31 32 -32 -34 -26 -36 -15 -38 -16 40 41 42 44 45 -30 -44 50 49 51 52 -24 -49 -48 54 -54 -56 -57 -53 -52 -60 -9 -62
right_child=-2 2 3 6 5 17 29 60 9 -11 -12 -13 13 14 15 -17 -18 -19 -20 -21 21 -23 46 -25 34 27 -28 -29 39 30 31 -33 33 -35 35 -37 37 -39 -40 -41 -42 -43 43 -45 -46 -47 47 48 -50 -51 58 57 53 -55 55 56 -58 -59 59 -61 61 -63
leaf_value=-0.080173556044946026 0.0014220371116485581 -0.00026253072592746985 0.092222041641836144 -0.068833956340890692 0.00012532069964510723 -0.0069348432525917336 0.00017479678750902919 0.0030984635890329293 -0.0042240874061581319 -0.035199902495824359 0.073492953742916131 0.017411691061067037 -0.0072970027036690123 -0.010990195200003737 -0.097361864968231904 0.042530716131660852 0.030624292148013797 0.014253904577593464 -0.025587113640055694 0.028861922014335718 -0.2265469536641703 -0.00064023417068858929 0.038165704785236815 -0.039061465137353639 0.034859899911577834 -0.012404360983765426 0.04343178636199501 -0.11550608876157828 -0.021651400930628326 0.072002042470484293 -0.048067983562018836 -0.073573300070532741 0.037003336622166982 0.0070228287640247931 -0.055975876342920027 8.8696045712446922e-05 -0.11484855359197679 0.025106955096852641 -0.015372601530257235 0.03436480575019351 -0.085647543565981851 0.015030972963075984 0.012868077113072387 -0.038890857952983686 -0.071137127277061812 -0.027077979457620808 0.063814579070474511 -0.063928700573462574 0.050159689226300153 -0.03308108825243726 -0.046263788772356991 -0.068618510758577958 -0.04061407494027771 0.055381720763484472 0.043314378778857146 0.03606491977102224 -0.068854605900347907 0.01949143561904651 0.070053464113774541 0.0015850616018900287 0.010661187249476295 -0.024189448502248388
leaf_weight=1.9203375794750162 14223.210366796164 101804.46336178192 2.8292798472159566 7.6284332079812875 200.32086964399787 249.85094461322296 2010.6653795713773 857.36317715093537 46.982157137146714 26.694600332062691 5.730675382539629 152.05075881025891 31.01260474557057 3.9970902982167891 2.9630300020799067 6.361872303299605 28.653883408289403 37.621939001226565 89.809151792433113 16.439966327743605 1.6410118970088654 4.2982372340629809 17.544426884036511 1.1171437774319199 10.557733024936168 6.9434342889580858 13.261410733452065 2.4821401452645659 13.439351088833066 8.4138160294387472 5.3395823468454173 4.5849041892215601 24.958908577216789 93.205549908336252 10.207720641978083 65.243656777427532 8.614704702049492 2.5199819738045326 9.78205280122347 4.9730263834353527 3.6067652998026452 12.193668662104754 28.367658966686577 20.176943159662187 16.573571746936068 15.416490060742943 6.1687861944083116 19.748073806520551 5.2541193340439341 12.340700241038574 5.6530175488442174 3.0355927976779657 11.356229920871558 6.2604700806550673 13.390339167322965 3.230744617059826 3.5072044814005494 5.6919980449602008 6.0657770382240406 77.582975097931921 658.71109742805129 27.342403981601819
leaf_count=144346 264699 8954176 506 186 5387 4175 41553 20958 779 411 54 3646 1332 85 85 93 412 601 1930 237 111 112 300 14 135 587 257 116 699 117 86 81 357 1468 186 1794 194 36 218 402 348 659 628 332 596 367 137 446 72 315 124 77 299 94 241 62 64 77 54 1145 20188 533
internal_value=3.39233e-11 -0.000189285 -0.000187848 0.00131837 0.00318703 -0.00143112 -0.000498387 0.00600078 0.00304836 -0.0051068 -0.000361973 0.00758451 -0.00294941 -0.0132081 -0.0332469 -0.00880762 0.00897784 -0.0076701 -0.00998636 -0.00472486 -0.00780311 -0.0592591 -0.00690706 -0.150609 -0.0143219 -0.000431353 0.00789781 -0.0395553 -0.0227734 0.000904172 0.0116478 0.00768325 0.0106998 0.0133554 -0.00229694 -0.00749621 -0.0641066 -0.0831741 -0.0344338 -0.0197113 -0.022161 -0.0200042 -0.0245503 -0.0130878 -0.0489781 -0.00119701 0.000943059 -0.00856089 -0.0325017 0.00579387 0.00894714 -0.0477538 0.0167186 0.0090215 -0.000196896 0.0226062 -0.0185473 -0.0111546 0.0032068 0.00655004 0.00584272 0.00927223
internal_weight=121077 106854 106852 5047.78 2488.34 942.093 2559.44 1546.25 548.371 196 169.305 352.372 163.574 87.9383 34.2387 19.107 75.636 393.722 356.1 266.291 412.272 7.05639 405.215 2.75816 208.385 53.6996 44.274 9.42557 122.376 2147.17 136.503 128.089 123.504 118.164 86.0091 75.4514 15.1318 11.1347 12.7451 114.747 109.774 106.168 93.974 63.9611 30.0129 43.7841 196.83 89.9843 33.7298 56.2545 106.846 28.4757 43.9138 37.745 31.4845 20.1283 6.73795 8.72759 89.3018 83.6488 1543.42 686.054
internal_count=9479779 9215080 9070734 116558 62820 20635 53738 42185 13692 4659 4248 9033 4194 3003 711 396 1191 6943 6342 4412 10076 237 9839 125 6332 2292 1589 703 4217 43662 2109 1992 1911 1825 2115 1980 315 230 303 4031 3629 3281 2622 1327 1295 995 3507 1884 672 1212 1623 600 897 760 666 367 126 154 1323 1199 41679 20721
is_linear=0
shrinkage=0.08


Tree=110
num_leaves=63
num_cat=0
split_feature=0 5 6 5 4 4 0 6 5 4 5 7 4 3 5 6 4 5 3 5 5 7 7 6 4 7 4 3 5 6 5 4 5 4 5 5 5 4 3 4 5 4 3 3 3 5 7 0 6 7 7 4 0 3 4 3 6 0 4 4 3 3
split_gain=2.64996 2.90685 2.19582 2.174 3.90887 3.04042 3.59383 2.94715 2.52598 2.42363 2.92532 2.32233 3.65427 6.14135 5.04362 4.40743 3.84322 3.66279 3.59007 3.46115 7.12042 2.7891 2.41525 4.88709 2.32498 4.04318 3.23943 2.99068 3.9571 2.2749 2.83564 2.6543 4.09715 2.79548 2.64474 2.63756 3.63685 2.67521 2.95971 2.39004 2.38026 2.36863 3.18791 2.24277 2.19121 2.18124 2.90051 2.35807 2.07297 3.25898 4.10467 3.88331 3.9801 5.76684 3.7109 3.11136 2.98916 3.65448 2.96769 6.4524 6.52445 4.02381
threshold=4.5000000000000009 0.38642528653144842 133.50000000000003 0.38642528653144842 1033.5000000000002 1009.5000000000001 1.5000000000000002 7.5000000000000009 0.22132766991853717 20.500000000000004 0.066430240869522109 4.5000000000000009 478.50000000000006 7.5000000000000009 0.28976984322071081 41.500000000000007 423.50000000000006 0.089699901640415206 1.0000000180025095e-35 0.35783077776432043 0.33242595195770269 3.5000000000000004 16.500000000000004 77.500000000000014 55.500000000000007 3.5000000000000004 105.50000000000001 29.500000000000004 0.35344369709491735 74.500000000000014 0.34435522556304937 637.50000000000011 0.32358640432357794 554.50000000000011 0.16254932433366778 0.32856500148773199 0.33895458281040197 751.50000000000011 4.5000000000000009 198.50000000000003 0.38166807591915136 710.50000000000011 1.5000000000000002 1.0000000180025095e-35 3.5000000000000004 0.30066822469234472 18.500000000000004 1.0000000180025095e-35 80.500000000000014 18.500000000000004 16.500000000000004 173.50000000000003 8.5000000000000018 9.5000000000000018 70419.000000000015 13.500000000000002 69.500000000000014 25.500000000000004 8710.5000000000018 9739.5000000000018 18.500000000000004 14.500000000000002
decision_type=2 2 2 2 2 2 2 2 2 2 2 2 2 2 2 2 2 2 2 2 2 2 2 2 2 2 2 2 2 2 2 2 2 2 2 2 2 2 2 2 2 2 2 2 2 2 2 2 2 2 2 2 2 2 2 2 2 2 2 2 2 2
left_child=3 2 -2 4 5 9 -7 -6 -9 45 -11 12 16 14 21 19 17 18 -12 20 -16 -14 -13 29 25 27 -26 -19 -29 30 31 33 41 -24 39 37 -37 38 -36 -31 -38 42 -33 -28 -8 47 -47 -1 49 50 56 52 53 -52 58 -54 -3 -58 61 60 -60 -51
right_child=1 48 -4 -5 7 6 44 8 -10 10 11 22 13 -15 15 -17 -18 24 -20 -21 -22 -23 23 -25 26 -27 43 28 -30 34 -32 32 -34 -35 35 36 40 -39 -40 -41 -42 -43 -44 -45 -46 46 -48 -49 -50 54 51 -53 55 -55 -56 -57 57 -59 59 -61 -62 -63
leaf_value=-0.080160040358956797 0.0057735584676352264 0.0010937470756665409 0.10402425383621733 -0.00013530238416614208 -0.028037083932109869 -0.0005947449029304957 -0.073622969774630662 -0.013693606569693567 -0.0033820220339738456 -0.026462378531937412 0.52463186238962367 -0.0032596900246408093 0.020909242748781455 0.0036330780921838236 0.071076649218678234 -0.002892272044593653 -0.0278998873076837 0.011308942739031894 0.08586019689895652 0.088573662112066937 -0.075872779170792798 0.12187126836287704 -0.0037521268146007182 -0.003478464815208528 -0.017699769460533275 -0.033939710701725426 0.061344332414491359 0.065075321135953768 -0.056078836916875929 0.00014730470427056571 0.017246438594107724 0.28178407621420065 -0.038666271370129304 -0.06546753370749063 0.058404792210784776 0.084935786537553876 0.0085180721190485989 0.062918819859877795 -0.012923434307392045 0.14130322944932933 0.083085765651558105 0.018264827565904126 0.05846751438312061 0.0020470874332079716 0.063372625245235112 0.0047699834013126569 -0.038198470670932683 0.013161321419368802 -9.9004708047209923e-05 -0.003573306944797623 0.0006808834618098875 0.012554402013232949 -0.021566263850787363 -0.12806311670036033 0.012520241702420373 0.077441701482169056 0.0071777339503614661 -0.017779329775628742 -0.021013709232492576 -0.0049385587980909007 -0.094250631192603851 0.0044887776321487242
leaf_weight=1.751309613648117 622.09866377577418 12600.325024588417 1.4592256010510016 81146.600904246021 34.186444936509361 15.802854720262987 0.79325513347430288 167.41339977090684 1655.7233654354859 28.589731924970692 0.12897135096136381 1857.8857387213302 2.4142394824011699 92.280993275060609 5.9651389757636952 17.020010510634165 28.962869084556587 40.497303482152347 1.5990268956011275 9.1220386523418693 3.265631294780178 6.3759806567104533 110.47162768295311 414.27188498630494 60.723916312432266 9.2118434205622162 4.1606200383830574 15.111067256555545 1.9477568577276532 1.1821225998428411 91.411891362622555 0.43453226110432552 6.278408350000972 4.9059021911671143 4.3055790517319137 7.5603657787141882 17.563153562397932 4.4545950729152528 27.521046044370451 2.1897717944957549 3.2460514274425796 19.031112191820284 6.9939821067819139 216.64360590440992 12.876938606903421 37.810092340529081 13.696518886950797 164.86830284986354 17969.886157086421 1253.4312778301728 4.4543578673624342 310.25867220306418 6.0866923166904581 4.4524839471559972 112.93285599843921 3.0489270593971014 804.26586461086663 39.38983576928149 35.350965602672659 327.29624440243242 9.9837323138490301 579.33331995878734
leaf_count=144346 34576 359802 14 6674705 15079 6911 236 134652 486277 34003 18 573061 1000 16911 1117 4725 7387 8827 985 1243 1321 1400 28868 106036 14479 2314 819 1698 247 470 16760 31 1417 1122 1373 918 2627 1361 6338 431 300 3873 1000 46783 1097 6131 1779 56909 552902 49233 200 10093 166 173 2952 56 20533 775 1446 11596 300 15577
internal_value=4.1133e-11 0.000590664 0.00600348 -0.000237181 -0.0018183 -0.00019476 0.0253874 -0.00476528 -0.00432891 -0.000420379 -0.000989687 -0.000754396 0.00414804 0.0153744 0.0399086 0.0264315 0.000106278 0.00242366 0.118608 0.0536257 0.0190894 0.094142 -0.00173391 0.00219326 0.00184723 0.0152688 -0.00133585 0.0231446 0.0512421 0.00983311 0.00616652 -0.000671628 0.0194331 -0.00637629 0.0227442 0.0191417 0.0374151 0.00485314 -0.00327399 0.0918166 0.02015 0.0332191 0.0715305 0.00316443 0.055423 0.00773253 -0.00665609 0.0121804 0.000491569 0.00115112 0.00161824 0.0104562 -0.025624 -0.0636776 -0.00162386 0.0114767 0.00140242 0.0060125 -0.00234815 -0.00885648 -0.0371421 -0.0010249
internal_weight=121059 34684.1 623.558 86375.3 5228.65 3371.33 29.473 1857.32 1823.14 3341.85 3123.73 3095.14 515.431 136.444 44.163 35.3728 378.987 350.024 1.728 18.3528 9.23077 8.79022 2579.71 721.822 348.296 66.768 281.528 57.5561 17.0588 307.55 239.527 148.116 32.738 115.378 68.0227 64.6508 28.3696 36.2812 31.8266 3.37189 20.8092 26.4596 7.42851 220.804 13.6702 218.126 51.5066 166.62 34060.5 16090.6 13772.3 328.301 18.0425 8.90684 2318.33 9.13562 13444 843.656 2205.4 372.631 45.3347 1832.76
internal_count=9479779 1060394 34590 8419385 1744680 1108672 8244 636008 620929 1100428 891263 857260 111274 27717 10806 8406 83557 76170 1003 3681 2438 2400 745986 172925 75167 13086 62081 10772 1945 66889 53071 36311 6321 29990 13818 12917 3845 9072 7711 901 2927 4904 1031 47602 1333 209165 7910 201255 1025804 472902 391798 10688 595 373 81104 222 381110 21308 78152 13342 1746 64810
is_linear=0
shrinkage=0.08


end of trees

feature_importances:
global_reorder_rate=1484
global_order_count=1122
user_reorder_rate=1036
hist_order_count=774
user_total_orders=655
aisle_id=643
department_id=607
recency_days=561

parameters:
[boosting: gbdt]
[objective: lambdarank]
[metric: ndcg]
[tree_learner: serial]
[device_type: cpu]
[data_sample_strategy: bagging]
[data: ]
[valid: ]
[num_iterations: 300]
[learning_rate: 0.08]
[num_leaves: 63]
[num_threads: -1]
[seed: 42]
[deterministic: 0]
[force_col_wise: 0]
[force_row_wise: 0]
[histogram_pool_size: -1]
[max_depth: -1]
[min_data_in_leaf: 50]
[min_sum_hessian_in_leaf: 0.001]
[bagging_fraction: 0.8]
[pos_bagging_fraction: 1]
[neg_bagging_fraction: 1]
[bagging_freq: 0]
[bagging_seed: 400]
[bagging_by_query: 0]
[feature_fraction: 0.8]
[feature_fraction_bynode: 1]
[feature_fraction_seed: 30056]
[extra_trees: 0]
[extra_seed: 12879]
[early_stopping_round: 0]
[early_stopping_min_delta: 0]
[first_metric_only: 0]
[max_delta_step: 0]
[lambda_l1: 0]
[lambda_l2: 0]
[linear_lambda: 0]
[min_gain_to_split: 0]
[drop_rate: 0.1]
[max_drop: 50]
[skip_drop: 0.5]
[xgboost_dart_mode: 0]
[uniform_drop: 0]
[drop_seed: 17869]
[top_rate: 0.2]
[other_rate: 0.1]
[min_data_per_group: 100]
[max_cat_threshold: 32]
[cat_l2: 10]
[cat_smooth: 10]
[max_cat_to_onehot: 4]
[top_k: 20]
[monotone_constraints: ]
[monotone_constraints_method: basic]
[monotone_penalty: 0]
[feature_contri: ]
[forcedsplits_filename: ]
[refit_decay_rate: 0.9]
[cegb_tradeoff: 1]
[cegb_penalty_split: 0]
[cegb_penalty_feature_lazy: ]
[cegb_penalty_feature_coupled: ]
[path_smooth: 0]
[interaction_constraints: ]
[verbosity: 1]
[saved_feature_importance_type: 0]
[use_quantized_grad: 0]
[num_grad_quant_bins: 4]
[quant_train_renew_leaf: 0]
[stochastic_rounding: 1]
[linear_tree: 0]
[max_bin: 255]
[max_bin_by_feature: ]
[min_data_in_bin: 3]
[bin_construct_sample_cnt: 200000]
[data_random_seed: 175]
[is_enable_sparse: 1]
[enable_bundle: 1]
[use_missing: 1]
[zero_as_missing: 0]
[feature_pre_filter: 1]
[pre_partition: 0]
[two_round: 0]
[header: 0]
[label_column: ]
[weight_column: ]
[group_column: ]
[ignore_column: ]
[categorical_feature: ]
[forcedbins_filename: ]
[precise_float_parser: 0]
[parser_config_file: ]
[objective_seed: 16083]
[num_class: 1]
[is_unbalance: 0]
[scale_pos_weight: 1]
[sigmoid: 1]
[boost_from_average: 1]
[reg_sqrt: 0]
[alpha: 0.9]
[fair_c: 1]
[poisson_max_delta_step: 0.7]
[tweedie_variance_power: 1.5]
[lambdarank_truncation_level: 30]
[lambdarank_norm: 1]
[label_gain: ]
[lambdarank_position_bias_regularization: 0]
[eval_at: 10]
[multi_error_top_k: 1]
[auc_mu_weights: ]
[num_machines: 1]
[local_listen_port: 12400]
[time_out: 120]
[machine_list_filename: ]
[machines: ]
[gpu_platform_id: -1]
[gpu_device_id: -1]
[gpu_device_id_list: ]
[gpu_use_dp: 0]
[num_gpu: 1]

end of parameters

pandas_categorical:[]
