tree
version=v4
num_class=1
num_tree_per_iteration=1
label_index=0
max_feature_idx=9
objective=lambdarank
feature_names=hist_order_count user_total_orders user_reorder_rate recency_days global_order_count global_reorder_rate aisle_id department_id seq_recency_last_order seq_purchase_trend
feature_infos=[0:86] [3:99] [0:1] [0:30] [0:472565] [0:0.91428548097610474] [0:134] [0:21] [0:1] [3.8461507756437641e-07:0.9999997615814209]
tree_sizes=3586 3601 3593 3597 3593 3590 3604 3599 3597 3587 3603 3605 3606 3592 3585 3608 3612 3622 3608 3603 3604 3610 3599 3611 3609 3609 3609 3613 3615 3595 3595 3606 3593 3609 3610 3613 3590 3606 3606 3620 3607 3605 3611 3615 3609 3634 3608 3609 3617 3607 3616 3605 3613 3619 3633 3600 3615 3599 3616 3616 3626 3610 3618 3614 3608 3612 3620 3613 3609 3606 3638 3571 3619 3626 3593 3618 3562 3603 3641 3603 3624 3587 3558 3606 3572 3603 3607 3612 3583 3594 3558 3613 3604 3577 3599 3568

Tree=0
num_leaves=31
num_cat=0
split_feature=0 8 8 9 5 0 9 0 1 5 2 5 5 9 2 4 9 5 5 2 5 5 5 0 4 1 5 0 4 5
split_gain=61457.3 15802.1 10689.9 7697.28 4786.1 3776.82 2095.03 2068.65 1587.64 1578.67 1186.74 993.673 843.636 751.848 689.887 585.112 523.066 514.174 409.19 400.113 388.771 268.535 258.687 256.035 248.321 241.825 220.041 196.644 175.823 175.275
threshold=1.5000000000000002 1.0000000180025095e-35 1.0000000180025095e-35 0.11882390454411508 0.39232537150383001 4.5000000000000009 0.98648133873939525 3.5000000000000004 12.500000000000002 0.4964741468429566 0.18655367195606234 0.14160569757223132 0.65008756518363964 0.28801880776882177 0.19890110194683078 40294.000000000007 0.66190415620803844 0.56322491168975841 0.6567898988723756 0.24264069646596911 0.69174146652221691 0.35783077776432043 0.55598032474517833 7.5000000000000009 18042.000000000004 6.5000000000000009 0.54942232370376598 2.5000000000000004 147804.00000000003 0.7187756896018983
decision_type=2 2 2 2 2 2 2 2 2 2 2 2 2 2 2 2 2 2 2 2 2 2 2 2 2 2 2 2 2 2
left_child=2 3 4 14 11 10 8 17 15 21 16 -1 26 -7 -2 25 -5 -3 27 -15 -11 -4 -18 -9 -10 -6 -8 -12 -14 -19
right_child=1 7 9 5 6 13 12 23 24 20 18 -13 28 19 -16 -17 22 29 -20 -21 -22 -23 -24 -25 -26 -27 -28 -29 -30 -31
leaf_value=-0.15048750303402803 -0.080142761103091931 0.051727978987836487 -0.060140414511795408 -0.022116656306650953 -0.055845707638184118 0.017871880613061109 -0.059373776321752544 0.11293636869884502 -0.11308272437036374 0.021713631754547397 0.0095294779331574278 -0.10039426104996896 -0.018103695879740492 0.061093405343639481 -0.026220935764758108 -0.021918749975747935 -0.0065513621804482794 0.080477752629815699 0.05735775790853552 0.095297716602765134 0.060913962701257603 -0.014545210747562407 0.028121262156572395 0.13406981696984166 -0.079547351629065122 -0.080660391412666843 -0.039086023757131334 0.03792819891529798 0.026908886783276787 0.10580271465168636
leaf_weight=3572.3588609800536 3792.0117323147824 3502.0715579883454 1330.5100293645446 4435.5611800532552 5800.7193364842187 1259.2175786917887 7249.0364887239393 8186.3801704342895 5707.6680419468903 6044.2977404975609 2974.7642815156069 8721.9901816019737 5071.7335192178725 3330.4617120967632 2532.8592889085485 2296.8545243281551 2275.9111597908923 5602.8006363213935 3932.692351790618 6384.9660222393559 2211.6433871147237 2183.1611668341939 3487.3139266125308 6648.6889189251779 1878.1505681954932 4435.1197365237931 6480.0339213114039 3282.3527659706378 623.67141405280563 2542.8631887208539
leaf_count=319009 539024 163387 102165 495216 332055 110230 737642 256433 908703 300281 147608 1059794 391890 263942 164181 125766 248230 200056 156496 266533 82871 135250 298543 189660 251739 383581 580309 166972 33027 69186
internal_value=-2.98676e-11 0.0552373 -0.055727 0.0219592 -0.0713543 0.0381949 -0.0578 0.102596 -0.0758937 0.0131008 0.0178271 -0.11495 -0.0390598 0.076034 -0.0585492 -0.0584095 -0.00146512 0.0773625 0.0371363 0.0835724 0.0322148 -0.0318106 0.014429 0.122408 -0.10478 -0.0665977 -0.0497981 0.0244269 -0.0131746 0.0883835
internal_weight=127778 64170.9 63606.9 37688.1 51837.3 31363.2 39543 26482.8 20118.5 11769.6 20388.6 12294.3 19424.5 10974.6 6324.87 12532.7 10198.8 11647.7 10189.8 9715.43 8255.94 3513.67 5763.23 14835.1 7585.82 10235.8 13729.1 6257.12 5695.4 8145.66
internal_count=9479779 3735697 5744082 2856975 5123515 2153770 3744712 878722 2001844 620567 1513065 1378803 1742868 640705 703205 841402 1041989 432629 471076 530475 383152 237415 546773 446093 1160442 715636 1317951 314580 424917 269242
is_linear=0
shrinkage=0.08


Tree=1
num_leaves=31
num_cat=0
split_feature=0 8 8 2 9 2 2 5 5 9 9 0 0 9 5 5 5 0 9 2 2 9 2 5 5 2 5 0 5 9
split_gain=97602 25593.7 17899.6 10251.5 5102.15 4595.41 3292.51 3258 3203.34 2100.76 1954.47 1885.32 1391.7 1239.55 1200.45 1160.68 1090.36 1068.73 1036.4 810.13 744.504 725.07 708.031 651.757 644.186 635.167 541.235 521.161 478.719 457.702
threshold=2.5000000000000004 1.0000000180025095e-35 1.0000000180025095e-35 0.11733416840434076 0.20294185727834704 0.5025252401828767 0.30094340443611151 0.58282724022865307 0.65160736441612255 0.74999949336051952 0.98648133873939525 5.5000000000000009 1.5000000000000002 0.33666725456714636 0.59054526686668407 0.66388624906539928 0.75106957554817211 1.5000000000000002 0.99999248981475841 0.12024096399545671 0.047905908897519119 0.40192329883575445 0.32466214895248419 0.45988053083419805 0.70135679841041576 0.75140449404716503 0.39415359497070318 13.500000000000002 0.72761431336402904 0.49615384638309484
decision_type=2 2 2 2 2 2 2 2 2 2 2 2 2 2 2 2 2 2 2 2 2 2 2 2 2 2 2 2 2 2
left_child=1 3 4 10 -2 9 13 17 12 15 20 24 23 -6 -12 -4 21 26 28 -15 -1 -8 -10 -5 -7 -13 -3 -23 -9 -14
right_child=2 7 5 8 6 11 16 18 22 -11 14 25 29 19 -16 -17 -18 -19 -20 -21 -22 27 -24 -25 -26 -27 -28 -29 -30 -31
leaf_value=-0.12683885523110663 -0.075790175440189345 -0.069401865051668218 0.017389808920387644 -0.087192225749975358 -0.041113291771884448 0.054319714826781822 0.0056733063355241852 -0.0011803924853567721 -0.028591996340061689 0.069296170068205432 -0.093721423623468539 0.085656321378348749 -0.063928682112841695 -0.022984664204777051 -0.058093670125555733 0.051205559661512599 0.065458771304582136 -0.00053372237696621208 0.037047315392862948 0.014020984531372965 -0.098320188259854627 0.030582504680720712 0.0035962863764105795 -0.059362537753756203 0.081586094054534417 0.10929480815215209 -0.029753030227772596 0.072275210904268278 0.024124094726044609 -0.025706325619358875
leaf_weight=10048.502719912882 4152.0517532793456 2890.9050286060665 13746.683433701604 7955.7196616095025 4781.7185101411887 13283.591035653837 6658.7741065844893 15231.435512788303 12257.154905098199 17351.662374837208 13855.358443446166 16060.523485407932 2602.4799250596552 5131.0776792061806 10747.819420034764 12316.416205683083 6265.0779079508502 7346.6566781985457 10731.010761681595 14444.769204917859 14050.051619533158 10500.634286499175 6799.8996649582405 16672.691056778072 9519.5252665402368 13298.949096824042 9266.1971518891514 2347.8366645972128 6976.3802393347723 8734.4650891352794
leaf_count=1388975 334427 128484 137907 390607 238261 71420 105522 242716 335950 153825 1382684 74687 123261 279771 659701 84203 63876 124521 93473 380488 1168892 143041 96258 590618 36242 51670 240869 32986 59272 265172
internal_value=-1.26177e-10 -0.0442576 0.0461203 -0.067286 0.00943269 0.0669566 0.0164913 0.00128945 -0.0436243 0.0477286 -0.0940186 0.0829601 -0.0576753 -0.0045981 -0.0781576 0.0333698 0.0364231 -0.0246236 0.0166331 0.00432133 -0.110212 0.0270978 -0.0171066 -0.0683524 0.0657025 0.0963638 -0.0391813 0.0382011 0.00676878 -0.0344806
internal_weight=306026 156167 149859 103724 54281.9 95577.4 50129.9 52442.6 55022.4 43414.8 48701.7 52162.6 35965.4 24357.6 24603.2 26063.1 25772.3 19503.8 32938.8 19575.8 24098.6 19507.2 19057.1 24628.4 22803.1 29359.5 12157.1 12848.5 22207.8 11336.9
internal_count=9479779 7291453 2188326 6402118 1578372 609954 1243945 889335 1801866 375935 4600252 234019 1369658 898520 2042385 222110 345425 493874 395461 660259 2557867 281549 432208 981225 107662 126357 369353 176027 301988 388433
is_linear=0
shrinkage=0.08


Tree=2
num_leaves=31
num_cat=0
split_feature=2 8 2 0 9 0 0 8 2 9 5 5 5 0 5 0 4 2 8 9 5 9 5 2 9 9 2 8 0 5
split_gain=83746.5 25181.8 12597.1 5553.08 5542.45 4532.99 2755.68 2391.62 2273.9 1743.78 1452.66 1188.04 1116.71 1078.05 1035.65 770.758 768.691 670.057 624.45 624.176 574.807 549.19 530.046 522.021 515.128 422.676 393.589 368.592 332.063 324.31
threshold=0.33514493703842169 1.0000000180025095e-35 0.10050505027174951 5.5000000000000009 0.20294185727834704 1.5000000000000002 2.5000000000000004 1.0000000180025095e-35 0.70106381177902233 0.54870331287384044 0.62306672334671032 0.58592963218688976 0.69174146652221691 1.5000000000000002 0.57450440526008617 7.5000000000000009 31780.000000000004 0.67006802558898937 1.0000000180025095e-35 0.99999582767486583 0.59054526686668407 0.37500022351741796 0.4206009060144425 0.045715779066085822 0.66666582226753246 0.66666582226753246 0.24871134012937549 1.0000000180025095e-35 2.5000000000000004 0.75106957554817211
decision_type=2 2 2 2 2 2 2 2 2 2 2 2 2 2 2 2 2 2 2 2 2 2 2 2 2 2 2 2 2 2
left_child=1 2 9 8 16 10 11 21 12 23 22 -6 18 20 25 24 26 -9 -2 -16 -11 -5 -3 -1 -8 -7 -4 -14 -20 -13
right_child=3 5 4 7 6 14 15 17 -10 13 -12 29 27 -15 19 -17 -18 -19 28 -21 -22 -23 -24 -25 -26 -27 -28 -29 -30 -31
leaf_value=-0.11878468253166487 0.0011401395695504102 -0.061271002264163224 -0.081709117752515339 0.0084621128166221995 -0.05350525349121573 -0.018599171587100179 -0.017031654541134103 0.075846323151485179 0.065114124456618225 -0.094308789616322927 0.0060340963702763531 -0.025686410671445611 0.029211473177756485 -0.041107895962304818 0.030869441063908577 0.028536812484755633 -0.037972150524837031 0.097444162596198119 0.014882381233043798 0.059653808575842161 -0.064887553260720113 0.053841928785448953 -0.023777873703599833 -0.093821410084288584 0.012265850996203618 0.019455580203563864 -0.058398900132070962 0.055149536202410997 0.03943578571018827 0.0051988525403761192
leaf_weight=9016.0783576820977 8942.3318234110484 3115.9395219368162 11738.11063914228 2022.3124008651357 12740.732201871113 2722.7904760917299 10375.745492508955 18250.654456300428 15448.191808275878 10238.755444897921 11745.984339546529 11243.311485320155 5529.3579262027051 5365.4235686899337 14983.799009278591 5443.0687153445033 5240.400806175312 18524.580576792359 6532.5619333764771 7108.8519278384047 7265.8139454730554 10939.018962913542 10699.760031952348 13225.55870543333 6098.4246889454953 5949.8942645738134 7661.8296862495481 9583.4185035836417 7657.1475534302881 2698.0400747755775
leaf_count=1366079 161483 152346 703073 49074 572380 65107 345821 118224 83511 1182117 182893 343227 59563 401369 188410 148483 191716 73649 69483 63224 530589 123866 285328 1287628 170807 104154 276433 55808 70392 53542
internal_value=2.84208e-11 -0.0337808 -0.0547357 0.0570511 -0.0342519 0.0102486 -0.0185817 0.076311 0.0392103 -0.0879915 -0.0146492 -0.0358469 0.028747 -0.0724804 0.0309351 0.00243708 -0.0651591 0.0867257 0.0176976 0.0401315 -0.0820966 0.0467615 -0.0322339 -0.103941 -0.00618627 0.00750829 -0.072503 0.0456595 0.0281321 -0.0197093
internal_weight=278108 174678 118351 103430 73239.7 56327 48599.3 49736.6 53693 45111.6 25561.7 26682.1 38244.8 22870 30765.3 21917.2 24640.3 36775.2 23132 22092.7 17504.6 12961.3 13815.7 22241.6 16474.2 8672.68 19399.9 15112.8 14189.7 13941.4
internal_count=9479779 8614726 7573264 865053 2805482 1041462 1634260 364813 500240 4767782 620567 969149 416729 2114075 420895 665111 1171222 191873 301358 251634 1712706 172940 437674 2653707 516628 169261 979506 115371 139875 396769
is_linear=0
shrinkage=0.08


Tree=3
num_leaves=31
num_cat=0
split_feature=2 8 2 0 9 0 8 0 9 5 5 9 9 5 5 5 5 5 9 0 2 2 0 5 5 5 9 2 5 5
split_gain=66610 20181.5 10393.6 4681.66 4285.26 3606.2 2752.32 2214.98 1482.07 1127.9 1015.95 913.064 911.878 881.289 867.398 715.451 678.711 653.782 566.595 532.912 506.288 420.059 407.264 382.673 375.616 345.667 334.659 318.854 303.644 303.53
threshold=0.33514493703842169 1.0000000180025095e-35 0.10050505027174951 3.5000000000000004 0.20294185727834704 1.5000000000000002 1.0000000180025095e-35 1.5000000000000002 0.54870331287384044 0.56039884686470043 0.71551167964935314 0.99999773502349865 0.66190415620803844 0.65160736441612255 0.54349327087402355 0.51086920499801647 0.61147069931030285 0.6421831250190736 0.33666725456714636 11.500000000000002 0.040202019736170776 0.059173669666051872 4.5000000000000009 0.72761431336402904 0.75106957554817211 0.71393844485282909 0.5030120611190797 0.24871134012937549 0.6936996877193452 0.45384614169597631
decision_type=2 2 2 2 2 2 2 2 2 2 2 2 2 2 2 2 2 2 2 2 2 2 2 2 2 2 2 2 2 2
left_child=1 2 8 12 16 9 18 15 21 -3 19 17 23 22 -10 -6 -4 29 -5 -8 -16 -1 -9 -2 -14 -20 -15 -18 -17 -7
right_child=3 5 4 6 7 11 10 13 14 -11 -12 -13 24 26 20 28 27 -19 25 -21 -22 -23 -24 -25 -26 -27 -28 -29 -30 -31
leaf_value=-0.10776134566733588 0.0026609110433370282 -0.036647315926843803 -0.072009790967057091 0.0026860542955952876 -0.06683844654676066 -0.015929004091243468 0.056147584976184606 -0.024704207458630056 -0.085579901914368151 -0.00024357727453535772 0.086361238839557125 0.065361780955508958 0.031453299408045185 -0.0029054974285147219 -0.07898958323202504 -0.039091880141731213 -0.056735901248602109 0.036482840866220959 0.033198912335526798 0.080566916994101914 -0.04265061045983453 -0.084774166685371452 0.0011903114125134961 0.032504480074371581 0.058495016641578003 0.057204360593156006 0.023684825881180292 -0.027218717998106871 -0.010071547527416749 0.01632330016675073
leaf_weight=11463.444372408296 10134.882394812535 8520.924350722169 13085.595053687081 2621.5299722037744 4990.7323794147233 2306.4094867754029 19822.099026365671 11873.883344884089 9473.8372997877013 15099.117769785109 21433.584029972553 3827.9262161710067 13270.786775911693 5511.6595990583883 3452.1586691007251 7589.2411197946058 5407.5143874263158 12082.426557729137 9587.5777435771888 8039.3846119232476 8484.3794918727071 9147.4721269782749 5779.2062407992198 3773.7351488457061 4369.9416522365063 6402.7690133481519 6725.8202996582841 4131.8396554720821 3315.5791134652682 9813.4601688890252
leaf_count=1755181 151726 330540 749682 66292 269526 60584 137683 480326 1153977 290027 99247 32331 125748 168848 401541 283480 294264 143304 128078 46869 558557 898526 192417 30592 22405 56413 164696 127276 74967 184676
internal_value=2.37492e-11 -0.0316257 -0.0509314 0.0515399 -0.0316962 0.00965152 0.0633707 -0.0176214 -0.0822465 -0.0133762 0.073267 0.0290562 0.0260754 -0.00478981 -0.0675055 -0.0417503 -0.0601793 0.0233139 0.0371593 0.0631937 -0.0531602 -0.0975592 -0.016227 0.0107582 0.038152 0.042811 0.0117088 -0.0439509 -0.0302683 0.0101857
internal_weight=261539 162083 110432 99456.3 68411.1 51650.3 67906.9 45786.1 42021.3 23620 49295.1 28030.2 31549.3 29890.6 21410.4 15895.6 22624.9 24202.3 18611.9 27861.5 11936.5 20610.9 17653.1 13908.6 17640.7 15990.3 12237.5 9539.35 10904.8 12119.9
internal_count=9479779 8614726 7573264 865053 2805482 1041462 534582 1634260 4767782 620567 283799 420895 330471 1006287 2114075 627973 1171222 388564 250783 184552 960098 2653707 672743 182318 148153 184491 333544 421540 358447 245260
is_linear=0
shrinkage=0.08


Tree=4
num_leaves=31
num_cat=0
split_feature=2 8 2 0 9 0 8 0 9 8 5 9 5 5 0 2 5 5 0 5 9 5 5 2 9 0 9 0 5 2
split_gain=55552.3 16289.1 8684.48 4157.49 3592.22 3038.06 2188.21 1812.76 1263.32 1241.34 976.712 834.78 802.86 773.371 736.616 724.929 627.003 570.048 477.277 437.859 428.695 420.877 417.426 369.36 347.065 341.596 324.416 304.241 281.267 275.837
threshold=0.33514493703842169 1.0000000180025095e-35 0.10050505027174951 4.5000000000000009 0.18898843973875049 1.5000000000000002 1.0000000180025095e-35 1.5000000000000002 0.54870331287384044 1.0000000180025095e-35 0.49437747895717626 0.99999582767486583 0.65261220932006847 0.53957796096801769 5.5000000000000009 0.63762626051902782 0.5673828423023225 0.67732045054435741 1.5000000000000002 0.61269941926002514 0.40192329883575445 0.6936996877193452 0.69174146652221691 0.047905908897519119 0.5030120611190797 2.5000000000000004 0.59999981522560131 10.500000000000002 0.71393844485282909 0.18230694532394412
decision_type=2 2 2 2 2 2 2 2 2 2 2 2 2 2 2 2 2 2 2 2 2 2 2 2 2 2 2 2 2 2
left_child=1 2 8 9 17 10 20 16 23 -2 -3 19 25 -10 21 26 -6 -4 -15 -7 -5 29 -12 -1 -16 -11 -8 -17 -22 -9
right_child=3 5 4 6 7 11 15 14 13 12 22 -13 -14 18 24 27 -18 -19 -20 -21 28 -23 -24 -25 -26 -27 -28 -29 -30 -31
leaf_value=-0.10447125643332406 0.0080363815266476808 -0.044460732236352128 -0.064771222658560751 0.013714461249921959 -0.057925310954745006 0.0016436971640747559 0.050065933776502265 -0.031473406792260149 -0.081246422581089509 0.0068403607701002832 -0.012880792277277474 0.047887304289990835 0.050171998774207499 -0.059609742679626238 -0.0043784618680423179 0.07332556095830764 -0.024906920418777085 -0.034110208593316697 -0.023134070624596662 0.027491937558466521 0.033293317392163915 0.0063754716645986354 0.013387880922344058 -0.08215894834807054 0.029101789220869867 0.033502293355952208 0.07185114329132547 0.09245905126076584 0.058409845132791141 -0.01023813326061652
leaf_weight=8349.3322656196833 12831.592335907684 4942.5400547789177 15572.621606842848 3852.2484742650413 6589.6416973160813 6964.1691903909377 9212.2220048026647 7020.1740235146135 8695.0931166001101 4986.2269067752641 11692.074026555027 8401.5515792894876 15665.421206177911 8435.3390989876061 3391.1627110550762 11260.500503031304 8338.2358734843438 5168.8879010278324 3154.3789442904526 10545.124796840071 6374.9429870037129 5316.70393061504 5788.1177486166125 11009.537308324056 4767.3033426173788 8025.5328525768127 8331.2351917152992 10079.838489921298 5165.7848687507212 8850.3029428875307
leaf_count=1431151 200831 234829 931239 81134 359893 173593 70209 357810 1136477 57969 302867 96792 98997 745770 127095 57335 268080 218616 231828 150510 84774 138867 82871 1222556 125043 70644 59148 43525 40487 278839
internal_value=-2.06397e-11 -0.0299123 -0.0476518 0.0477771 -0.0296567 0.00849966 0.0623524 -0.0167857 -0.0771635 0.0287184 -0.0130609 0.0271578 0.0379726 -0.0632122 -0.00524009 0.072459 -0.0394823 -0.0571303 -0.0496821 0.017211 0.0368225 -0.0131052 -0.00418259 -0.0917821 0.0151853 0.0232852 0.0604115 0.082363 0.0445358 -0.0196314
internal_weight=248778 152992 104659 95785.5 65015 48333.6 54276.8 44273.5 39643.7 41508.8 22422.7 25910.8 28677.2 20284.8 29345.6 38883.8 14927.9 20741.5 11589.7 17509.3 15393 21187.2 17480.2 19358.9 8158.47 13011.8 17543.5 21340.3 11540.7 15870.5
internal_count=9479779 8614726 7573264 865053 2805482 1041462 436612 1655627 4767782 428441 620567 420895 227610 2114075 1027654 230217 627973 1149855 977598 324103 206395 775516 385738 2653707 252138 128613 129357 100860 125261 636649
is_linear=0
shrinkage=0.08


Tree=5
num_leaves=31
num_cat=0
split_feature=0 8 8 2 2 0 5 9 5 5 9 5 0 2 5 9 2 9 5 2 0 9 5 9 5 9 9 0 9 9
split_gain=46506.8 11387.1 9621.43 5128.24 3093.31 2000.27 1512.64 1437.03 1430.54 1074.08 963.44 841.384 734.607 676.776 600.418 525.283 455.463 450.769 427 373.394 360.079 329.003 321.468 315.371 313.101 309.931 295.151 257.356 246.87 241.278
threshold=2.5000000000000004 1.0000000180025095e-35 1.0000000180025095e-35 0.13284314423799518 0.25126262009143835 6.5000000000000009 0.51416715979576122 0.33666725456714636 0.54349327087402355 0.59054526686668407 0.33666725456714636 0.69817671179771434 1.5000000000000002 0.57294833660125744 0.75106957554817211 0.49615384638309484 0.038218110799789436 0.49615384638309484 0.7466147541999818 0.61577314138412487 1.5000000000000002 0.66666617989540111 0.65798047184944164 0.11882390454411508 0.3487056195735932 0.49615384638309484 0.71428546309471141 8.5000000000000018 0.66666582226753246 0.14495860040187838
decision_type=2 2 2 2 2 2 2 2 2 2 2 2 2 2 2 2 2 2 2 2 2 2 2 2 2 2 2 2 2 2
left_child=1 3 4 9 7 11 24 23 20 16 29 19 22 26 17 -11 -1 -10 27 28 -5 -9 -8 -2 -3 -18 -7 -12 -4 -6
right_child=2 6 5 8 10 13 12 21 14 15 18 -13 -14 -15 -16 -17 25 -19 -20 -21 -22 -23 -24 -25 -26 -27 -28 -29 -30 -31
leaf_value=-0.09844000490812943 -0.08249239897600788 -0.054076233114224492 0.013014064075268403 -0.061063885825981344 -0.041184325257680676 0.046795756351495348 -0.014384314785571419 -0.017030904587995943 -0.040802153029213868 -0.073817589241591097 0.017192179058807683 0.056941113272125969 0.021064759003320516 0.079451099756979129 0.0058655471526206241 -0.044465531858184547 -0.086430914884578214 -0.016575027264785974 0.050007833649071437 0.046139457721855646 -0.03354663917918925 0.0082917476786364859 0.0080613746052755775 -0.040184422805107083 -0.020101668003007497 -0.06511870624610612 0.070751486482499945 0.0384097807656026 0.033736138260513436 0.0035326841494191462
leaf_weight=7598.2437249360519 1673.108379997313 2360.0068894174183 6188.4790393417934 9310.4878163023386 890.1283410328906 8600.1424587363144 8399.3149844742147 6409.8997450877214 8002.6348709247541 6354.8500643685111 9706.0210000986699 15180.504454872804 14952.834359633212 17991.712229952682 4656.6324286232702 10109.854768040095 8139.2987812015199 12739.383998033882 6203.9309947150759 8649.7023691930808 4521.4659658882301 6732.769286830764 7947.8598945877748 3458.4888686468475 6565.9502096643555 9422.6948339536611 5332.5598702208372 5872.1373363307212 9075.2328999711899 5830.8867689086474
leaf_count=1381324 222135 115979 102904 524610 45936 90585 231905 310443 355824 772480 171236 99332 191984 90056 95894 787591 949344 385953 59328 60540 182454 281344 127977 259522 221490 966644 46396 91085 120141 137343
internal_value=7.68255e-12 -0.0348166 0.0357878 -0.052121 0.00761615 0.0543435 -3.42241e-05 -0.0180766 -0.0313679 -0.0716804 0.0240886 0.0422109 0.00825016 0.0692009 -0.0200942 -0.0557945 -0.082076 -0.0259223 0.0322586 0.0328599 -0.0520689 -0.00405853 -0.00347141 -0.0539785 -0.0290845 -0.0749961 0.0559645 0.0251901 0.0253346 -0.00238962
internal_weight=238877 121082 117796 80855.5 46777.4 71018.3 40226 18274.3 39230.6 41624.9 28503.1 39093.9 31300 31924.4 25398.7 16464.7 25160.2 20742 21782.1 23913.4 13832 13142.7 16347.2 5131.6 8925.96 17562 13932.7 15578.2 15263.7 6721.02
internal_count=9479779 7291453 2188326 6402118 1578372 609954 889335 1073444 1544735 4857383 504928 382917 551866 227037 837671 1560071 3297312 741777 321649 283585 707064 591787 359882 481657 337469 1915988 136981 262321 223045 183279
is_linear=0
shrinkage=0.08


Tree=6
num_leaves=31
num_cat=0
split_feature=2 8 2 0 9 0 8 0 9 5 5 5 8 9 5 4 9 9 5 5 5 5 2 0 2 2 5 2 9 0
split_gain=39734.6 11412.1 6360.34 3010.21 2753.69 2162.07 1837.27 1499.88 911.441 780.656 778.034 738.666 642.305 624.474 515.18 504.461 392.158 375.474 362.595 330.051 326.81 313.939 292.417 264.97 256.429 248.654 247.996 243.118 240.721 220.716
threshold=0.33514493703842169 1.0000000180025095e-35 0.091372914612293257 3.5000000000000004 0.20294185727834704 1.5000000000000002 1.0000000180025095e-35 3.5000000000000004 0.54870331287384044 0.69174146652221691 0.51086920499801647 0.6421831250190736 1.0000000180025095e-35 0.99999707937240612 0.53957796096801769 29329.000000000004 0.27429495751857763 0.5030120611190797 0.69174146652221691 0.65551853179931652 0.4206009060144425 0.6936996877193452 0.57294833660125744 10.500000000000002 0.040202019736170776 0.80178570747375499 0.4371065646409989 0.040202019736170776 0.53410848975181591 1.5000000000000002
decision_type=2 2 2 2 2 2 2 2 2 2 2 2 2 2 2 2 2 2 2 2 2 2 2 2 2 2 2 2 2 2
left_child=1 2 8 12 15 11 16 10 27 23 -6 20 -2 18 -10 26 -5 -9 28 -14 -3 29 -18 -8 -16 -11 -4 -1 -7 -12
right_child=3 5 4 6 7 13 9 17 14 25 21 -13 19 -15 24 -17 22 -19 -20 -21 -22 -23 -24 -25 -26 -27 -28 -29 -30 -31
leaf_value=-0.097255630666048309 0.0033958240499371625 -0.049935225922895593 -0.076005177892144116 -0.0093113697497984524 -0.046803546475165117 -0.0097662336522499997 0.04325454234656953 -0.009527675006208559 -0.073983895856374368 0.065273961902348909 -0.034340748649811043 0.0057411911238578099 0.017664728707259419 0.047638878143016455 -0.064960234623250804 -0.027801159658637522 0.026152339509939827 0.017440465411978506 0.031725383797984501 0.038858025747565764 -0.017990764627988237 -0.0034888836983722584 0.049348822574851632 0.063210610436512729 -0.037179937779660541 0.082938306592908545 -0.052561541044235646 -0.076688170693036489 0.014976747854002556 -0.01470350009997878
leaf_weight=5934.9565036713757 9324.6433775535552 2585.0491791249951 3816.2585249102558 1474.6868419846287 8178.0244914992945 3395.8170016894583 13678.32622106839 5640.2032272963552 7244.2259601763508 15452.062159140827 7207.1139482874423 8718.3518786165514 8753.8979160070885 5101.106193715008 3098.6905975572299 4470.2912622152944 10498.550792555441 7977.494378630392 6459.8639266591053 10162.494244351517 9896.6715809967718 6730.8209508459549 5201.155094249174 6183.0619037372526 6778.2906639663706 7612.8297758777626 11870.538099198457 9673.198871428438 9717.7382945845602 7449.448793303105
leaf_count=1182010 156443 152346 299638 44774 489237 86571 114441 242299 1081979 93083 316237 151250 103228 52839 409445 220361 150466 240289 78801 70800 316971 181802 55543 44536 508433 31739 781644 1305919 202684 313971
internal_value=4.86023e-12 -0.0262159 -0.0418909 0.0421227 -0.0270942 0.00661038 0.0522456 -0.0156978 -0.0705266 0.0610931 -0.0258165 -0.0121264 0.0205798 0.0227088 -0.05778 -0.0515089 0.0301321 0.00627075 0.0162117 0.0290504 -0.0246067 -0.0177915 0.0338371 0.0494671 -0.0458954 0.0711043 -0.0582649 -0.0845089 0.00856944 -0.0243598
internal_weight=230286 141944 96069.6 88341.7 63340.2 45874.6 60100.7 43183.1 32729.4 42926.3 29565.4 21200.1 28241 24674.5 17121.2 20157.1 17174.4 13617.7 19573.4 18916.4 12481.7 21387.4 15699.7 19861.4 9876.98 23064.9 15686.8 15608.2 13113.6 14656.6
internal_count=9479779 8614726 7573264 865053 3085478 1041462 534582 1783835 4487786 283799 1301247 620567 330471 420895 1999857 1301643 250783 482588 368056 174028 469317 812010 206009 158977 917878 124822 1081282 2487929 289255 630208
is_linear=0
shrinkage=0.08


Tree=7
num_leaves=31
num_cat=0
split_feature=2 8 2 2 9 0 0 0 9 0 9 5 5 9 9 5 5 4 5 0 2 0 5 9 2 8 3 2 8 5
split_gain=33931.2 9662.65 5524.2 2903.85 2302.46 1849.16 1437.57 1255.33 821.724 749.891 659.79 625.854 559.232 556.748 506.665 446.887 435.37 425.157 346.783 330.162 317 287.658 281.18 245.795 244.71 232.977 232.238 226.065 217.371 207.703
threshold=0.33514493703842169 1.0000000180025095e-35 0.091372914612293257 0.67006802558898937 0.14495860040187838 1.5000000000000002 5.5000000000000009 1.5000000000000002 0.54870331287384044 8.5000000000000018 0.5030120611190797 0.52082774043083202 0.6421831250190736 0.5030120611190797 0.99999707937240612 0.45685066282749182 0.47588364779949194 39079.500000000007 0.57653760910034191 7.5000000000000009 0.20101010054349902 1.5000000000000002 0.75467449426651012 0.59787213802337658 0.24871134012937549 1.0000000180025095e-35 29.500000000000004 0.040202019736170776 1.0000000180025095e-35 0.58592963218688976
decision_type=2 2 2 2 2 2 2 2 2 2 2 2 2 2 2 2 2 2 2 2 2 2 2 2 2 2 2 2 2 2
left_child=1 2 8 6 17 11 12 16 27 22 28 -3 23 20 18 -10 -6 24 -7 29 -9 -17 -5 -2 -4 -14 -13 -1 -8 -15
right_child=3 5 4 9 7 14 10 13 15 -11 -12 26 25 19 -16 21 -18 -19 -20 -21 -22 -23 -24 -25 -26 -27 -28 -29 -30 -31
leaf_value=-0.093281879262630318 -0.0039985426789203556 -0.034843945687897726 -0.06230326760254231 0.043138523391687403 -0.058532686815370792 -0.0016878381591654799 0.017218836244395252 -0.031089313979646524 -0.076482019537089829 0.076266244453370158 0.0544901091832177 -0.011340581278234793 0.01548873278512323 -0.014106668647903888 0.044044915411014823 -0.053734394792309619 -0.026359365751179108 -0.024098334217120911 0.022115894251656058 0.029109500141537618 -0.0060042098272273759 -0.025275352053926087 0.064849992104955761 0.016809820731011997 -0.041239663367946142 0.034690705318446709 0.0088674773681075274 -0.072821382149681382 0.040329596064419604 0.0074677566601053435
leaf_weight=5542.9352084343554 7467.5114544238895 5448.7011439997004 9662.2159157577553 12309.132152047823 3567.9338147484232 5521.5785709766787 5542.6819036361412 5923.4404535111098 4361.772044698344 11221.845109148067 14377.37855928042 9066.4585689532105 6499.4543016415555 4592.4680852103338 4902.2544781148899 9096.7382135700464 10962.423507022788 3617.8170610421803 13478.327601544559 2959.2688347784278 7074.9213389083452 3030.2966811464867 5533.8168361443095 7075.437448317185 5561.8623766912497 10703.590035229223 6080.7877686274005 9179.6420826725662 4913.8423565479461 7552.7026136480563
leaf_count=1182010 139624 271232 813019 87953 250067 154517 99574 358890 710584 62935 129023 231575 94191 208868 52839 1014105 452589 175069 213539 73898 242300 275168 27148 96152 276239 86762 117760 1305919 41691 234539
internal_value=-2.19828e-11 -0.0246661 -0.0393773 0.0395099 -0.025461 0.00597628 0.0289519 -0.0151684 -0.0667874 0.0600628 0.0433696 -0.0115922 0.0176734 -0.00529751 0.0211146 -0.0545216 -0.0342595 -0.0487499 0.0151983 0.00514817 -0.0174357 -0.0466231 0.0498721 0.00612515 -0.054608 0.027436 -0.00322816 -0.0805246 0.0280793 -0.000690207
internal_weight=222829 137185 92686.4 85644.7 61475.1 44498.1 56579.9 42633.2 31211.4 29064.8 24833.9 20595.9 31746 28102.8 23902.2 16488.8 14530.4 18841.9 18999.9 15104.4 12998.4 12127 17842.9 14542.9 15224.1 17203 15147.2 14722.6 10456.5 12145.2
internal_count=9479779 8614726 7573264 865053 3085478 1041462 687017 1821151 4487786 178036 270288 620567 416729 1118495 420895 1999857 702656 1264327 368056 517305 601190 1289273 115101 235776 1089258 180953 349335 2487929 141265 443407
is_linear=0
shrinkage=0.08


Tree=8
num_leaves=31
num_cat=0
split_feature=2 8 2 2 0 2 0 0 9 5 0 5 9 8 9 5 9 9 5 5 0 9 5 9 5 5 2 9 2 3
split_gain=29355.3 8160.95 4796.08 2537.86 1538.29 1347.37 1345.25 1271.59 977.068 739.8 666.999 645.542 622.577 576.791 495.626 443.304 421.412 359.894 345.928 285.484 281.314 263.02 253.676 226.09 224.804 212.637 197.083 194.034 190.558 189.517
threshold=0.33514493703842169 1.0000000180025095e-35 0.14365079998970035 0.67006802558898937 2.5000000000000004 0.059173669666051872 2.5000000000000004 6.5000000000000009 0.27429495751857763 0.47666649520397192 6.5000000000000009 0.51803904771804821 0.3580587506294251 1.0000000180025095e-35 0.4624765813350678 0.65505805611610424 0.59787213802337658 0.74999964237213146 0.6936996877193452 0.76478019356727611 2.5000000000000004 0.99999248981475841 0.69174146652221691 0.99999248981475841 0.69174146652221691 0.46835438907146459 0.15424266457557681 0.46737590432167059 0.19371296465396884 25.500000000000004
decision_type=2 2 2 2 2 2 2 2 2 2 2 2 2 2 2 2 2 2 2 2 2 2 2 2 2 2 2 2 2 2
left_child=1 2 5 7 9 16 11 13 -7 -3 24 -4 -8 22 -9 21 -1 28 23 -13 -15 -10 -2 29 -5 -18 -19 -12 -6 -11
right_child=3 4 6 10 17 8 12 14 15 18 27 19 -14 20 -16 -17 25 26 -20 -21 -22 -23 -24 -25 -26 -27 -28 -29 -30 -31
leaf_value=-0.084639165066066224 -0.0032900980897570642 -0.033801198579625352 -0.048000191028818195 0.03490739423754291 -0.010003190014038144 -0.063131124471119959 -0.025666648870649109 0.022718635277724743 -0.046749831491848214 -0.020221822721305727 0.050830980627127612 -0.024167756803283393 0.010366765411465997 0.015085934608531588 0.05054465562278633 -0.014760484123982785 -0.078258714260940401 0.019084470010135683 0.01412236647635672 0.0059929214250643726 0.034096053129917619 -0.017957370700087374 0.01908643407046275 0.011374669514687425 0.055025910336199767 -0.052420605857090172 0.044499456545693851 0.074148645167055965 0.020624633240433673 -0.00018754356605547493
leaf_weight=8449.6951722527738 8556.5729967998923 4961.2242873345385 7690.0000359604019 7333.4256191172171 1910.4455473477719 10787.840637196976 4148.8862807772239 5629.6972053768695 10526.669993231801 7064.3017355862539 2882.5792011045851 15746.10024264158 11787.392973536364 8422.1919996228535 15044.238770346739 5894.7392933939118 2915.7727348822227 2896.0501399877248 7683.7533310315921 2302.1990670387167 12196.613308159867 2515.8241617859458 5220.8553329340648 3503.515090294648 6898.2972489781678 6774.5785198245576 5995.265464802098 10998.080967887654 4069.3631377264974 5280.9363585917745
leaf_count=1755181 177412 253313 469584 57118 50999 1193858 255421 88523 923718 225885 20443 653775 353828 93388 138984 306233 564446 44890 111869 54346 121141 178572 67569 71597 38651 864302 72686 61824 76940 133283
internal_value=-3.76045e-11 -0.0233273 -0.0371233 0.0372711 0.00515854 -0.0543996 -0.0172806 0.0272872 -0.0439143 -0.00572669 0.0568288 -0.0285906 0.000985746 0.0178627 0.0429674 -0.0329672 -0.0715813 0.0260151 0.000192102 -0.0203205 0.026331 -0.0411959 0.00518932 -0.00656153 0.0446591 -0.0601951 0.0362214 0.0693063 0.0108396 -0.0116517
internal_weight=216087 132905 89539.7 83182.6 43364.9 47865.1 41674.6 55070.2 29725.1 28493.7 28112.4 25738.3 15936.3 34396.2 20673.9 18937.2 18140 14871.1 23532.5 18048.3 20618.8 13042.5 13777.4 15848.8 14231.7 9690.35 8891.32 13880.7 5979.81 12345.2
internal_count=9479779 8614726 7573264 865053 1041462 5786310 1786954 687017 2602381 795947 178036 1177705 609249 459510 227507 1408523 3183929 245515 542634 708121 214529 1102290 244981 430765 95769 1428748 117576 82267 127939 359168
is_linear=0
shrinkage=0.08


Tree=9
num_leaves=31
num_cat=0
split_feature=2 8 2 2 9 0 0 0 8 9 0 5 5 5 9 5 5 5 5 9 5 5 2 5 0 4 3 5 2 5
split_gain=25288.4 7018.6 4252.72 2297.6 1856.2 1343.06 1112.49 995.108 698.162 625.639 619.478 493.314 424.852 402.353 401.723 355.239 355.091 343.97 303.363 271.311 258.309 251.511 224.562 209.171 192.159 187.512 179.586 175.113 174.808 172.096
threshold=0.33514493703842169 1.0000000180025095e-35 0.083771932870149626 0.67006802558898937 0.16954089701175692 1.5000000000000002 3.5000000000000004 1.5000000000000002 1.0000000180025095e-35 0.56306815147399913 6.5000000000000009 0.56039884686470043 0.65160736441612255 0.61147069931030285 0.66666617989540111 0.53013327717781078 0.46399958431720739 0.6156316101551057 0.70135679841041576 0.40192329883575445 0.66388624906539928 0.79679140448570263 0.18230694532394412 0.66731697320938121 5.5000000000000009 137481.00000000003 6.5000000000000009 0.70717167854309093 0.025158228352665905 0.67935198545455944
decision_type=2 2 2 2 2 2 2 2 2 2 2 2 2 2 2 2 2 2 2 2 2 2 2 2 2 2 2 2 2 2
left_child=1 2 9 6 13 11 15 16 19 28 23 -3 22 -4 -7 -2 -6 -11 24 -8 -10 -17 -9 -5 -16 -15 -21 -12 -1 -18
right_child=3 5 4 10 7 14 8 12 20 17 27 -13 -14 25 18 21 29 -19 -20 26 -22 -23 -24 -25 -26 -27 -28 -29 -30 -31
leaf_value=-0.093291651596514161 -0.010822176408207453 -0.028009315994977194 -0.054619595277099448 0.031156340538806528 -0.054400755981958107 0.0018919967557570303 0.0016777867586308627 -0.02390982661818767 0.033099878629864181 -0.060237429855650407 0.055658729124702683 -0.0013647740864402267 0.0065522146908392675 -0.035944220361921471 0.012730691852270546 0.012567761255146056 -0.031262596084667346 -0.034392109196995903 0.042535732455117201 0.042262237549395315 0.051511376519272088 0.045152339881225773 -0.0048622423636978506 0.050912599100234601 0.038861985386757905 -0.0012830152429874014 0.019385380981211203 0.074176029764092558 -0.070210634163970304 -0.010277580281295622
leaf_weight=2708.5632667612081 3945.9177040196955 6792.6676637053606 10658.450607414939 6197.7942902572686 3233.8333221504581 6871.4918005112268 3654.5878684897907 7321.4564979329298 8353.4398151733913 8804.4964001722547 5724.5663776216097 12879.481592449942 11529.618219809403 6741.3381958435057 8925.3819795825984 14884.619594868389 7582.6718860785477 5267.1673927220399 4534.2523432392627 3344.2069292678498 11718.019649633206 1687.9746330599301 8631.2448469834926 7679.7435352557804 2256.3207328908611 1172.6585227339529 6397.1418086697813 7617.9911424466409 9347.8035216239805 3732.1448729598196
leaf_count=654074 75317 330540 903916 49299 260416 159538 90122 475957 88346 1393509 41853 290027 380282 436684 178991 199713 403663 491365 50096 39237 87407 12969 317521 46470 32270 48905 93906 40414 1689563 117409
internal_value=-1.27587e-11 -0.0220167 -0.0350426 0.0349722 -0.023411 0.00471714 0.0254171 -0.0141042 0.0344092 -0.0620219 0.0539231 -0.010565 -0.00514794 -0.0444732 0.0180268 0.0107502 -0.0310224 -0.0505633 0.0250815 0.0202656 0.0438488 0.0158866 -0.0136041 0.0420893 0.0180036 -0.0308083 0.027239 0.0662313 -0.075396 -0.0243408
internal_weight=210197 128991 86731.4 81206 60603.4 42259.6 53985.9 42031 33467.4 26128 27220.1 19672.1 27482.3 18572.4 22587.4 20518.5 14548.7 14071.7 15716 13395.9 20071.5 16572.6 15952.7 13877.5 11181.7 7914 9741.35 13342.6 12056.4 11314.8
internal_count=9479779 8614726 7573264 865053 3344753 1041462 687017 1955248 399018 4228511 178036 620567 1173760 1389505 420895 287999 781488 1884874 261357 223265 175753 212682 793478 95769 211261 485589 133143 82267 2343637 521072
is_linear=0
shrinkage=0.08


Tree=10
num_leaves=31
num_cat=0
split_feature=2 8 2 2 0 2 9 9 9 0 5 0 0 5 9 9 2 5 5 9 4 4 9 5 3 9 5 5 2 4
split_gain=22036.3 6019.34 3750.55 2028.9 1201.1 1110.43 1021.1 1015.02 763.413 586.35 580.505 564.261 542.235 465.681 358.071 342.837 303.081 284.571 271.824 260.005 251.457 239.509 223.749 220.598 193.258 188.528 181.381 172.222 167.219 166.124
threshold=0.33514493703842169 1.0000000180025095e-35 0.14365079998970035 0.67006802558898937 2.5000000000000004 0.059173669666051872 0.22401472926139834 0.5030120611190797 0.27429495751857763 3.5000000000000004 0.47666649520397192 5.5000000000000009 3.5000000000000004 0.75467449426651012 0.59787213802337658 0.99999248981475841 0.5025252401828767 0.58744972944259655 0.81119626760482799 0.74999964237213146 15436.500000000002 31780.000000000004 0.99999248981475841 0.72243767976760875 28.500000000000004 0.5030120611190797 0.43933787941932684 0.69817671179771434 0.14763412624597552 63017.500000000007
decision_type=2 2 2 2 2 2 2 2 2 2 2 2 2 2 2 2 2 2 2 2 2 2 2 2 2 2 2 2 2 2
left_child=1 2 5 7 10 14 20 13 29 17 -3 -5 -9 16 -1 21 -2 -8 22 -6 -4 -10 24 -14 -12 -11 -16 -13 -21 -7
right_child=3 4 6 11 19 8 9 12 15 25 18 27 23 -15 26 -17 -18 -19 -20 28 -22 -23 -24 -25 -26 -27 -28 -29 -30 -31
leaf_value=-0.078510540528279132 -0.0024880766182516774 -0.031267632324967896 -0.043305776891821822 0.038176368092077334 0.0097007143106270927 -0.060824525515269359 -0.027523682552072559 0.018904666979514494 -0.040787862804646489 -0.0047683689282264899 -0.013700637455978616 0.051503072224247361 0.03552627693871277 0.031448597811739365 -0.074422662585386865 -0.0084003727549535143 0.018625109860531057 -0.0070220684403259469 0.039423164588700953 0.014201495833584085 -0.018517021459785964 -0.015280462378464537 0.012900790678025895 0.053464553701725891 0.0037617937090241751 0.01714708870258512 -0.048269453903615284 0.069104635239218185 0.039019556433121792 -0.026844027877661825
leaf_weight=7494.2682534545602 11189.371996526374 4692.8364584798692 7875.1413930570998 11724.865677247464 5599.7243609438301 8813.8995030396181 7623.8701727873995 9608.4325018004747 11028.710164338641 4278.8438058555475 10028.755178363586 6119.6208464388619 11632.444830667228 5972.0301919582998 2267.3846676952089 3854.5623071595037 7120.5191659131087 10038.449542414048 1048.4151044222526 2435.8393431258155 3923.9723705204669 2995.9652907771524 4825.9853024336626 7044.6141923451796 6810.6576003558002 6084.5999396938423 6748.3126159484527 8498.0843303489964 6060.7054418893531 1028.1877986349864
leaf_count=1755181 225365 253313 537234 83511 127939 1102535 397811 117201 980130 174517 291258 47122 132440 63077 488952 244808 96579 315500 11834 41452 196489 183585 91207 52355 148335 165403 939796 47403 76124 91323
internal_value=-3.256e-12 -0.0208203 -0.0331285 0.0331286 0.00410759 -0.0491634 -0.0153195 0.0240478 -0.0393812 -0.00700775 -0.00565275 0.0512497 0.0343476 0.0120498 -0.0655883 -0.0295313 0.00572261 -0.0158715 -0.000360538 0.0230841 -0.0350619 -0.0353389 -0.00228572 0.0422922 -0.006638 0.00809867 -0.0548468 0.0617358 0.0319046 -0.0572746
internal_weight=204469 125559 84056.2 78910 41502.9 44231.3 39824.9 52567.4 27721.3 28025.8 27406.6 26342.6 28285.5 24281.9 16510 17879.2 18309.9 17662.3 22713.8 14096.3 11799.1 14024.7 21665.4 18677.1 16839.4 10363.4 9015.7 14617.7 8496.54 9842.09
internal_count=9479779 8614726 7573264 865053 1041462 5786310 1786954 687017 2602381 1053231 795947 178036 301996 385021 3183929 1408523 321944 713311 542634 245515 733723 1163715 530800 184795 439593 339920 1428748 94525 117576 1193858
is_linear=0
shrinkage=0.08


Tree=11
num_leaves=31
num_cat=0
split_feature=2 8 2 8 0 9 0 0 5 9 3 2 9 5 5 5 5 5 5 0 9 9 5 2 9 9 2 2 3 0
split_gain=19138.2 5243.63 3347.08 1880.17 1396.41 1348.15 1006.37 768.292 561.822 514.665 472.438 437.041 348.06 343.243 320.977 301.52 293.982 281.875 281.624 231.489 230.703 222.574 199.044 195.523 175.312 168.537 168.228 166.487 163.717 162.262
threshold=0.33514493703842169 1.0000000180025095e-35 0.083771932870149626 1.0000000180025095e-35 4.5000000000000009 0.14495860040187838 2.5000000000000004 1.5000000000000002 0.66069462895393383 0.56306815147399913 6.5000000000000009 0.55625879764556896 0.5030120611190797 0.71551167964935314 0.59054526686668407 0.35783077776432043 0.40729045867919927 0.53957796096801769 0.71551167964935314 6.5000000000000009 0.74999964237213146 0.79999950528144848 0.71393844485282909 0.20101010054349902 0.25000093877315527 0.99999248981475841 0.025158228352665905 0.034683240577578552 23.500000000000004 2.5000000000000004
decision_type=2 2 2 2 2 2 2 2 2 2 2 2 2 2 2 2 2 2 2 2 2 2 2 2 2 2 2 2 2 2
left_child=1 2 9 10 13 14 8 16 15 26 -2 21 23 29 -4 -3 -7 -11 24 -14 -8 -6 -13 -9 -12 28 -1 -19 -17 -5
right_child=3 6 5 4 11 7 20 12 -10 17 18 22 19 -15 -16 25 -18 27 -20 -21 -22 -23 -24 -25 -26 -27 -28 -29 -30 -31
leaf_value=-0.088393342902543331 0.031479272261581412 -0.045081885501036902 -0.050520108239775922 0.007067267100548935 0.031803524766963562 -0.055639440940002859 0.0085088564526066453 -0.026109584515037275 0.0099616729571813754 -0.059907222086107104 -0.031679964240896592 0.050139750780951065 -0.00264339423160304 0.038740262129554719 -0.028586673486657981 -0.023270382674255522 -0.023378476781481937 -0.055378670650381337 0.020265573033378587 0.020594184193014935 0.029579756542000082 0.060635659839513439 0.066345945954713686 -0.0057788862793223192 0.0021586584898822996 0.0057051330907474905 -0.064226009337284756 -0.028876871222521031 -0.0044005117215807268 0.024203720353875694
leaf_weight=2360.3140754986234 6443.7104215722065 1796.7747471585171 8748.5531018110341 5555.3586442795349 8144.9320214572363 2138.9682700673584 5501.1959119125095 5621.3806245159067 9806.1841156213195 5404.2052529231878 1076.9675580995972 9693.1353559105191 11051.070360453246 7642.1340250154026 8341.6597972739255 6581.8698973509017 11675.591960279329 2081.0589207714656 6073.5408882475167 3649.7815419441031 8408.9822430793138 2170.127195736859 9708.0232247416861 6560.7330475781346 10867.518842583639 3256.3039291540626 8417.4451082148153 5597.9996961908764 5321.9781050422462 9730.3058124919771
leaf_count=654074 90090 117705 814058 76116 81623 187367 127939 391140 170698 1026312 37440 75374 451030 52174 562311 263006 594121 336285 74929 102426 117576 17858 55362 242300 204767 78273 1689563 522277 166265 99320
internal_value=1.8721e-11 -0.0196761 -0.0313666 0.0312145 0.0397301 -0.0209584 0.00379178 -0.0130402 -0.00528042 -0.0565736 0.0128882 0.0511749 -0.00516065 0.0248968 -0.0398145 -0.0140949 -0.0283736 -0.0459098 0.00623957 0.0031258 0.0212466 0.0378694 0.0582491 -0.0151604 -0.000892381 -0.0104224 -0.0695186 -0.036059 -0.014834 0.0179757
internal_weight=199428 122322 81648.8 77105.8 52644 57787.7 40673.3 40697.5 26763.1 23861 24461.7 29716.2 26883 22927.8 17090.2 16956.9 13814.6 13083.3 18018 14700.9 13910.2 10315.1 19401.2 12182.1 11944.5 15160.2 10777.8 7679.06 11903.8 15285.7
internal_count=9479779 8614726 7573264 865053 457827 3344753 1041462 1968384 795947 4228511 407226 230217 1186896 227610 1376369 625249 781488 1884874 317136 553456 245515 99481 130736 633440 242207 507544 2343637 858562 429271 175436
is_linear=0
shrinkage=0.08


Tree=12
num_leaves=31
num_cat=0
split_feature=2 8 0 2 8 9 0 5 8 5 5 9 9 5 9 5 9 5 2 9 5 0 0 2 9 4 2 5 5 5
split_gain=16703.8 3928.72 3661.66 2044.3 1560.23 921.684 792.216 609.966 517.572 507.948 491.022 452.801 387.298 262.365 260.476 254.123 241.941 235.009 232.117 228.634 206.067 204.082 196.071 193.993 186.094 171.254 164.017 162.106 159.452 157.771
threshold=0.25126262009143835 1.0000000180025095e-35 3.5000000000000004 0.077350430190563216 1.0000000180025095e-35 0.16954089701175692 1.5000000000000002 0.57653760910034191 1.0000000180025095e-35 0.69174146652221691 0.58592963218688976 0.56306815147399913 0.37500022351741796 0.65261220932006847 0.99999582767486583 0.4371065646409989 0.99999582767486583 0.44155140221118933 0.80178570747375499 0.99999248981475841 0.64814183115959179 13.500000000000002 1.5000000000000002 0.57294833660125744 0.79999950528144848 137481.00000000003 0.033520599827170379 0.75467449426651012 0.76100599765777599 0.75106957554817211
decision_type=2 2 2 2 2 2 2 2 2 2 2 2 2 2 2 2 2 2 2 2 2 2 2 2 2 2 2 2 2 2
left_child=1 3 6 11 12 15 20 19 28 23 22 -1 -4 -10 27 -5 29 -13 -11 -3 -2 -14 -7 24 -6 -17 -19 -12 -8 -9
right_child=2 7 4 5 9 10 8 16 13 18 14 17 21 -15 -16 25 -18 26 -20 -21 -22 -23 -24 -25 -26 -27 -28 -29 -30 -31
leaf_value=-0.068636012365121873 -0.02557099369874366 -0.023029593201320881 -0.0062577021343205134 -0.06345049130036981 0.020145098694788987 -0.040331353919616175 -0.0062354562397986119 0.00047095101849867129 0.0091287512338397644 0.04860555322999905 -0.016071925859903767 -0.065434232730542843 0.017659850657879686 0.027617780700506019 0.018084736065785111 -0.039484759283807909 0.027196905661654631 -0.055678596841340619 0.067696853138029575 0.003765452678999053 -0.0014438071877944856 0.038042232388779205 -0.0207020644915719 0.043569449905240178 0.046311520278717926 -0.0026415410002483758 -0.031711055591227437 0.0050091185325704521 0.018617162771960283 0.020940334044960669
leaf_weight=9260.7247639692505 5581.7724596402259 7071.947937693214 3551.7820537572843 2828.7496811216115 6490.6113054253219 5653.2613850692287 10297.554807474371 11896.136846428097 9497.199633485754 14085.962584617548 12751.204398285889 2736.4540607698 12331.139717478771 10174.0439044995 2055.2506856383698 10629.043196415412 3813.5571174459474 2568.5491106726113 5735.3954561336432 2863.1609721796121 3813.3286389529239 4219.8429239255784 7682.5246769790829 9600.4017971063149 2376.3687353399582 873.81141215655953 6332.5162857080722 2857.6962991054752 1967.9616221445613 3022.0930354611482
leaf_count=2203634 227891 357259 122960 327307 93065 478538 263212 299837 138054 110631 632412 598937 213725 92036 70803 970888 48284 480233 31739 74022 76433 57193 493070 77560 26020 43480 704328 93106 26835 46287
internal_value=-3.31827e-11 -0.0240257 0.0228629 -0.0347348 0.0357601 -0.0251917 0.00464225 0.000715812 0.0106495 0.0452356 -0.0174356 -0.0554353 0.0177126 0.0186913 -0.00868727 -0.0419687 0.00921445 -0.0449307 0.0541297 -0.0153076 -0.0157781 0.0228565 -0.0290232 0.0356895 0.0271578 -0.036686 -0.0386273 -0.0122124 -0.00224794 0.00461758
internal_weight=194620 94896.7 99723.4 66229.8 58391.5 45331.5 41331.9 28666.9 31936.8 38288.7 30999.9 20898.2 20102.8 19671.2 17664.2 14331.6 18731.8 11637.5 19821.4 9935.11 9395.1 16551 13335.8 18467.4 8866.98 11502.9 8901.07 15608.9 12265.5 14918.2
internal_count=9479779 7922425 1557354 7096736 732893 3109604 824461 825689 520137 339015 1767929 3987132 393878 230090 796321 1341675 394408 1783498 142370 431281 304324 270918 971608 196645 119085 1014368 1184561 725518 290047 346124
is_linear=0
shrinkage=0.08


Tree=13
num_leaves=31
num_cat=0
split_feature=2 8 2 2 0 2 0 0 9 8 9 5 5 5 0 5 5 9 9 9 2 5 5 9 5 4 5 5 9 9
split_gain=14594.1 3952.23 2647.11 1630.36 974.574 859.663 778.588 627.034 625.157 478.653 406.355 376.523 348.95 344.379 329.599 308.37 291.275 221.895 215.589 205.363 203.742 193.445 190.879 179.018 154.258 143.64 132.336 130.625 125.798 124.233
threshold=0.33514493703842169 1.0000000180025095e-35 0.14365079998970035 0.75140449404716503 5.5000000000000009 0.047905908897519119 1.5000000000000002 1.5000000000000002 0.16954089701175692 1.0000000180025095e-35 0.5030120611190797 0.59441441297531139 0.43933787941932684 0.6421831250190736 8.5000000000000018 0.70135679841041576 0.69174146652221691 0.66190415620803844 0.59787213802337658 0.99999248981475841 0.17262665182352069 0.27558170258998876 0.77245694398880016 0.27429495751857763 0.81119626760482799 6347.5000000000009 0.66562321782112133 0.37278625369071966 0.99999707937240612 0.14495860040187838
decision_type=2 2 2 2 2 2 2 2 2 2 2 2 2 2 2 2 2 2 2 2 2 2 2 2 2 2 2 2 2 2
left_child=1 2 5 4 11 17 13 12 25 23 29 -2 -4 21 26 20 19 -1 -13 27 -8 -3 -14 -6 -11 -7 -5 -10 -22 -9
right_child=3 6 7 14 9 8 15 10 16 24 -12 18 22 -15 -16 -17 -18 -19 -20 -21 28 -23 -24 -25 -26 -27 -28 -29 -30 -31
leaf_value=-0.074373830653925138 -0.00072249847659520082 -0.057281191578068914 -0.050642553060093624 0.031095893488778264 -0.026006399185934007 -0.060239191527498716 -0.0043332294929526042 -0.030713956062904797 -0.055830807718826619 0.038679198407709905 0.0075944385173987708 0.0098665581553990522 -0.022572957758492555 0.0040362296084491414 0.064909286122887169 0.02892322924189264 -0.0074485353129367946 -0.051420012710155484 0.025948193591359192 -0.013738930863242326 0.01040730942171624 -0.015282063732375888 0.01076421273107143 0.02191609084084253 0.061713535799114663 -0.040502460946335396 0.049203859354174588 -0.033013273403679898 0.034526301393976548 -0.010114809251434723
leaf_weight=4816.27799782691 10023.56069664401 755.3088973169215 2790.518985661387 4505.1093928438495 527.01446853257949 5533.0940469017951 5769.6460678818403 2350.0535003925324 1903.6228437004029 13410.862748360378 10213.525713287847 10454.65626450011 11783.190541085496 7590.0992835629731 6039.8284677632619 5997.5346985715441 3931.7721948522085 6120.7708668895502 10894.968587797019 3175.8318780957197 7565.7717844346189 9920.7009930716013 1212.2993408101611 9345.5251163251232 2160.4542259504087 4115.1575052899425 6053.9292692740564 10260.525115055003 1693.8502669306472 9245.7722124815045
leaf_count=1431151 179765 58221 230293 35450 21702 871424 157994 210292 268335 126458 318301 151882 593203 151250 40129 78316 221830 1163731 115592 247752 163530 411096 29700 141358 13745 557678 38972 1024409 21055 405165
internal_value=2.02806e-12 -0.0175749 -0.028059 0.0279474 0.0215037 -0.0424229 0.00309089 -0.0128309 -0.0351976 0.0331381 -0.00404105 0.0120681 -0.0249747 -0.00899143 0.0500039 0.0135869 -0.0268752 -0.061528 0.0180732 -0.0318545 0.0074668 -0.0182534 -0.0194631 0.0193579 0.0418751 -0.0518211 0.0414779 -0.0365841 0.0148194 -0.0142895
internal_weight=190161 116745 77452.4 73415.9 56817 39857.1 39292.9 37595.4 28920 25443.9 21809.4 31373.2 15786 18266.1 16598.9 21026.8 19271.8 10937 21349.6 15340 15029.3 10676 12995.5 9872.54 15571.3 9648.25 10559 12164.1 9259.62 11595.8
internal_count=9479779 8614726 7573264 865053 750502 5786310 1041462 1786954 3191428 303263 933758 447239 853196 620567 114551 420895 1762326 2594882 267474 1540496 342579 469317 622903 163060 140203 1429102 74422 1292744 184585 615457
is_linear=0
shrinkage=0.08


Tree=14
num_leaves=31
num_cat=0
split_feature=2 8 2 2 5 9 0 9 0 0 5 9 0 0 2 5 5 2 5 9 5 4 5 9 4 5 0 2 5 5
split_gain=12845.7 3430.03 2353.59 1523.7 945.244 735.129 680.43 463.678 434.546 400.353 390.395 390.351 364.523 350.887 322.341 216.079 204.871 194.609 176.693 172.234 169.18 165.904 162.394 161.866 150.598 147.986 141.472 139.84 138.811 137.801
threshold=0.33514493703842169 1.0000000180025095e-35 0.077350430190563216 0.67006802558898937 0.5673828423023225 0.5030120611190797 2.5000000000000004 0.27429495751857763 6.5000000000000009 1.5000000000000002 0.53013327717781078 0.56306815147399913 7.5000000000000009 3.5000000000000004 0.5025252401828767 0.30066822469234472 0.4206009060144425 0.15026882290840152 0.51416715979576122 0.74999964237213146 0.66069462895393383 137481.00000000003 0.81119626760482799 0.45553363859653478 125241.50000000001 0.81119626760482799 1.5000000000000002 0.025158228352665905 0.28976984322071081 0.7187756896018983
decision_type=2 2 2 2 2 2 2 2 2 2 2 2 2 2 2 2 2 2 2 2 2 2 2 2 2 2 2 2 2 2
left_child=1 2 11 5 9 14 10 21 25 15 28 27 18 24 20 -4 -13 -8 -7 -19 -2 -6 -12 -10 -9 -5 -18 -1 -3 -16
right_child=3 6 4 8 7 12 17 13 23 -11 22 16 -14 -15 29 -17 26 19 -20 -21 -22 -23 -24 -25 -26 -27 -28 -29 -30 -31
leaf_value=-0.082557251193940043 -0.0090730278018049792 -0.04997072038317963 -0.06544745606204222 0.029694081767765793 -0.028670817305102105 0.0002258506142618416 0.00071806526862168343 -0.013938913849907151 0.033885081507142506 -0.019621955449515286 -0.00078823842393444356 -0.062335159220048147 0.04026499036534073 0.0090027889882346723 0.011964443851325245 -0.036559611070042748 -0.040920174138391323 0.011079980418393668 0.023862468632744164 0.03238874142799017 0.0088867291965949811 0.0025683396516012298 0.032320007597613283 0.059389567000602717 0.009811712594385737 0.056321271950955411 -0.016919000034282781 -0.058058005813573822 -0.016860624472699957 0.032404385796182919
leaf_weight=1946.8187832656113 6653.0090380423353 943.40473292814568 1999.2319405711605 10744.343314515194 8678.3633735271869 2357.3953799763694 3328.2193540745648 14388.151984456519 1932.2558528149966 9875.1642041070445 17754.604160695104 2248.1326464127342 9334.7016738451784 8400.6582070021832 5714.2832508353749 9684.8456428860081 6648.4646349744871 4307.9416008806147 14315.622410467244 5561.9270005505532 6775.3708329600631 1243.9850080958568 1001.6410714515951 9059.5428483004798 1938.8794993956108 1525.4921694844961 2058.3784168161801 6369.8840563971462 5746.664067707723 3347.5432369876071
leaf_count=654074 157757 71986 229766 86572 706157 38885 75294 666214 17624 687257 435700 540693 94463 301693 86868 881395 1007027 96170 168648 74051 106637 56796 11834 64643 56854 9197 235778 1549560 276427 33759
internal_value=1.65199e-11 -0.0166761 -0.0265998 0.0265215 -0.0183281 0.018448 0.00270696 -0.010145 0.0433537 -0.0314802 -0.00493811 -0.0507256 0.0276072 -0.00428273 0.00785636 -0.0415025 -0.0408052 0.0174469 0.0205205 0.023088 -1.1323e-05 -0.0247543 0.000979844 0.0549061 -0.0111185 0.0330046 -0.0352461 -0.0637929 -0.0215297 0.0195152
internal_weight=185885 114125 75481 71759.6 56209.3 48497.9 38644.4 34650 23261.6 21559.2 25446.3 19271.7 26007.7 24727.7 22490.2 11684.1 10955 13198.1 16673 9869.87 13428.4 9922.35 18756.2 10991.8 16327 12269.8 8706.84 8316.7 6690.07 9061.83
internal_count=9479779 8614726 7573264 865053 3586132 687017 1041462 1787714 178036 1798418 795947 3987132 301996 1024761 385021 1111161 1783498 245515 207533 170221 264394 762953 447534 82267 723068 95769 1242805 2203634 348413 120627
is_linear=0
shrinkage=0.08


Tree=15
num_leaves=31
num_cat=0
split_feature=2 2 8 2 0 0 9 9 5 9 9 5 5 5 9 5 4 9 9 5 5 5 9 0 9 5 5 7 7 2
split_gain=11388.3 2656.01 2600.25 1443.28 843.299 814.984 744.204 741.202 457.907 397.861 371.707 305.219 298.251 289.442 256.821 246.826 244.379 241.714 195.829 193.668 184.912 170.166 165.799 157.899 126.879 120.524 116.451 112.749 147.219 111.64
threshold=0.25126262009143835 0.5025252401828767 1.0000000180025095e-35 0.062828946858644499 2.5000000000000004 4.5000000000000009 0.16954089701175692 0.66666632890701305 0.52082774043083202 0.99999582767486583 0.44562655687332159 0.65505805611610424 0.41808228194713598 0.37278625369071966 0.99999248981475841 0.79679140448570263 15436.500000000002 0.14495860040187838 0.3580587506294251 0.76100599765777599 0.72243767976760875 0.37278625369071966 0.99999248981475841 2.5000000000000004 0.99999815225601207 0.75106957554817211 0.71393844485282909 5.5000000000000009 17.500000000000004 0.17677696049213412
decision_type=2 2 2 2 2 2 2 2 2 2 2 2 2 2 2 2 2 2 2 2 2 2 2 2 2 2 2 2 2 2
left_child=2 4 3 13 12 15 16 18 27 11 -7 21 -2 -1 26 23 -5 -15 -6 22 -12 -8 -14 -3 -9 -20 -10 -4 -29 -23
right_child=1 5 8 6 7 10 9 24 14 -11 20 -13 19 17 -16 -17 -18 -19 25 -21 -22 29 -24 -25 -26 -27 -28 28 -30 -31
leaf_value=-0.073950969382055171 -0.03553433152618584 0.0049399646274643962 -0.0025194742962528884 -0.044936921559383482 -0.00618756074010885 0.023513266230041796 -0.044110889483303266 0.029142132903571826 -0.0052117871538426685 0.010044613987786428 0.041423529771709162 -0.0080468892402052496 -0.010028307844470119 -0.06232321971268525 0.017765183314946056 0.048409150760519458 -0.022360142420665086 -0.037675002567243779 0.0073569871255669706 0.017188203975485827 0.056887346632559919 -0.027161557600065115 0.0098723271388159207 0.022898700179598049 0.055011521748565002 0.023907028671267209 0.011414117722721186 -0.033750780036220923 0.0037542254497884 -0.013264586340786064
leaf_weight=3032.0516473682947 1895.920343353413 4433.5335925418185 1781.0916581091005 10059.093479081348 5537.447790134931 4675.4926753893378 2637.2614469685359 9511.9088458058541 10256.720015758765 3313.8239808323851 10694.516601769923 10146.533887932339 12245.62962114223 3872.5422143085743 7206.6411386777181 1874.4726264330093 4415.3243674854457 7435.1162647871242 11639.724588267854 2794.0513719837181 9211.6668349414831 10338.141027463513 3429.7756285110954 10684.400949797884 1390.7945670736372 3714.9384000235004 3657.7298073937418 3450.7838353026891 831.16907080292003 5761.4153507646406
leaf_count=879127 95448 56582 80249 1236063 177721 58740 291721 134177 318633 145276 103925 465585 361215 1199086 125197 12749 389741 1284592 230186 37020 65587 919173 59464 105061 15870 43609 64876 199487 37247 286372
internal_value=-8.17597e-12 0.0194152 -0.0206345 -0.0298036 0.00739264 0.0344991 -0.0229833 0.0155337 -5.56371e-05 -0.01621 0.0438118 -0.0192222 -0.00531729 -0.0520018 0.00550735 0.0210272 -0.03805 -0.0461163 0.00670986 -0.00221546 0.0485795 -0.025274 -0.00567405 0.0176321 0.0324421 0.0113611 -0.00084129 -0.0194347 -0.0264707 -0.0221884
internal_weight=181930 93734.3 88195.4 61011.3 52160.2 41574.1 46671.6 31794.8 27184.1 32197.2 24581.7 28883.4 20365.4 14339.7 21121.1 16992.4 14474.4 11307.7 20892.1 18469.5 19906.2 18736.8 15675.4 15117.9 10902.7 15354.7 13914.4 6063.04 4281.95 16099.6
internal_count=9479779 1557354 7922425 7096736 1154710 402644 3733931 601563 825689 2108127 228252 1962851 553147 3362805 508706 174392 1625804 2483678 451516 457699 169512 1497266 420679 161643 150047 273795 383509 316983 236734 1205545
is_linear=0
shrinkage=0.08


Tree=16
num_leaves=31
num_cat=0
split_feature=2 0 9 5 0 8 8 2 2 1 0 9 5 5 4 2 5 9 9 3 8 3 4 4 8 5 1 9 5 2
split_gain=10104.8 3134.84 1405.04 1379.86 979.44 908.645 637.637 559.823 550.915 532.932 309.994 303.029 292.568 241.665 239.612 196.841 187.85 186.829 184.86 171.295 166.012 158.023 156.959 131.576 124.084 122.518 120.205 111.311 111.226 109.486
threshold=0.40114942193031317 1.5000000000000002 0.5030120611190797 0.4371065646409989 3.5000000000000004 1.0000000180025095e-35 1.0000000180025095e-35 0.1741658225655556 0.16767068207263949 12.500000000000002 13.500000000000002 0.99999707937240612 0.17647051066160205 0.79679140448570263 72837.500000000015 0.83527129888534557 0.58939334750175487 0.99999707937240612 0.12771802395582202 28.500000000000004 1.0000000180025095e-35 5.5000000000000009 137481.00000000003 39079.500000000007 1.0000000180025095e-35 0.79679140448570263 5.5000000000000009 0.11882390454411508 0.69174146652221691 0.88303694128990184
decision_type=2 2 2 2 2 2 2 2 2 2 2 2 2 2 2 2 2 2 2 2 2 2 2 2 2 2 2 2 2 2
left_child=1 3 7 12 13 9 21 18 17 14 15 16 -1 20 26 25 -10 28 -3 -7 -2 -6 27 -11 -14 -8 -5 -9 -4 -12
right_child=4 2 8 5 6 19 10 22 11 23 29 -13 24 -15 -16 -17 -18 -19 -20 -21 -22 -23 -24 -25 -26 -27 -28 -29 -30 -31
leaf_value=-0.080492002398640711 -0.0022934017675409622 -0.051677382357029858 -0.013021303487471544 -0.017971833891760929 0.035629239392750714 -0.011935501728150345 0.028836175394407217 -0.027616198192302016 0.00023924435041063646 -0.048243795903398799 0.051351153342588801 0.035047902538748496 -0.051336625935849388 0.040909885974583692 -0.00021239504958335054 0.04947856154301479 0.016837459489035058 0.014851909162668842 -0.025181734916311972 0.0052939000527157829 0.014945428344296557 0.013400250734765163 0.01425616243371922 -0.023482199608340085 -0.028691765923796228 0.050812500915254966 -0.031214468030514191 -0.0074168453870595242 0.0049687190702747755 0.078345679379812239
leaf_weight=1950.7873221519694 5175.5391889376333 2339.0335456032481 8612.229804323084 8342.1448533862713 2702.9738924100529 8898.1114513756474 12949.919261434057 2009.2955158724217 6331.8305531225051 8161.8758370754222 6249.8081037027296 4300.887918569555 6968.2193041746359 1743.7671047409531 2926.0837240956025 5363.8470211818931 14040.270606171573 2726.7019341440464 6029.722328617645 6313.3076084463974 11562.621709521161 8430.2260970378993 1909.9636624825653 1651.2682926474954 1991.1941183704766 1856.2913730244618 9252.4335164090153 13324.148035547929 2953.8850687597878 1136.4320013576653
leaf_count=431240 95931 513700 576415 427314 34698 298371 132540 160344 181373 1756542 52504 66125 1317320 13603 117037 38429 260285 88436 617112 156517 131942 140746 44625 265404 141736 13490 832601 458856 106866 7677
internal_value=-2.41129e-11 -0.0130928 -0.00105472 -0.0268628 0.0277177 -0.0207414 0.0349549 -0.0156097 0.00851223 -0.0287432 0.0414829 0.0157522 -0.0524169 0.0125677 -0.0214104 0.0363482 0.0116786 -0.00398583 -0.0325872 -0.00478466 0.00961508 0.0187971 -0.00736998 -0.0440771 -0.0463039 0.0315914 -0.0249357 -0.0100638 -0.00842681 0.0555045
internal_weight=178205 121033 64578 56455.4 57171.4 45545.2 38689.5 25612.2 38965.8 30333.8 27556.3 24673 10910.2 18481.9 20520.7 20170.1 20372.1 14292.8 8368.76 15211.4 16738.2 11133.2 17243.4 9813.14 8959.41 14806.2 17594.6 15333.4 11566.1 7386.24
internal_count=9479779 8818219 3074137 5744082 661560 3853786 420084 1794637 1279500 3398898 244640 507783 1890296 241476 1376952 184459 441658 771717 1130812 454888 227873 175444 663825 2021946 1459056 146030 1259915 619200 683281 60181
is_linear=0
shrinkage=0.08


Tree=17
num_leaves=31
num_cat=0
split_feature=2 8 2 2 0 2 0 9 5 5 9 0 8 5 9 5 9 5 5 0 5 9 3 5 4 9 5 3 8 9
split_gain=8921.57 2730.74 1916.22 912.574 660.949 653.97 565.348 476.472 448.665 378.294 271.038 254.176 241.586 209.257 194.808 194.494 179.846 155.788 149.766 144.168 139.018 138.591 136.608 135.322 134.865 133.78 116.995 115.005 112.895 107.589
threshold=0.40114942193031317 1.0000000180025095e-35 0.14365079998970035 0.75140449404716503 3.5000000000000004 0.040202019736170776 5.5000000000000009 0.28801880776882177 0.65505805611610424 0.62062227725982677 0.20294185727834704 9.5000000000000018 1.0000000180025095e-35 0.50533118844032299 0.79999911785125744 0.69174146652221691 0.99999248981475841 0.81119626760482799 0.79679140448570263 3.5000000000000004 0.75106957554817211 0.99999582767486583 23.500000000000004 0.17647051066160205 43038.000000000007 0.30178594589233404 0.28331096470355993 6.5000000000000009 1.0000000180025095e-35 0.37602475285530096
decision_type=2 2 2 2 2 2 2 2 2 2 2 2 2 2 2 2 2 2 2 2 2 2 2 2 2 2 2 2 2 2
left_child=1 2 5 6 9 23 13 24 10 16 -4 20 29 -2 -6 21 22 25 28 -12 -5 26 -3 -1 -7 -10 -9 -27 -15 -8
right_child=3 4 8 11 14 7 12 15 17 -11 19 -13 -14 18 -16 -17 -18 -19 -20 -21 -22 -23 -24 -25 -26 27 -28 -29 -30 -31
leaf_value=-0.087669010925547894 -0.0077270885769365584 -0.024502615289338361 -0.030458522048879652 0.030068654503377489 0.010201610456355243 -0.048386785277386116 -0.001805474967936439 -0.055839909080675425 -0.015377050522075265 0.0064459246205451261 -0.017111229664884538 0.058867190811982634 0.037570940366825047 0.0038623732141464095 0.030799302250076682 -0.0064800283698796301 0.0028171896310356342 0.022078991319982047 0.035088376986662805 -0.0021420513486092555 0.050594847808393698 -0.0028725530744684504 -0.0064111595029225019 -0.052826611005209988 -0.02114470846210122 0.014324518543449462 -0.026935545086118066 -0.0033333436174255789 0.017202205883542269 0.02356237376733436
leaf_weight=804.00498163442535 3053.5119465225725 6235.9628239099402 6635.4301582824555 7000.4845456271723 6196.2357254007366 7977.495570563784 1322.7688626408926 965.37585621641483 3798.0973770272103 15488.856436398171 10939.775164614432 4663.9236233927077 11696.288591532211 6356.7633653971134 5589.6548829115927 3928.5324609291856 4148.0740597631666 1871.1126315268921 2078.8919857286382 6603.0345369023271 3023.8660508100875 1437.2516636459331 4672.8485233333195 6330.3626345750963 1361.5590994165395 3381.367390851432 12513.126607847647 7819.6471522364882 11238.741358640516 5599.2450951485662
leaf_count=264271 56427 313123 556781 57821 126517 1518002 34622 176702 204241 303841 561751 36065 114660 114251 74936 238051 107425 39521 17986 242298 20665 100754 188198 1874845 175832 84264 1437853 229013 130359 78704
internal_value=-4.03516e-11 -0.0124203 -0.0214545 0.0263098 0.00387746 -0.0351165 0.0202248 -0.0296393 -0.00969982 -0.00233191 -0.0166862 0.0434387 0.0305605 0.0117579 0.0199704 -0.0223166 -0.0113616 0.000312956 0.0147821 -0.0114769 0.0362604 -0.0264876 -0.016753 -0.0567532 -0.0444151 -0.00240232 -0.0290058 0.00199722 0.0123829 0.0187147
internal_weight=174732 118698 76366.2 56034.5 42331.6 35317.7 41346.2 28183.3 41048.5 30545.7 24178.2 14688.3 18618.3 22727.9 11785.9 18844.3 15056.9 16870.2 19674.4 17542.8 10024.4 14915.8 10908.8 7134.37 9339.05 14999.1 13478.5 11201 17595.5 6922.01
internal_count=9479779 8818219 7704179 661560 1114040 5786310 547009 3647194 1917869 912587 1360830 114551 227986 319023 201453 1953360 608746 557039 262596 804049 78486 1715309 501321 2139116 1693834 517518 1614555 313277 244610 113326
is_linear=0
shrinkage=0.08


Tree=18
num_leaves=31
num_cat=0
split_feature=2 2 8 2 0 0 9 9 5 9 0 9 5 5 9 4 5 0 4 9 9 5 5 5 0 2 5 5 5 2
split_gain=7904.34 1959.51 1750.62 1085.22 596.888 581.581 588.395 531.049 324.324 318.499 275.503 225.854 218.929 212.294 206.318 205.938 198.647 164.563 152.909 140.761 119.952 119.288 113.715 112.345 111.291 108.704 102.446 99.9339 94.1399 91.647
threshold=0.25126262009143835 0.5025252401828767 1.0000000180025095e-35 0.059173669666051872 4.5000000000000009 2.5000000000000004 0.66666632890701305 0.30178594589233404 0.47666649520397192 0.45553363859653478 3.5000000000000004 0.59787213802337658 0.59054526686668407 0.72243767976760875 0.99999248981475841 15436.500000000002 0.38895379006862646 13.500000000000002 137481.00000000003 0.3580587506294251 0.79999911785125744 0.75106957554817211 0.30066822469234472 0.69174146652221691 5.5000000000000009 0.85880398750305187 0.83056166768074047 0.4206009060144425 0.32358640432357794 0.015749008394777778
decision_type=2 2 2 2 2 2 2 2 2 2 2 2 2 2 2 2 2 2 2 2 2 2 2 2 2 2 2 2 2 2
left_child=2 5 3 11 13 12 18 15 -4 -6 16 29 22 -3 23 28 -9 25 19 -7 -12 -18 -2 -10 -8 -11 -14 -13 -5 -1
right_child=1 4 8 7 9 6 24 10 14 17 20 27 26 -15 -16 -17 21 -19 -20 -21 -22 -23 -24 -25 -26 -27 -28 -29 -30 -31
leaf_value=-0.085374863317958599 -0.048682533607742773 0.012021515964865016 -0.021756354368267613 -0.060054135950366919 0.02022046086448518 -0.0098922397689926809 0.020110157172741842 -0.039609449321048311 -0.0072321078881206939 0.033132712774526063 -0.0077890325045753862 -0.056818301826432951 2.6670272955422849e-05 0.031755000311196387 0.013998541713149355 -0.018534724143661616 -0.017956639510970096 0.053761185814130669 0.022456517555477139 0.006554002429846331 0.013528171336960318 0.0012498854471152002 -0.012516898733282147 0.0076526549463648208 0.036707529483075749 0.050828221429328385 0.029615611822090982 -0.03296975600247231 -0.036123675955707278 -0.055549470667395622
leaf_weight=785.22638458748406 605.91892905707937 10941.277293800784 3926.1861232719966 1195.8864789102226 4825.8170047640742 4544.6353419221123 5089.730424841051 2508.8707175375312 9836.9496730337851 8585.4336806114297 5219.0657661092337 1414.8986567187821 11260.934293112077 5122.6515493002953 7485.5766853677342 4602.7395265203086 18036.950657627429 6319.9044089678209 2761.3696086572018 12468.507323932165 2497.9337448874139 2337.7953785240534 6811.5668435049593 4842.9629078864236 5255.2943464930868 2997.4766458308441 802.23901313263923 5479.4352809091361 8749.5410097183849 4113.6667217780196
leaf_count=311510 38725 132223 240820 204360 63167 161748 80027 321445 350004 86555 283362 448133 246316 42169 140338 437486 1327966 55541 41733 248035 98076 86191 258919 94527 70020 22989 9187 980615 1153921 1443671
internal_value=-4.21217e-11 0.0166496 -0.0177241 -0.0255872 0.0301182 0.00611567 0.0130824 -0.0199427 -0.000563885 0.0384608 -0.0139603 -0.0471964 -0.00465581 0.0183144 0.00318995 -0.032526 -0.0183684 0.0433776 0.00499495 0.0021608 -0.000888817 -0.0157529 -0.0154712 -0.00232156 0.0285417 0.037712 0.00199443 -0.0378641 -0.0390012 -0.0603301
internal_weight=171426 88392.8 83033.7 56942 38792.6 49600.2 30119.5 45148.8 26091.7 22728.6 30600.6 11793.2 19480.7 16063.9 22165.5 14548.2 22883.6 17902.8 19774.5 17013.1 7717 20374.7 7417.49 14679.9 10345 11582.9 12063.2 6894.33 9945.43 4898.89
internal_count=9479779 1557354 7922425 7096736 402644 1154710 601563 3912807 825689 228252 2117040 3183929 553147 174392 584869 1795767 1735602 165085 451516 409783 381438 1414157 297644 444531 150047 109544 255503 1428748 1358281 1755181
is_linear=0
shrinkage=0.08


Tree=19
num_leaves=31
num_cat=0
split_feature=2 8 2 8 0 5 5 3 2 9 2 0 2 9 5 9 0 9 5 5 5 5 5 5 2 9 5 0 4 0
split_gain=6981.18 1788.37 1339.14 1093.65 660.63 532.369 435.93 307.681 286.909 280.842 279.478 251.63 248.412 206.688 200.451 193.923 173.783 155.232 153.742 150.939 149.398 135.94 124.438 110.042 105.702 102.509 101.551 100.282 99.7445 85.0623
threshold=0.33514493703842169 1.0000000180025095e-35 0.077350430190563216 1.0000000180025095e-35 4.5000000000000009 0.59054526686668407 0.6421831250190736 22.500000000000004 0.023392613045871261 0.14495860040187838 0.75140449404716503 1.5000000000000002 0.20101010054349902 0.99999248981475841 0.79679140448570263 0.25000035762786871 2.5000000000000004 0.99999248981475841 0.30066822469234472 0.73525840044021618 0.35783077776432043 0.66388624906539928 0.50533118844032299 0.67440575361251842 0.78629976511001598 0.36474516987800604 0.76100599765777599 11.500000000000002 147804.00000000003 4.5000000000000009
decision_type=2 2 2 2 2 2 2 2 2 2 2 2 2 2 2 2 2 2 2 2 2 2 2 2 2 2 2 2 2 2
left_child=1 2 8 7 14 11 13 15 -1 -10 21 18 17 20 22 -2 -8 28 -4 -17 -3 -6 -5 -11 -24 -13 -14 -12 -7 -22
right_child=3 6 5 4 10 12 16 -9 9 23 27 25 26 -15 -16 19 -18 -19 -20 -21 29 -23 24 -25 -26 -27 -28 -29 -30 -31
leaf_value=-0.064284896084601653 -0.021044080857972141 -0.036689329835967781 -0.055176491192078084 -0.0017392007161619036 0.021790964769961514 -0.019630973798940462 0.0045546587861839275 -0.007866988040182956 -0.051986544014001462 -0.032268297000817604 0.042455208166582672 -0.028495988671860564 -0.0025180066762120232 0.0061150538915937845 0.042233713150802377 0.0094616016867667182 0.02130602904220175 0.0030695351105768237 -0.02810007990633951 0.027597793996475765 -0.011609966873127911 0.037120660286720668 0.013593256146591411 -0.01081216621714735 0.029086265850439923 -0.010320505269134746 0.014861869847765328 0.061173903375418226 0.0031658649482168588 0.0089714081677548362
leaf_weight=2720.9426687895757 1022.8379451258224 1405.5371853131219 1550.8957680971944 2537.8076650504372 6161.3147322931327 12093.415561513073 10268.003791436262 6928.9637975989026 4538.7598167943943 6923.3174678140349 4786.7901702979871 2624.5004006078816 10310.941900836595 5736.9849558991846 1864.6408674945123 9512.3586927735014 6455.4532221540576 2907.1267464457778 9969.7696536575386 4248.6678546291078 10728.631110715622 9275.8482952158083 11482.808611699642 1963.7148885310162 3735.0644674011564 8162.4138838025683 2719.0433536421042 2967.0569578001159 1367.2119402741664 1460.1000503643299
leaf_count=1018945 36035 114708 229766 40452 78732 908371 207715 135104 1395035 1354203 39055 312370 398111 136532 14205 184976 103013 121861 999523 51111 437626 88986 143471 218949 29482 489490 68313 23444 58327 41868
internal_value=3.41583e-11 -0.0128346 -0.0204852 0.0206683 0.0280856 -0.0142047 0.00156321 0.00604349 -0.0405968 -0.035796 0.0372264 -0.0235235 -0.00713342 -0.00661862 0.0172813 0.0125631 0.0110209 -0.0136948 -0.0317451 0.0150611 -0.0119924 0.0310022 0.0146609 -0.0275273 0.0173958 -0.0147427 0.00110875 0.049618 -0.0173155 -0.0091445
internal_weight=168431 103907 67852.1 64524.2 42811.3 51705.3 36054.7 21712.8 16146.7 13425.8 23191 22307.6 29397.7 19331.3 19620.3 14783.9 16723.5 16367.8 11520.7 13761 13594.3 15437.2 17755.7 8887.03 15217.9 10786.9 13030 7753.85 13460.6 12188.7
internal_count=9479779 8614726 7573264 865053 457827 3586132 1041462 407226 3987132 2968187 230217 2031149 1554983 730734 227610 272122 310728 1088559 1229289 236087 594202 167718 213405 1573152 172953 801860 466424 62499 966698 479494
is_linear=0
shrinkage=0.08


Tree=20
num_leaves=31
num_cat=0
split_feature=2 2 8 2 9 5 5 0 9 1 5 9 0 9 5 1 9 5 5 5 4 2 5 0 9 2 5 5 9 4
split_gain=6251.19 1961.36 997.822 753.935 675.357 580.235 453.89 436.262 369.858 284.689 202.301 201.25 183.97 177.536 173.863 172.113 164.52 158.145 153.838 146.426 145.91 105.38 101.873 100.241 98.1181 92.7639 90.0279 83.7379 81.3794 78.7899
threshold=0.40114942193031317 0.16767068207263949 1.0000000180025095e-35 0.75140449404716503 0.99999582767486583 0.43441589176654821 0.69511905312538158 7.5000000000000009 0.12771802395582202 5.5000000000000009 0.6421831250190736 0.99999248981475841 8.5000000000000018 0.5030120611190797 0.15310718119144442 25.500000000000004 0.41742432117462164 0.36415639519691473 0.47588364779949194 0.81396234035491954 46038.000000000007 0.034286834299564369 0.66562321782112133 5.5000000000000009 0.66666653752326976 0.61577314138412487 0.81396234035491954 0.7187756896018983 0.56306815147399913 63017.500000000007
decision_type=2 2 2 2 2 2 2 2 2 2 2 2 2 2 2 2 2 2 2 2 2 2 2 2 2 2 2 2 2 2
left_child=1 2 5 7 6 14 9 10 15 17 28 20 22 -11 -1 29 -9 -3 -4 -8 21 -10 -5 -6 25 -18 -12 -20 -2 -7
right_child=3 4 18 12 23 8 19 16 11 13 26 -13 -14 -15 -16 -17 24 -19 27 -21 -22 -23 -24 -25 -26 -27 -28 -29 -30 -31
leaf_value=-0.079162315610015757 -0.003403076747248089 -0.040109286037303592 -0.022888025730380211 0.022759932808456142 0.017255326330325924 -0.034770093639159796 0.004452969165487446 0.0087279275650772592 -0.045179329402407015 -0.0096252137778421194 0.014891860661398604 -0.003703885209689698 0.05187397814496518 0.0052868576745384597 -0.043688260678085795 -0.057306012758347187 0.022672271480558646 -0.013662546298666419 -0.0041919846075308921 0.025631346840549366 -0.0077176845434251433 -0.023357423035863856 0.040053446877276015 0.038899094923395286 0.048212442896989706 0.039520060167796425 0.033027511843684562 0.011530363848227714 0.01001358188368286 -0.011302659055981989
leaf_weight=1024.5164677297871 5826.6825116069522 1603.0194469238049 2386.1457079116371 3977.8694796283235 4240.5140069380868 6069.9773382307612 13500.937600288598 2136.3774121607421 1609.5690851428662 10129.977727934311 12585.541216960992 4865.7643212223047 4675.7592881322489 10310.173339428147 6457.4848854551965 2094.7217869347951 5371.3682680990314 14875.08256815825 9885.0614885072573 2471.9007239331258 3540.3642911232891 11794.180477710383 4823.7723543714383 2022.7470954271848 2174.0132975714514 3425.4012355259038 2035.0978553146124 2777.1329941838048 5747.3878114448744 1078.2831315414223
leaf_count=345866 115982 149386 172354 35450 81159 1028365 325026 41927 428198 490931 159810 364483 40129 283255 1510058 848779 68113 667488 337489 38491 291814 1263843 38972 30096 23028 34650 18356 52414 85143 108724
internal_value=1.56474e-11 -0.0106377 -0.0217247 0.0227223 -0.000594891 -0.0285468 -0.00353641 0.0171232 -0.0237282 -0.00841108 0.011161 -0.0180444 0.0390502 -0.00210345 -0.0485458 -0.0371397 0.0290386 -0.0162353 -0.00425501 0.00773046 -0.0221625 -0.0259779 0.0322377 0.0242453 0.0329938 0.0292327 0.0174162 -0.000743684 0.00325929 -0.0312301
internal_weight=165517 112738 53583.2 52779.3 59154.4 38534.9 52891.1 39301.9 31052.9 36918.3 26194.7 21809.9 13477.4 20440.2 7482 9242.98 13107.2 16478.1 15048.3 15972.8 16944.1 13403.7 8801.64 6263.26 10970.8 8796.77 14620.6 12662.2 11574.1 7148.26
internal_count=9479779 8818219 6752387 661560 2065832 6190130 1954577 547009 4334206 1591060 379291 2348338 114551 774186 1855924 1985868 167718 816874 562257 363517 1983855 1692041 74422 111255 125791 102763 178166 389903 201125 1137089
is_linear=0
shrinkage=0.08


Tree=21
num_leaves=31
num_cat=0
split_feature=2 2 8 2 9 2 5 0 9 5 8 9 9 5 0 4 5 5 5 4 5 9 9 0 8 9 5 9 0 3
split_gain=5560.78 1714.48 870.307 680.716 598.193 532.019 413.22 377.687 359.799 212.821 191.936 185.221 176.407 166.2 156.964 143.14 139.339 132.895 126.774 120.479 117.972 103.168 88.4386 87.4906 86.7078 82.6589 76.7043 75.932 74.7516 73.6726
threshold=0.40114942193031317 0.16767068207263949 1.0000000180025095e-35 0.75140449404716503 0.99999582767486583 0.040202019736170776 0.54349327087402355 5.5000000000000009 0.12771802395582202 0.81119626760482799 1.0000000180025095e-35 0.33666725456714636 0.99999248981475841 0.66562321782112133 1.5000000000000002 31780.000000000004 0.56322491168975841 0.49782697856426245 0.25077867507934576 6906.5000000000009 0.15310718119144442 0.66666617989540111 0.66666632890701305 6.5000000000000009 1.0000000180025095e-35 0.33333416283130651 0.27036762237548834 0.37602475285530096 8.5000000000000018 28.500000000000004
decision_type=2 2 2 2 2 2 2 2 2 2 2 2 2 2 2 2 2 2 2 2 2 2 2 2 2 2 2 2 2 2
left_child=1 2 5 7 6 20 18 16 19 11 27 -8 15 -5 -13 26 -2 -4 -3 -7 -1 -16 -12 -6 -18 -22 -10 -9 -15 -19
right_child=3 4 17 13 23 8 9 10 12 -11 22 14 -14 28 21 -17 24 29 -20 -21 25 -23 -24 -25 -26 -27 -28 -29 -30 -31
leaf_value=-0.084716811617930043 -0.0023390175033630831 -0.046553665190409009 -0.01966323829155019 0.026320535725200489 0.017324447788957992 -0.043637681807026485 -0.01210738601867669 -0.0031155433982511379 -0.049926527745029814 0.021838925636528655 0.027591752927499172 -0.0066960286673328085 -0.0041232916585838926 0.0382504466745993 0.0011565508055951617 -0.0077627230259440126 0.0051514154152956324 -0.003973755208960969 -0.013825547046858911 -0.025577896524876857 -0.058798620479039193 0.012966891539056089 0.04448252652891891 0.039369014636688161 0.017220675449881744 -0.038212292340416253 -0.023695178902380851 0.018631049189497623 0.054090780262882346 0.010850331048747355
leaf_weight=534.43379802076379 5089.6780272815959 807.69268261920661 2874.0661627896479 5255.3917352551216 4722.9158450862742 5456.1211987370043 7644.5072221883456 1273.8458035564399 757.75401369307656 2803.2289591897279 7913.8097210176638 9250.2932575985033 5039.2493324542011 4700.8275253743923 11679.788038436964 3908.637776143587 6003.5010764301987 9175.5770389278769 12182.316843182431 4171.6413034267316 1910.7738054614456 7959.6450333847897 2647.6558197995182 1524.040968962945 10424.602796801279 3600.3006242343545 12199.984880520497 5315.7480851603905 3207.6953368979157 2800.4658015080495
leaf_count=237587 96354 75891 199616 48705 89453 1137063 422983 34622 161027 44617 87129 261919 368689 38972 322964 290574 103239 286784 662552 675538 930134 163651 27531 21802 119430 971395 1418123 78704 26874 75857
internal_value=-1.18709e-12 -0.0101022 -0.0206111 0.0216346 -0.0006959 -0.0270905 -0.00348925 0.0162855 -0.0229226 0.000595982 0.0251413 -0.00103396 -0.0172573 0.0373476 0.00189617 -0.0211815 0.00922681 -0.00421471 -0.0158605 -0.0358125 -0.04883 0.00594315 0.0318261 0.0227026 0.0128101 -0.0453499 -0.0252292 0.0144272 0.0446753 -0.000507306
internal_weight=162836 111003 52429 51832.8 58574.4 37578.9 52327.5 38668.8 31533.4 39337.5 17151.1 36534.2 21905.6 13163.9 28889.7 16866.4 21517.8 14850.1 12990 9627.76 6045.51 19639.4 10561.5 6246.96 16428.1 5511.07 12957.7 6589.59 7908.52 11976
internal_count=9479779 8818219 6752387 661560 2065832 6190130 1954577 547009 4051014 1216134 227986 1171517 2238413 114551 748534 1869724 319023 562257 738443 1812601 2139116 486615 114660 111255 222669 1901529 1579150 113326 65846 362641
is_linear=0
shrinkage=0.08


Tree=22
num_leaves=31
num_cat=0
split_feature=2 2 8 2 5 0 9 9 0 5 9 9 4 8 4 2 5 5 9 5 9 4 5 9 2 5 0 9 0 4
split_gain=4942.35 1365.85 1041.7 719.877 416.876 379.863 384.02 375.951 226.47 220.396 195.982 192.39 172.728 155.944 154.589 148.849 148.186 127.997 127.434 123.657 116.379 102.333 93.4584 89.8372 82.8103 82.4767 81.7257 79.3359 77.6031 71.0711
threshold=0.25126262009143835 0.5025252401828767 1.0000000180025095e-35 0.050252525135874755 0.71551167964935314 3.5000000000000004 0.74999907612800609 0.30178594589233404 3.5000000000000004 0.66562321782112133 0.99999582767486583 0.99999248981475841 25204.500000000004 1.0000000180025095e-35 15436.500000000002 0.80178570747375499 0.25077867507934576 0.4206009060144425 0.11882390454411508 0.4206009060144425 0.25000093877315527 253302.00000000003 0.37278625369071966 0.99999248981475841 0.11050061136484148 0.75467449426651012 6.5000000000000009 0.99999248981475841 16.500000000000004 2598.5000000000005
decision_type=2 2 2 2 2 2 2 2 2 2 2 2 2 2 2 2 2 2 2 2 2 2 2 2 2 2 2 2 2 2
left_child=2 5 3 16 8 11 18 14 -3 19 12 17 22 -10 24 26 -1 -2 -7 -4 -18 -20 -9 -21 -5 -19 -6 -11 -15 -25
right_child=1 4 9 7 15 6 -8 10 13 27 -12 -13 -14 28 -16 -17 20 25 21 23 -22 -23 -24 29 -26 -27 -28 -29 -30 -31
leaf_value=-0.073103827897554194 -0.027278492649175416 0.00681673264774749 -0.024199275061536754 -0.044455562085459484 0.023083453089380403 -0.043964895639288126 0.030394007632433856 -0.033445302803937156 0.0095706532921034926 0.0033799281806610442 0.0060088544567733528 0.010914268002527032 -0.0040346078362724783 0.02612557896784834 -0.015582963452379152 0.04815523726384955 -0.05326838458785739 -0.0064459143072889379 0.0053345859982409779 -0.008441040088609443 -0.031782357168389168 0.029503959271447999 -0.016193539645825709 0.018321547879832489 -0.028413347697899778 0.0077751412724651201 0.037643572171522373 0.018970359692442037 0.044999898779088846 -0.0026663145047866005
leaf_weight=909.96559491686639 1636.7347931510303 7227.8481265111914 2247.6710305868764 3044.6065347741824 4835.1966107916669 318.36346846539527 5605.7307326501468 2278.23848139029 3490.2862501115305 6088.4924656029325 3466.6603785510524 5641.4818436196656 7664.5082062350994 8941.7788425072504 4504.8380307623884 4435.7584194735391 2407.1339735343645 14566.742457783927 14972.186527524318 9098.7625895623933 4892.9024450741854 1211.909494201187 17050.045601398451 1697.4247034069267 6363.9925681047898 3179.791849042289 5037.8667498949799 3180.0622501868929 1651.7001735861122 2636.4968586342875
leaf_count=418249 99262 97067 167748 764498 46918 24201 80874 351969 59513 132836 163652 100255 435314 95262 481866 35575 1122313 448725 337049 371379 1185134 15455 1409160 38637 764581 48889 50962 49856 17347 65233
internal_value=3.50413e-12 0.0135974 -0.0145132 -0.0209006 0.02542 0.00466261 0.0123036 -0.0168743 0.0183285 -0.00105094 -0.0118974 -0.00208784 -0.0141971 0.0242364 -0.0277696 0.0359821 -0.0426619 -0.00587209 0.00615846 -0.00683182 -0.0388672 0.00714445 -0.018227 -0.00392575 -0.0336046 -0.00389781 0.030513 0.00872904 0.0290684 0.0055538
internal_weight=160285 82753.4 77531.8 52582.9 35620.4 47132.9 22108.2 44372.9 21311.6 24948.9 30459.5 25024.8 26992.8 14083.8 13913.4 14308.8 8210 19383.3 16502.5 15680.4 7300.04 16184.1 19328.3 13432.7 9408.6 17746.5 9873.06 9268.55 10593.5 4333.92
internal_count=9479779 1557354 7922425 7096736 402644 1154710 457579 4371040 269189 825689 2360095 697131 2196443 172122 2010945 133455 2725696 596876 376705 642997 2307447 352504 1761129 475249 1529079 497614 97880 182692 112609 103870
is_linear=0
shrinkage=0.08


Tree=23
num_leaves=31
num_cat=0
split_feature=2 2 9 2 9 5 5 0 9 8 1 8 0 5 9 3 4 1 4 0 2 3 2 5 5 5 8 0 9 5
split_gain=4430.35 1357.23 667.96 582.979 477.233 450.297 327.891 309.399 304.367 173.955 159.146 157.472 154.559 153.727 146.505 125.401 124.194 118.13 114.83 107.912 103.6 96.7035 96.3417 88.9226 86.2098 84.7263 78.1979 77.809 68.197 66.4607
threshold=0.40114942193031317 0.16767068207263949 0.12771802395582202 0.75140449404716503 0.99999582767486583 0.29576784372329717 0.58939334750175487 7.5000000000000009 0.99999248981475841 1.0000000180025095e-35 28.500000000000004 1.0000000180025095e-35 9.5000000000000018 0.6421831250190736 0.47673162817955023 17.500000000000004 63017.500000000007 5.5000000000000009 6347.5000000000009 1.5000000000000002 0.034286834299564369 5.5000000000000009 0.015749008394777778 0.27558170258998876 0.58939334750175487 0.69817671179771434 1.0000000180025095e-35 5.5000000000000009 0.56306815147399913 0.79679140448570263
decision_type=2 2 2 2 2 2 2 2 2 2 2 2 2 2 2 2 2 2 2 2 2 2 2 2 2 2 2 2 2 2
left_child=1 2 10 7 6 22 17 13 9 16 18 21 24 28 -9 -11 20 23 -1 -13 -7 -8 -4 -3 -5 -10 -15 -6 -2 -16
right_child=3 4 5 12 27 8 11 14 25 15 -12 19 -14 26 29 -17 -18 -19 -20 -21 -22 -23 -24 -25 -26 -27 -28 -29 -30 -31
leaf_value=-0.039776311340708428 -0.0036392363007042468 -0.046195821277594369 -0.087027072481327183 0.014414077186905433 0.014218260878742957 -0.040854911535430402 0.0077526730935248301 0.011803982562609613 -0.0038555936902984716 -0.015588835627466562 -0.055905971316254528 -0.0012850464470480106 0.048033927051552745 0.0073336983245658417 0.027718383832437063 0.0028582890989632395 -0.0046014681269046275 -0.0055695325055823862 -0.021336384807456168 0.013531014655006926 -0.020945421204110876 -0.0060714430101752419 -0.041837372402042251 -0.016111852862406836 0.033143671690280437 0.013621426289862315 0.019706454290334494 0.033541916810265117 0.0088794913863674656 0.046915829830523094
leaf_weight=4807.7880974407381 5615.6557040572516 681.10506769677158 363.27410788366979 2058.3947820077592 4154.1209416731726 1904.1635800778968 4125.6376220023376 3733.5635341399466 7418.8696224468149 5272.4917161210324 2123.3584401349945 4939.1595385596447 3812.4926986251958 5173.9321473352611 7250.542134922347 4267.1729568700539 2637.6073243846768 9455.7902013591374 3926.3735887256189 8666.9878705746378 13760.616315742678 15061.196125090617 1788.2259910816647 8190.4431508602574 6667.3707246662816 2333.6985829476034 8880.3406689657131 1964.191655930772 5525.0730836923904 1372.6339622009546
leaf_count=1079057 115982 78506 175824 19356 81159 589661 130808 64855 457457 241848 1056868 99273 36065 82342 90736 157894 207843 422985 649778 147788 1664970 589990 394734 485227 59130 76453 95824 30096 85143 12127
internal_value=-1.03524e-12 -0.00913176 -0.0186768 0.0196604 -0.000693186 -0.0138729 -0.00322033 0.0146733 -0.0118358 -0.0160961 -0.0362623 0.00156947 0.0345965 0.0095879 0.0250424 -0.00733728 -0.0206614 -0.0117907 -0.0314868 0.00815265 -0.0233656 -0.00309892 -0.0494675 -0.0184215 0.0287254 0.000326494 0.0151516 0.0204218 0.00256923 0.0307742
internal_weight=157932 107842 50603.6 50090 57238.6 39746.1 51120.3 37551.7 37594.6 27842.1 10857.5 32793 12538.3 25195 12356.7 9539.66 18302.4 18327.3 8734.16 13606.1 15664.8 19186.8 2151.5 8871.55 8725.77 9752.57 14054.3 6118.31 11140.7 8623.18
internal_count=9479779 8818219 6752387 661560 2065832 3966684 1954577 547009 3396126 2862216 2785703 967859 114551 379291 167718 399742 2462474 986718 1728835 247061 2254631 720798 570558 563733 78486 533910 178166 111255 201125 102863
is_linear=0
shrinkage=0.08


Tree=24
num_leaves=31
num_cat=0
split_feature=2 8 2 2 0 5 0 5 2 9 9 0 9 0 5 9 5 7 7 3 5 9 9 5 5 4 9 5 9 5
split_gain=3957.6 1283.4 835.46 496.687 387.084 350.642 267.86 219.767 216.622 201.49 179.999 160.988 147.17 129.082 128.78 122.238 108.012 106.167 116.594 93.5275 90.7141 88.0342 78.1323 76.672 75.845 75.4932 74.9678 75.3162 74.4276 73.5402
threshold=0.42956349253654486 1.0000000180025095e-35 0.077350430190563216 0.75140449404716503 4.5000000000000009 0.51615241169929515 7.5000000000000009 0.62062227725982677 0.022347066551446918 0.30178594589233404 0.2000008970499039 5.5000000000000009 0.79999950528144848 10.500000000000002 0.73808741569519054 0.55555546283721935 0.23770491033792499 8.5000000000000018 18.500000000000004 6.5000000000000009 0.81119626760482799 0.59787213802337658 0.66666647791862499 0.79679140448570263 0.39415359497070318 137481.00000000003 2.9166492367949108e-06 0.77245694398880016 0.18898843973875049 0.69174146652221691
decision_type=2 2 2 2 2 2 2 2 2 2 2 2 2 2 2 2 2 2 2 2 2 2 2 2 2 2 2 2 2 2
left_child=1 2 8 6 7 16 14 17 -1 26 -10 25 -6 23 21 -8 -4 -3 24 -9 -21 -2 -13 -5 -19 -11 -7 -28 -18 -12
right_child=3 4 5 13 12 9 15 19 10 11 29 22 -14 -15 -16 -17 28 18 -20 20 -22 -23 -24 -25 -26 -27 27 -29 -30 -31
leaf_value=-0.056719189892917264 0.00094497338478250707 -0.00044060863716870527 -0.047566670365375562 0.025612669630793512 0.0089324788424526777 -0.047515997728129804 0.017856433906026578 -0.0076662988607853364 -0.042717892652055854 -0.0084622687310031072 -0.025131825703745898 0.00054611831058940018 0.029870553838933056 0.047232960614343886 0.020112218841823421 0.034985412715417191 -0.029581978389663637 -0.035648217875125801 0.0011822349164858825 0.0061788480014780128 0.029746259539525581 0.012492107046219541 0.017535854020222282 0.04709790504762322 -0.014749921008258738 0.0061379044422608378 -0.017342520847586571 0.0030304167437271703 -0.015755338616978417 -0.0053551128028824424
leaf_weight=1993.815525959013 9098.0270280359546 6719.8893183551263 978.41212776044267 7578.6434029534867 4977.9060170871671 468.12839933967916 6350.5168652847933 2900.2605676311068 3773.4174516183703 21204.590508745619 6780.5568299948354 4986.024300706049 3779.8093820866488 3271.8859568986809 5802.5363080525713 4596.1753429154633 3562.1754074648488 1457.0956361433491 2369.6807838021195 12430.36422542244 1141.2438469643239 7890.0618116499245 2654.7199978704448 1236.4355436320475 4685.1818559592939 2537.8601208364125 9327.0839033233788 1326.5127146812738 8290.550457854406 1463.0060797365732
leaf_count=946619 167851 250491 165532 72332 104342 78038 93997 64083 1431577 1070585 1442516 170772 54003 31817 61658 54027 515092 115456 89129 257844 14020 109093 71138 10402 188142 70091 880220 60436 672056 166420
internal_value=-1.70919e-11 -0.00824112 -0.0148474 0.0197481 0.00308147 -0.010429 0.0147629 -0.00103109 -0.0322981 -0.00693014 -0.0282463 -0.00365119 0.0179693 0.033663 0.00982258 0.0250484 -0.0220196 -0.00795755 -0.0138919 0.00537394 0.00816064 0.006308 0.00644908 0.0286263 -0.0197075 -0.00690164 -0.0161826 -0.0148058 -0.0199107 -0.021622
internal_weight=155633 109808 69346.9 45824.3 40461.4 55336.1 33737.3 31703.7 14010.8 42504.9 12017 31383.2 8757.72 12087 22790.6 10946.7 12831.1 15231.8 8511.96 16471.9 13571.6 16988.1 7640.74 8815.08 6142.28 23742.5 11121.7 10653.6 11852.7 8243.56
internal_count=9479779 8878602 7741092 601177 1137510 3753960 486626 979165 3987132 2401280 3040513 1382586 158345 114551 338602 148024 1352680 643218 392727 335947 271864 276944 241910 82734 303598 1140676 1018694 940656 1187148 1608936
is_linear=0
shrinkage=0.08


Tree=25
num_leaves=31
num_cat=0
split_feature=2 2 9 5 5 9 8 5 5 4 0 8 2 2 8 0 8 3 0 5 3 1 2 9 4 2 3 9 9 0
split_gain=3553.79 1013.83 745.007 589.702 319.541 296.714 243.406 239.355 224.461 186.311 168.293 149.89 147.787 126.587 120.71 120.28 107.596 102.528 99.3881 90.5399 86.5478 76.5931 74.2596 73.6452 68.4905 66.4795 64.9314 60.8041 55.5625 53.9336
threshold=0.25126262009143835 0.5025252401828767 0.99999248981475841 0.51615241169929515 0.72243767976760875 0.99999582767486583 1.0000000180025095e-35 0.17647051066160205 0.6421831250190736 30506.500000000004 3.5000000000000004 1.0000000180025095e-35 0.060790836811065681 0.074271079152822508 1.0000000180025095e-35 4.5000000000000009 1.0000000180025095e-35 12.500000000000002 7.5000000000000009 0.35783077776432043 4.5000000000000009 12.500000000000002 0.84654632210731517 0.25543551146984106 322066.50000000006 0.13367697596549991 7.5000000000000009 0.37500022351741796 0.14495860040187838 1.5000000000000002
decision_type=2 2 2 2 2 2 2 2 2 2 2 2 2 2 2 2 2 2 2 2 2 2 2 2 2 2 2 2 2 2
left_child=2 5 3 7 10 8 9 -1 19 12 -3 -12 -5 28 26 25 20 -8 -16 -2 -10 -18 -13 -21 -11 -4 -6 -15 -9 -25
right_child=1 4 15 6 14 -7 17 13 16 24 11 22 -14 27 18 -17 21 -19 -20 23 -22 -23 -24 29 -26 -27 -28 -29 -30 -31
leaf_value=-0.064252377087980345 -0.025110092015989949 0.0061765478084349684 -0.0058816192617904741 -0.034721795794827232 0.033722325989182116 0.024814136790310571 -0.011004766529286961 -0.050063631118423005 0.01668203970393705 -0.0086118258760836258 0.0069908232386426111 0.02199949595924346 -0.016831010985464013 -0.030551164627083793 0.02945284351112373 0.018225940635264205 0.0080010425199129806 0.0035386518241706322 0.045760223419182476 -0.016041125164501999 -0.0010322677381948843 0.02210366659271689 0.037240721646686022 -0.010533686527936051 0.016351780828620217 0.0058627589894523222 0.010217281056540042 -0.017882048575983824 -0.03151005536044825 0.0013768813255771015
leaf_weight=1170.976300730028 1246.6459529537242 7106.7262741033337 6309.6357396339736 3624.6325285560888 1185.8333831367781 4001.4499889661092 5254.2138601192273 1580.6906398277788 2167.8143785735592 9204.4644357340148 3460.0632007875247 7293.2143658956629 15995.283429661809 3624.6277743324172 5425.5799640371406 2799.7595748894091 6380.6046675807156 7574.9036309700459 4277.8400361281238 2351.0868728983914 9503.7297918837285 4016.0877098434139 2843.6633203850652 2999.2323182653345 761.58794220842537 6035.1110941392835 2056.7290932723263 7322.3684852368024 2981.4644467552644 12892.297832047596
leaf_count=439752 74039 98476 446798 1153307 13227 61208 176902 742464 42014 852552 60816 87353 1541551 586008 48961 69208 89709 214978 40477 136318 246277 55790 27891 118893 32102 180502 25443 673858 812443 330462
internal_value=-1.90772e-12 0.0117865 -0.0125754 -0.0166324 0.0223178 0.00400817 -0.0116209 -0.029376 0.00200483 -0.0156116 0.0161532 0.0213677 -0.0201362 -0.0267427 0.0321765 0.00325529 0.00753005 -0.00241766 0.0366421 -0.00425153 0.0022579 0.0134487 0.0262751 -0.00282612 -0.00670415 -0.000140017 0.0188133 -0.0220769 -0.0379385 -0.000871018
internal_weight=153448 79208.6 74239.7 59095.2 33649.6 45558.9 42415.1 16680.1 41557.5 29586 20703.7 13596.9 19619.9 15509.2 12946 15144.5 22068.2 12829.1 9703.42 19489.3 11671.5 10396.7 10136.9 18242.6 9966.05 12344.7 3242.56 10947 4562.16 15891.5
internal_count=9479779 1557354 7922425 7225917 402644 1154710 3971392 3254525 1093502 3579512 274536 176060 2694858 2814773 128108 696508 433790 391880 89438 659712 288291 145499 115244 585673 884654 627300 38670 1259866 1554907 449355
is_linear=0
shrinkage=0.08


Tree=26
num_leaves=31
num_cat=0
split_feature=2 2 5 2 9 9 9 5 9 0 0 9 5 5 8 2 0 5 3 5 5 9 2 4 5 4 5 9 0 5
split_gain=3163.08 1058.1 484.326 429.99 368.421 362.371 259.941 251.203 170.415 161.076 148.416 142.728 134.987 122.566 102.328 99.2369 98.3326 85.3096 81.7505 69.1579 68.8774 67.8103 67.4699 66.8542 65.0911 61.3015 61.0479 57.8029 56.8289 55.5262
threshold=0.42956349253654486 0.16767068207263949 0.42292030155658727 0.80178570747375499 0.41522994637489324 0.99999582767486583 0.5030120611190797 0.69511905312538158 0.99999248981475841 7.5000000000000009 1.5000000000000002 0.5030120611190797 0.15310718119144442 0.63058349490165722 1.0000000180025095e-35 0.045715779066085822 9.5000000000000018 0.81396234035491954 17.500000000000004 0.65008756518363964 0.30775313079357153 0.12771802395582202 0.034286834299564369 253302.00000000003 0.79679140448570263 43038.000000000007 0.75467449426651012 0.57142850756645214 10.500000000000002 0.75106957554817211
decision_type=2 2 2 2 2 2 2 2 2 2 2 2 2 2 2 2 2 2 2 2 2 2 2 2 2 2 2 2 2 2
left_child=1 2 12 6 15 7 13 10 14 24 20 -12 -1 -2 22 -4 29 27 -16 -7 -3 -14 -6 -15 -8 -17 -10 -9 -13 -5
right_child=3 5 4 16 8 19 9 17 26 -11 11 28 21 23 18 25 -18 -19 -20 -21 -22 -23 -24 -25 -26 -27 -28 -29 -30 -31
leaf_value=-0.066377688128239729 -0.0018247747982632827 -0.036487032705047856 -0.046267474953823141 0.023531830697636244 -0.031972657349049347 0.0092004268714838532 0.013151432031564126 -0.0026179548713465783 -0.0019114397867025493 0.030890794678302715 -0.0086534766351940382 0.0017690030280369362 -0.044266995704691933 0.0096302648093525012 -0.012716496087654992 -0.027047434234097705 0.04688787440683103 0.019073414983156428 0.0031475503540202088 0.02582264945070958 -0.01144947474793853 -0.026181869911065095 -0.014567554430080416 0.027717947310584509 0.033755484208302169 -0.010332598673928566 0.017850552710047946 0.007872335514144204 0.017961927402561691 0.039802686938236437
leaf_weight=799.14034419811651 6369.2858218550464 744.62930896203034 1413.71646730254 4574.4392394028764 1605.0498543200229 3128.0370001275151 10473.785925220291 5975.9285320593335 7791.9709765583248 6414.2074302880792 11179.746406200895 9877.7714741136879 1880.0087448967097 9606.5092956001172 4496.1186495388465 6241.2461682115681 2536.9203511576634 2607.8261210396886 3866.9828398115351 3283.4500510923972 12635.703102536703 4509.908194902062 12734.937059366828 1513.9042898569605 1082.728846005979 1811.9369875787525 1147.8062856624019 7684.4182018363499 1613.6688625852694 1899.8012155692559
leaf_count=359273 127489 95930 797084 44894 489904 67528 138702 194668 436918 77704 542252 281705 664958 143207 195519 1201197 25911 40996 131850 50298 670553 874676 1359588 16818 9992 208480 32940 145010 37275 16460
internal_value=-6.91059e-12 -0.00745117 -0.0162225 0.0179328 -0.0128725 -0.000237869 0.0139673 -0.00243765 -0.00873002 0.0207244 -0.00616137 -0.00221803 -0.0353795 0.00702431 -0.0124141 -0.0267184 0.0335376 0.00581441 -0.00538118 0.017713 -0.0128428 -0.0315028 -0.0165157 0.0120927 0.0150818 -0.0232867 0.000625865 0.0032832 0.00404287 0.0283064
internal_weight=151502 107030 48298.8 44471.6 41109.8 58731.2 35460.4 52319.7 31642.9 17970.7 36051.5 22671.2 7189.06 17489.7 22703.1 9466.9 9011.16 16268.2 8363.1 6411.49 13380.3 6389.92 14340 11120.4 11556.5 8053.18 8939.78 13660.3 11491.4 6474.24
internal_count=9479779 8878602 6752387 601177 4853480 2126215 513912 2008389 2646719 226398 1627715 861232 1898907 287514 2176861 2206761 87265 380674 327369 117826 766483 1539634 1849492 160025 148694 1409677 469858 339678 318980 61354
is_linear=0
shrinkage=0.08


Tree=27
num_leaves=31
num_cat=0
split_feature=2 8 0 8 2 3 5 2 9 5 5 5 0 5 9 2 9 9 3 9 4 0 9 2 5 0 3 7 4 5
split_gain=2818.92 870.732 622.314 588.356 427.103 263.516 211.602 193.772 140.994 139.208 138.316 117.482 107.59 103.457 90.0727 88.5407 85.5282 84.4111 79.7216 78.6483 76.9554 74.3721 71.5121 85.4164 62.9151 55.3506 50.9378 50.1793 50.128 47.9341
threshold=0.25126262009143835 1.0000000180025095e-35 3.5000000000000004 1.0000000180025095e-35 0.050252525135874755 13.500000000000002 0.54349327087402355 0.83527129888534557 0.33333379030227667 0.73808741569519054 0.69174146652221691 0.28331096470355993 2.5000000000000004 0.75106957554817211 0.18898843973875049 0.54606062173843395 0.99999248981475841 0.30178594589233404 24.500000000000004 0.25000093877315527 26375.000000000004 8.5000000000000018 0.74999907612800609 0.62563130259513866 0.70438358187675487 3.5000000000000004 29.500000000000004 8.5000000000000018 2598.5000000000005 0.81119626760482799
decision_type=2 2 2 2 2 2 2 2 2 2 2 2 2 2 2 2 2 2 2 2 2 2 2 2 2 2 2 2 2 2
left_child=3 5 12 4 11 8 14 9 -2 22 16 -1 24 17 -6 -10 18 -8 27 -13 26 -9 23 -4 -3 -19 -7 -5 -18 -12
right_child=1 2 7 10 6 20 13 21 15 -11 29 19 -14 -15 -16 -17 28 25 -20 -21 -22 -23 -24 -25 -26 -27 -28 -29 -30 -31
leaf_value=-0.06276597933095579 -0.0094553227166921799 -0.0017438577216442131 0.0091295074489778048 -0.0071964718271478158 -0.030882230622874575 -0.0051806312826197963 -0.019145407198133239 0.031957218773354619 0.0071549511145094814 0.031823571590321335 0.0058729487659773686 -0.04432696573559744 0.014136593307551397 0.001564395737745315 -0.016954920812657162 0.022235612239303031 0.013035726066928528 -0.011303485538314974 -2.069905461311845e-05 -0.024821185840594912 0.00085118852186200382 0.051775911179203334 0.028005637401391881 0.023339639115515939 0.011245286592679047 -0.0010290009976244045 -0.016453297274421994 -0.020429547213034912 -0.0028688714455362462 0.025105915496286064
leaf_weight=833.35971339885873 2589.6552121372952 8407.8652851807565 6747.6086807992542 3679.4118658662192 4425.5769283819827 4899.8770682687464 6628.9916189452342 3143.2714696771 9876.586460249644 6702.4355960196699 5883.9248403864767 1905.4037896668306 7648.199410903544 4649.6155156580789 9047.9309021708323 3332.2756730187684 2127.0919044947368 12263.78287005375 4248.1538557125023 4327.7892553250495 5210.0805658239988 1972.1461483208986 3442.170766746538 4521.1900927202369 3332.4967169496813 4619.7901346737635 5384.8677029486571 3656.3868192114169 3141.2514947720338 965.41449677222408
leaf_count=491279 118913 195433 115862 162533 929636 163796 945485 29711 245834 72426 117495 1088226 100492 236358 1107579 47834 56935 912324 177740 1146191 121547 20185 48098 52733 38660 239658 185830 215961 81390 13635
internal_value=-2.66497e-11 0.0106338 0.0176472 -0.0113397 -0.0163706 0.000342793 -0.0132842 0.0256092 0.0076131 0.0222674 -0.00100226 -0.0345555 0.00675307 -0.00933941 -0.0215296 0.0109594 -0.00489837 -0.0114956 -0.00874184 -0.0307838 -0.00707001 0.0395979 0.0179135 0.0148308 0.00194311 -0.00849212 -0.0110828 -0.0137922 0.0035526 0.00858384
internal_weight=149615 77210.7 45917.4 72403.9 48702.2 31293.3 41635.7 26528.8 15798.5 21413.4 23701.6 7066.55 19388.6 28162.2 13473.5 13208.9 16852.3 23512.6 11584 6233.19 15494.8 5115.42 14711 11268.8 11740.4 16883.6 10284.7 7335.8 5268.34 6849.34
internal_count=9479779 1557354 673600 7922425 7096736 883754 4371040 339015 412581 289119 825689 2725696 334585 2333825 2037215 293668 694559 2097467 556234 2234417 471173 49896 216693 168595 234093 1151982 349626 378494 138325 131130
is_linear=0
shrinkage=0.08


Tree=28
num_leaves=31
num_cat=0
split_feature=2 2 9 2 5 0 9 5 9 5 0 2 9 0 5 5 9 5 9 8 9 4 8 5 0 4 2 3 5 2
split_gain=2554.69 841.303 385.277 368.829 336.514 230.902 225.559 165.972 160.348 142.343 139.96 137.506 130.354 113.62 109.204 96.9343 85.1885 82.219 81.2753 77.991 76.4944 67.7306 59.9443 58.3842 56.8507 56.1935 54.5471 50.3259 50.085 49.126
threshold=0.42956349253654486 0.14365079998970035 0.99999248981475841 0.67006802558898937 0.47588364779949194 3.5000000000000004 0.40000016987323767 0.58428397774696361 0.59999969601631176 0.38895379006862646 11.500000000000002 0.022347066551446918 0.5030120611190797 5.5000000000000009 0.75467449426651012 0.75106957554817211 0.11882390454411508 0.81119626760482799 0.47673162817955023 1.0000000180025095e-35 0.12771802395582202 46038.000000000007 1.0000000180025095e-35 0.66562321782112133 14.500000000000002 253302.00000000003 0.031088917516171936 6.5000000000000009 0.36415639519691473 0.046693313866853721
decision_type=2 2 2 2 2 2 2 2 2 2 2 2 2 2 2 2 2 2 2 2 2 2 2 2 2 2 2 2 2 2
left_child=1 4 5 7 11 9 21 28 16 -3 17 -1 -9 23 19 -11 -7 22 -12 26 -13 29 -5 -4 -14 -18 -8 -21 -2 -6
right_child=3 2 13 10 6 8 14 12 -10 15 18 20 24 -15 -16 -17 25 -19 -20 27 -22 -23 -24 -25 -26 -27 -28 -29 -30 -31
leaf_value=-0.061943129395831999 -0.023842038244447306 -0.026428292607293527 0.0028435369171261626 0.0047668426492925185 -0.045702723898522153 -0.037027410737450035 -0.030457619633088941 0.0076930412950805471 0.011952206720757809 -0.0086576673144116365 0.019126798839207343 -0.039604232878071709 0.017744442495498496 0.027527226586337314 0.00622263937176608 0.0035591569271383695 -0.0033016419045476136 0.039293246277046882 0.045715290350836463 -0.014753211456269739 -0.021937757897997283 -0.0099844575447164702 0.021713063090102663 0.014722889481383013 0.033206383849655095 0.020385566675095959 -0.01263344524793796 -0.00039953386411684127 0.0016890435257510526 -0.025800348653605955
leaf_weight=782.50389740186802 534.93761537374667 2540.1960561098531 6524.5346751707257 1558.8412578130665 987.23923217867559 457.48499751903 1210.7673748209418 9946.514157478814 7464.1010954059893 26477.966122929778 981.93000702146674 2161.2200570053537 8396.2931290746201 2214.8964874650992 2841.8041732988204 4930.6582818329334 9895.2887950544246 1495.4474093112221 2935.2203115662269 2135.3475731158906 5720.3968000683672 1432.0841021342203 9342.0628752773409 4456.3260602027294 1858.8381985807791 685.36589309945703 11886.165067327558 5835.6474628647557 6091.861992280843 4049.8642421155964
leaf_count=496153 12060 272990 188396 21485 614078 62556 376008 164878 175372 1303491 12197 795039 106286 37206 131615 111434 372932 14325 32406 79688 1064793 250746 97623 78557 22147 12579 1331740 217112 117770 906117
internal_value=-1.54485e-11 -0.00675108 -0.00122039 0.0163824 -0.0160503 -0.00429443 -0.012084 0.0106144 0.00289553 -0.00821299 0.0258683 -0.0299577 0.0142182 0.0109984 -0.00849828 -0.00673982 -0.00322868 0.0217029 0.0390502 -0.0104839 -0.0267821 -0.0253364 0.0192897 0.00766449 0.0205471 -0.00176729 -0.0142812 -0.00424474 -0.000371912 -0.0297011
internal_weight=147832 104690 65646.8 43141.9 39043 52451.1 30378.9 26828.4 18502.2 33948.8 16313.5 8664.12 20201.6 13195.8 23909.7 31408.6 11038.1 12396.4 3917.15 21067.9 7881.62 6469.19 10900.9 10980.9 10255.1 10580.7 13096.9 7971 6626.8 5037.1
internal_count=9479779 8878602 2615513 601177 6263089 2311354 3907104 423141 623439 1687915 178036 2355985 293311 304159 2136163 1414925 448067 133433 44603 2004548 1859832 1770941 119108 266953 128433 385511 1707748 296800 129830 1520195
is_linear=0
shrinkage=0.08


Tree=29
num_leaves=31
num_cat=0
split_feature=2 8 2 8 0 0 2 4 3 3 3 9 9 2 9 0 4 2 9 9 5 0 5 0 5 2 0 4 7 5
split_gain=2296.39 789.126 473.034 330.789 291.669 250.196 218.179 155.935 146.513 144.071 140.466 152.955 129.3 117.689 117.166 109.062 93.6621 73.8807 71.5214 70.6965 64.6785 59.4081 57.8201 56.2364 53.9551 53.9032 52.9804 52.7364 50.8978 49.0612
threshold=0.44543650746345526 1.0000000180025095e-35 0.125657893717289 1.0000000180025095e-35 6.5000000000000009 3.5000000000000004 0.023392613045871261 18042.000000000004 21.500000000000004 6.5000000000000009 28.500000000000004 0.99999248981475841 0.3580587506294251 0.8896499276161195 0.74999964237213146 2.5000000000000004 15436.500000000002 0.10050505027174951 0.37602475285530096 0.30178594589233404 0.75467449426651012 1.5000000000000002 0.36119444668293005 16.500000000000004 0.4206009060144425 0.21466974169015887 1.0000000180025095e-35 147804.00000000003 8.5000000000000018 0.70135679841041576
decision_type=2 2 2 2 2 2 2 2 2 2 2 2 2 2 2 2 2 2 2 2 2 2 2 2 2 2 2 2 2 2
left_child=1 2 6 8 15 10 26 12 19 18 11 24 -8 23 25 -5 22 -16 -4 -2 -17 -14 -11 -6 -3 -7 -1 -9 -12 -19
right_child=3 5 9 4 13 14 7 27 -10 16 28 -13 21 -15 17 20 -18 29 -20 -21 -22 -23 -24 -25 -26 -27 -28 -29 -30 -31
leaf_value=-0.08694717868323798 -0.011176644503698476 -0.026969464752352252 -0.0092086850340731517 0.0041993519766796656 0.023130740581014657 -0.010889869809984585 -0.033337000804196867 -0.010869804027029343 -0.0066285563664336949 -0.02707065863931838 0.011745790918359887 0.0044659814910965557 -0.022765558245764803 0.05069263318441946 -0.012204233273210146 0.015110798670370422 -0.003762738812665698 0.01775881486510799 0.0053444737536854263 0.014071659837619318 0.028116226426483634 -0.010472133322393521 -0.011414749313609187 0.036549104614786672 -0.0091274200676063951 0.0084811231347625953 -0.042709374623115776 0.010290721233009092 4.274514991137775e-05 0.03403009438225648
leaf_weight=194.33933446201991 787.8485694261035 1209.3191848432762 2970.6913400221383 4789.1358918051119 5996.9507164797105 1139.7182151932502 5045.4350272749434 5552.0789810553688 4398.2069714990212 1651.111168824893 5224.184234846849 6326.2126741127577 6142.8707763098646 1676.1105014233544 401.4698692188831 10034.477263250352 12041.73788317501 3416.9416213169461 7931.6674180798582 7161.1855597411632 3236.7264923930779 4260.8615426931283 17632.740607460932 2998.3653313823161 10529.158604332741 4755.3218093989708 1597.6920070812193 872.17739651803277 4366.1055510338047 1816.4331983848097
leaf_count=144346 22546 117213 223852 68828 74460 39629 1736742 821224 82416 206656 128256 150590 1204336 17813 9080 122759 530956 59931 284756 118763 31410 566312 1092617 35711 380219 94374 874599 70369 146483 22533
internal_value=2.37705e-11 -0.00626983 -0.011616 0.016038 0.020744 0.00272035 -0.0206704 -0.0184718 0.00508701 -0.00654177 -0.00140724 -0.00556146 -0.0228275 0.0312299 0.0126206 0.0145482 -0.00929846 0.0208692 0.00137901 0.0115692 0.0182827 -0.0177308 -0.0127552 0.0276034 -0.0109655 0.00473603 -0.0475068 -0.00799698 0.00641783 0.0234064
internal_weight=146157 105078 65893.4 41079 28731.8 39184.9 23665.5 21873.4 12347.2 42227.9 27655 18064.7 15449.2 10671.4 11529.9 18060.3 31325.6 5634.84 10902.4 7949.03 13271.2 10403.7 19283.9 8995.32 11738.5 5895.04 1792.03 6424.26 9590.29 5233.37
internal_count=9479779 8905073 7756765 574706 350981 1148308 5417928 4398983 223725 2338837 922761 648022 3507390 127984 225547 222997 1830229 91544 508608 141309 154169 1770648 1299273 110171 497432 134003 1018945 891593 274739 82464
is_linear=0
shrinkage=0.08


Tree=30
num_leaves=31
num_cat=0
split_feature=2 2 9 5 9 5 5 8 4 0 2 4 9 9 0 2 3 5 2 0 0 9 9 4 0 9 9 0 1 5
split_gain=2068.79 819.05 361.687 285.285 251.342 226.792 203.05 185.917 144.054 118.312 110.703 110.227 99.6612 94.294 94.6098 93.7343 89.8161 74.2804 59.9835 59.7072 55.8551 53.9861 52.9522 51.3211 51.2697 42.2561 41.8847 40.5513 39.5107 38.1987
threshold=0.20101010054349902 0.52223318815231334 0.99999248981475841 0.28331096470355993 0.99999582767486583 0.72243767976760875 0.61269941926002514 1.0000000180025095e-35 9413.5000000000018 3.5000000000000004 0.050252525135874755 253302.00000000003 0.46737590432167059 0.55555546283721935 1.5000000000000002 0.83527129888534557 17.500000000000004 0.35783077776432043 0.015749008394777778 4.5000000000000009 5.5000000000000009 0.5030120611190797 0.27429495751857763 147804.00000000003 11.500000000000002 2.2499897340821921e-06 0.25000093877315527 7.5000000000000009 5.5000000000000009 0.37723660469055181
decision_type=2 2 2 2 2 2 2 2 2 2 2 2 2 2 2 2 2 2 2 2 2 2 2 2 2 2 2 2 2 2
left_child=2 4 3 18 6 9 17 8 10 29 26 13 -11 25 -15 21 -9 -2 -1 -4 -6 -7 -19 -10 -14 -8 -5 -16 -23 -3
right_child=1 5 19 7 20 15 11 16 23 12 -12 -13 24 14 27 -17 -18 22 -20 -21 -22 28 -24 -25 -26 -27 -28 -29 -30 -31
leaf_value=-0.080983306592585028 -0.021741119637965593 -0.023496098819566571 -0.0021305321588196095 -0.047526395277144903 0.013134274222223297 0.01629080899908399 -0.054239031187770612 -0.011829024707261078 -0.012759243767884712 0.003685061633815572 -0.018857133347348995 0.018950537705705508 0.017937644320225529 -0.0025277871713533773 0.0078649768904534827 0.039401041121610268 0.0023505909336142736 -0.01417858447960378 -0.038625073424156074 0.013052348556267239 0.030924361920218107 0.017103924467403966 -0.0025829977393325172 0.0025437372759053666 0.031422234267316954 -0.0017644390836769387 -0.028583853140392208 0.018460588956015531 0.033790915420548018 0.0056939562347146176
leaf_weight=239.61378520436119 1731.6455310616002 300.05685419310248 9786.2013991101994 1148.9296316879409 3793.6757474779151 4164.1324658078374 98.952651150873862 6083.6271244410091 12032.004421899153 2626.2200321090204 13702.353813974049 2985.1384123503813 7362.5878229778646 4640.2494207529962 7528.4163956030388 2929.3763561116211 5393.6183062641066 2997.1994284903049 1998.5865179223547 1995.7241942746186 1608.3632556434022 1275.9024306404754 15845.440479636149 1587.6393333994929 2390.4159265246999 13150.213800136218 2135.8589825784002 3336.1024548606074 3150.3013047045097 6552.65479891211
leaf_count=199092 136173 5465 570849 759352 69683 50369 11642 284815 1746020 46006 2035279 44812 94140 113212 142440 28795 198762 224807 650420 56346 24856 12420 545034 100200 32311 409501 701811 57756 34400 93011
internal_value=2.22017e-11 0.00762103 -0.0120171 -0.0153289 0.00200224 0.0181665 0.000305756 -0.0138487 -0.0171048 0.0128493 -0.0220192 0.00431858 0.0175179 0.00279954 0.00703446 0.0270434 -0.00516545 -0.00588466 -0.0431598 0.000441275 0.018431 0.0228293 -0.00442745 -0.0109754 0.0212427 -0.00215635 -0.0352094 0.0111185 0.0289807 0.00441582
internal_weight=144571 88467 56104.2 44322.2 57715.4 30751.6 52313.4 42084 30606.8 19231.9 16987.1 31739.1 12379.2 28753.9 15504.8 11519.7 11477.2 20574.3 2238.2 11781.9 5402.04 8590.34 18842.6 13619.6 9753 13249.2 3284.79 10864.5 4426.2 6852.71
internal_count=9479779 2176833 7302946 6675751 1779916 396917 1685377 5826239 5342662 270933 3496442 779363 172457 734551 313408 125984 483577 906014 849512 627195 94539 97189 769841 1846220 126451 421143 1461163 200196 46820 98476
is_linear=0
shrinkage=0.08


Tree=31
num_leaves=31
num_cat=0
split_feature=2 8 2 2 5 0 5 9 9 3 9 7 7 0 5 1 4 5 5 5 7 9 4 9 5 5 5 4 2 2
split_gain=1848.35 642.501 373.836 288.771 211.467 197.818 184.196 124.857 122.873 119.373 113.755 91.0631 93.816 82.153 80.9946 78.3403 76.7949 68.0665 65.1505 63.7003 61.9665 59.6603 51.379 50.8186 50.5858 48.6477 48.5914 46.6419 45.9923 45.9826
threshold=0.4552139043807984 1.0000000180025095e-35 0.125657893717289 0.83527129888534557 0.6421831250190736 3.5000000000000004 0.29576784372329717 0.59999969601631176 0.14495860040187838 6.5000000000000009 0.99999707937240612 8.5000000000000018 18.500000000000004 8.5000000000000018 0.83056166768074047 30.500000000000004 26375.000000000004 0.50258100032806408 0.69174146652221691 0.7725205421447755 20.500000000000004 0.99999582767486583 5708.5000000000009 0.40000030398368841 0.10704734176397325 0.24477025121450427 0.39842276275157934 6347.5000000000009 0.20722186565399173 0.025158228352665905
decision_type=2 2 2 2 2 2 2 2 2 2 2 2 2 2 2 2 2 2 2 2 2 2 2 2 2 2 2 2 2 2
left_child=1 2 6 5 11 17 24 19 15 21 14 22 26 -5 -6 27 25 -2 29 23 -14 28 -3 -7 -1 -11 -13 -8 -4 -10
right_child=3 4 9 13 10 7 8 -9 18 16 -12 12 20 -15 -16 -17 -18 -19 -20 -21 -22 -23 -24 -25 -26 -27 -28 -29 -30 -31
leaf_value=-0.072567107365818825 -0.011107545807813743 0.0084412205095658107 -0.0079389878638399299 0.024175920188539868 0.0047717442165697887 -0.0024883243915085067 -0.029606970872613662 0.025941503856720529 -0.032957835010215604 -0.037171605462785411 0.026056607709407729 -0.02644657788163389 0.00051148595252353379 0.043599714141600188 0.025436260306032837 -0.044163356987203591 -0.0025870719268647571 0.0060283439673843708 -0.0029958057555597396 0.022470942408510219 0.050650232485831038 0.020198063699953743 -0.0033111249938806504 0.011927735051936662 -0.037515244416366174 -0.010626028559568035 -0.01008463862068836 -0.013621192785143288 0.003423687485030275 -0.014250633768775917
leaf_weight=330.99237341953994 1723.8826299897628 4682.7641079064924 3542.4282621833845 5025.0490033875758 15428.845755262941 1901.5996151222789 2363.2852614396106 6200.2539839172096 909.51823322926066 451.36671096683131 2122.529932221034 1448.789887905994 3010.0846624328406 1928.3887279383343 1317.5702071387786 1262.7142350260692 9645.5479065810796 10641.039903115547 3313.3115935903261 3053.0846320197743 166.4828026923351 966.07948215946089 4842.9817208599416 8840.846926315935 1292.3299708589184 20918.557163892896 5860.8584070347424 2309.8193551219592 6396.5041253597155 11149.922151707142
leaf_count=245000 37803 168187 258498 50449 319174 43121 767147 80923 375534 75726 29787 121974 105582 22688 16355 842253 397103 159291 306553 36459 6934 25738 158666 130131 550931 1363243 227290 544825 226729 1785685
internal_value=3.82597e-11 -0.00559831 -0.0104733 0.0147716 0.00253304 0.0115933 -0.0186855 0.0165119 -0.0167066 -0.00598093 0.00860899 -0.00319587 -0.00833934 0.0295627 0.00639758 -0.0264829 -0.0085123 0.00363931 -0.0129317 0.0122739 0.00313924 0.00121864 0.00246621 0.00937584 -0.0446623 -0.0111867 -0.0133276 -0.0217055 -0.00062619 -0.0156615
internal_weight=143047 103733 64852.4 39314.1 38880.9 32360.7 22931.9 19995.8 21308.6 41920.5 18868.9 20012 10486.2 6953.44 16746.4 5935.82 31015.5 12364.9 15372.8 13795.5 3176.57 10905 9525.75 10742.4 1623.32 21369.9 7309.65 4673.1 9938.93 12059.4
internal_count=9479779 8918914 7764965 560865 1153949 487728 5417928 290634 4621997 2347037 365316 788633 461780 73137 335529 2154225 1836072 197094 2467772 209711 112516 510965 326853 173252 795931 1438969 349264 1311972 485227 2161219
is_linear=0
shrinkage=0.08


Tree=32
num_leaves=31
num_cat=0
split_feature=2 8 0 5 9 3 5 5 4 9 9 2 9 5 7 5 9 2 0 2 2 2 2 2 0 5 5 4 0 5
split_gain=1687.7 580.583 404.275 350.794 209.781 196.563 163.13 137.069 120.437 113.084 109.297 99.8464 90.8781 81.6036 80.0682 76.2191 71.9548 80.6317 59.7344 55.799 52.945 52.8389 48.6492 47.5273 46.7983 45.2549 44.3906 59.3911 40.2102 40.149
threshold=0.26713615655899053 1.0000000180025095e-35 3.5000000000000004 0.51615241169929515 0.99999248981475841 28.500000000000004 0.1868645250797272 0.81119626760482799 137481.00000000003 0.25000093877315527 0.38585621118545538 0.84654632210731517 0.3580587506294251 0.75106957554817211 20.500000000000004 0.77774071693420421 0.79999911785125744 0.6012820601463319 1.5000000000000002 0.17677696049213412 0.082903780043125166 0.071796759963035597 0.1155870445072651 0.073350071907043471 8.5000000000000018 0.48950688540935522 0.50533118844032299 3453.5000000000005 16.500000000000004 0.83294382691383373
decision_type=2 2 2 2 2 2 2 2 2 2 2 2 2 2 2 2 2 2 2 2 2 2 2 2 2 2 2 2 2 2
left_child=3 5 15 6 8 9 -1 11 10 -2 20 16 22 25 23 18 17 -4 -3 -12 -5 -6 -8 -14 -13 -11 -20 -28 -19 -7
right_child=1 2 7 4 21 29 12 -9 -10 13 19 24 14 -15 -16 -17 -18 28 26 -21 -22 -23 -24 -25 -26 -27 27 -29 -30 -31
leaf_value=-0.0497430924669525 -0.011477766956266964 -0.0056314023539463468 0.0091076491951047507 -0.028427597281046903 -0.0089342730847717638 -0.011994762282981932 -0.035300097652094055 0.037580544154375277 0.0048551926232751159 -0.0083587070469201795 -0.0098615254174190935 0.024843313955471551 -0.022624972667859157 0.015637891654844586 0.04129115644154549 0.021202176743292559 0.028688447429212095 0.018022472661038215 -0.0043407264532558396 -0.0022442668657124561 -0.013958455400724393 0.0060094879302601606 -0.018450497498090034 -0.011010716065040617 0.043956755468617693 0.0049608185924554194 0.017758505777914924 0.0047830035494641114 0.034113163587310827 0.016069719206848299
leaf_weight=1016.024031310626 2660.6714411142457 3297.2361158794993 8130.2570400266268 2043.0571128662559 1780.7709940749919 7598.2192940732784 2119.3345373567427 2959.1470934927056 4006.6295959203271 1880.3757740366273 16941.519957919176 2534.0967135935534 3011.6685779663894 4427.3776244545297 170.44281093671452 1832.3623421339726 2670.7393028399674 5212.5108986168925 2082.2638818161213 9666.4979931667331 7789.1610170876884 10120.114746329098 2272.7034305688867 8974.7381398649595 1211.9395262144826 12387.270614071167 3120.9203979508166 8161.6993800518758 1228.1453344296897 340.87883633002639
leaf_count=481989 144755 101430 138959 978285 155332 250006 994042 32126 184564 73080 1586621 25855 857642 68162 16906 19090 37601 64877 46848 355037 894043 323194 340091 792295 14675 315222 46579 120638 15461 4374
internal_value=1.80239e-11 0.00862066 0.0146 -0.0088455 -0.00556294 -4.2029e-05 -0.0186283 0.0214617 -0.00831002 0.0039535 -0.00975755 0.019189 -0.016718 0.00614968 -0.0131547 0.00571542 0.016617 0.0144044 0.00401232 -0.00709423 -0.016965 0.0037734 -0.0265811 -0.0139289 0.031027 0.0032054 0.00639151 0.0083722 0.0210907 -0.0107898
internal_weight=141649 71736.1 42441.3 69912.7 52347.8 29294.8 17564.9 23946.8 40446.9 21355.7 36440.2 20987.7 16548.9 18695 12156.8 18494.5 17241.7 14570.9 16662.1 26608 9832.22 11900.9 4392.04 11986.4 3746.04 14267.6 13364.9 11282.6 6440.66 7939.1
internal_count=9479779 1519738 664139 7960041 4477076 855599 3482965 329554 3998550 601219 3813986 297428 3000976 456464 1666843 334585 256898 219297 315495 1941658 1872328 478526 1334133 1649937 40530 388302 214065 167217 80338 254380
is_linear=0
shrinkage=0.08


Tree=33
num_leaves=31
num_cat=0
split_feature=2 8 2 2 5 5 0 0 9 9 2 3 5 9 0 2 4 5 9 5 0 2 4 5 9 0 8 5 7 9
split_gain=1514.3 525.86 298.857 248.568 182.52 169.985 130.826 107.301 105.579 104.861 87.9126 85.7713 75.7117 72.535 63.7916 62.5829 59.0181 55.0991 54.1447 52.5451 51.5915 51.1406 46.6937 44.6887 43.4739 42.346 42.1712 41.692 38.047 36.6765
threshold=0.4552139043807984 1.0000000180025095e-35 0.050252525135874755 0.75140449404716503 0.70438358187675487 0.65261220932006847 3.5000000000000004 2.5000000000000004 0.20294185727834704 0.59999987483024608 0.015749008394777778 11.500000000000002 0.60908645391464245 0.99999707937240612 1.5000000000000002 0.11173533275723459 18042.000000000004 0.76968595385551464 0.66666641831398021 0.50258100032806408 9.5000000000000018 0.57294833660125744 253302.00000000003 0.83294382691383373 0.25000093877315527 12.500000000000002 1.0000000180025095e-35 0.25077867507934576 20.500000000000004 0.37602475285530096
decision_type=2 2 2 2 2 2 2 2 2 2 2 2 2 2 2 2 2 2 2 2 2 2 2 2 2 2 2 2 2 2
left_child=1 2 10 6 7 8 19 11 27 21 -1 -3 -5 22 -10 -9 24 29 -17 -2 -14 -8 -6 -21 -12 -16 -22 -4 -13 -7
right_child=3 4 5 12 13 17 9 15 14 -11 16 28 20 -15 25 18 -18 -19 -20 23 26 -23 -24 -25 -26 -27 -28 -29 -30 -31
leaf_value=-0.054037229699721093 -0.0097265736483984361 -0.012863695429938678 -0.042877453668340684 0.012497251408888797 0.0064024480851155256 -0.010456097346161477 0.0039766937762296881 -0.013409521818117748 -0.01433365293808677 0.024039682055694196 -0.040055840467125119 -0.0012729889640836827 0.023909463703349277 0.029943389001303302 -0.0067856630490618344 0.00012881561431513116 -0.0084137745104363535 0.004193758544172789 0.012283418250261491 0.0044330341390645366 0.014644218137610774 0.014928325871325898 0.021688766429228564 0.030069977116744737 -0.022292895698287244 0.010821249210550303 0.043018261838389991 -0.017508057052936 0.060030957889638172 -0.0023636904988081305
leaf_weight=653.73901734142419 1671.6855616033499 5794.1115117642184 435.46387466200395 2564.2881551260798 7534.7992800346692 5080.5156960683162 4881.7840607013786 1037.6029829677427 8460.7969525321678 5018.4769473003107 1268.9061913513942 11422.167685397202 5127.3511868642818 1197.6955217934737 15889.401413260246 3995.4626979986206 1341.318399919619 5927.2710651644156 5680.3375805567775 9997.8477711110609 404.13375521847047 6187.9495107735565 1540.3282834124984 454.95831877412274 2890.6539098430439 925.13044225785416 1966.4660712275727 8646.2893632639752 65.161940760212019 12171.498008333088
leaf_count=477614 37803 275724 142405 29907 134561 484262 91203 35950 1020846 68433 906040 446502 54925 15643 1089447 110514 386596 208782 111003 154877 5160 89584 21091 4414 955446 31589 24559 1510585 2961 551353
internal_value=-8.68215e-13 -0.00509348 -0.00954686 0.0135683 0.00231853 -0.00775456 0.00971808 -0.00102831 -0.0113262 0.0144473 -0.0263022 -0.00492796 0.0243635 0.0114391 -0.00866787 0.00526209 -0.0230061 -0.00246058 0.00726437 0.00344275 0.0284217 0.0100986 0.00899701 0.00554888 -0.0277116 -0.00581694 0.0381811 -0.0187245 -0.000925242 -0.00474681
internal_weight=140234 101959 63691 38274.9 38267.7 57536.4 28212.7 27994.8 34357.1 16088.2 6154.62 17281.4 10062.2 10272.8 25275.3 10713.4 5500.88 23179.3 9675.8 12124.5 7497.95 11069.7 9075.13 10452.8 4159.56 16814.5 2370.6 9081.75 11487.3 17252
internal_count=9479779 8918914 7764965 560865 1153949 5039269 446314 982654 3794872 249220 2725696 725187 114551 171295 2141882 257467 2248082 1244397 221517 197094 84644 180787 155652 159291 1861486 1121036 29719 1652990 449463 1035615
is_linear=0
shrinkage=0.08


Tree=34
num_leaves=31
num_cat=0
split_feature=2 2 0 5 9 9 5 8 0 4 9 5 9 5 5 3 2 2 9 2 5 0 9 9 5 5 5 9 2 7
split_gain=1383.8 575.57 266.35 232.058 226.276 184.467 129.219 102.602 88.2799 88.1218 87.3566 79.234 78.7591 78.1091 75.686 74.2691 71.8097 59.9181 59.9083 57.1155 50.7948 48.8954 39.4126 37.4737 36.3257 33.9258 32.2072 31.6638 30.4842 30.1794
threshold=0.20101010054349902 0.67006802558898937 3.5000000000000004 0.36119444668293005 0.59999981522560131 0.99999248981475841 0.54349327087402355 1.0000000180025095e-35 11.500000000000002 46038.000000000007 0.99999248981475841 0.79679140448570263 0.25000035762786871 0.10704734176397325 0.83294382691383373 8.5000000000000018 0.032086478546261794 0.54606062173843395 0.47673162817955023 0.86729559302330028 0.24477025121450427 16.500000000000004 0.79999911785125744 4.1666304468890311e-06 0.73525840044021618 0.66562321782112133 0.75467449426651012 1.8333265643377674e-06 0.071796759963035597 17.500000000000004
decision_type=2 2 2 2 2 2 2 2 2 2 2 2 2 2 2 2 2 2 2 2 2 2 2 2 2 2 2 2 2 2
left_child=3 2 6 13 12 7 20 9 19 16 14 21 27 -1 -8 -9 -5 -14 -10 -3 -2 22 -6 -18 28 -21 -17 -4 -7 -25
right_child=1 8 4 5 11 24 10 15 18 -11 -12 -13 17 -15 -16 26 23 -19 -20 25 -22 -23 -24 29 -26 -27 -28 -29 -30 -31
leaf_value=-0.063119908814064166 -0.035929267736927249 0.012466229760408523 -0.060005583608780631 -0.031585303631724009 0.0087809572844425986 -0.010514908822183732 -0.0019620014626382711 -0.0143953191035056 0.014070001548241019 -0.0049680518534083538 0.0093137860521650545 0.034963870441921868 0.0013212640183572163 -0.024624761155050839 0.023018098060223039 -0.0020606854360718948 -0.037668324931225412 0.011648590954330249 0.038487303713389522 0.016648465892215643 -0.0080702612981912534 0.029032290307713749 0.018467250469255247 -0.012741957741270699 0.011126833103786923 0.030087033532070252 0.013764658104907259 -0.012896046149499737 0.00093129663876015899 -0.021145397346401841
leaf_weight=369.50846162762173 439.60393534586183 6439.5861453346151 99.446393822901882 1741.7295607776905 6584.0231284507463 1864.4447051706666 20826.946434762038 3354.4888030732109 867.0257509455696 5876.1262943114707 6887.8118200360914 1335.9057524230448 12430.365624757571 3875.1206807907947 806.31281776283868 6566.9266144584981 442.90093216109381 5058.7995892483159 2489.8872892900326 2208.8447980219498 8876.2085426915583 1317.918288325076 4543.7959594600834 16457.933339353876 1772.7774080297895 2638.3041281808619 940.98669741558842 1116.2476544934907 7397.4074864058348 3280.2674979538133
leaf_count=265420 48008 81494 14329 970599 131820 202924 627353 155934 12197 595267 120479 15824 334400 1141052 10742 273266 151830 78114 32406 23981 444360 21040 82034 2607732 50407 27958 18143 70294 315004 555368
internal_value=-2.26311e-11 0.00636205 0.00335743 -0.0100215 0.00867084 -0.00848795 -0.00120462 -0.0110919 0.0207911 -0.0136681 0.0014673 0.0164491 0.00293983 -0.0279759 -0.00103095 -0.00449891 -0.016 0.00430848 0.0321808 0.0174036 -0.0093849 0.0144618 0.0127361 -0.0146549 0.000635283 0.0239631 -7.72531e-05 -0.0167497 -0.00137287 -0.0141385
internal_weight=138908 84967 70323.4 53940.6 32486.5 49696 37836.9 38661.4 14643.6 27799 28521.1 13781.6 18704.9 4244.63 21633.3 10862.4 21922.8 17489.2 3356.91 11286.7 9315.81 12445.7 11127.8 20181.1 11034.6 4847.15 7507.91 1215.69 9261.85 19738.2
internal_count=9479779 2176833 1998797 7302946 747855 5896474 1250942 5328139 178036 4880796 758574 250718 497137 1406472 638095 447343 4285529 412514 44603 133433 492368 234894 213854 3314930 568335 51939 291409 84623 517928 3163100
is_linear=0
shrinkage=0.08


Tree=35
num_leaves=31
num_cat=0
split_feature=2 8 0 5 8 3 2 5 5 9 4 2 9 5 2 5 0 2 9 3 9 0 9 0 3 5 4 2 4 3
split_gain=1240.27 466.501 305.717 255.617 173.375 166.322 121.982 108.045 89.3715 84.8323 74.5523 72.9126 70.3548 65.8611 63.2254 62.5214 55.8064 51.2494 45.5933 52.8147 45.0088 39.2884 37.3884 36.2164 34.9234 34.095 31.1757 30.7546 30.009 29.7799
threshold=0.26713615655899053 1.0000000180025095e-35 4.5000000000000009 0.46574629843235021 1.0000000180025095e-35 28.500000000000004 0.8760964870452882 0.14160569757223132 0.71551167964935314 0.41522994637489324 31780.000000000004 0.062828946858644499 0.66666617989540111 0.74265706539154064 0.62563130259513866 0.7725205421447755 2.5000000000000004 0.062828946858644499 0.99999582767486583 12.500000000000002 0.38585621118545538 17.500000000000004 0.14495860040187838 9.5000000000000018 7.5000000000000009 0.4829822331666947 3736.5000000000005 0.10367219150066377 253302.00000000003 26.500000000000004
decision_type=2 2 2 2 2 2 2 2 2 2 2 2 2 2 2 2 2 2 2 2 2 2 2 2 2 2 2 2 2 2
left_child=3 5 8 7 10 9 12 -1 16 -2 11 22 14 25 28 18 29 -9 19 -6 -13 -16 -5 -14 -22 -11 -7 -20 -4 -3
right_child=1 2 6 4 15 26 -8 17 -10 13 -12 20 23 -15 21 -17 -18 -19 27 -21 24 -23 -24 -25 -26 -27 -28 -29 -30 -31
leaf_value=-0.054034708629982581 -0.0041155739998528715 -0.0052874660586180837 0.0071447329942860086 -0.032035531891592701 -0.0083733048468350255 -0.017692235820331133 0.037224612807340345 -0.02719170388673189 0.014903684993240797 -0.0081214538498627763 -0.0033311075256966765 -0.014548646577218613 0.020686571373156177 0.016287194837259971 0.017118376000767561 0.014258297807530717 0.0084087677227033617 -0.013966943180444629 -0.0079567561471256387 0.0012748261828609531 -0.0015921071327628428 0.033385529230898332 -0.015840875111668946 0.034972496027462649 -0.0097081038473374234 0.0054455856620092323 -0.0068278138568742021 0.011870329257157551 0.026429057466637266 0.004342228230118741
leaf_weight=528.86063885730255 6581.0729596109595 4569.5027624753093 5393.3135967059061 1252.3031478427947 6272.082037562388 2483.9127811317449 2463.0246437332826 2430.5726772289199 6226.6378627055237 1356.0418029010762 11304.247984021044 6700.1498676516858 2947.5329344198399 3561.3729821930756 3887.4016248862972 1914.2168177017011 7990.8996488808589 8210.5025014032362 627.38571258733282 8623.9907081066631 5488.7116274526925 1257.6196919779759 3361.2025885007388 1847.6168730351492 8887.857671998463 9426.223925930055 5291.1871720388299 2479.4576292436541 571.13273597194348 3735.4976798547723
leaf_count=341796 255049 114551 93916 817215 239735 102009 29439 1143504 73556 56610 979635 1029217 43046 53575 49695 31988 124085 1149843 16140 277208 364742 16745 840596 26220 681689 235985 152371 46733 6738 86148
internal_value=-6.23202e-12 0.00751047 0.012998 -0.00767688 -0.0055052 -0.000307843 0.0206578 -0.0187417 0.00675114 0.0034045 -0.00874507 -0.0111273 0.0180923 0.00685482 0.0145966 0.0005126 0.00363606 -0.0169877 -0.000948954 -0.00278758 -0.00913335 0.0210946 -0.0202368 0.0261911 -0.00660956 0.00373931 -0.0102987 0.00786651 0.00899133 -0.000956136
internal_weight=137672 69590 40890.2 68081.5 56911.6 28699.8 18367.6 11169.9 22522.5 20924.7 36994.5 25690.2 15904.6 14343.6 11109.5 19917.1 16295.9 10641.1 18002.9 14896.1 21076.7 5145.02 4613.51 4795.15 14376.6 10782.3 7775.1 3106.84 5964.45 8305
internal_count=9479779 1519738 664139 7960041 5324898 855599 265799 2635143 398340 601219 4713094 3733459 236360 346170 167094 611804 324784 2293347 579816 516943 2075648 66440 1657811 69266 1046431 292595 254380 62873 100654 200699
is_linear=0
shrinkage=0.08


Tree=36
num_leaves=31
num_cat=0
split_feature=2 2 9 9 5 5 5 5 8 8 9 2 0 2 3 3 1 9 2 4 5 0 7 9 2 0 0 9 4 9
split_gain=1139.14 463.441 189.942 154.915 154.223 152.549 114.029 90.077 82.4961 74.5114 66.8067 65.2711 61.9692 57.9726 53.3119 52.5074 52.2005 44.4379 43.8695 43.7374 39.9734 39.0897 37.5677 37.4614 36.9341 36.7679 32.3854 31.9801 28.9581 28.2122
threshold=0.5025252401828767 0.20101010054349902 0.99999248981475841 0.99999582767486583 0.31818179786205297 0.72243767976760875 0.58939334750175487 0.65999040007591259 1.0000000180025095e-35 1.0000000180025095e-35 0.33333416283130651 0.88303694128990184 4.5000000000000009 0.015749008394777778 17.500000000000004 29.500000000000004 12.500000000000002 0.5030120611190797 0.036811200901865966 253302.00000000003 0.30066822469234472 5.5000000000000009 20.500000000000004 0.42980307340621954 0.8760964870452882 4.5000000000000009 13.500000000000002 0.84760490059852611 253302.00000000003 2.2499897340821921e-06
decision_type=2 2 2 2 2 2 2 2 2 2 2 2 2 2 2 2 2 2 2 2 2 2 2 2 2 2 2 2 2 2
left_child=1 2 4 6 13 8 20 10 15 14 18 17 -10 -1 23 -2 -11 -7 -6 -9 -3 -5 -12 29 -14 -4 -19 28 -18 -8
right_child=5 3 25 21 7 11 9 19 12 16 22 -13 24 -15 -16 -17 27 26 -20 -21 -22 -23 -24 -25 -26 -27 -28 -29 -30 -31
leaf_value=-0.074628561120123602 0.0059092902790557665 -0.02245193390202006 -0.00199292100421867 0.010121559442973181 -0.039795095765682284 0.012824057276854556 -0.050115055039865047 -0.0064741111628368354 0.0075206113561870035 0.0034835013394371424 -0.010955826143564298 0.034558116424608445 0.015432039861126762 -0.027487180667014305 -0.0060411579364501294 -0.01285730320682861 0.009205671918328398 0.020182145511449753 -0.01788882657224709 0.009681876152109619 -0.0045601166393773578 0.025462569517770938 0.043018894328446682 0.0061516114196287818 0.030368232402877855 0.010147761077108679 0.035776730234259792 0.03298085046731019 0.029620937590866321 -0.0024404172701753303
leaf_weight=179.9138768522389 3381.2466482614436 843.05103491799673 9445.8928965356972 3605.2864917417755 647.29810412086954 4171.0483259213506 81.031519233249128 12200.095623892288 6744.8517227496923 9771.072971586982 18906.606031093084 2069.52648655948 5321.9402417243255 2317.8397852873313 7260.6613684186595 1329.3027627995471 4115.2941944731283 3149.6381295031606 6085.5617355810609 1175.7763454741798 15355.837224148068 1507.4749883854529 82.892106603758293 7333.37027863806 1322.9593294707265 1921.1834284443612 1168.4563164522406 486.30721758212894 498.54164915753063 4046.2340288122941
leaf_count=211172 65465 83489 570849 69683 579898 54394 10956 1124517 91061 178034 2348961 22836 75454 826631 258325 26338 77890 36202 1523315 51683 700348 24842 9574 186290 16218 56346 14676 6943 6175 171214
internal_value=-6.62954e-13 -0.00376665 -0.00910563 0.00138358 -0.0116101 0.014177 2.18712e-05 -0.0103789 0.00971913 0.0026804 -0.0131479 0.0218189 0.0129226 -0.0308828 -0.000677632 0.000613414 0.00690782 0.0187133 -0.0199949 -0.00505395 -0.00549127 0.0146448 -0.0107202 0.00272032 0.0184057 5.90118e-05 0.024402 0.0134683 0.0114116 -0.00337642
internal_weight=136526 107867 52963.1 54904.2 41596 28659 49791.4 39098.2 18100.3 33592.5 25722.4 10558.7 13389.8 2497.75 18721.3 4710.55 14871.2 8489.14 6732.86 13375.9 16198.9 5112.76 18989.5 11460.6 6644.9 11367.1 4318.09 5100.14 4613.84 4127.27
internal_count=9479779 9077135 7302946 1774189 6675751 402644 1679664 5637948 274536 895827 4461748 128108 182733 1037803 626785 91803 269042 105272 2103213 1176200 783837 94525 2358535 368460 91672 627195 50878 91008 84065 182170
is_linear=0
shrinkage=0.08


Tree=37
num_leaves=31
num_cat=0
split_feature=2 8 2 2 5 2 5 9 5 7 3 7 4 0 9 5 5 4 9 7 0 4 4 6 9 9 3 0 0 4
split_gain=1029.42 352.171 193.556 190.264 130.867 130.866 113.539 85.2475 74.3003 71.6291 66.3701 63.2017 56.7005 53.9059 51.5928 49.6157 48.5375 46.7277 46.2881 43.9724 40.7761 37.315 35.6251 34.8787 34.562 32.0876 31.6004 31.4827 31.0929 30.6053
threshold=0.44543650746345526 1.0000000180025095e-35 0.17262665182352069 0.80178570747375499 0.69713348150253307 0.022857889533042911 0.58428397774696361 0.5030120611190797 0.44155140221118933 8.5000000000000018 6.5000000000000009 18.500000000000004 7345.0000000000009 7.5000000000000009 0.99999707937240612 0.55869266390800487 0.79679140448570263 147804.00000000003 0.42980307340621954 20.500000000000004 1.0000000180025095e-35 15436.500000000002 253302.00000000003 38.500000000000007 0.25000093877315527 0.66666647791862499 6.5000000000000009 1.5000000000000002 9.5000000000000018 3678.5000000000005
decision_type=2 2 2 2 2 2 2 2 2 2 2 2 2 2 2 2 2 2 2 2 2 2 2 2 2 2 2 2 2 2
left_child=1 2 5 6 9 20 -2 22 27 12 25 15 -3 -9 26 29 28 18 -10 -13 -1 -12 24 -17 -8 -4 -6 -7 -5 -11
right_child=3 4 10 16 14 8 7 13 17 11 21 19 -14 -15 -16 23 -18 -19 -20 -21 -22 -23 -24 -25 -26 -27 -28 -29 -30 -31
leaf_value=-0.084528360019924129 -0.00031146425560434277 0.0084342726124639975 -0.00093375180383287117 0.017052961670800958 -0.0014945257252813435 -0.025205927377431162 -0.014367221254522411 0.011918710622065525 -0.016000817235193136 -0.010603355376342329 -0.0083759452280683273 0.00098040675061372836 -0.00183698153497568 0.02327992369277971 0.024775816077882276 -0.016547143159277033 0.038273054714383144 0.0043222014262517721 -0.0081416707458197811 0.041567902397740351 -0.032818373313406014 -0.0018376074712616517 0.018984851876858621 0.0012264951264206515 0.0058981952329115669 0.0097753418787574313 0.0097670430939363149 -0.011008008099334148 0.030570489297337206 -0.024647724602201184
leaf_weight=105.82215759324754 7128.033594857221 6244.8615307521541 5343.4919512837951 4773.3880495150261 2031.6470190777909 3170.6082132286465 570.93403805565322 7229.7253368423117 6918.6743336140717 3011.4035011685337 14044.445730407802 3692.6713146757975 7657.4329282553808 4240.4992789197131 1228.0345219437877 922.69930181663949 1114.6544060471642 1437.768145863316 15634.375491574021 179.12139525741804 1255.6696892827676 9275.9991048770316 1266.6729865084053 3017.458525779628 9511.0173594394364 2693.1553156131849 7414.4624267713516 1459.7278783539077 1410.9565298157249 1481.6421616067237
leaf_count=144346 142828 211057 240063 53586 39049 1160000 16941 95320 1814218 186520 858100 126246 228432 59634 16948 29574 13661 92161 1827101 7003 838167 372075 16044 88393 156674 85823 132327 324711 20018 82759
internal_value=-1.48539e-11 -0.00429444 -0.00800892 0.0113249 0.00188332 -0.0126047 0.00850206 0.0112552 -0.0114519 -0.00115796 -0.00361463 -0.00560351 0.00277683 0.0161189 0.00935031 -0.00948836 0.0229066 -0.0096612 -0.0105526 0.00285811 -0.0368375 -0.00577524 0.00633933 -0.0029357 0.00475058 0.00265497 0.00734493 -0.02073 0.020137 -0.0152347
internal_weight=135467 98221.2 61339.7 37245.9 36881.4 29982.6 29946.9 22818.8 28621.2 26207.3 31357.1 12305 13902.3 11470.2 10674.1 8433.2 7299 23990.8 22553 3871.79 1361.49 23320.4 11348.6 3940.16 10082 8036.65 9446.11 4630.34 6184.34 4493.05
internal_count=9479779 8905073 7756765 574706 1148308 6200704 487441 344613 5218191 959984 1556061 520495 439489 154954 188324 387246 87265 3733480 3641319 133249 982513 1230175 189659 117967 173615 325886 171376 1484711 73604 269279
is_linear=0
shrinkage=0.08


Tree=38
num_leaves=31
num_cat=0
split_feature=2 2 9 9 5 5 8 0 5 5 3 2 9 1 0 0 9 9 0 5 4 0 3 0 2 5 4 5 7 3
split_gain=934.878 382.528 152.985 131.492 127.439 127.029 108.621 92.0209 90.0016 76.5337 65.2395 55.1069 50.7053 49.7169 48.3175 48.2806 47.3098 40.8853 39.0344 38.3632 37.7019 36.6364 33.2942 31.3379 30.9421 30.5356 35.1913 26.668 26.242 25.4073
threshold=0.52223318815231334 0.20101010054349902 0.99999248981475841 0.99999582767486583 0.79679140448570263 0.25077867507934576 1.0000000180025095e-35 13.500000000000002 0.66069462895393383 0.65160736441612255 29.500000000000004 0.030457638204097751 0.57142850756645214 5.5000000000000009 2.5000000000000004 6.5000000000000009 0.42980307340621954 0.41522994637489324 1.0000000180025095e-35 0.30066822469234472 253302.00000000003 8.5000000000000018 5.5000000000000009 6.5000000000000009 0.8760964870452882 0.58282724022865307 83472.000000000015 0.83056166768074047 20.500000000000004 18.500000000000004
decision_type=2 2 2 2 2 2 2 2 2 2 2 2 2 2 2 2 2 2 2 2 2 2 2 2 2 2 2 2 2 2
left_child=1 2 5 8 6 18 10 14 13 11 22 -7 -10 19 -8 27 -15 -13 -1 -3 29 -5 -2 -4 -6 -16 -27 -14 -19 -11
right_child=4 3 23 21 24 9 7 -9 12 20 -12 17 15 16 25 -17 -18 28 -20 -21 -22 -23 -24 -25 -26 26 -28 -29 -30 -31
leaf_value=-0.08420534760247908 0.018752653708183364 -0.028993088147792966 -0.0011990863756051013 0.010973724921149355 0.02332638335221118 -0.026046377856662573 0.0015955614829079989 0.028409123040139463 -0.00012026921348379237 -0.0090065758120115736 -0.011135665800132229 -0.016579213633592532 0.0030606823570164532 -0.0074511548943388883 0.0072084009759347178 0.016527320457778515 0.0023788759485516529 -0.0094664718335007152 -0.031184541713824544 -0.0061928567629582773 0.0085805145448303085 0.03136548873834831 0.0030378994036674286 0.015392696627790286 0.041611115525035103 0.018136647819364443 0.0043409442380613799 0.018089081346090951 0.035030408375386096 -0.0017418127882653509
leaf_weight=95.867692290790728 1155.6469470534939 494.50256518390961 10490.641282597921 4396.9063001252653 2861.6705347434036 1767.6183335571259 2461.4395404092302 2503.1074682883882 10960.084902522023 8389.4806904703437 1753.8351674629521 6876.1505800512896 7819.8300789775676 4269.3648392784526 3306.6955888401135 2844.0028014401323 11777.025624026137 16411.695244608447 1216.7414226510009 10518.248900594808 1180.5997398427717 646.82622423639987 3405.557640040759 782.93009316173266 746.91348682682292 8140.7968939246221 1384.6720071741729 836.53319363191258 85.26436566124903 4869.2664646396152
leaf_count=144346 17310 65027 608107 84031 34407 990980 36136 36428 312448 916507 32736 1808675 157075 231037 46081 48711 365007 1862797 548685 495552 51683 10508 65206 19088 9166 101929 17518 10520 8250 343828
internal_value=-8.87064e-12 -0.00339973 -0.00829791 0.00128327 0.0130897 -0.0105726 0.0109913 0.0141898 2.99061e-05 -0.00976064 0.00197735 -0.0124267 0.00377338 -0.00307736 0.0118625 0.0074841 -0.00023654 -0.0113967 -0.035057 -0.00721665 -0.00511877 0.0135888 0.00701946 -4.68157e-05 0.027111 0.0138319 0.0161312 0.004513 -0.00923649 -0.0063386
internal_weight=134450 106730 52166.3 54563.3 27720.3 40892.7 24111.8 17796.7 49519.6 39580.1 6315.04 25140.7 22460.5 27059.1 15293.6 11500.4 16046.4 23373.1 1312.61 11012.8 14439.3 5043.73 4561.2 11273.6 3608.58 12832.2 9525.47 8656.36 16497 13258.7
internal_count=9479779 9082862 7302946 1779916 396917 6675751 353344 238092 1685377 5982720 115252 4670702 528754 1156623 201664 216306 596044 3679722 693031 560579 1312018 94539 82516 627195 43573 165528 119447 167595 1871047 1260335
is_linear=0
shrinkage=0.08


Tree=39
num_leaves=31
num_cat=0
split_feature=2 8 8 2 0 4 0 3 3 9 0 9 2 5 5 0 0 4 3 2 4 5 2 9 9 0 9 9 9 7
split_gain=852.554 296.472 165.305 156.08 138.74 107.151 104.931 103.331 95.0746 70.0367 71.5024 63.3238 59.1056 58.8533 57.0347 51.6369 48.603 42.4158 42.2807 39.2564 38.6227 34.8092 34.6298 33.1849 33.0746 32.1398 31.1564 31.1402 30.0173 28.8813
threshold=0.46720430254936224 1.0000000180025095e-35 1.0000000180025095e-35 0.040202019736170776 8.5000000000000018 25204.500000000004 4.5000000000000009 6.5000000000000009 5.5000000000000009 0.3580587506294251 3.5000000000000004 0.79999911785125744 0.84654632210731517 0.7119525969028474 0.79679140448570263 1.0000000180025095e-35 2.5000000000000004 2801.0000000000005 29.500000000000004 0.11050061136484148 18042.000000000004 0.58282724022865307 0.22287581861019137 0.59999987483024608 0.33333379030227667 9.5000000000000018 1.8333265643377674e-06 0.99999248981475841 0.33333416283130651 7.5000000000000009
decision_type=2 2 2 2 2 2 2 2 2 2 2 2 2 2 2 2 2 2 2 2 2 2 2 2 2 2 2 2 2 2
left_child=1 3 8 15 14 9 7 29 -2 19 -11 -8 23 17 16 -1 -4 27 24 -5 28 -19 -7 -6 -10 -13 -21 -9 -17 -3
right_child=2 6 4 5 12 22 11 13 18 10 -12 25 -14 -15 -16 20 -18 21 -20 26 -22 -23 -24 -25 -26 -27 -28 -29 -30 -31
leaf_value=-0.083906639014841661 0.01799995792028181 -0.0054382957983517902 0.0017478797542601022 -0.021861141028408006 0.016436662006489369 -0.0042719115837682132 0.0039472721744001809 0.0010458497099094884 -0.013265805982897075 -0.0090673345392292427 -0.00029127307643846199 0.013200341910365319 0.039887309771925138 0.0091377311067598541 0.024403513238678617 -0.038682038533493633 0.011834439839224694 -0.0097980880373126494 -0.0089018446838012525 -0.056659010548091422 -0.0069063296494130122 -0.00034765886860775781 0.0028016617726187598 0.030649432743243717 0.0051570479577054719 0.030438559469131935 -0.010617915031976262 0.012760871453250507 -0.020685748689558518 -0.017648421875076297
leaf_weight=86.929171251111256 2034.5618466660962 2761.9358188231927 4086.3836888521746 2796.7095438804245 3541.9212624415522 9736.9116047630232 5032.2632877684664 5000.9075370557839 713.27904829115141 18573.070419304066 8736.3497251557856 2459.6556609470499 1283.3262254804613 5316.219564428553 1773.8005985167983 848.0783469443777 12142.34937440606 3720.5897995665146 2997.2616266667392 95.016591345978668 880.94057979075296 7568.9271899335727 8126.2055553026439 1495.2326301121211 4964.8836552689318 963.31191586062778 9408.4822250877187 2046.3981994973728 1973.5605388591284 2249.6764632676204
leaf_count=144346 31683 89085 65475 1115054 51849 830622 117161 258197 21903 1934363 397330 43154 18589 92421 20237 823324 161634 177539 59997 23389 320844 210423 257806 21649 93891 15020 1075336 54691 850602 102165
internal_value=-1.07847e-12 -0.00381618 0.0107169 -0.00723464 0.0143634 -0.00619776 0.00182561 -0.000484476 0.00243537 -0.00851748 -0.00625985 0.0096572 0.0245604 0.00172646 0.0107833 -0.0229602 0.00929465 -0.000422213 -0.00121484 -0.01353 -0.0215293 -0.00346216 -0.00105403 0.0206556 0.00284281 0.0180516 -0.0110782 0.00444766 -0.0260948 -0.0109193
internal_weight=133415 98382.1 35033 61262.3 24323 57472.7 37119.9 28664.7 10710 39609.6 27309.4 8455.23 6320.48 23653 18002.5 3789.51 16228.7 18336.8 8675.42 12300.2 3702.58 11289.5 17863.1 5037.15 5678.16 3422.97 9503.5 7047.31 2821.64 5011.61
internal_count=9479779 8932872 546907 7773016 339433 5633900 1159856 984521 207474 4545472 2331693 175335 92087 793271 247346 2139116 227109 700850 175791 2213779 1994770 387962 1088428 73498 115794 58174 1098725 312888 1673926 191250
is_linear=0
shrinkage=0.08


Tree=40
num_leaves=31
num_cat=0
split_feature=2 8 2 5 2 5 9 5 9 3 7 7 2 0 0 5 9 3 4 7 4 9 5 0 5 2 4 8 0 3
split_gain=771.357 249.488 164.534 141.386 98.0081 93.4691 82.6239 65.072 58.9425 52.4348 48.841 53.9136 48.3586 48.1872 46.5706 44.4934 42.2149 39.8464 38.4071 37.4129 37.0205 36.9892 35.755 34.7116 33.5295 29.7781 28.866 28.7712 28.3795 27.4284
threshold=0.42956349253654486 1.0000000180025095e-35 0.75140449404716503 0.37278625369071966 0.22287581861019137 0.62062227725982677 0.5030120611190797 0.10704734176397325 0.99999582767486583 17.500000000000004 20.500000000000004 8.5000000000000018 0.025158228352665905 14.500000000000002 13.500000000000002 0.62744787335395824 0.99999582767486583 29.500000000000004 9413.5000000000018 18.500000000000004 19315.500000000004 0.43875007331371313 0.65505805611610424 4.5000000000000009 0.58939334750175487 0.125657893717289 18390.000000000004 1.0000000180025095e-35 1.5000000000000002 6.5000000000000009
decision_type=2 2 2 2 2 2 2 2 2 2 2 2 2 2 2 2 2 2 2 2 2 2 2 2 2 2 2 2 2 2
left_child=1 3 6 7 12 10 15 -1 17 21 11 20 -5 22 24 -2 18 23 -14 25 26 -6 -8 -7 -4 -13 -3 -16 -9 -18
right_child=2 5 14 4 9 8 13 28 -10 -11 -12 19 16 -15 27 -17 29 -19 -20 -21 -22 -23 -24 -25 -26 -27 -28 -29 -30 -31
leaf_value=-0.059546542760987323 -0.0034293111639735413 0.0038299441664942286 0.0066770307498133829 -0.02438076204796364 -0.004256564958524567 -0.0022377004773713773 0.004359924428345068 -0.023532348759083017 0.014809630659769063 -0.0064831742481687906 0.03845587886708738 -0.020402690478706267 -0.011733404736726629 0.022035383370462052 0.0092015771145122476 0.0058512738154704825 0.0091514565806771926 0.009166139520001379 -0.0059726770229961007 0.00059214423212688831 -0.0090231234699234119 0.0047673752401709594 0.013119605024997788 0.007681410216838669 0.019493576878045236 -0.0077940937778500684 0.04782514358613333 0.037079320227965736 -0.0095490660646631881 -0.0062374008301359484
leaf_weight=263.01149701982649 5212.5712225360185 5589.3644620348641 1694.4129072397482 1197.5317367952521 4487.0680453447858 8060.2931107427576 5515.0224044623537 2567.8770014220499 3373.0772469257354 8639.884210349468 179.46023036033148 1632.8595776783186 15184.790457208481 2175.9759149548481 292.04117811750621 9039.8695929187234 1412.7728512426838 4940.4227746727993 14460.546307309749 2423.5301310381037 1652.100039765588 8256.2263990511346 6493.5995787162028 3136.5606186258083 5704.293420470327 4509.5841181093419 97.103626530733891 1255.5562914823749 1455.3487782711309 1559.484727416886
leaf_count=263745 119808 218846 21463 741321 245876 211264 94516 1001279 56190 401918 6899 134590 2690711 32415 4217 153318 78701 95102 1738529 93318 58242 254346 86569 63621 69667 196782 2656 19204 239922 84744
internal_value=-9.62021e-12 -0.00382797 0.00973587 -0.00699799 -0.00591115 0.00146969 0.00675901 -0.0209944 0.00519188 -0.00167201 -0.00304543 -0.00351371 -0.00859179 0.0110815 0.0191982 0.00245707 -0.00801211 0.00318153 -0.00892341 -0.00782489 0.00151853 0.00158994 0.00909668 0.000540928 0.0165584 -0.0111459 0.00458122 0.0318186 -0.0184741 0.00107723
internal_weight=132462 95078.9 37383.3 59484.5 55198.3 35594.4 28437 4286.24 19510.4 21383.2 16084 15904.5 33815.1 14184.6 8946.3 14252.4 32617.6 16137.3 29645.3 8565.97 7338.57 12743.3 12008.6 11196.9 7398.71 6142.44 5686.47 1547.6 4023.23 2972.26
internal_count=9479779 8878602 601177 7741092 6236146 1137510 486626 1504946 426177 902140 711333 704434 5334006 213500 114551 273126 4592685 369987 4429240 424690 279744 500222 181085 274885 91130 331372 221502 23421 1241201 163445
is_linear=0
shrinkage=0.08


Tree=41
num_leaves=31
num_cat=0
split_feature=2 2 9 8 0 2 2 5 3 5 9 7 9 0 5 5 0 4 3 4 9 5 5 9 1 4 8 2 5 4
split_gain=707.64 286.496 114.656 107.959 103.426 102.452 80.594 73.7291 69.516 67.6876 58.4805 54.4501 51.7072 47.11 46.8632 45.1455 37.1482 36.2611 35.368 35.272 35.2499 33.7646 31.4375 30.589 30.5181 29.0005 28.8479 26.2325 25.502 24.8043
threshold=0.54606062173843395 0.20101010054349902 0.66666582226753246 1.0000000180025095e-35 1.5000000000000002 0.84654632210731517 0.025158228352665905 0.69174146652221691 29.500000000000004 0.69511905312538158 0.99999815225601207 20.500000000000004 0.42980307340621954 8.5000000000000018 0.25077867507934576 0.77645063400268566 1.5000000000000002 3094.5000000000005 28.500000000000004 3235.5000000000005 0.5030120611190797 0.38642528653144842 0.5412144958972932 2.2499897340821921e-06 60.500000000000007 65.500000000000014 1.0000000180025095e-35 0.10367219150066377 0.51960447430610668 115.50000000000001
decision_type=2 2 2 2 2 2 2 2 2 2 2 2 2 2 2 2 2 2 2 2 2 2 2 2 2 2 2 2 2 2
left_child=1 2 6 8 18 9 29 11 12 21 15 14 23 -7 25 19 26 27 -5 22 -11 -2 -6 -3 -14 -4 -16 -8 -21 -1
right_child=5 3 7 4 10 13 17 -9 -10 20 -12 -13 24 -15 16 -17 -18 -19 -20 28 -22 -23 -24 -25 -26 -27 -28 -29 -30 -31
leaf_value=-0.079366452445280636 -0.017509849313503995 -0.044634608530254125 0.0017988885412140829 -0.010846830044018574 0.0032626775530192275 0.017333580127643328 -0.023551734442125986 0.002010138838420232 -0.0088565300784003726 0.0093852376750147865 0.0260711610736226 0.034587017723513906 0.0020918031216456629 0.03439875099430726 -0.011685715228751992 0.017108176234324361 -0.0023287226401340314 -0.0088545758532275164 0.0017942673982121976 -0.010868163887419076 0.019517026463576937 0.0059482260801179115 0.015784413605807349 -0.0045169705009291856 0.01900184542350546 -0.035406602204400381 -0.0046073768782967416 -0.012389713129243751 0.0037071175522302019 -0.034894965638579321
leaf_weight=98.4799341568214 407.68780276122197 123.59797040428384 175.08181437402891 2847.8731269020791 2201.4594970596663 4315.1817716448531 2198.2076109799309 8419.2155735705637 7415.8443583899061 4366.0668412867381 1050.6053963525919 203.46242171023187 13648.763332449162 1362.1180252143276 8977.5598905563093 2321.6769283957838 9140.3986609111162 11135.139711023316 2818.3404007214413 830.96699847269338 4425.0794969184863 10678.872256215454 3076.4430019800784 7676.1683282759332 719.02735760388896 572.57851139897684 6250.5742467988166 3482.0099478040356 10184.168644568301 434.04963101208705
leaf_count=176157 8369 18774 59717 101577 58166 50449 972638 394826 347466 60901 15941 20560 440503 20685 1722082 30432 581141 1835462 81006 25141 56323 177962 57685 412723 16061 221151 344552 496382 196669 478278
internal_value=3.26772e-11 -0.00288085 -0.00719291 0.0011306 0.00496385 0.0119497 -0.0124783 -0.00447527 -0.00215172 0.00924265 0.00770776 -0.00663178 9.12865e-05 0.0214279 -0.00696569 0.00667133 -0.00636039 -0.0115079 -0.00455922 0.00518414 0.0144851 0.0050856 0.0105615 -0.00515269 0.00293806 -0.0266941 -0.00878032 -0.0167093 0.00260758 -0.043119
internal_weight=131557 106002 51086.8 54914.9 25331.5 25555 17347.9 33738.9 29583.4 19877.7 19665.3 25319.7 22167.6 5677.3 25116.2 18614.7 24368.5 16815.4 5666.21 16293 8791.15 11086.6 5277.9 7799.77 14367.8 747.66 15228.1 5680.22 11015.1 532.53
internal_count=9479779 9105090 7302946 1802144 566617 374689 3958917 3344029 1235527 303555 384034 2949203 888061 71134 2928643 368093 2647775 3304482 182583 337661 117224 186331 115851 431497 456564 280868 2066634 1469020 221810 654435
is_linear=0
shrinkage=0.08


Tree=42
num_leaves=31
num_cat=0
split_feature=2 2 8 9 5 0 8 0 2 3 9 0 5 3 9 0 2 9 3 5 9 5 8 3 4 2 3 4 5 1
split_gain=641.244 257.008 119.984 94.6718 93.9932 90.3532 78.9664 76.5816 65.9024 63.7226 61.2344 59.0028 55.8349 54.9027 52.8114 38.363 37.0592 36.9996 35.937 33.659 31.8685 31.1862 30.7756 32.107 30.4776 28.16 27.1856 25.2107 28.2646 24.4319
threshold=0.54606062173843395 0.17262665182352069 1.0000000180025095e-35 0.66666582226753246 0.81119626760482799 1.5000000000000002 1.0000000180025095e-35 6.5000000000000009 0.023392613045871261 29.500000000000004 0.66666641831398021 9.5000000000000018 0.76478019356727611 13.500000000000002 0.42980307340621954 1.5000000000000002 0.91042780876159679 0.58333322405815136 28.500000000000004 0.5616184175014497 1.8333265643377674e-06 0.79679140448570263 1.0000000180025095e-35 5.5000000000000009 72837.500000000015 0.82807883620262157 22.500000000000004 5708.5000000000009 0.59640088677406322 61.500000000000007
decision_type=2 2 2 2 2 2 2 2 2 2 2 2 2 2 2 2 2 2 2 2 2 2 2 2 2 2 2 2 2 2
left_child=1 3 9 8 6 18 13 25 -1 14 26 21 15 -2 20 22 17 -9 -4 -16 -3 27 -5 -24 -10 -8 -7 -12 -29 -21
right_child=4 2 5 12 -6 10 7 16 24 -11 11 -13 -14 -15 19 -17 -18 -19 -20 29 -22 -23 23 -25 -26 -27 -28 28 -30 -31
leaf_value=-0.043547604526740953 0.0098032400333265546 -0.05281496901948407 -0.0090636369033718755 -0.011307799095126572 0.024791183198328366 -0.0005788916196086889 0.0058087514815480202 0.012501114551079447 -0.013612544622505414 -0.0085701558527681992 0.011999980617585526 0.025350079731005684 0.0067141630919248301 -0.0058242553783321516 -0.0040982758446212568 -0.001986527004346541 0.036027700374591409 0.027606644510006717 0.0022536167694997404 0.0031050612324464645 -0.005173070741512722 0.02523482371511317 -0.01863393611811048 -0.0020292977298879624 -0.0023972882592034413 0.014419100917307765 0.0085245751755220131 -0.0086433896686653362 0.0065010957577978116 0.018224143817709267
leaf_weight=440.38602033409552 2738.784340872724 90.763482617127011 3633.5108151030727 9615.7237930455522 2974.8695755007793 6764.7045634601818 7447.6052177335951 3167.6359191709562 11411.418813525575 8820.4392043527623 4199.7163088775123 1552.2682834472507 2392.0254682195955 3031.1537497515819 4474.9445854386722 9340.840364159616 804.57844207249582 1543.443891108458 3550.3436467757419 12117.647874980263 9020.0777044209099 672.22916746174451 857.37437009889982 5700.5024160979665 1794.6332041356945 3608.8598143440358 3044.2391266972409 971.23324757895898 4196.6672141848831 724.97340197663289
leaf_count=590426 47902 17591 136521 2013495 37865 155093 107288 47862 2898688 466962 85149 25651 97129 58031 240561 618678 11613 22679 106650 363326 558978 8119 57983 305514 183229 41449 62678 24634 71646 16389
internal_value=2.37997e-11 -0.00274644 0.000441025 -0.00764305 0.0114326 0.00429253 0.0096539 0.0124603 -0.0131037 -0.00268233 0.00689841 0.0108348 -0.00497277 0.00159356 -0.000717284 -0.00606844 0.02016 0.01745 -0.00347052 0.00187662 -0.00564769 0.0085906 -0.00842589 -0.00420018 -0.0120885 0.00861919 0.0022464 0.00739619 0.00365491 0.00395854
internal_weight=130704 105387 63833.8 41552.9 25316.9 28584.9 22342.1 16572.1 13646.4 35248.8 21401.1 11592.1 27906.5 5769.94 26428.4 25514.4 5515.66 4711.08 7183.85 17317.6 9110.84 10039.8 16173.6 6557.88 13206.1 11056.5 9808.94 9367.62 5167.9 12842.6
internal_count=9479779 9105090 2339948 6765142 374689 676141 336824 230891 3672343 1663807 432970 215199 3092799 105933 1196845 2995670 82154 70541 243171 620276 576569 189548 2376992 363497 3081917 148737 217771 181429 96280 379715
is_linear=0
shrinkage=0.08


Tree=43
num_leaves=31
num_cat=0
split_feature=2 5 8 8 0 5 3 2 9 2 9 5 4 3 9 5 0 9 2 2 3 0 4 4 2 9 6 5 4 9
split_gain=579.789 191.46 125.375 113.018 104.039 99.0186 75.4426 63.4301 59.3734 54.9699 48.9703 50.9621 40.9943 40.7862 35.8835 33.6582 33.3414 33.0327 30.8593 30.0985 29.752 29.2318 28.5749 27.803 26.2004 25.9754 25.0342 24.1569 28.3183 21.8403
threshold=0.46720430254936224 0.59054526686668407 1.0000000180025095e-35 1.0000000180025095e-35 13.500000000000002 0.25077867507934576 6.5000000000000009 0.083771932870149626 0.99999582767486583 0.80178570747375499 4.1666304468890311e-06 0.76968595385551464 253302.00000000003 6.5000000000000009 0.2000008970499039 0.79679140448570263 1.0000000180025095e-35 0.99999248981475841 0.88303694128990184 0.21081871539354327 29.500000000000004 12.500000000000002 105.50000000000001 3306.5000000000005 0.10733487084507944 0.99999582767486583 23.500000000000004 0.49782697856426245 6347.5000000000009 0.68749982118606578
decision_type=2 2 2 2 2 2 2 2 2 2 2 2 2 2 2 2 2 2 2 2 2 2 2 2 2 2 2 2 2 2
left_child=1 5 6 10 9 16 -2 14 12 15 -3 19 13 -5 -7 25 -1 21 29 -12 -8 -9 -18 -19 -10 27 -15 -4 -29 -6
right_child=2 3 4 8 18 7 20 17 24 -11 11 -13 -14 26 -16 -17 22 23 -20 -21 -22 -23 -24 -25 -26 -27 -28 28 -30 -31
leaf_value=-0.083124012926989177 0.013842794076813207 -0.024278797337747831 -0.0039638484340467697 -0.0063459916260956498 0.020062219783222091 -0.023702285663633554 0.0016416837167899053 -0.0068909067621578651 -0.0041264723454673179 0.017084478346490264 -0.0064946443198079821 0.0040355091994441119 0.015444746075066351 -0.009347806738643695 -0.010343037662467554 0.01932666524369803 -0.0085072941252537625 0.0051415332991714777 0.044382884865862886 -0.0012744454596364814 -0.008517838713399015 0.0095531627549524864 -0.031335636147407288 -0.0064414524523972276 0.015348942696472913 0.022432975600223962 0.003944974286914928 0.011842405558448905 0.0035977840540871858 0.04459918659691553
leaf_weight=64.000179318314622 2501.8351429181603 691.30948035872279 1504.3204654688307 3704.5693229308199 2616.5714069664537 1667.6767684241913 5024.6054747438902 22117.321335852001 506.57573237485485 5292.0385599260262 15836.504810442158 5841.1147269599023 1380.6775246477919 971.6624569768901 5634.2359262282207 1410.6150821254996 508.31618238602459 3320.6343055077596 468.50403356138122 12768.182273448758 2915.0909050597475 714.19812457505031 1133.369966525177 2208.2345773337147 3473.1299711495267 611.63357170613017 13570.401812502125 4389.3847268702666 6791.9781968373536 254.77085303817876
leaf_count=144346 42048 135854 29296 100515 40841 1113266 105429 1947195 11989 65660 2096364 244593 20213 29254 1350996 16813 173485 132178 7677 476524 59997 25860 446111 95811 57870 9285 330448 65239 100781 3841
internal_value=1.4461e-11 -0.0031687 0.00901534 -0.00032091 0.0122751 -0.00764555 0.00172876 -0.00674492 0.00396007 0.0100925 -0.00319711 -0.00277401 0.00215348 0.00114776 -0.0133941 0.00757668 -0.0264757 -0.00503296 0.0253456 -0.00416452 -0.00208843 -0.00637652 -0.0242673 0.00051528 0.0128699 0.00633021 0.00305679 0.00555382 0.00683431 0.0222394
internal_weight=129893 96112.1 33781.3 58744.1 23339.8 37368 10441.5 35662.3 23607 20000 35137.1 34445.8 19627.3 18246.6 7301.91 14707.9 1705.69 28360.4 3339.85 28604.7 7939.7 22831.5 1641.69 5528.87 3979.71 13297.3 14542.1 12685.7 11181.4 2871.34
internal_count=9479779 8932872 546907 3503624 339433 5429248 207474 4665306 550289 287074 2953335 2817481 480430 460217 2464262 221414 763942 2201044 52359 2572888 165426 1973055 619596 227989 69859 204601 359702 195316 166020 44682
is_linear=0
shrinkage=0.08


Tree=44
num_leaves=31
num_cat=0
split_feature=2 2 9 0 5 5 9 0 2 0 8 4 9 4 9 5 1 4 6 9 5 3 9 8 3 5 7 0 0 4
split_gain=527.508 213.536 86.8739 107.061 83.505 83.2811 67.098 53.0974 43.7325 38.8877 37.555 36.8739 36.4951 35.9345 34.9946 33.6507 32.3424 31.4796 30.1928 29.9846 28.0035 25.9127 23.9353 23.0328 24.5267 22.4344 22.1796 22.0281 21.7226 21.2995
threshold=0.54606062173843395 0.20101010054349902 0.55662390589714061 1.5000000000000002 0.70135679841041576 0.36119444668293005 0.99999248981475841 10.500000000000002 0.8760964870452882 1.0000000180025095e-35 1.0000000180025095e-35 6347.5000000000009 0.75378772616386425 137481.00000000003 0.45368783175945288 0.79679140448570263 25.500000000000004 253302.00000000003 116.50000000000001 0.5030120611190797 0.50829836726188671 22.500000000000004 1.8333265643377674e-06 1.0000000180025095e-35 29.500000000000004 0.83294382691383373 19.500000000000004 16.500000000000004 6.5000000000000009 3235.5000000000005
decision_type=2 2 2 2 2 2 2 2 2 2 2 2 2 2 2 2 2 2 2 2 2 2 2 2 2 2 2 2 2 2
left_child=1 5 17 25 10 9 13 15 18 -1 21 20 -9 14 16 23 -7 22 19 -6 -12 -2 -3 24 -5 -4 -11 -13 -8 -25
right_child=4 2 3 7 8 6 28 12 -10 26 11 27 -14 -15 -16 -17 -18 -19 -20 -21 -22 -23 -24 29 -26 -27 -28 -29 -30 -31
leaf_value=-0.082899497747819698 0.0047474771837591632 -0.05021577342022842 -0.0042866972580157025 0.0029799221475430861 0.01011090328381681 -0.0089884248722619832 -0.0007358065692788699 0.0097230571155946886 0.026462230675486698 -0.017943878506488521 0.0038300518791301403 0.002181418903164339 0.027028731347863572 0.0017443970846172767 -0.0061143358547868856 0.017631780151279579 -0.019603563352679949 0.0085785739709139629 0.00091037961429039406 0.020426906247621713 0.016394832618140981 -0.0090782310066527157 -0.0033372888407442753 0.011506632922433724 -0.0088706324500513068 0.023262343124129337 0.021372862824688112 0.022237790094215858 0.013423696687584891 0.003947939087032391
leaf_weight=58.069190607693599 2346.3552036400361 69.931996505882125 8640.3705824348654 5269.2722290926613 3613.9127656425044 6661.6511488980468 9805.2998026141431 2165.1059695766016 2041.5082247085156 3455.7120934376471 1527.1754972824319 4449.1001376654913 1218.9952739255386 2783.2685914817412 24069.209013662214 1272.0901554458978 2536.3758045260402 1477.9838097719767 1079.0723259481892 3599.1095741940335 4423.2311846712864 1376.6224512743647 21580.607901998992 3560.0513485629344 1418.6770720105851 193.41725668427534 94.335507667034108 380.44051667610802 746.18692171538714 7234.2943079407851
leaf_count=144346 46525 13688 347919 156560 50195 1435366 549591 44008 26636 1242651 24413 66265 21641 155336 2593165 17555 1144272 27975 16245 46729 62254 28917 915697 73519 44663 2324 19475 6510 18744 136595
internal_value=1.3648e-11 -0.00249484 0.000992186 0.00376244 0.0104781 -0.00625206 -0.00534548 0.00673356 0.0159735 -0.0179613 0.00656245 0.00895485 0.0159568 -0.00698775 -0.00771831 0.00506929 -0.0119156 -0.00271757 0.0133912 0.0152583 0.0131701 -0.00036477 -0.00348871 0.00415519 0.000466131 -0.00368351 -0.0168991 0.00376133 0.000265534 0.00644085
internal_weight=129147 104311 54100.8 30972.3 24836.5 50210.1 46602 22138.5 10333.6 3608.12 14502.9 10779.9 3384.1 36050.5 33267.2 18754.4 9198.03 23128.5 8292.09 7213.02 5950.41 3722.98 21650.5 17482.3 6687.95 8833.79 3550.05 4829.54 10551.5 10794.3
internal_count=9479779 9105090 1802144 844784 374689 7302946 5896474 494541 139805 1406472 234884 159442 65649 5328139 5172803 428892 2579638 957360 113169 96924 86667 75442 929385 411337 201223 350243 1262126 72775 568335 210114
is_linear=0
shrinkage=0.08


Tree=45
num_leaves=31
num_cat=0
split_feature=2 2 8 2 0 2 9 9 3 5 9 5 5 0 7 0 9 5 4 3 7 9 5 9 9 9 4 9 4 5
split_gain=481.031 191.552 92.6698 78.0783 69.9133 69.8268 59.7069 59.4447 52.1837 49.4118 40.5895 39.4104 36.5824 35.6499 33.6835 30.8113 27.6678 26.9829 26.3551 24.778 24.3358 24.0892 23.3322 23.3212 23.2729 21.8564 20.3044 24.6511 19.7996 19.6132
threshold=0.54606062173843395 0.17262665182352069 1.0000000180025095e-35 0.84654632210731517 5.5000000000000009 0.025158228352665905 0.78759360313415538 0.66666582226753246 29.500000000000004 0.69511905312538158 0.42980307340621954 0.6421831250190736 0.69174146652221691 8.5000000000000018 20.500000000000004 1.0000000180025095e-35 0.5030120611190797 0.75106957554817211 1456.5000000000002 17.500000000000004 8.5000000000000018 0.99999248981475841 0.43441589176654821 4.1666304468890311e-06 0.99999248981475841 1.8333265643377674e-06 6475.5000000000009 0.40000030398368841 1707.5000000000002 0.28976984322071081
decision_type=2 2 2 2 2 2 2 2 2 2 2 2 2 2 2 2 2 2 2 2 2 2 2 2 2 2 2 2 2 2
left_child=1 5 8 9 11 15 -6 18 10 22 25 19 14 -5 20 -1 -11 -12 -7 21 -9 -4 -2 -20 -13 -3 27 -24 -21 -22
right_child=3 2 4 13 6 7 -8 12 -10 16 17 24 -14 -15 -16 -17 -18 -19 23 28 29 -23 26 -25 -26 -27 -28 -29 -30 -31
leaf_value=-0.082690226354233121 -0.0097000640682776539 -0.04623205981767714 -0.010353126044447641 0.015010951492465868 0.0055936472281477309 -0.017084490657453943 0.02111995610791555 -0.0029521750579760641 -0.0077306517702632636 0.0076875002957803975 0.00021735277630928135 0.0022775099922722063 0.0014256417477201159 0.030436187924445815 0.03040607739009488 -0.020557182551367618 0.016853611606876553 0.0084901554927717844 -0.029295022767343665 0.0078922109725317845 -0.02170884303175594 0.0011666881674941159 -0.0054194989581362839 -0.0077243269795523361 0.010379163734667754 -0.0045576249148600772 0.0011969255772833502 0.010534513839734836 -0.0019041228327390308 -0.0076178289038842731
leaf_weight=52.70441255996775 731.71999320387113 81.27569939912064 3128.7167596784675 4111.8372207464963 4979.5971268170251 2929.1158282811448 2325.3706749259982 9744.092779837345 8715.7709459589678 4213.3098391844687 14069.397645955818 6724.5912671510523 6509.0063173115195 1250.5327918115509 165.927061714101 1656.6059231362269 4217.0291999680521 3074.6938526529993 331.89341380012047 2070.6590950435493 678.71277975185512 1847.9036577947845 714.2567338514491 9576.3532774085761 3425.0658448645554 8915.9689999809489 4607.8535513241586 4688.8348359633674 3644.277898578177 9221.8357860020187
leaf_count=144346 15213 17591 124103 50449 102771 938090 38552 934966 466962 60901 558407 126383 310840 20685 15256 1024046 56323 61869 129637 72856 229670 43858 14425 1950181 53209 558978 81006 75687 114409 1088110
internal_value=-1.55283e-11 -0.00237979 0.000387094 0.0100747 0.00380149 -0.00664547 0.0105361 -0.00595456 -0.00236994 0.00768806 -0.000582623 0.00144097 -0.00377764 0.0186082 -0.00548725 -0.022473 0.0122726 0.00170103 -0.0104177 -0.00194856 -0.00579042 -0.00607562 0.00409035 -0.00844687 0.00501146 -0.00493409 0.00509831 0.00842549 0.00164532 -0.00858381
internal_weight=128405 103870 63003.3 24535.4 28146.2 40866.2 7304.97 39156.9 34857.1 19173 26141.3 20841.2 26319.6 5362.37 19810.6 1709.31 8430.34 17144.1 12837.4 10691.6 19644.6 4976.62 10742.7 9908.25 10149.7 8997.24 10010.9 5403.09 5714.94 9900.55
internal_count=9479779 9105090 2339948 374689 676141 6765142 141323 5596750 1663807 303555 1196845 534818 2578842 71134 2268002 1168392 117224 620276 3017908 355226 2252746 167961 186331 2079818 179592 576569 171118 90112 187265 1317780
is_linear=0
shrinkage=0.08


Tree=46
num_leaves=31
num_cat=0
split_feature=2 5 8 9 0 5 3 4 2 2 2 7 0 9 5 9 0 9 0 3 0 9 4 5 6 9 7 6 4 4
split_gain=442.268 144.521 98.8891 90.1715 87.3843 74.3601 64.4938 61.4697 54.4252 53.5061 42.5411 31.5405 30.2415 28.6509 28.5223 27.909 31.3631 27.4504 27.1864 26.2325 25.6623 25.1172 23.5829 28.751 21.194 20.766 20.1679 19.8721 24.9516 19.8684
threshold=0.46720430254936224 0.59054526686668407 1.0000000180025095e-35 0.99999582767486583 5.5000000000000009 0.17647051066160205 5.5000000000000009 253302.00000000003 0.18016393482685092 0.083771932870149626 0.8896499276161195 20.500000000000004 6.5000000000000009 0.66666617989540111 0.50533118844032299 0.57142850756645214 6.5000000000000009 0.2000008970499039 16.500000000000004 29.500000000000004 5.5000000000000009 0.33333379030227667 2002.0000000000002 0.79679140448570263 83.500000000000014 4.1666304468890311e-06 20.500000000000004 1.5000000000000002 320.50000000000006 23316.000000000004
decision_type=2 2 2 2 2 2 2 2 2 2 2 2 2 2 2 2 2 2 2 2 2 2 2 2 2 2 2 2 2 2
left_child=1 5 6 7 14 27 -2 8 25 17 13 20 24 18 -4 -10 -17 -7 -6 21 -11 -8 -16 29 -5 -3 -19 -1 -29 -24
right_child=2 3 4 12 10 9 19 -9 15 11 -12 -13 -14 -15 22 16 -18 26 -20 -21 -22 -23 23 -25 -26 -27 -28 28 -30 -31
leaf_value=-0.082548396220477702 0.014568836190627224 -0.028699601147236971 -0.0029998275398337151 0.0011103804131887527 0.0089318303532630681 -0.02116293025859442 -0.012618346712056231 0.0087996543468123398 -0.0027932989251196233 -0.0058206956146227033 0.029934882155772429 0.025917048499716634 0.019330065691084468 0.024860774247380122 0.015935182504954234 0.0005278697658741352 0.0095539664971844868 -0.010170001927967392 0.020445567557082395 -0.007801593449417589 0.0011627546112843315 0.0037279670644461277 0.0083444786874100965 0.018355706835598184 0.011231283302377191 -0.0051982151908850551 0.029665460793438594 -0.01548101218945358 -0.047683620224634099 0.00059071893702935066
leaf_weight=48.018621359489771 1950.3944092777565 243.76134134456152 1646.1246865029862 2859.0296641409077 4410.768481720278 1702.2376751531556 688.69037360798393 3509.7163763523276 12712.344551880087 24526.113178678352 1381.7719282534972 214.68979325535474 1318.6629353692697 1442.4698333442502 2097.0798920364905 13203.27494674674 3028.9776809072646 5673.8879279635003 1868.5033793033217 2859.4237894016114 3903.7379869863507 4757.6289777504935 4887.223605371586 1169.6669346413328 2466.6899988336954 18715.755623094366 82.522561772922927 362.5374342747964 267.69910553522277 3728.6900546507241
leaf_count=144415 31683 89407 31625 85942 68329 1200862 21903 94235 543514 2116680 21210 10688 25776 22025 29401 354485 64909 1445467 30202 59997 183705 93891 69674 14230 68667 2176689 12483 159856 155092 52737
internal_value=2.84363e-11 -0.00277214 0.00799397 -0.000286481 0.010947 -0.00669568 0.00147746 -0.00141987 -0.00216861 -0.00620265 0.0170069 -0.0046311 0.00848364 0.0146935 0.0068693 1.37844e-05 0.00221216 -0.0122381 0.0123579 -0.00159672 -0.00486179 0.00166097 0.00823649 0.00658663 0.00579803 -0.00550037 -0.00959893 -0.0329392 -0.0291594 0.0049889
internal_weight=127728 94839.7 32888.4 58058.2 22632.3 36781.4 10256.1 51413.8 47904.1 36103.2 9103.51 28644.5 6644.38 7721.74 13528.8 28944.6 16232.3 7458.65 6279.27 8305.74 28429.9 5446.32 11882.7 9785.58 5325.72 18959.5 5756.41 678.255 630.237 8615.91
internal_count=9479779 8932872 546907 3503624 339433 5429248 207474 3323239 3229004 4969885 141766 2311073 180385 120556 197667 962908 419394 2658812 98531 175791 2300385 115794 166042 136641 154609 2266096 1457950 459363 314948 122411
is_linear=0
shrinkage=0.08


Tree=47
num_leaves=31
num_cat=0
split_feature=2 2 9 5 5 9 9 0 5 5 4 9 0 5 5 4 7 9 2 2 8 0 9 4 5 8 2 3 9 6
split_gain=404.041 165.433 83.205 82.8209 62.5796 60.3041 50.2918 48.9599 39.2319 38.0627 34.4193 31.6652 32.8355 29.5404 29.2421 32.105 28.4934 25.4265 21.7755 21.6499 21.0207 19.3589 32.9478 19.4532 19.0266 18.4189 17.5527 17.0377 16.5823 16.4829
threshold=0.28669276833534246 0.67006802558898937 0.99999248981475841 0.58939334750175487 0.44155140221118933 0.99999707937240612 0.45553363859653478 6.5000000000000009 0.81396234035491954 0.10704734176397325 253302.00000000003 0.37602475285530096 16.500000000000004 0.37723660469055181 0.69817671179771434 1456.5000000000002 17.500000000000004 2.9166492367949108e-06 0.92980295419693004 0.019419306889176372 1.0000000180025095e-35 1.5000000000000002 0.66666617989540111 5708.5000000000009 0.40119273960590368 1.0000000180025095e-35 0.18230694532394412 20.500000000000004 0.7272724211215974 15.500000000000002
decision_type=2 2 2 2 2 2 2 2 2 2 2 2 2 2 2 2 2 2 2 2 2 2 2 2 2 2 2 2 2 2
left_child=2 3 4 13 9 8 -3 -8 11 -1 16 -5 21 -2 15 25 17 -6 -9 -19 -18 -13 -23 -24 -17 -4 -21 -11 -14 -25
right_child=1 6 14 5 10 -7 7 18 -10 27 -12 12 28 -15 -16 24 20 19 -20 26 -22 22 23 29 -26 -27 -28 -29 -30 -31
leaf_value=-0.045345761753619609 -0.013476828967396935 0.0023776703443932189 -0.00038426537982911798 -0.002657252705442344 -0.030271454897737075 0.022659723093066735 0.010896509478176242 0.019395554623044823 0.012448315928401864 -0.014593487204106217 0.0061596519258145764 -0.0025102607888928498 0.010947707515743395 -0.001319537709517782 0.0070919183257828313 -0.025859567815898855 -0.013430817572499148 -0.020954642132450654 0.034247049429122385 -0.0053251908209969081 -0.0031665669196528396 0.0018835454913623303 0.015401241630427581 -0.038730798820900469 -0.0030309921531346119 0.011903641006441408 -0.0017449687552121723 -0.006150018757706893 0.032067232203129681 0.0065372946228548934
leaf_weight=222.47517994897862 1425.8464340002029 2311.8365405877157 1541.6732331018029 4904.1620079214736 239.75645109246398 1165.3511194174062 6028.8715162558938 3252.8424769531157 3268.6567228260392 4493.6606981952245 1802.7718941923886 3031.8106091526788 2098.3885573727312 12433.156376912615 3771.4328023736271 240.82654010030092 4123.8162762513675 483.42065569553233 784.15741554521901 22227.779157686542 1849.717376725981 12121.783074006729 2032.5750251025056 52.054413467645645 7851.1011750078324 1581.658286274178 14468.81041696496 2318.715873992689 268.36350540391868 4657.0596173912709
leaf_count=268203 86203 35866 141934 174119 77296 18761 77527 52317 45123 1437013 65501 79215 38741 409256 109158 30342 776002 283610 12326 3183204 77652 243090 33517 1001 404273 46469 699530 489723 4425 78382
internal_value=7.17131e-12 0.00478151 -0.00425648 0.0026333 -0.00576417 0.00477962 0.0130183 0.0154621 0.00413721 -0.012783 -0.00467168 0.00320579 0.0043909 -0.00257031 0.000998051 -0.00105118 -0.00512167 -0.0043026 0.0222803 -0.00413514 -0.0102525 0.00342329 0.00437696 0.00886019 -0.0037104 0.00583834 -0.00391357 -0.0117196 0.0133424 0.0060369
internal_weight=127055 59836.9 67217.6 47459.2 52230.9 33600.2 12377.7 10065.9 32434.9 7034.85 45196.1 29166.2 24262 13859 14986.7 11215.3 43393.3 37419.8 4037 37180 5973.53 21895.3 18863.5 6741.69 8091.93 3123.33 36696.6 6812.38 2366.75 4709.11
internal_count=9479779 1389869 8089910 1211833 7357734 716374 178036 142170 697613 2194939 5162795 652490 478371 495459 732176 623018 5097294 4243640 64643 4166344 853654 435205 355990 112900 434615 188403 3882734 1926736 43166 79383
is_linear=0
shrinkage=0.08


Tree=48
num_leaves=31
num_cat=0
split_feature=2 8 2 4 2 7 7 6 6 5 7 7 9 9 0 9 5 2 9 6 5 9 0 9 9 2 2 4 3 4
split_gain=369.139 129.134 87.9644 74.3814 73.2327 57.4972 54.6158 73.1644 51.7261 48.6606 43.5104 42.1405 31.3167 29.234 32.3064 28.3729 28.1147 27.9307 26.8856 26.0701 25.9256 25.6034 25.5766 23.7701 21.2805 21.2192 19.546 19.1965 19.1277 18.4881
threshold=0.46720430254936224 1.0000000180025095e-35 0.75140449404716503 18042.000000000004 0.040202019736170776 8.5000000000000018 6.5000000000000009 42.500000000000007 83.500000000000014 0.73808741569519054 14.500000000000002 18.500000000000004 0.66666582226753246 4.1666304468890311e-06 3.5000000000000004 0.99999248981475841 0.75467449426651012 0.015749008394777778 0.66666632890701305 23.500000000000004 0.14160569757223132 0.99999248981475841 2.5000000000000004 0.25000035762786871 0.66666582226753246 0.22287581861019137 0.10275264084339143 4065.5000000000005 13.500000000000002 7825.5000000000009
decision_type=2 2 2 2 2 2 2 2 2 2 2 2 2 2 2 2 2 2 2 2 2 2 2 2 2 2 2 2 2 2
left_child=1 3 9 4 17 6 7 19 11 12 -10 26 23 -6 20 -8 -4 -1 -16 -3 -15 -12 -14 -2 -11 -5 -7 -13 -20 -9
right_child=2 5 16 25 13 8 15 29 10 24 21 27 22 14 18 -17 -18 -19 28 -21 -22 -23 -24 -25 -26 -27 -28 -29 -30 -31
leaf_value=-0.04121624759788961 -0.01555538481283068 -0.011375363159849734 0.011554895139017916 -0.0032337658933500467 -0.023281491685805573 -0.02336974151918211 0.007968182197579908 0.0022892033875369904 -0.0098833838020532527 0.0083709440143183867 0.001263939475042875 0.0061561027078957725 0.0012382892252743075 -0.035904111547636938 -0.0049800043793885654 0.022770549638841318 0.021913886546545573 -0.016725177401339799 0.0073970544941112963 0.0092742364365723338 -0.0069560456310632677 0.011660674122146393 0.013574646312042218 0.0014741896594871369 0.019273204410775683 0.0019133921859284093 -0.0095354224040958557 -0.0082852342444859027 -0.0064211779241758679 -0.0054297568434873321
leaf_weight=344.07928948995686 547.53892768126934 415.22485898516425 5690.1905653664016 11909.96537270879 616.47420565307402 787.28618309207377 2533.2309676705954 3021.3457211369532 1631.5162129948149 5334.3923096417275 4666.5833262824744 1624.946803301922 1819.4684421653164 199.57996889780043 5778.929300719763 1231.6958013444873 2377.3417406129247 2226.3461722384673 2577.6329241078492 6788.109348003607 25042.804400446963 2245.3548702645348 2630.8424813625606 12505.037825862539 1459.3222121223298 8999.0568113249501 3849.6044958926068 924.12447806244018 853.37293770720134 5794.5582275260967
leaf_count=432320 19658 17961 80789 1364424 172511 68233 66584 108330 88115 76602 150663 56709 30612 107419 356785 21628 33762 1385952 117933 165853 3495325 47636 43250 243261 18973 307481 161068 28780 32866 178296
internal_value=-5.70387e-12 -0.00253567 0.00736956 -0.00484424 -0.0069695 0.00127029 0.0041405 0.00210276 -0.00233981 0.00496625 0.0018676 -0.00734203 0.00273574 -0.00601415 -0.00570517 0.0128108 0.0146075 -0.0200036 -0.00164951 0.00808392 -0.00718492 0.00464134 0.00853104 0.000759821 0.0107128 -0.00101847 -0.0118843 0.00092063 0.00396013 -0.00278435
internal_weight=126426 94061.8 32364.1 58548.2 37639.2 35513.6 19784.2 16019.2 15729.4 24296.6 8543.45 7185.96 17502.9 35068.8 34452.3 3764.93 8067.53 2570.43 9209.94 7203.33 25242.4 6911.94 4450.31 13052.6 6793.71 20909 4636.89 2549.07 3431.01 8815.9
internal_count=9479779 8932872 546907 7773016 6101111 1159856 558652 470440 601204 432356 286414 314790 336781 4282839 4110328 88212 114551 1818272 507584 183814 3602744 198299 73862 262919 95575 1671905 229301 85489 150799 286626
is_linear=0
shrinkage=0.08


Tree=49
num_leaves=31
num_cat=0
split_feature=2 8 0 3 9 5 2 9 2 2 4 9 9 2 3 2 9 5 0 4 5 4 5 0 7 9 7 4 4 8
split_gain=340.784 141.204 107.187 82.7877 65.2425 51.3808 43.9277 44.8046 35.4936 35.2973 32.2189 32.1371 31.8419 32.4463 30.2136 27.0599 26.8032 24.2388 23.3569 21.4314 21.2919 21.2538 20.87 19.5234 18.473 18.1709 17.9508 17.7132 16.9331 16.1346
threshold=0.28669276833534246 1.0000000180025095e-35 5.5000000000000009 29.500000000000004 0.99999248981475841 0.25077867507934576 0.8896499276161195 0.7142852544784547 0.82807883620262157 0.61577314138412487 46038.000000000007 0.41522994637489324 0.42980307340621954 0.033150184899568565 6.5000000000000009 0.071796759963035597 0.99999582767486583 0.6421831250190736 1.0000000180025095e-35 307.50000000000006 0.70135679841041576 2653.5000000000005 0.75106957554817211 12.500000000000002 8.5000000000000018 0.5030120611190797 20.500000000000004 8367.0000000000018 253302.00000000003 1.0000000180025095e-35
decision_type=2 2 2 2 2 2 2 2 2 2 2 2 2 2 2 2 2 2 2 2 2 2 2 2 2 2 2 2 2 2
left_child=4 3 8 11 5 18 7 9 16 28 12 -2 13 -7 22 -6 17 24 -1 -5 21 29 -13 26 27 -11 -14 -3 -4 -17
right_child=1 2 6 19 15 10 -8 -9 -10 25 -12 14 23 -15 -16 20 -18 -19 -20 -21 -22 -23 -24 -25 -26 -27 -28 -29 -30 -31
leaf_value=-0.082157193072806292 -0.0023385277615018867 0.007344663663400486 0.0032297974693724536 -0.027485476295306285 -0.0075798524993937293 -0.0294038286953987 0.027520152935162363 0.022375069124862833 0.012133949953823869 0.0087912763248911389 -0.0010749218834173757 0.0068771082605897909 -0.0049601833435761623 -0.0086307323893204651 0.0019649605960801305 -0.00063937817670348617 0.012120153591974615 0.0049564717788963186 -0.019543923983924544 -0.006901541594183656 0.0077388743334646159 -0.0027687257677524511 0.019403512066520676 0.010154410107003698 -0.004768457687401668 0.019337772262116207 0.025361599065557888 -0.0034770090752121769 0.019621123494618746 0.0099864438410990474
leaf_weight=39.419089588896895 5821.4759292641138 2319.3816388039049 4280.1739667419897 341.78893395198975 2140.7144377933582 503.99201442323465 1307.5823724768525 2157.3212946450221 3221.8955522629039 1831.6814056696639 11125.253354389293 3127.4411631684889 27568.735812874296 10650.077794317694 7974.2489085611633 1723.31253984457 1878.3773806189565 8842.7364105890483 1165.5673028578385 6124.6428052888987 3242.1005957674788 5836.3500571804761 1169.5725197641004 568.45974757842487 4221.1245896965193 2436.0648737346201 125.52430725987506 1661.4650799724877 445.32338760979474 1948.7814721590548
leaf_count=144346 231331 53946 82182 18234 248463 613231 21210 35016 39770 28763 776886 73753 2926757 2290558 216073 109699 31005 135460 574290 204308 78638 242541 16826 18859 118456 38575 12807 38778 6183 52835
internal_value=5.73749e-12 0.00441904 0.00771164 -0.000220152 -0.00392327 -0.00526609 0.0136479 0.0120212 0.00437206 0.00953746 -0.00487685 0.00255666 -0.00594994 -0.00956936 0.00487893 0.000743 0.0030505 0.002051 -0.0215922 -0.00798952 0.00214034 0.000231404 0.0102866 -0.00452151 -0.00108146 0.0148113 -0.00482275 0.00282808 0.00477449 0.00499975
internal_weight=125801 59162.3 34603.1 24559.2 66638.3 51747 12458.1 11150.6 22145 8993.24 50542 18092.7 39416.8 11154.1 12271.3 14891.3 18923.1 17044.7 1204.99 6466.43 12750.5 9508.44 4297.01 28262.7 8201.97 4267.75 27694.3 3980.85 4725.5 3672.09
internal_count=9479779 1389869 629344 760525 8089910 7357734 211929 190719 417415 155703 6639098 537983 5862212 2903789 306652 732176 377645 346640 718636 222542 483713 405075 90579 2958423 211180 67338 2939564 92724 88365 162534
is_linear=0
shrinkage=0.08


Tree=50
num_leaves=31
num_cat=0
split_feature=2 8 5 0 3 5 2 9 8 0 3 3 3 9 5 9 2 4 0 1 0 9 9 4 6 5 2 4 5 0
split_gain=315.108 128.462 61.1002 56.9043 80.5007 56.0798 49.3349 43.0593 42.2825 44.7903 34.7336 34.6029 34.237 38.0166 32.2829 31.6702 25.276 23.6376 20.0773 19.1741 17.6746 17.3381 17.0229 16.7662 19.2195 16.1044 16.0624 15.7921 16.8791 15.4612
threshold=0.54606062173843395 1.0000000180025095e-35 0.37278625369071966 5.5000000000000009 6.5000000000000009 0.81119626760482799 0.22287581861019137 0.72222203016281139 1.0000000180025095e-35 16.500000000000004 13.500000000000002 12.500000000000002 29.500000000000004 0.99999248981475841 0.10704734176397325 0.66666653752326976 0.89564427733421337 1328.0000000000002 15.500000000000002 55.500000000000007 1.5000000000000002 0.99999248981475841 4.1666304468890311e-06 2391.5000000000005 115.50000000000001 0.81119626760482799 0.1741658225655556 1269.5000000000002 0.46574629843235021 4.5000000000000009
decision_type=2 2 2 2 2 2 2 2 2 2 2 2 2 2 2 2 2 2 2 2 2 2 2 2 2 2 2 2 2 2
left_child=1 2 14 4 19 8 17 26 10 16 -2 15 13 -6 -1 -8 -10 20 -9 21 -4 -3 -19 -13 -25 27 -5 -14 -29 -18
right_child=5 3 6 7 12 -7 11 18 9 -11 -12 23 25 -15 -16 -17 29 22 -20 -21 -22 -23 -24 24 -26 -27 -28 28 -30 -31
leaf_value=-0.046945275056232846 0.0076188199073763101 -0.011097128992143662 -0.014292864302546933 -0.01793290868990819 -0.0032345643618630175 0.01919942526961857 -0.00034533626396931002 0.012458336270413253 0.0057278385254766733 0.022232023071797814 -0.0050964062395940828 -0.0088941462565784151 0.011252167777853688 0.00486521266246818 -0.012266577803548851 0.0087875732740311779 0.0095804636213483434 -0.020296804834725766 0.031711962035676527 -0.027730449854061624 -0.0053856555828514655 -0.0016297130302734882 -0.0043659196954452337 -0.00065379347587037106 -0.010064754557998337 0.019483989721641434 0.0038330367561003162 -0.01090649118832519 0.0042082007456527076 0.020812610644956268
leaf_weight=180.0255481862514 2613.8089516829423 3236.2405756639237 3166.3242561715415 228.39801826461917 10380.757981827082 2695.8153584711399 9047.2268564800615 2833.6690458575758 10442.103451184179 1499.4106433610559 2900.8719176983759 3127.9459256094124 1966.3195346529246 5769.8923231623339 3760.7647276563985 3322.4165833004736 2146.2212679216959 436.45501752987911 394.93618785851868 317.21353987249313 2593.6461021977593 2004.9718672521412 26087.60819181562 8482.6640275339269 1660.7540533932624 505.46466630743816 4343.4717405632364 505.41394356015371 7341.0486309263797 1236.0308838093547
leaf_count=263807 47902 141979 862934 10570 430719 37865 346572 52812 161349 25759 58031 164680 76900 141406 1245185 98445 25954 152254 6242 17728 347475 49753 3971343 335762 76054 6214 93686 32711 179859 17829
internal_value=4.63806e-12 -0.00193051 -0.00421189 0.00161323 0.000120887 0.00834191 -0.00355613 0.00774053 0.0069373 0.0090991 0.000930266 -0.000936381 0.00195885 -0.000340883 -0.0138508 0.00210771 0.00767468 -0.00563682 0.0148135 -0.0086314 -0.0102821 -0.00747547 -0.00462806 -0.00377364 -0.00219462 0.00555852 0.00274567 0.0048412 0.00323462 0.0136852
internal_weight=125228 101694 61865.8 39827.8 32027.3 23534.3 57925 7800.47 20838.4 15323.8 5514.68 25641 26468.9 16150.7 3940.79 12369.6 13824.4 32284 3228.61 5558.43 5759.97 5241.21 26524.1 13271.4 10143.4 10318.2 4571.87 9812.78 7846.46 3382.25
internal_count=9479779 9105090 7864511 1240579 1077269 374689 6355519 163310 336824 230891 105933 1021513 867809 572125 1508992 445017 205132 5334006 59054 209460 1210409 191732 4123597 576496 411816 295684 104256 289470 212570 43783
is_linear=0
shrinkage=0.08


Tree=51
num_leaves=31
num_cat=0
split_feature=2 8 2 9 4 2 3 5 0 0 2 4 5 9 0 9 3 9 5 1 7 5 5 5 4 9 7 6 7 5
split_gain=285.2 92.2802 67.9702 53.8024 52.691 57.8038 48.7474 40.5477 40.5345 39.4384 30.827 29.8118 28.7638 27.6808 25.5554 22.5627 23.271 26.2447 21.9899 21.7802 21.7184 19.6613 19.482 21.4397 43.034 19.1233 17.1382 17.1043 19.422 17.1042
threshold=0.46720430254936224 1.0000000180025095e-35 0.8760964870452882 0.5030120611190797 18042.000000000004 0.062828946858644499 6.5000000000000009 0.7119525969028474 16.500000000000004 5.5000000000000009 0.015749008394777778 2762.5000000000005 0.62744787335395824 0.74999964237213146 6.5000000000000009 4.1666304468890311e-06 27.500000000000004 0.42980307340621954 0.40119273960590368 67.500000000000014 8.5000000000000018 0.60590815544128429 0.76968595385551464 0.62062227725982677 63017.500000000007 0.14495860040187838 20.500000000000004 82.500000000000014 6.5000000000000009 0.39415359497070318
decision_type=2 2 2 2 2 2 2 2 2 2 2 2 2 2 2 2 2 2 2 2 2 2 2 2 2 2 2 2 2 2
left_child=1 4 3 12 5 10 9 11 18 -3 -1 21 -2 -11 -4 -7 17 -17 -5 -19 27 26 23 24 -6 -12 -8 -13 -29 -22
right_child=2 6 14 8 22 15 7 -9 -10 13 25 20 -14 -15 -16 16 -18 19 -20 -21 29 -23 -24 -25 -26 -27 -28 28 -30 -31
leaf_value=-0.037864273277766577 -0.0031749669884078503 -0.0086606574924874297 0.011891706929027071 -0.013117855234312154 -0.0010315233121472732 -0.020603352904011125 0.0017417615651305774 0.0079809916556405555 0.020300963719665197 -0.0040854474788184578 -0.020414590940483417 0.005640569634863985 0.0043478853666552662 0.01360837317018484 0.025382848702486045 -0.0071998589300205831 -0.0082017800264670513 -0.001968720803152425 0.0076422024392680445 0.013482439986881579 -0.029419002629330681 0.01149868508403163 0.0034340452888957595 -0.0042182940234093674 0.020413550731898426 -0.0091870306627658774 0.03250670142801082 -0.0033746392601134139 0.014908865639510525 -0.0047511492215450294
leaf_weight=319.98038758558323 5087.5180436061692 5125.2598196569343 3042.0353209180075 336.27003187884111 3904.8384925415849 562.83871988480678 5773.7279646987154 6659.6253442689813 1690.0849701797124 1240.6982888143393 1332.9373628088215 3152.3589343776694 9019.9894117984804 1040.368007403973 1275.3149932515435 7183.1349982064421 7881.0729883667009 15589.87310474713 11294.10440689785 606.59183412118 186.89518407767173 2023.9203538770962 4900.0374098935863 11260.783676357885 707.36193870973511 3574.5785547270098 118.26025965344161 4577.0814777498963 404.7172586749075 4803.3413962646082
leaf_count=432320 116850 202278 37775 7289 505219 147051 283374 119575 28259 31905 1145120 90344 156236 18724 22228 1071408 848788 1199572 178270 31008 20860 50443 201439 906775 58472 1225844 4505 151681 9731 176436
internal_value=2.80252e-11 -0.00223633 0.00654655 0.00507789 -0.00420061 -0.00600884 0.000999071 0.00254054 0.00872425 -0.00476609 -0.0138053 0.000818546 0.00163496 0.0039845 0.0158769 -0.00472816 -0.00444233 -0.00317505 0.00704197 -0.00139004 -0.00152012 0.004696 -0.000975424 -0.00233664 0.00225746 -0.0122366 0.00235926 0.00102887 -0.0018893 -0.00567501
internal_weight=124676 92930.3 31745.3 27428 57824 37051 35106.3 27699.9 13320.5 7406.33 5227.5 21040.3 14107.5 2281.07 4317.35 31823.5 31260.7 23379.6 11630.4 16196.5 13124.4 7915.91 20773 15873 4612.2 4907.52 5891.99 8134.16 4981.8 4990.24
internal_count=9479779 8932872 546907 486904 7773016 6101111 1159856 906949 213818 252907 2803284 787374 273086 50629 60003 3297827 3150776 2301988 185559 1230580 449052 338322 1671905 1470466 563691 2370964 287879 251756 161412 197296
is_linear=0
shrinkage=0.08


Tree=52
num_leaves=31
num_cat=0
split_feature=2 8 0 3 9 5 2 9 4 5 5 4 7 7 3 2 0 5 6 9 8 3 7 7 9 4 6 6 3 7
split_gain=265.172 114.267 83.8468 59.8334 50.8414 41.6178 36.9681 40.335 30.4642 30.3391 28.7193 26.8188 38.4018 27.4633 25.4567 25.2341 24.8921 24.6846 21.7598 21.3603 20.4966 33.8242 26.114 46.3798 19.0435 18.7586 34.0178 22.5307 18.9971 18.027
threshold=0.27334994077682501 1.0000000180025095e-35 5.5000000000000009 29.500000000000004 0.99999582767486583 0.37278625369071966 0.91042780876159679 0.87499928474426281 253302.00000000003 0.81119626760482799 0.75467449426651012 19315.500000000004 8.5000000000000018 4.5000000000000009 3.5000000000000004 0.6012820601463319 1.0000000180025095e-35 0.43154938519001013 122.50000000000001 0.46737590432167059 1.0000000180025095e-35 5.5000000000000009 17.500000000000004 16.500000000000004 0.5030120611190797 4479.0000000000009 22.500000000000004 25.500000000000004 29.500000000000004 19.500000000000004
decision_type=2 2 2 2 2 2 2 2 2 2 2 2 2 2 2 2 2 2 2 2 2 2 2 2 2 2 2 2 2 2
left_child=4 3 10 14 5 16 7 8 15 20 11 12 13 -3 -2 -4 -1 -14 -12 -16 22 -22 23 -7 -17 -23 -27 -28 -29 -18
right_child=1 2 6 -5 -6 9 -8 -9 -10 -11 18 -13 17 -15 19 24 29 -19 -20 -21 21 25 -24 -25 -26 26 27 28 -30 -31
leaf_value=-0.081865140522223323 0.0088524847153004949 0.0050784655296636262 0.0042199932005492465 -0.0067699890122529614 0.0027477758417655783 -0.0049608155085442028 0.026153783807900722 0.027710407625583439 0.022345272062625484 0.0057985623656002039 0.011563847687374255 -0.0025100445533327467 -0.011681962687141959 0.016376964627061352 -0.0029539319239683111 0.0060607834327012508 -0.012522236129617373 0.0022364515139103266 -0.0075165802310228529 0.0030430724206261623 -0.01040511972629282 0.0033835924673393863 -0.010991588156547731 0.015608319691815333 0.01706602906968013 -0.021709040225205419 0.0077145520888841322 -0.0066613068523851291 0.0024670412680857516 0.019814048111013501
leaf_weight=32.545914086753328 2944.666923592451 3881.0359313835161 5250.7397840129579 6711.5133401503335 7110.1541629017011 28608.511576167944 1084.1386366556599 825.58305389294401 1038.5807004624221 2017.2834681488821 3924.0695835535189 5022.1096003290186 934.42500492549152 2133.9049240670865 6131.6298615362157 1703.8886072037822 3967.7661978222022 6407.9287619726438 423.84048762566817 10001.323836487834 2510.4567537756957 5368.4361767515948 4515.7772423895767 719.21633771915367 2457.9308147717347 560.81579194625374 1442.6114405983681 4040.550168541813 2283.7970310660894 113.49334936283412
leaf_count=144346 68220 80855 101648 240413 271838 4449173 17911 13502 15547 79726 50893 95861 37892 34903 245838 27963 1391771 131924 6067 276188 106738 228480 883537 117563 40558 28086 40553 161136 68260 22389
internal_value=9.73489e-12 0.00376958 0.00674098 -0.000273251 -0.00362579 -0.00443242 0.0120437 0.0106872 0.00934247 -0.00382039 0.00385692 0.00247375 0.00434756 0.0090868 0.0020123 0.00790774 -0.0121787 0.000465124 0.00970386 0.000763799 -0.00420808 -0.0018686 -0.00532839 -0.00445639 0.0125604 -0.000303894 -0.002681 -0.00130708 -0.00336495 -0.011623
internal_weight=124169 60877.3 35088.2 25789.1 63291.4 56181.3 12360.9 11276.7 10451.1 52067.5 22727.3 18379.4 13357.3 6014.94 19077.6 9412.56 4113.81 7342.35 4347.91 16133 50050.2 16206.7 33843.5 29327.7 4161.82 13696.2 8327.77 7766.96 6324.35 4081.26
internal_count=9479779 1486183 655524 830659 7993596 7721758 217129 199218 185716 6163252 438395 381435 285574 115758 590246 170169 1558506 169816 56960 522026 6083526 633253 5450273 4566736 68521 526515 298035 269949 229396 1414160
is_linear=0
shrinkage=0.08


Tree=53
num_leaves=31
num_cat=0
split_feature=2 2 9 0 9 5 9 0 2 8 3 0 9 0 0 2 2 5 4 5 4 4 5 9 9 6 5 4 5 4
split_gain=242.887 99.8026 53.9505 46.3639 49.0415 41.1698 40.2453 33.8131 31.1535 30.8667 38.2747 28.21 25.7642 41.4007 27.9341 21.3365 18.3011 18.2105 22.521 21.0859 17.6613 15.9171 15.8593 15.6296 15.1297 17.9608 15.0995 15.0447 15.0208 17.9516
threshold=0.57294833660125744 0.22287581861019137 0.99999707937240612 3.5000000000000004 0.46737590432167059 0.5412144958972932 0.66666617989540111 4.5000000000000009 0.023952954448759559 1.0000000180025095e-35 3.5000000000000004 19.500000000000004 0.57142850756645214 16.500000000000004 1.5000000000000002 0.33514493703842169 0.92365968227386486 0.75467449426651012 929.50000000000011 0.47588364779949194 19315.500000000004 307.50000000000006 0.21313631534576419 4.1666304468890311e-06 0.66666617989540111 118.50000000000001 0.5412144958972932 3094.5000000000005 0.6936996877193452 6257.5000000000009
decision_type=2 2 2 2 2 2 2 2 2 2 2 2 2 2 2 2 2 2 2 2 2 2 2 2 2 2 2 2 2 2
left_child=1 6 5 28 -5 22 8 9 21 -8 -11 16 23 14 -14 -4 24 18 -12 -20 -21 -1 -3 -7 25 -6 -18 -10 29 -2
right_child=3 2 15 4 11 12 7 -9 27 10 17 -13 13 -15 -16 -17 26 -19 19 20 -22 -23 -24 -25 -26 -27 -28 -29 -30 -31
leaf_value=-0.065551316765632806 0.0045125348252831156 -0.02549784117135933 0.0064264064353947124 0.0016376783316283583 0.009512697292026381 -0.015994646610270277 -0.0055720391231895193 0.0050566920787984242 -0.010052397230259452 -0.014996878880990546 0.0071337852761298205 0.023918344345371847 -0.0017796466863138345 0.018468910276541947 0.0047313529723195724 0.021601197832253467 -0.00013054272573696535 0.0092770549007169106 -0.013770634381101206 0.0020003381078405546 -0.0060615662804189511 -0.022400489485957086 -0.0037689896998863832 -0.00032395402570301816 0.016905824589217102 -0.0042104049182083341 0.020857921099748124 -0.005053926245055013 0.0075206795743556149 -0.0051053913103522091
leaf_weight=67.52366158521545 2890.1432729746048 219.77765054619158 1506.6084358466323 2934.7639768766767 4543.7232491010418 416.92344420691734 16989.846087739228 3438.3237062743792 5710.2901750411838 1060.2112479392672 2104.7327867953427 1401.1437467854303 6276.1604879869519 1112.7292056197766 12854.5253156279 977.90999631678278 249.78372184750697 1446.627109312336 888.20702325948514 5087.5231461348303 2642.3698029543739 288.29873078230594 9839.1084260185053 17712.845413125986 1448.0941340625432 705.10236549683032 1801.7794742339011 11853.621875885063 3001.3507364404413 2177.9344234223681
leaf_count=207700 49912 33438 31211 52895 72395 38143 2670615 125628 1527634 49604 127994 24630 185938 20070 271513 16294 3369 28955 83533 195178 96153 402621 512512 587632 21745 12243 24991 1927815 39265 38153
internal_value=1.41397e-11 -0.00161081 0.000901728 0.00780466 0.0107459 0.000311917 -0.00409114 -0.00246057 -0.00715377 -0.00331587 -0.000418455 0.0133795 0.00150611 0.00346784 0.0025953 0.0123992 0.0116917 0.000851627 -0.000285055 -0.0020969 -0.000755526 -0.0305891 -0.00424375 -0.000684327 0.00966646 0.0076692 0.0183025 -0.006679 0.00303551 0.000379368
internal_weight=123648 102494 50916.6 21153.8 13084.4 48432.1 51577.6 33657.8 17919.7 30219.5 13229.7 10149.6 38373.2 20243.4 19130.7 2484.52 8748.48 12169.5 10722.8 8618.1 7729.89 355.822 10058.9 18129.8 6696.92 5248.83 2051.56 17563.9 8069.43 5068.08
internal_count=9479779 9140181 1696751 339598 212268 1649246 7443430 3377660 4065770 3252032 581417 159373 1103296 477521 457451 47505 134743 531813 502858 374864 291331 610321 545950 625775 106383 84638 28360 3455449 127330 88065
is_linear=0
shrinkage=0.08


Tree=54
num_leaves=31
num_cat=0
split_feature=2 2 9 5 5 8 2 0 9 0 9 3 2 0 7 5 7 4 4 5 2 9 0 9 7 7 9 1 0 9
split_gain=221.665 88.2175 45.9236 44.4897 38.5734 34.1747 33.1577 32.9182 28.5145 43.5498 28.2854 28.1348 23.2356 23.155 21.9604 21.5153 17.4942 17.3022 16.6833 16.6013 16.4624 19.9497 15.534 15.0577 14.9857 14.691 14.6402 14.6166 13.9397 13.8241
threshold=0.56711712479591381 0.17262665182352069 0.99999707937240612 0.81119626760482799 0.51803904771804821 1.0000000180025095e-35 0.015749008394777778 4.5000000000000009 0.57142850756645214 15.500000000000002 0.66666582226753246 8.5000000000000018 0.33514493703842169 1.5000000000000002 20.500000000000004 0.69174146652221691 8.5000000000000018 856.50000000000011 23316.000000000004 0.41619303822517401 0.91042780876159679 0.66666617989540111 17.500000000000004 1.8333265643377674e-06 17.500000000000004 15.500000000000002 0.25000093877315527 30.500000000000004 1.0000000180025095e-35 4.1666304468890311e-06
decision_type=2 2 2 2 2 2 2 2 2 2 2 2 2 2 2 2 2 2 2 2 2 2 2 2 2 2 2 2 2 2
left_child=1 6 4 5 -3 11 28 18 23 13 17 -2 -4 -10 15 16 -12 26 19 -7 21 22 -9 -6 -25 -18 -8 -19 -1 -29
right_child=3 2 12 -5 8 7 10 20 9 -11 14 -13 -14 -15 -16 -17 25 27 -20 -21 -22 -23 -24 24 -26 -27 -28 29 -30 -31
leaf_value=-0.081627950218030251 0.0086675078551828461 -0.004705282783845805 0.0053682473708774863 0.017356170357990298 -0.038171095429282313 -0.010132013594908378 -0.019386678434311407 0.0058125042764445309 -0.0015196598220299942 0.016585650017585944 -0.0019272930037568154 -0.003930889335151286 0.02031248085175508 0.0035610428754970294 0.024497400624657502 0.00098312866320584744 -0.010470963501755285 -0.0042744044274573194 -0.0013134572929157172 0.0080069378349795321 0.020398417715775934 0.021868591829098838 0.0170150101409349 -0.00055128997170488805 -0.0072119357587334051 -0.0041788753174285135 -0.0050038690455281622 -0.031672336585810298 -0.022719432447238695 -0.0094600322146594831
leaf_weight=27.420751129326163 1717.0026836361776 10154.160141021137 2543.3466191505722 2489.6750825682902 71.100555037370214 345.16332768446136 1276.9808664974116 3709.4173930149027 8940.9706906446445 1332.5665780306445 9827.4874453960474 3343.8408648153782 902.02014339131711 16039.658315891298 187.18246924941923 6517.8116634268663 3954.1930371416274 7597.871558518822 2295.4669288151854 5011.3625349376553 1236.7080584394644 799.8567898350575 1007.3256611175311 19351.876129730394 2433.7282481271504 5946.1286180806856 701.89732464902045 191.70051552921359 411.72763183059033 2776.7820396920615
leaf_count=144346 30411 678535 56071 36377 16197 7025 652520 59991 302269 25202 1052116 67572 15266 380530 17998 340436 782917 1604559 32622 73312 19272 12599 17972 758338 125076 726935 118467 107381 339561 877906
internal_value=2.19669e-11 -0.00158106 0.000305898 0.00728654 -0.000224271 0.00599865 -0.00453805 0.00798545 0.000720321 0.00249427 -0.00429176 0.000343395 0.00928075 0.00174258 -0.0028071 -0.00300183 -0.00431841 -0.00741995 0.00439277 0.0068381 0.0120562 0.0101861 0.00820495 -0.00141533 -0.00129537 -0.00669194 -0.0142852 -0.00613423 -0.0263977 -0.0108945
internal_weight=123142 101187 61769.4 21955.8 58324.1 19466.1 39417.2 14405.3 48169.9 26313.2 38978 5060.84 3445.37 24980.6 26432.8 26245.6 19727.8 12545.2 7651.99 5356.53 6753.31 5516.6 4716.74 21856.7 21785.6 9900.32 1978.88 10566.4 439.148 2968.48
internal_count=9479779 9122626 2357484 357153 2286147 320776 6765142 222793 1607612 708001 6281235 97983 71337 682799 2920402 2902404 2561968 3360833 112959 80337 109834 90562 77963 899611 883414 1509852 770987 2589846 483907 985287
is_linear=0
shrinkage=0.08


Tree=55
num_leaves=31
num_cat=0
split_feature=2 8 5 2 0 3 9 5 4 6 9 7 5 9 7 5 7 9 0 4 8 3 2 9 9 9 4 5 0 5
split_gain=200.848 64.3532 57.7156 54.9013 46.2765 41.8947 33.5693 31.3574 33.9125 25.4639 25.03 24.9678 24.4524 24.2877 23.2385 28.4604 23.6401 22.6472 20.5862 17.5479 18.3425 17.5404 17.4178 22.821 17.0732 16.6256 22.2999 16.192 15.9215 15.7225
threshold=0.40114942193031317 1.0000000180025095e-35 0.73808741569519054 0.08842144533991815 16.500000000000004 28.500000000000004 0.99999248981475841 0.66388624906539928 6347.5000000000009 115.50000000000001 0.99999773502349865 7.5000000000000009 0.28976984322071081 0.41522994637489324 4.5000000000000009 0.79679140448570263 12.500000000000002 7.4998747550125708e-06 7.5000000000000009 19655.000000000004 1.0000000180025095e-35 6.5000000000000009 0.82807883620262157 0.66666653752326976 0.89999940991401683 0.11882390454411508 6475.5000000000009 0.12499993667006494 18.500000000000004 0.83294382691383373
decision_type=2 2 2 2 2 2 2 2 2 2 2 2 2 2 2 2 2 2 2 2 2 2 2 2 2 2 2 2 2 2
left_child=2 5 3 12 7 13 18 8 11 14 17 -3 -1 28 15 -9 -16 -4 27 20 -8 -15 23 -6 -20 26 -14 -5 -2 -19
right_child=1 4 10 6 22 -7 19 9 -10 -11 -12 -13 25 21 16 -17 -18 29 24 -21 -22 -23 -24 -25 -26 -27 -28 -29 -30 -31
leaf_value=-0.021225584870981314 -0.0011301864457519825 0.012750122529056865 -0.01513017454948453 -0.030967214961836284 0.011343861359237751 -0.0072767770147452587 -0.00066210321569708101 0.0025980785227098842 -0.002584987876005901 -0.00034873743648450409 0.017326585067920518 0.0025038726895013847 -0.019634540112703373 0.011739920530078727 0.021736676031142009 0.016713979700668104 0.010242190348227905 0.0014977922878151636 0.001177816298135176 -0.0033402094942010453 0.006586472390824623 0.0028528124986793536 0.032229102589016102 0.036214433617466589 0.029988497988832463 -0.005333686375846922 -0.0041315895890929747 -0.0033859158398885764 -0.023083032070501476 0.010298740922499623
leaf_weight=783.23413728940068 2647.5163488342405 2628.1596121667917 482.66700068458158 136.67109304890619 1741.1446888268392 3348.1935347038161 3831.9372257458454 3153.6205703786873 4047.3216712796966 1507.0774396147863 707.35805448508836 3616.4948324737943 1326.5605799062323 2203.9585772510036 1873.7571779486993 1287.2491820378782 2944.7802276054003 11092.166328475469 4860.5625968490494 3167.8311554610555 5358.7279386958617 4002.6898620358843 443.51270443099293 273.17231305650785 135.30432023864705 10768.337984049762 1075.0561985211789 41538.662100052126 229.78896021528635 1471.4329198724772
leaf_count=692908 71074 43086 56846 51583 31010 76853 199884 48564 73112 23784 13252 65692 1015467 38001 25357 18461 42397 441877 215469 101487 131748 83089 9115 4671 3375 2020103 607111 3230900 7294 36209
internal_value=-1.35027e-11 0.00502793 -0.00208385 -0.0029797 0.007489 0.000372643 -0.00191293 0.00627659 0.00311916 0.00929487 0.00266991 0.00681617 -0.00749274 0.00319209 0.0108645 0.00668977 0.014712 0.00187524 -0.00289464 0.00179445 0.00356427 0.00600859 0.0178768 0.0147167 0.0019581 -0.00667603 -0.0126948 -0.00347637 -0.0028834 0.00252855
internal_weight=122685 35948.4 86736.5 72982.9 23516.3 12432.1 59029.7 21058.5 10292 10766.5 13753.6 6244.65 13953.2 9083.95 9259.41 4440.87 4818.54 13046.3 46671.2 12358.5 9190.67 6206.65 2457.83 2014.32 4995.87 13170 2401.62 41675.3 2877.31 12563.6
internal_count=9479779 661560 8818219 8270035 385249 276311 3934446 340453 181890 158563 548184 108778 4335589 199458 134779 67025 67754 534932 3501327 433119 331632 121090 44796 35681 218844 3642681 1622578 3282483 78368 478086
is_linear=0
shrinkage=0.08


Tree=56
num_leaves=31
num_cat=0
split_feature=2 8 7 7 6 6 2 4 2 7 7 1 9 3 0 9 6 3 1 6 6 6 5 6 0 4 4 5 0 5
split_gain=189.898 75.2647 44.8408 49.9488 62.0944 38.9418 38.8677 38.0344 39.4981 35.2125 29.5794 27.0254 31.981 24.0872 22.7494 21.8822 21.0739 20.3654 19.286 18.8641 28.5526 21.1088 22.8742 18.5212 18.3048 17.0812 61.3658 68.3812 26.9188 17.045
threshold=0.57294833660125744 1.0000000180025095e-35 8.5000000000000018 4.5000000000000009 42.500000000000007 83.500000000000014 0.8760964870452882 4831.5000000000009 0.041885966435074813 14.500000000000002 17.500000000000004 5.5000000000000009 0.47673162817955023 24.500000000000004 7.5000000000000009 0.42857150733470922 23.500000000000004 12.500000000000002 61.500000000000007 115.50000000000001 120.50000000000001 83.500000000000014 0.68013089895248424 114.50000000000001 10.500000000000002 107300.50000000001 83472.000000000015 0.69076326489448558 3.5000000000000004 0.69605797529220592
decision_type=2 2 2 2 2 2 2 2 2 2 2 2 2 2 2 2 2 2 2 2 2 2 2 2 2 2 2 2 2 2
left_child=1 7 3 4 14 10 11 8 -1 -7 17 -2 -13 15 16 -10 -3 -4 -11 21 -21 25 -23 -5 -8 26 -9 -28 -29 -27
right_child=6 2 5 23 -6 9 24 19 13 18 -12 12 -14 -15 -16 -17 -18 -19 -20 20 -22 22 -24 -25 -26 29 27 28 -30 -31
leaf_value=-0.017144554878972863 0.0016171631317455229 -0.012793477690355513 -0.015675997892093382 0.007323047725210541 -0.0026822849216889206 -0.0084880601922912476 0.011782535701457533 -0.0019910132529961959 -0.0074422423951713557 0.0046928930028653053 0.00057109889082053705 0.0011253546142772975 0.011247073073409724 -0.0089710686140776139 0.016436820846207564 -0.0011746034964421931 0.0060846254537501535 -0.0053595395175900853 -0.017243085256028769 -0.012852940782913394 -0.0014979606974710007 -0.0027215947747078594 0.006306880937126693 0.017815834339552573 0.026991026224015575 0.01064913598210528 0.0016010984495734824 -0.027833793037872673 -0.064233271227053607 -0.00035641639437321916
leaf_weight=1766.913575368766 7277.9602456281118 402.41601872798492 2072.489335383525 3194.1609278717078 9589.7137344242074 1784.9206442201976 3463.6865199709864 16719.91391147624 5188.4710742925199 7623.3873156591435 2882.4801787857323 2891.9955940658347 6461.7983310780764 6227.3605257685958 1321.6470967148198 11393.778768446769 6354.4583668179184 2993.5732118629603 265.4435068234452 2220.795956750062 3917.0830355640937 2886.3592611590539 4754.0117241779371 1624.0367666384045 593.24299338746641 1148.6472534269415 436.40624939755071 376.9034105998071 198.51905756586348 4171.4408933770574
leaf_count=1414925 119896 17844 105856 87615 300732 92604 47656 1962425 1039985 210388 93902 53139 106560 783082 23868 1078138 154839 135029 7818 257380 384055 376143 275366 28276 12347 67881 32648 33155 10263 165964
internal_value=2.23839e-11 -0.00142366 0.00127164 0.00363962 0.00167066 -0.00174995 0.00698564 -0.00318415 -0.00562146 0.00165894 -0.00589873 0.00527308 0.00811765 -0.00472884 0.00683787 -0.0031357 0.00496031 -0.00957993 0.00395479 -0.00155774 -0.0056064 -0.000748079 0.00289613 0.0108598 0.0140065 -0.00195593 -0.00314876 -0.0222799 -0.0403915 0.00201977
internal_weight=122204 101515 40108.7 22486.4 17668.2 17622.3 20688.7 61406.6 24576.5 9673.75 7948.54 16631.8 9353.79 22809.6 8078.52 16582.2 6756.87 5066.06 7888.83 36830.1 6137.88 30692.2 7640.37 4818.2 4056.93 23051.8 17731.7 1011.83 575.422 5320.09
internal_count=9479779 9140181 1258771 613174 497283 645597 339598 7881410 4316130 310810 334787 279595 159699 2901205 196551 2118123 172683 240885 218206 3565280 641435 2923845 651509 115891 60003 2272336 2038491 76066 43418 233845
is_linear=0
shrinkage=0.08


Tree=57
num_leaves=31
num_cat=0
split_feature=2 2 5 9 9 5 5 5 4 9 0 9 5 9 2 0 0 4 1 9 0 4 6 5 4 9 3 4 9 8
split_gain=174.15 79.3639 42.9796 33.9174 33.7112 28.6732 25.3661 21.7744 20.2627 18.8438 19.5404 24.1055 18.3521 18.1549 17.7499 16.6762 16.5118 18.9876 15.9423 20.9273 15.5897 15.1101 14.9547 14.0345 15.6754 12.9592 12.67 11.2778 11.1121 10.6843
threshold=0.28669276833534246 0.6885775923728944 0.58939334750175487 0.99999707937240612 0.99999582767486583 0.25077867507934576 0.75467449426651012 0.81119626760482799 253302.00000000003 0.43875007331371313 2.5000000000000004 0.69230747222900402 0.37723660469055181 0.47673162817955023 0.18016393482685092 6.5000000000000009 1.0000000180025095e-35 105.50000000000001 29.500000000000004 0.11882390454411508 11.500000000000002 5527.0000000000009 116.50000000000001 0.69817671179771434 102441.50000000001 7.4998747550125708e-06 22.500000000000004 4831.5000000000009 0.43875007331371313 1.0000000180025095e-35
decision_type=2 2 2 2 2 2 2 2 2 2 2 2 2 2 2 2 2 2 2 2 2 2 2 2 2 2 2 2 2 2
left_child=4 2 12 8 5 16 13 14 9 -4 -11 -12 -2 -3 18 27 -1 -18 -7 26 21 -13 28 24 -6 -9 -20 -15 -8 -26
right_child=1 6 3 -5 23 7 22 25 -10 10 11 20 -14 15 -16 -17 17 -19 19 -21 -22 -23 -24 -25 29 -27 -28 -29 -30 -31
leaf_value=-0.08146884255446489 -0.01086346004787388 -0.0006159517568372708 -0.0016954584715483882 0.017172998783453516 0.0010169556811110158 -0.0037163357071108511 0.005623315681320247 -0.024520985809437477 0.0092096772103275621 0.0003874600407940744 0.0029744880277466123 0.016250159809101477 -0.0010546978014843243 0.010348980667195589 -0.0016996214879384229 0.014746725863703179 0.00074919004408067699 -0.021169682744313124 -0.021734918947117907 -0.006339792415428638 0.021320624042110249 0.0045907534562153237 -0.0017188864996017198 0.0080341542318048149 -0.0055666256114040736 0.0060147986350468727 0.01704385105828319 0.0020993616740810936 0.01936022664787573 -0.042999589299640734
leaf_weight=23.93596805162997 1358.7659808786648 1631.8910379267154 6201.9468562674629 1095.9768998828222 5020.0939992183721 25774.740183416787 447.50116179294855 92.977643646237993 2912.1325328524545 8873.1544212043154 9213.3881220914845 1021.2168756985302 12020.93482815202 2005.5099718865476 20959.885864155382 2065.6043070970509 367.09208233188474 813.38945600228362 850.3213017027083 6758.1256656501682 690.99598823464476 2344.5498915659264 295.51170776101208 1995.0608263064769 111.76632694900036 2052.6480894524902 57.57330930038006 2250.8789559340576 2388.0330110966088 86.619670198648237
leaf_count=144346 86226 28378 208061 18761 217813 3608689 6322 9678 44310 190972 184714 17833 409933 27520 1138986 37366 164487 427110 872729 1329785 12645 42865 4593 50997 4984 72640 45555 31905 37465 2111
internal_value=1.01614e-11 0.00323485 0.00176284 0.00333998 -0.00282921 -0.00347329 0.00930791 -0.00321313 0.00285495 0.00220208 0.00329372 0.005237 -0.00205082 0.00690683 -0.0035249 0.00884868 -0.0156874 -0.0143536 -0.00466895 -0.00787182 0.0103754 0.00812837 0.0154074 0.00232716 0.000145338 0.00469157 -0.0192758 0.00598639 0.0171923 -0.0219107
internal_weight=121782 56818 45733.1 32353.4 64964.2 57750.7 11084.9 56546.3 31257.4 28345.3 22143.3 13270.2 13379.7 7953.88 54400.6 6321.99 1204.42 1180.48 33440.8 7666.02 4056.76 3365.77 3131.05 7213.54 5218.48 2145.63 907.895 4256.39 2835.53 198.386
internal_count=9479779 1389869 1216320 720161 8089910 7814005 173549 7078062 701400 657090 449029 258057 496159 125169 6995744 96791 735943 591597 5856758 2248069 73343 60698 48380 275905 224908 82318 918284 59425 43787 7095
is_linear=0
shrinkage=0.08


Tree=58
num_leaves=31
num_cat=0
split_feature=2 2 9 5 2 5 2 9 0 7 8 1 3 9 1 0 2 5 4 6 6 5 5 0 5 5 3 3 1 0
split_gain=157.391 66.0935 36.0102 34.9485 28.7986 27.5034 26.0451 23.873 25.1725 24.7114 19.2249 32.5759 25.2702 17.2664 16.8022 16.7818 16.0251 15.0925 20.988 19.0751 15.3234 29.1467 14.7706 14.0776 13.4511 13.222 12.8517 12.531 12.4624 12.1095
threshold=0.57294833660125744 0.22287581861019137 0.99999707937240612 0.5780966877937318 0.8760964870452882 0.66069462895393383 0.015749008394777778 0.66666617989540111 6.5000000000000009 20.500000000000004 1.0000000180025095e-35 72.500000000000014 3.5000000000000004 0.66666617989540111 46.500000000000007 7.5000000000000009 0.33514493703842169 0.75467449426651012 4396.0000000000009 22.500000000000004 24.500000000000004 0.67440575361251842 0.24477025121450427 5.5000000000000009 0.83294382691383373 0.79679140448570263 29.500000000000004 14.500000000000002 35.500000000000007 1.0000000180025095e-35
decision_type=2 2 2 2 2 2 2 2 2 2 2 2 2 2 2 2 2 2 2 2 2 2 2 2 2 2 2 2 2 2
left_child=1 6 5 -2 14 22 29 27 9 10 26 12 -12 -7 24 -15 -4 18 -14 -20 21 -21 -3 -6 -5 -17 -9 -8 -24 -1
right_child=3 2 16 4 23 13 7 8 -10 -11 11 -13 17 15 -16 25 -18 -19 19 20 -22 -23 28 -25 -26 -27 -28 -29 -30 -31
leaf_value=-0.081359476958849833 2.5283922006746865e-05 -0.018255808427328525 0.0050712141888572849 0.0051353802934457375 0.010864704882200494 0.00055899038254569899 -0.0072449582077306696 -0.0033395029252761138 0.0074537336558206033 0.024218912736779424 -0.011913870808528402 -0.040767486022912081 0.003733573525573795 0.0035122966708757541 0.020299406749539169 0.0091930857757090527 0.018412530245252891 0.0085031624774495676 -0.019524893428833134 0.023808734444479184 -0.0038999002367885592 -0.0053976868686462735 -0.0017402715989519662 0.021872968849659346 0.015805811063124012 0.028290448814844462 -0.0089500387270139391 -0.0028344539301325511 0.0054235854303837892 -0.020048903235598523
leaf_weight=21.753357936899192 4336.19789137923 331.99887592031519 1474.759548595579 11568.49415367543 2021.3486026763073 13327.512667094303 10773.691536988794 14183.691549697996 1744.6968586904113 221.27655793451413 1046.993689383642 126.48520719108637 5098.2833378648802 7082.0668879435325 536.07530354784103 1246.9850217869971 945.72526981592455 1517.4292705560802 429.46608209388796 394.42532468819991 4493.5128058509681 490.79209019045811 23773.70949586264 1176.049397508765 808.9618815062131 285.06434007105418 3203.0245758831588 6678.4047646801919 1662.8370302733965 394.84305275061888
leaf_count=144346 81225 47213 31211 188899 26249 359861 2495330 2153989 58512 19166 46470 4990 269795 142235 9272 24184 16294 30223 25654 14133 182240 13982 1013891 22091 11862 4098 386109 1258930 57764 339561
internal_value=3.99741e-11 -0.00129641 0.000764591 0.00640049 0.00811635 0.000281647 -0.0033295 -0.00316484 -0.00189773 -0.00242058 -0.00261082 -0.000357449 2.19815e-05 0.0023632 0.00643332 0.00515463 0.0102839 0.00102785 -1.22028e-05 -0.00330015 -0.00200468 0.00761579 -0.00149077 0.0149137 0.00583277 0.0127465 -0.00437309 -0.00555719 -0.00127196 -0.0232503
internal_weight=121397 100949 50130.7 20447.1 16110.9 47710.2 50818.8 50402.2 32950.1 31205.4 30984.1 13597.4 13470.9 21941.6 12913.5 8614.12 2420.48 12423.9 10906.5 5808.2 5378.73 885.217 25768.5 3197.4 12377.5 1532.05 17386.7 17452.1 25436.5 416.596
internal_count=9479779 9140181 1696751 339598 258373 1649246 7443430 6959523 3205263 3146751 3127585 587487 582497 530378 210033 170517 47505 536027 505804 236009 210355 28115 1118868 48340 200761 28282 2540098 3754260 1071655 483907
is_linear=0
shrinkage=0.08


Tree=59
num_leaves=31
num_cat=0
split_feature=2 9 2 2 5 5 9 8 0 2 0 3 9 4 5 0 5 7 7 7 3 8 9 4 4 3 5 7 6 5
split_gain=144.683 46.6315 42.5905 41.9995 28.6121 21.3676 21.2765 21.1941 20.9695 20.4986 18.8856 18.7534 19.6628 17.7759 17.1958 16.6097 16.0269 15.9104 16.3923 15.8565 13.7955 19.2914 15.586 16.2034 14.2723 13.7691 13.6681 13.2983 12.663 12.5869
threshold=0.46720430254936224 0.99999845027923595 0.84654632210731517 0.15026882290840152 0.58428397774696361 0.51803904771804821 0.66666582226753246 1.0000000180025095e-35 1.5000000000000002 0.015749008394777778 21.500000000000004 13.500000000000002 0.69230747222900402 3235.5000000000005 0.83294382691383373 39.500000000000007 0.75106957554817211 5.5000000000000009 8.5000000000000018 20.500000000000004 21.500000000000004 1.0000000180025095e-35 0.33333416283130651 3736.5000000000005 929.50000000000011 29.500000000000004 0.79430580139160167 20.500000000000004 28.500000000000004 0.37723660469055181
decision_type=2 2 2 2 2 2 2 2 2 2 2 2 2 2 2 2 2 2 2 2 2 2 2 2 2 2 2 2 2 2
left_child=1 3 4 9 29 27 15 11 -9 -1 17 12 -7 -10 19 -6 25 -8 -19 20 22 24 23 -11 -22 -4 -15 -5 -27 -2
right_child=2 -3 16 5 6 7 10 8 13 14 -12 -13 -14 26 -16 -17 -18 18 -20 -21 21 -23 -24 -25 -26 28 -28 -29 -30 -31
leaf_value=-0.021977785695783875 -0.0131279895896782 0.011795133626197456 0.012235412022448747 -0.0040731315477230932 0.0031776768530492054 -0.0013399645361244939 0.003843292608222193 -0.0015998101149076035 0.0094053736760914674 -0.0157301234015759 0.040974872332052603 -0.0034601448580544804 0.0050224720874385408 0.0013470549826867097 0.013542759861434496 0.020873571221630357 0.019294374867701521 0.0241296565359327 0.0092566614586015138 0.019895423541300129 -0.013507743688490437 0.0036991924871394711 -0.0042765277407679205 -0.0055875215816562716 -0.0024182777514528716 -0.020056391102801021 0.010400049833331771 0.023344396863300716 0.0048674338666481031 -0.00011732057815377391
leaf_weight=407.97722467085259 519.25863912456953 1634.0235391283641 2298.6746089529261 10511.094459592758 14652.379817357414 9389.9108786782472 2030.3660140850252 6286.6159965813822 3018.486171043769 1686.2821094450846 121.60375057195779 12886.657894744973 4647.2393481618819 9016.5666192918216 356.40439260160929 347.51858967434964 1328.4753354013574 666.81743862188614 1642.4293694275693 174.83790209331346 907.83451233072628 2980.0293304718216 18949.558444222057 2506.394064899152 4085.1213359690155 155.59192539994183 1210.6516562154939 114.45142497538473 807.78099792539979 5696.9482330182163
leaf_count=483907 14324 36821 35371 821930 262893 478836 31768 172506 67070 1017930 2168 675616 162856 205674 18343 5606 21779 8932 25884 20048 277754 129441 2610933 956276 773790 2373 17594 5547 11611 124198
internal_value=5.07478e-11 -0.00159719 0.00478981 -0.0018427 0.00352096 -0.000541386 0.00503023 0.000198855 0.00220502 -0.00416003 0.0098806 -0.00125655 0.000766429 0.00401086 -0.00393033 0.00358766 0.0118872 0.00900928 0.0135514 -0.00412936 -0.00426435 -0.00139447 -0.00525309 -0.00966685 -0.0044346 0.00887064 0.00241871 -0.00377781 0.00084205 -0.00120414
internal_weight=121038 90770.1 30267.8 89136.1 25677.3 57081.7 19461.1 46456.1 19532.3 32054.4 4461.22 26923.8 14037.2 13245.7 31646.5 14999.9 4590.52 4339.61 2309.25 31290.1 31115.2 7972.99 23142.2 4192.68 4992.96 3262.05 10227.2 10625.5 963.373 6216.21
internal_count=9479779 8932872 546907 8896051 475773 2607629 337251 1780152 462844 6288422 68752 1317308 641692 290338 5804515 268499 71134 66584 34816 5786172 5766124 1180985 4585139 1974206 1051544 49355 223268 827477 13984 138522
is_linear=0
shrinkage=0.08


Tree=60
num_leaves=31
num_cat=0
split_feature=2 2 9 5 5 5 7 9 0 9 7 5 9 1 3 4 5 0 4 5 9 6 4 2 9 1 9 7 7 4
split_gain=135.234 62.645 30.8965 27.4067 27.0029 22.8378 22.7998 20.1791 22.2047 19.2266 18.4718 16.236 16.126 17.2474 14.9013 14.136 14.7676 13.7246 13.2875 12.9857 12.396 12.2224 16.5692 12.1663 11.8013 10.2982 18.1994 15.0594 16.4173 12.9801
threshold=0.28669276833534246 0.6885775923728944 0.99999582767486583 0.81119626760482799 0.72243767976760875 0.1868645250797272 20.500000000000004 0.45553363859653478 8.5000000000000018 0.99999248981475841 17.500000000000004 0.38895379006862646 0.61538448929786693 19.500000000000004 26.500000000000004 2286.5000000000005 0.57317069172859203 9.5000000000000018 49295.000000000007 0.41619303822517401 7.4998747550125708e-06 1.5000000000000002 307.50000000000006 0.92980295419693004 2.2499897340821921e-06 5.5000000000000009 0.66666632890701305 8.5000000000000018 6.5000000000000009 5708.5000000000009
decision_type=2 2 2 2 2 2 2 2 2 2 2 2 2 2 2 2 2 2 2 2 2 2 2 2 2 2 2 2 2 2
left_child=3 2 4 5 11 21 9 -3 -9 10 14 -2 -6 -14 19 -11 -17 -4 -18 -7 -5 -1 -23 -10 -21 27 -27 28 -13 -28
right_child=1 7 17 20 12 6 -8 8 23 15 -12 25 13 -15 -16 16 18 -19 -20 24 -22 22 -24 -25 -26 26 29 -29 -30 -31
leaf_value=-0.081270402788539101 -0.0085630995165328419 0.0012451762265620059 0.0081288678741165514 -0.023245293524061284 0.0018378858610165172 -0.0087300299381891516 0.020059168738000965 0.0075256015094561151 0.013982248651002855 0.003804342976600887 -0.0076858320530765788 -0.00089330314725720504 0.0053467894937823729 0.017112716934189205 -0.00049032701988782341 -0.0078181017823197967 0.0020888518601582568 0.029509398275802221 -0.0051331449579449639 -0.030325157315781576 0.0068899689976515636 -0.0040721495252172149 -0.032134463370538525 0.02914824813048654 -0.003207082902812975 1.7797591250884185e-05 0.011176019129009663 -0.0048306765909408387 0.0098126912410200565 0.0018277475553003331
leaf_weight=19.387871415396148 1432.8893829095105 2078.1129221395513 2581.1447414780414 90.701885389324161 7343.235301658262 3164.1166337523136 280.88578521567251 6342.7256988322142 2013.9822804557034 4074.3341092852752 6026.5963047009282 5431.5948396780768 3862.1228058018842 1004.7986295140581 11448.859677360739 2062.3512917466442 5186.9944481754383 207.60549929115223 2377.9299832817633 103.10096835161676 2370.6230988367242 300.89650596201136 243.73862044920679 406.93058068039682 26731.271605754147 13258.633818514989 1819.1800326626817 5282.0239083702945 1102.8268115001119 1990.9423390328302
leaf_count=144410 92762 34575 48101 9678 144258 1070508 22901 92029 38305 236136 979337 166373 60421 16591 1142812 157857 216320 3783 94380 40551 79168 163712 174580 8640 3557560 389927 38363 184643 27523 43575
internal_value=3.29103e-11 0.00287009 0.00156319 -0.00249963 0.00102828 -0.00282819 -0.00268113 0.00833276 0.0100134 -0.00278554 -0.00354746 -0.000251005 0.00420476 0.00777592 -0.00294572 -0.000145596 -0.00181724 0.00972052 -0.000181284 -0.00388282 0.00577946 -0.0188527 -0.0166308 0.0165315 -0.00331127 0.000161328 0.00141815 -0.00165414 0.000913568 0.00629117
internal_weight=120641 56158.7 45317 64481.8 42528.2 62020.5 61456.4 10841.8 8763.64 61175.6 47473.9 30318.1 12210.2 4866.92 41447.3 13701.6 9627.28 2788.75 7564.92 29998.5 2461.32 564.023 544.635 2420.91 26834.4 28885.2 17068.8 11816.4 6534.42 3810.12
internal_count=9479779 1389869 1216320 8089910 1164436 8001064 7518362 173549 138974 7495461 6790768 943166 221270 77012 5811431 704693 468557 51884 310700 4668619 88846 482702 338292 46945 3598111 850404 471865 378539 193896 81938
is_linear=0
shrinkage=0.08


Tree=61
num_leaves=31
num_cat=0
split_feature=2 8 3 5 0 5 5 7 7 5 6 6 7 5 4 6 5 6 3 9 9 0 9 9 4 5 4 5 2 3
split_gain=125.742 50.6067 36.5009 27.3661 27.1657 27.062 28.5719 25.1533 58.184 26.565 25.5291 49.2956 38.0509 24.6131 25.8171 22.9641 21.7107 20.4931 19.8909 18.5636 15.8515 15.7904 16.066 15.6071 15.0558 14.4375 15.2427 24.1192 13.7964 13.342
threshold=0.57294833660125744 1.0000000180025095e-35 6.5000000000000009 0.14160569757223132 5.5000000000000009 0.69174146652221691 0.69076326489448558 17.500000000000004 16.500000000000004 0.51416715979576122 115.50000000000001 120.50000000000001 15.500000000000002 0.73808741569519054 3530.0000000000005 84.500000000000014 0.58282724022865307 116.50000000000001 6.5000000000000009 0.7777773141860963 2.9166492367949108e-06 2.5000000000000004 0.66666617989540111 0.41522994637489324 93473.500000000015 0.62062227725982677 85.500000000000014 0.31340929865837103 0.11443452537059785 29.500000000000004
decision_type=2 2 2 2 2 2 2 2 2 2 2 2 2 2 2 2 2 2 2 2 2 2 2 2 2 2 2 2 2 2
left_child=1 3 4 -1 -3 6 21 8 9 -5 12 -12 18 14 25 -10 -16 23 -11 -6 -14 -2 29 -7 -8 26 -4 -28 -21 -23
right_child=5 2 13 7 19 17 24 -9 15 10 11 -13 20 -15 16 -17 -18 -19 -20 28 -22 22 -24 -25 -26 -27 27 -29 -30 -31
leaf_value=-0.030082938715173691 -0.0025302182413314955 -0.0069749823828395494 0.015817360576710619 -0.0059373379290002032 -0.0022168311736084408 0.0014215415862123466 -0.0035812361408434378 -0.0068807382875142832 0.020125528598777177 0.0015378158791252948 -0.013652348249769995 -0.00047848736654495746 -0.043209264416129683 0.0070144307484037143 -0.0059581629014624146 -0.0023581756271789053 0.0009308274846373776 -0.00099631169645068266 -0.0032828729613882269 -0.017071664997722866 0.0050468620158750244 0.0059478142261395594 0.014871628527147627 0.011855901919254183 -0.056421391763311714 0.0094137518531415797 -0.016329868667943555 0.002811305908309295 0.014648641775876497 -0.0014321240235827684
leaf_weight=231.17945107645937 2171.6988028165561 5424.5208041206351 518.46217044907098 10476.637772983682 1705.0124914551852 1059.160131447341 62.325721085697296 7382.5439003456413 1049.6760566651865 7757.9341391785056 2971.3567373970291 4682.7655947429521 43.838067616859917 5791.29359026155 3950.668120391414 402.10460201536625 11308.308281194093 1143.8065829881925 18639.197550596109 97.283154635806568 7013.0586288982449 5622.0833650174982 957.27432372375188 6855.6436737017884 77.329987559583969 2651.9068052639486 449.42841920684441 6735.1518212762276 895.94232768128859 2174.0944475240822
leaf_count=332062 42677 210971 30362 2466616 41212 16825 1083 1085210 150709 761482 333498 469670 11536 98512 182417 102759 298803 19291 1601682 2355 566186 99472 15740 106119 1492 60962 50015 266856 16306 36899
internal_value=4.37456e-12 -0.0011592 0.00106806 -0.00261079 -0.00371205 0.00577072 0.00311624 -0.00250567 -0.00189667 -0.0023412 -0.0014247 -0.00559263 -0.000471098 0.00230441 0.00123948 0.0138981 -0.000852786 0.00901307 -0.00186611 0.00284772 0.00474709 0.00357587 0.00509076 0.0104596 -0.0328398 0.00432262 0.00256992 0.00161394 0.0115417 0.0038898
internal_weight=120302 100178 39528 60650.3 8122.76 20123.4 11064.8 60419.1 53036.6 51584.8 41108.2 7654.12 33454 31405.2 25613.9 1451.78 15259 9058.61 26397.1 2698.24 7056.9 10925.2 8753.45 7914.8 139.656 10354.9 7703.04 7184.58 993.225 7796.18
internal_count=9479779 9140181 1258771 7881410 270844 339598 197363 7549348 6464138 6210670 3744054 803168 2940886 987927 889415 253468 481220 142235 2363164 59873 577722 194788 152111 122944 2575 408195 347233 316871 18661 136371
is_linear=0
shrinkage=0.08


Tree=62
num_leaves=31
num_cat=0
split_feature=2 8 3 0 9 7 7 6 4 5 9 3 5 8 3 4 5 4 5 5 5 9 0 4 7 4 2 7 7 6
split_gain=115.047 54.3642 50.9431 44.6789 23.9997 22.6685 29.6092 28.9519 18.3827 23.1223 17.9973 17.9878 19.7883 18.3931 16.3482 14.3367 14.3173 15.0773 14.1187 13.9894 13.5476 13.4927 13.3423 12.9652 12.5825 12.18 12.1322 10.2988 26.2291 10.2041
threshold=0.28669276833534246 1.0000000180025095e-35 29.500000000000004 5.5000000000000009 0.99999248981475841 7.5000000000000009 4.5000000000000009 42.500000000000007 2002.0000000000002 0.41808228194713598 0.49615384638309484 18.500000000000004 0.29576784372329717 1.0000000180025095e-35 3.5000000000000004 1328.0000000000002 0.7822885811328889 1456.5000000000002 0.75467449426651012 0.5795082449913026 0.40119273960590368 4.1666304468890311e-06 1.5000000000000002 39079.500000000007 20.500000000000004 253302.00000000003 0.125657893717289 8.5000000000000018 4.5000000000000009 83.500000000000014
decision_type=2 2 2 2 2 2 2 2 2 2 2 2 2 2 2 2 2 2 2 2 2 2 2 2 2 2 2 2 2 2
left_child=4 2 14 8 11 6 7 -5 19 -10 -7 12 22 15 -2 -13 17 -6 24 -3 -19 -16 -1 -4 27 26 -14 28 -11 -22
right_child=1 3 23 5 16 10 -8 -9 9 18 -12 13 25 -15 21 -17 -18 20 -20 -21 29 -23 -24 -25 -26 -27 -28 -29 -30 -31
leaf_value=-0.019981290556101018 0.007717293001853396 0.0033339862825049393 -0.0088292721713020949 0.014383947471307987 0.0047059255806672111 -0.0052570263663994157 0.021282220716097141 0.0021114491313270279 -0.022238241160046069 -0.00014710438859967239 0.0070905845938043647 -0.0084841827744627923 -0.0060495929730471519 0.0020633048250668692 -0.018424498212366015 -0.0016684029386038457 0.010642006759166276 -0.021054625933682694 0.005899984907559175 0.011938283995037265 -0.0033213806466777284 0.0012149520126421903 0.0011734769923857052 -0.00072890615694568516 0.087154096719598256 0.004403128033397488 -0.0027553104014273744 -0.0026943993941962864 0.012447415751554555 0.0018180259531085153
leaf_weight=816.46121657274489 2668.7405900645699 2977.5975416444526 4402.2591405037856 2713.4066068420771 3231.3037374251235 945.00226888004545 1617.693629101128 2250.6908428503093 263.27913422676465 5833.3591010361442 3766.8847489453074 2505.4409474521526 13131.308373444932 6994.7845871467507 227.40183963245363 9331.7018672693521 849.65861306607258 223.11597254039953 3814.977422194168 2036.4354418655385 5785.4499403706432 14467.66820501357 248.99825955605047 1774.2724126781832 10.665844672359524 1078.8460591454859 15720.343285470197 4674.4668065744399 1292.8188177397951 4317.6328549341833
leaf_count=600350 62345 82072 178387 48372 194717 19892 27043 45362 12500 117090 71260 613729 3466548 275365 18542 1228874 20404 30342 53252 34162 291823 457096 71382 44155 145 44552 1056934 98383 19811 194890
internal_value=-4.2261e-11 0.00265949 -0.000262478 0.00479582 -0.00230768 0.0088502 0.0118828 0.00881967 0.00260535 0.00127268 0.00461418 -0.00313917 -0.00432395 -0.00118911 0.00195713 -0.00311103 0.000568093 -6.32463e-05 0.0016688 0.0068286 -0.00155563 0.000911037 -0.0150374 -0.00650236 0.000302154 -0.00394257 -0.00425464 0.000223654 0.00213777 -0.00112501
internal_weight=119973 55737.6 23540.3 32197.3 64235 11293.7 6581.79 4964.1 20903.6 15889.6 4711.89 49827.9 30996 18831.9 17363.8 11837.1 14407.2 13557.5 15626.3 5014.03 10326.2 14695.1 1065.46 6176.53 11811.3 29930.5 28851.7 11800.6 7126.18 10103.1
internal_count=9479779 1389869 760525 629344 8089910 211929 120777 93734 417415 301181 91152 7357734 5239766 2117968 537983 1842603 732176 711772 288681 116234 517055 475638 671732 222542 235429 4568034 4523482 235284 136901 486713
is_linear=0
shrinkage=0.08


Tree=63
num_leaves=31
num_cat=0
split_feature=2 2 9 0 9 5 0 2 9 2 0 5 5 4 0 5 4 2 9 0 1 9 9 7 9 5 4 7 6 6
split_gain=109.091 45.8556 30.0404 26.1311 21.4875 20.6254 19.7838 18.1549 16.1256 12.5089 12.4201 12.3631 12.0693 35.3789 27.4746 12.0647 13.1672 13.1504 12.0189 18.4236 10.7179 16.2032 10.6808 10.4976 10.1931 9.81392 16.6494 11.9169 12.9179 18.3485
threshold=0.61577314138412487 0.22287581861019137 0.99999582767486583 3.5000000000000004 0.47673162817955023 0.74265706539154064 18.500000000000004 0.022857889533042911 0.99999582767486583 0.92365968227386486 1.0000000180025095e-35 0.21313631534576419 0.73315289616584789 83472.000000000015 4.5000000000000009 0.79679140448570263 50268.000000000007 0.38529014587402349 0.61538448929786693 14.500000000000002 26.500000000000004 0.86811554431915294 2.9166492367949108e-06 20.500000000000004 0.11882390454411508 0.57450440526008617 148.50000000000003 15.500000000000002 60.500000000000007 53.500000000000007
decision_type=2 2 2 2 2 2 2 2 2 2 2 2 2 2 2 2 2 2 2 2 2 2 2 2 2 2 2 2 2 2
left_child=1 7 5 -2 -5 11 9 10 22 -6 -1 -3 20 -14 -15 16 17 -4 -7 -20 -13 24 -9 25 -22 27 -27 -24 29 -29
right_child=3 2 15 4 6 18 -8 8 -10 -11 -12 12 13 14 -16 -17 -18 -19 19 -21 21 -23 23 -25 -26 26 -28 28 -30 -31
leaf_value=-0.081103812475761011 0.0018475124659474019 -0.020721063227067665 0.0048018956503403298 0.0017472143475590455 0.00681104293459026 0.00088997183371527469 0.020330336137151607 -0.020766293036244516 0.0015503413321732585 0.014481807484127134 -0.011634939691056959 -0.0009459726583977557 -0.0034923340234554261 -0.015746333330162749 -0.089521380991918614 0.022540227273900766 -0.0040266258749155591 0.015982338736374349 0.0047836587750129814 0.022693390502828686 -0.037217433839041358 0.023728238661882586 -0.0058455843876768412 0.015764517598262945 0.0024465705304498749 -0.022991671377673047 -0.0018374329139766602 -7.7558118448888845e-05 -0.0046263582464332164 0.019052301248233518
leaf_weight=16.713882338117401 6356.7443470714788 197.60089274864004 2291.5129200040574 2457.4461363532537 5388.684995787693 5827.9315547591686 1085.9864687458912 215.52741591237282 5625.7609103801005 1820.1277715559672 1134.4500646023516 31859.547054418334 875.71564037335338 73.833178900065832 57.440554692060687 301.75481225503609 697.78325358277652 953.41751284595011 4041.356375978401 404.38366805424448 41.858361500810133 232.69575154280756 12038.636413737793 191.73643890242238 4423.0416768585274 240.31059477082454 26035.70868759252 1564.3535358470981 2776.0972721043581 403.70003711975005
leaf_count=144346 102244 33345 51417 45654 90196 130863 21481 92534 241100 28010 858695 1246002 21704 2298 1827 4516 13711 17045 67715 6394 8117 5273 2641259 19006 138537 29389 2510837 287698 562281 56285
internal_value=2.92622e-11 -0.000986879 0.000671739 0.00591371 0.00831765 0.000101697 0.0102642 -0.00271274 -0.00247987 0.00874781 -0.0126436 -0.000762966 -0.000657979 -0.00929806 -0.0480276 0.007123 0.00594305 0.00808691 0.00327984 0.00641272 -0.000419983 0.00314733 -0.00300149 -0.00291297 0.00207472 -0.00299614 -0.0020309 -0.00450736 -0.0011115 0.00384648
internal_weight=119632 102523 52279.9 17109 10752.2 48035.4 8294.8 50243 49091.8 7208.81 1151.16 37761.7 37564.1 1006.99 131.274 4244.47 3942.71 3244.93 10273.7 4445.74 36557.1 4697.6 43466.1 43250.5 4464.9 43058.8 26276 16782.8 4744.15 1968.05
internal_count=9479779 9192194 1748764 287585 185341 1662075 139687 7443430 6440389 118206 1003041 1457103 1423758 25829 4125 86689 82173 68462 204972 74109 1397929 151927 6199289 6106755 146654 6087749 2540226 3547523 906264 343983
is_linear=0
shrinkage=0.08


Tree=64
num_leaves=31
num_cat=0
split_feature=2 2 2 9 9 0 5 0 5 2 5 9 9 0 4 9 7 5 1 5 4 9 7 0 4 3 8 5 7 0
split_gain=98.982 38.3818 24.5116 24.2815 18.7669 28.5045 21.9536 16.8438 15.4337 15.3314 14.8719 13.7825 12.7117 12.6631 12.4957 12.2686 12.2467 12.1281 11.9886 11.8199 16.4333 11.0137 10.9125 10.8305 10.5465 10.3984 15.0007 10.9318 10.3255 9.55584
threshold=0.57294833660125744 0.17262665182352069 0.8760964870452882 0.99999845027923595 0.59999981522560131 1.5000000000000002 0.79679140448570263 39.500000000000007 0.55598032474517833 0.015749008394777778 0.83294382691383373 0.99999582767486583 1.8333265643377674e-06 16.500000000000004 686.50000000000011 0.51925924420356762 17.500000000000004 0.41808228194713598 5.5000000000000009 0.66731697320938121 6573.5000000000009 0.66666617989540111 5.5000000000000009 5.5000000000000009 9413.5000000000018 21.500000000000004 1.0000000180025095e-35 0.39415359497070318 20.500000000000004 1.0000000180025095e-35
decision_type=2 2 2 2 2 2 2 2 2 2 2 2 2 2 2 2 2 2 2 2 2 2 2 2 2 2 2 2 2 2
left_child=1 9 7 4 12 -6 13 8 -2 29 11 25 -3 14 -7 -10 -14 -16 -17 20 -4 -20 -23 -22 -18 27 -27 -11 -29 -1
right_child=2 3 19 -5 5 6 -8 -9 15 10 -12 -13 16 -15 17 18 24 -19 21 -21 23 22 -24 -25 -26 26 -28 28 -30 -31
leaf_value=-0.081020663005350518 -0.00203359483265403 -0.034555888515538598 0.011906189724940166 0.011778875248571734 -0.0019193063060092609 0.0075148230348737657 0.012540317070255186 0.023015607842821088 0.0021815837424087013 -0.0096135382842123373 0.011310067719078149 0.0014153688992045521 -0.00083763342104346242 0.011773730424368429 -0.010963450671943124 0.0031004209417643327 -0.0086221914392880395 0.0015362256882649711 0.0075682885906833506 0.015097663158080926 -0.010577008197288667 0.0077855950466341022 0.025493564272430432 0.012713136912142337 0.0026873885487649412 -0.0038252953968178471 0.0026154023350106917 -0.0039916966089696944 0.025699272783609284 -0.01630634747585891
leaf_weight=15.199654036241553 2728.5876602135868 74.352592356604873 1143.6688384188938 1140.8141969651624 11288.87461553191 2240.3162442315952 1458.097993170406 286.35347311230726 6659.500041996449 2369.9792356800353 468.9167830254446 3996.629314311489 24682.651845442582 873.24808913643938 513.0320045518456 2743.6814342675507 2431.7759568068395 15693.369742550105 2725.8860948156544 2029.7450826181748 460.98387592698873 395.68797055729374 509.5174707056276 176.79521801609826 673.96155789132172 6049.0478792971153 3748.4878297124524 21329.375557728614 75.226638644526247 372.1401546159359
leaf_count=144346 55694 18816 16701 23037 518642 65516 22150 5013 115906 1047798 21068 197519 1113317 18010 22362 40688 138790 401956 47378 33809 6279 6881 8035 3214 32443 1176468 157528 3673799 7055 339561
internal_value=3.21979e-11 -0.00102929 0.00515649 0.000217065 -3.02434e-06 0.00131659 0.00307468 0.00378691 0.0034376 -0.00301018 -0.00284892 -0.00302565 -0.00152176 0.0023603 0.00191468 0.00458293 -0.00143337 0.00114053 0.00709154 0.0109239 0.00616831 0.0101073 0.017753 -0.00412088 -0.00616795 -0.00355434 -0.00136112 -0.00445817 -0.00388735 -0.0188458
internal_weight=119356 99495.5 19860.4 61070.5 59929.7 32066.9 20778.1 16049.2 15762.9 38425 38037.7 37568.7 27862.7 19320 18446.7 13034.3 27788.4 16206.4 6374.77 3811.19 1781.45 3631.09 905.205 637.779 3105.74 33572.1 9797.54 23774.6 21404.6 387.34
internal_count=9479779 9140181 339598 2375039 2352002 1048636 529994 279595 274582 6765142 6281235 6260167 1303366 507844 489834 218888 1284550 424318 102982 60003 26194 62294 14916 9493 171233 6062648 1333996 4728652 3680854 483907
is_linear=0
shrinkage=0.08


Tree=65
num_leaves=31
num_cat=0
split_feature=2 8 3 0 9 2 2 4 2 5 9 3 5 7 9 0 9 5 0 2 9 6 4 5 9 0 7 1 4 5
split_gain=90.0886 31.1186 30.9538 30.6572 27.7207 24.7271 15.4938 13.8089 13.5168 12.8695 12.1854 12.0964 12.0236 11.9863 11.6085 14.8752 11.3687 9.92692 9.91513 9.81458 13.4571 9.75298 10.3521 10.0851 9.5916 9.33029 9.27551 9.63551 9.83964 9.16782
threshold=0.46720430254936224 1.0000000180025095e-35 5.5000000000000009 13.500000000000002 0.99999815225601207 0.17677696049213412 0.92365968227386486 253302.00000000003 0.015749008394777778 0.35344369709491735 0.99999582767486583 29.500000000000004 0.51803904771804821 20.500000000000004 0.60208329558372509 1.5000000000000002 0.33333365619182592 0.79679140448570263 16.500000000000004 0.72821971774101268 0.68749982118606578 22.500000000000004 1950.5000000000002 0.49437747895717626 2.9166492367949108e-06 22.500000000000004 20.500000000000004 24.500000000000004 1269.5000000000002 0.25077867507934576
decision_type=2 2 2 2 2 2 2 2 2 2 2 2 2 2 2 2 2 2 2 2 2 2 2 2 2 2 2 2 2 2
left_child=4 2 -2 6 5 7 10 8 -1 -4 21 16 26 24 -14 -16 25 -6 -17 20 -5 -3 -23 -24 -10 -11 27 28 -7 -26
right_child=1 3 9 19 17 12 -8 -9 13 11 -12 -13 14 -15 15 18 -18 -19 -20 -21 -22 22 23 -25 29 -27 -28 -29 -30 -31
leaf_value=-0.018386299693398164 0.0095446522282130915 -0.0049217918586656169 -0.029153922288161493 0.0071738063485017522 0.0059332511398113175 -0.0011367966192057076 0.0095017456746462024 0.0057531808880830803 -0.024116363168890289 -0.0080811023537921672 0.014442411951293799 -0.0061084681091044838 -0.0012547974522554033 0.015990853630399475 -0.001099268548437522 0.0026289333680140424 0.0019993873447616854 0.025989755894826518 0.01259811621168251 0.019936074962628607 0.02941834959212223 0.0078940836769572104 -0.010007102366814694 0.0027483862771885172 -0.011435743584166921 -0.071689443183167556 0.022406631870178786 0.0052813411739100983 -0.00674686864354549 -0.0029653777383226061
leaf_weight=375.60554989876982 1796.7309071629988 973.87742534400604 110.9833691023523 1438.8551771065108 2117.1813730666909 3842.4235989324334 3131.9182497338043 1113.8867793482059 140.33613269623311 593.61489454431285 599.90722755985735 2632.0103702855376 17699.011507087354 208.57182008994278 8764.2720596174549 13190.183419851612 4415.6718337722323 170.66845817747526 670.97743900195928 996.10399430406642 198.00698913092492 2591.6115075046291 413.80150554966349 9601.5459319679212 837.14413331908145 15.134951984276993 91.226901373884175 775.35217690422724 4174.9095717837372 35371.786096672593
leaf_count=483017 31683 18963 4240 26701 53299 295188 45296 51292 75669 19746 9933 58282 813969 21314 302269 330049 92731 3009 13303 21859 3799 45688 9663 157531 493232 792 4336 39796 306309 5646821
internal_value=2.96388e-11 0.00383344 8.18243e-05 0.00563238 -0.00126334 -0.00149126 0.00440925 -0.00302284 -0.00328751 -0.00210708 0.00328453 -0.00171503 -0.00030707 -0.00313239 0.000279885 0.00148041 0.000586447 0.00742942 0.00311151 0.0136749 0.00986467 0.00279165 0.00338751 0.00222137 -0.00324211 -0.00966256 -0.00297128 -0.00323459 -0.00405816 -0.00316121
internal_weight=119053 29509.8 9564.15 19945.6 89543.5 87255.7 17312.7 38047.3 36933.4 7767.42 14180.7 7656.43 49208.4 36557.8 40324.4 22625.4 5024.42 2287.85 13861.2 2632.97 1636.86 13580.8 12607 10015.3 36349.3 608.75 8883.91 8792.69 8017.33 36208.9
internal_count=9479779 546907 207474 339433 8932872 8876564 287074 6771345 6720053 175791 241778 171551 2105219 6237036 1459590 645621 113269 56308 343352 52359 30500 231845 212882 167194 6215722 20538 645629 641293 601497 6140053
is_linear=0
shrinkage=0.08


Tree=66
num_leaves=31
num_cat=0
split_feature=2 8 3 5 6 2 0 6 6 7 7 5 4 5 9 3 0 7 9 1 7 6 4 6 4 7 6 9 6 4
split_gain=82.9356 37.4322 29.9282 24.4022 22.4191 20.5881 19.9497 19.8043 36.2668 27.5705 68.4821 22.3982 18.5995 29.6713 17.158 17.0716 15.4168 14.7298 15.6903 14.5718 13.8673 13.7713 21.4039 21.1407 17.1611 13.569 21.2615 12.7389 12.2042 13.1325
threshold=0.61577314138412487 1.0000000180025095e-35 5.5000000000000009 0.83056166768074047 3.5000000000000004 0.093933824449777617 2.5000000000000004 115.50000000000001 120.50000000000001 15.500000000000002 17.500000000000004 0.5673828423023225 1950.5000000000002 0.56039884686470043 0.45553363859653478 5.5000000000000009 19.500000000000004 18.500000000000004 0.73746848106384288 20.500000000000004 8.5000000000000018 114.50000000000001 164736.00000000003 115.50000000000001 50268.000000000007 16.500000000000004 84.500000000000014 2.9166492367949108e-06 112.50000000000001 426007.50000000006
decision_type=2 2 2 2 2 2 2 2 2 2 2 2 2 2 2 2 2 2 2 2 2 2 2 2 2 2 2 2 2 2
left_child=1 4 5 12 -1 -3 -2 9 -9 11 25 -6 -4 20 -8 -13 -16 18 -12 -7 -14 22 24 -23 -15 27 -27 -11 29 -17
right_child=6 2 3 -5 7 19 14 8 -10 10 17 15 13 21 16 28 -18 -19 -20 -21 -22 23 -24 -25 -26 26 -28 -29 -30 -31
leaf_value=-0.014411678656864432 -0.00032447816410715333 -0.013966007226607324 0.0047360578556285959 0.012187861139746917 -0.0053773517191653521 -0.005502255270662719 0.0010500455864989057 -0.011356954159486416 -0.0014019304982333545 -0.038397743181984897 -0.030995688788654979 0.0027828134086851464 -0.0007579653841654528 0.00143335313726618 0.00700429115597962 -0.0034632814822699379 0.017007280039483742 -0.0038566769941019352 -0.0039569822041206123 0.0031133498865160755 -0.0098122324402257505 0.014608651574389999 0.012320480574530753 0.0024045858373914083 -0.0047670038614622259 0.018727504755802874 -0.0026448516201760938 0.004717655621404037 0.004995807129383305 0.0066314559611776111
leaf_weight=933.96632826380664 3361.4907395472601 1105.9549634582017 8464.0437799785213 1426.8351973677782 11708.540901389038 3040.6520978115495 2852.8602867196059 3776.9863214739071 6164.9551834546528 44.10234309815678 277.0585374793809 5555.622905942495 2022.5528819224819 10342.761116428406 9580.1985235384982 15278.686721951952 1099.2325625663361 5524.9214131186964 272.39434371669631 2141.0611381927738 2329.4781305165197 1194.124546477171 918.32042677985737 3796.952219189061 3947.1765610000002 1074.8754106132474 412.11693770186139 7913.2258193965608 1351.3856958687247 871.83972119324972
leaf_count=295198 59772 68181 337148 20712 2640417 87346 51265 497222 772859 12583 65497 473063 87253 268069 154093 1255292 22455 765381 42937 50754 129819 20463 16622 100531 100574 155214 115233 709350 82573 21903
internal_value=2.04871e-11 -0.00086075 0.00101824 0.0019448 -0.00211206 -0.0040572 0.0051914 -0.00192133 -0.00518389 -0.00127628 0.0015275 -0.00252782 0.00150212 0.00038723 0.00656157 -0.00108083 0.0080339 -0.00509901 -0.0175911 -0.00194233 -0.00560437 0.00167815 0.0004815 0.00532443 -0.000279314 0.00578953 0.0128042 0.00447869 -0.00230727 -0.00291835
internal_weight=118784 101891 40729.9 34442.2 61160.7 6287.67 16893.8 60226.7 9941.94 50284.8 15518.7 34766.1 33015.4 24551.4 13532.3 23057.5 10679.4 6074.37 549.453 5181.71 4352.03 20199.3 15208.3 4991.08 14289.9 9444.32 1486.99 7957.33 17501.9 16150.5
internal_count=9479779 9192194 1287472 1081191 7904722 206281 287585 7609524 1270081 6339443 1866195 4473248 1060479 723331 227813 1832831 176548 873815 108434 138100 217072 506259 385265 120994 368643 992380 270447 721933 1359768 1277195
is_linear=0
shrinkage=0.08


Tree=67
num_leaves=31
num_cat=0
split_feature=2 2 5 9 9 5 3 3 5 8 8 0 0 0 6 9 9 4 5 4 9 1 9 4 8 3 4 5 4 7
split_gain=77.4844 36.9807 22.7768 20.9745 15.7838 15.2079 14.1098 13.2169 13.0271 12.8018 12.6037 12.2852 11.4875 11.0947 10.8438 10.8117 10.804 10.6913 10.4516 15.8728 9.64555 9.57701 9.56389 10.1915 9.56178 27.1853 18.0217 9.50095 9.48904 10.7351
threshold=0.28669276833534246 0.76764950156211864 0.5412144958972932 0.99999815225601207 0.99999248981475841 0.83294382691383373 18.500000000000004 9.5000000000000018 0.29576784372329717 1.0000000180025095e-35 1.0000000180025095e-35 26.500000000000004 16.500000000000004 1.5000000000000002 25.500000000000004 2.9166492367949108e-06 0.45553363859653478 929.50000000000011 0.69817671179771434 1456.5000000000002 0.53923073410987865 8.5000000000000018 7.4998747550125708e-06 253302.00000000003 1.0000000180025095e-35 29.500000000000004 1795.5000000000002 0.22132766991853717 686.50000000000011 20.500000000000004
decision_type=2 2 2 2 2 2 2 2 2 2 2 2 2 2 2 2 2 2 2 2 2 2 2 2 2 2 2 2 2 2
left_child=4 2 27 5 6 11 8 -3 13 12 17 15 -9 -1 21 -4 -14 -8 19 -6 -13 -11 -10 -24 25 -17 -26 -2 -29 -30
right_child=1 7 3 -5 18 -7 10 9 22 14 -12 20 16 -15 -16 24 -18 -19 -20 -21 -22 -23 23 -25 26 -27 -28 28 29 -31
leaf_value=-0.017149067939837521 -0.021376793288640381 0.012916639965080639 -0.025582879345809592 0.018096504689657626 0.0040892461588440806 0.0092073420499227433 -0.0078798783613797333 -0.0023662766606011056 -0.0098868743659309023 -0.0057319432738187478 0.0018492230824781295 0.0037026245246496244 -0.093696628992132269 0.0023528761223560921 0.0089667623685646368 0.0020146152947811075 -0.017961035044308859 -0.001373304252067703 0.0041846742795154622 -0.002747514316378717 0.018331779847957443 0.012790856265054334 -0.0033061430647235951 0.0048501314039776054 0.008662526178464339 -0.0053246472544705324 0.0016907373630223397 0.0020962045936011001 -0.003920435772678664 0.043439137132315321
leaf_weight=781.84443399033989 163.48013021589031 2146.4505086503232 94.706917687974055 526.87360300548607 3033.1878289804663 1800.1381823788324 1935.5058586765772 442.13505315006569 1357.4813665115653 680.15025232243852 6966.1550834454611 708.74281159043312 17.065295789856464 245.26499301027434 3233.529825310547 12266.901545189976 41.059207117999904 9798.0261999964241 3578.8199444771381 7667.0304694783626 486.41095937803038 242.28586730761981 27238.762910799553 1017.0828752889938 2777.1691730894418 4384.5787187125461 16302.821823240087 2627.7514736437079 5922.2988019867244 30.790822523180395
leaf_count=600350 19524 36890 10506 9722 188403 26831 509575 7461 473802 10640 275365 14786 352 71382 51017 350832 773 1333028 109158 434615 8948 5050 4056167 38065 52615 140185 307996 100469 234548 724
internal_value=3.64258e-11 0.0022021 0.00142118 0.0022419 -0.00190014 0.00202672 -0.00257802 0.007723 -0.00363488 0.0053288 -0.000846284 0.00167757 -0.00676177 -0.0124922 0.00678416 0.0014114 -0.0401969 -0.0024466 0.000442213 -0.0008095 0.00965649 -0.000866769 -0.00332767 -0.00301255 0.00148295 8.20799e-05 0.00270551 -0.00227197 -0.00190799 -0.00367548
internal_weight=118515 54895.3 48092.7 39348.3 63619.2 38821.5 49340.1 6802.68 30640.4 4656.23 18699.7 37021.3 500.26 1027.11 4155.97 35826.2 58.1245 11733.5 14279 10700.2 1195.15 922.436 29613.3 28255.8 35731.5 16651.5 19080 8744.32 8580.84 5953.09
internal_count=9479779 1389869 1277686 922421 8089910 912699 7357734 112183 5239766 75293 2117968 885868 8586 671732 66707 862134 1125 1842603 732176 623018 23734 15690 4568034 4094232 851628 491017 360611 355265 335741 235272
is_linear=0
shrinkage=0.08


Tree=68
num_leaves=31
num_cat=0
split_feature=2 9 5 2 4 5 9 7 7 9 9 2 5 1 5 0 8 7 7 6 6 4 4 6 3 5 6 6 9 9
split_gain=71.106 25.2508 24.1566 20.2437 19.5843 24.5121 21.6154 20.5782 39.663 14.4018 14.3615 14.1 13.3359 13.1553 13.1043 12.1695 11.8591 19.0912 16.1762 25.5514 15.4942 17.1795 14.6459 14.5092 14.4969 13.2317 13.1006 12.7988 12.1445 12.0348
threshold=0.46720430254936224 0.99999845027923595 0.75467449426651012 0.085867896676063551 83472.000000000015 0.73315289616584789 0.25000093877315527 8.5000000000000018 4.5000000000000009 0.48212006688117987 1.8333265643377674e-06 0.88303694128990184 0.83294382691383373 35.500000000000007 0.45685066282749182 1.0000000180025095e-35 1.0000000180025095e-35 8.5000000000000018 4.5000000000000009 42.500000000000007 83.500000000000014 8533.5000000000018 107300.50000000001 118.50000000000001 29.500000000000004 0.31340929865837103 114.50000000000001 71.500000000000014 0.99999707937240612 0.55555546283721935
decision_type=2 2 2 2 2 2 2 2 2 2 2 2 2 2 2 2 2 2 2 2 2 2 2 2 2 2 2 2 2 2
left_child=1 3 4 15 6 -6 -2 8 -8 -10 -5 -4 16 -7 -9 -1 24 18 19 -18 21 27 23 -21 -12 -22 -20 -19 -26 -28
right_child=2 -3 11 10 5 13 7 14 9 -11 12 -13 -14 -15 -16 -17 17 20 26 22 25 -23 -24 -25 28 -27 29 -29 -30 -31
leaf_value=-0.080911528878297362 -0.01332142628126139 0.0088807776735230909 0.006030277023770507 -0.031164677692301836 -0.0048062857866269992 -0.042917526109086314 0.0023871363212830538 -0.0083332006721510039 0.0023149270905646257 0.015942763046308372 -0.00089782039420657159 0.016349002532409167 0.0065054232404008171 -0.16936101578076904 0.0014383198567085008 -0.0039468565327004631 0.0051261517305104696 -0.00049124653531461618 0.0036242403689307041 -0.0034312174359128252 -0.0195328040993187 -0.012114323820706572 -0.013516090588413352 0.0052306813042370635 -0.0040527980133294702 0.0012984073722705992 -0.0068861684456113697 -0.013127266482138968 -0.029609229969918487 0.017388939598914827
leaf_weight=13.160171409346729 525.42669224832207 1586.139928072429 6312.7687526822037 99.27737855927262 1212.9563054456812 65.574818642111495 7375.2297868906971 977.74956736165586 621.71306783522596 2460.2798044011997 32940.98252536574 978.93762068553133 1600.3962064027728 5.725894406437873 8640.0223122536736 14651.92496011963 5242.1997649875502 3586.2609059692113 2241.067094449631 4546.0930572558282 201.15278431080515 1569.1040882596717 670.37110801797826 1700.6314598778263 10027.047356486473 6538.5102776053536 150.69113075826317 598.65247558280316 120.4325062824646 985.54891654219091
leaf_count=144346 20264 36821 99627 34701 23035 1335 143203 24383 11455 38816 2580475 17204 32644 132 167453 4340992 133457 150695 61381 148428 22635 58027 15424 53907 870646 194364 3074 30111 4052 16692
internal_value=4.73119e-12 -0.0011228 0.00342767 -0.00130417 0.00209894 -0.00748594 0.00269647 0.00311571 0.00557209 0.0131937 -0.00075804 0.0074156 -0.000716529 -0.0530717 0.00044494 -0.00401592 -0.000879045 0.00040178 0.00227402 0.000913568 -0.00192645 -0.00497549 -0.00227899 -0.00107307 -0.00171226 0.000676677 0.00717203 -0.00229883 -0.00435611 0.0141695
internal_weight=118246 89069.6 29176.4 87483.5 21884.7 1284.26 20600.4 20075 10457.2 3081.99 72818.4 7291.71 72719.1 71.3007 9617.77 14665.1 71118.7 28030.3 15536.6 12159.3 12493.7 5754.02 6917.1 6246.72 43088.5 6739.66 3377.31 4184.91 10147.5 1136.24
internal_count=9479779 8932872 546907 8896051 430076 24502 405574 385310 193474 50271 4410713 116831 4376012 1467 191836 4485338 4343368 888195 432363 351216 455832 238833 217759 202335 3455173 216999 81147 180806 874698 19766
is_linear=0
shrinkage=0.08


Tree=69
num_leaves=31
num_cat=0
split_feature=2 2 9 5 7 5 5 5 3 6 0 9 2 9 9 8 0 9 7 7 6 7 3 8 3 9 4 5 8 1
split_gain=66.8756 31.085 18.7292 17.2074 14.3444 13.7314 12.5969 12.5717 11.4171 12.3764 10.8182 17.6461 10.7003 10.5352 9.1169 8.94908 8.63513 8.57681 8.59576 15.4103 20.5477 12.4191 12.4323 11.8631 12.683 8.31536 9.72934 13.4347 10.5004 10.7357
threshold=0.28669276833534246 0.76764950156211864 0.99999815225601207 0.5412144958972932 20.500000000000004 0.10704734176397325 0.81119626760482799 0.83294382691383373 10.500000000000002 26.500000000000004 20.500000000000004 0.37602475285530096 0.025158228352665905 0.79999950528144848 7.4998747550125708e-06 1.0000000180025095e-35 18.500000000000004 2.9166492367949108e-06 17.500000000000004 4.5000000000000009 119.50000000000001 18.500000000000004 12.500000000000002 1.0000000180025095e-35 17.500000000000004 0.99999248981475841 49295.000000000007 0.66562321782112133 1.0000000180025095e-35 55.500000000000007
decision_type=2 2 2 2 2 2 2 2 2 2 2 2 2 2 2 2 2 2 2 2 2 2 2 2 2 2 2 2 2 2
left_child=4 2 3 -2 5 -1 12 10 -3 -10 17 -12 -7 -13 -8 16 -11 -5 19 -19 -21 22 -20 24 -22 -14 27 -27 -29 -30
right_child=1 8 -4 7 -6 6 14 -9 9 15 11 13 25 -15 -16 -17 -18 18 21 20 23 -23 -24 -25 -26 26 -28 28 29 -31
leaf_value=-0.026132583630392135 -0.0020785165275471716 0.011722392332348581 0.01525463409155038 -0.023249691420272299 0.015720190517860323 -0.0090640030428803375 -0.021298315018356568 0.0084314054187312835 -0.0030443541728787001 -0.001154448454090925 -0.016600414195316184 0.0080289631277507129 -0.0023734818038609498 0.036872403005258431 0.004774406283024662 0.008467379878479165 -0.046258272881372971 -5.4921844546966603e-06 -0.0014682898334562895 0.0049395929256630918 -0.0018745452361224777 -0.0010846051856050725 -0.037776986894712997 0.0020820402544127364 -0.018752739964909199 -0.00085621354311948394 -0.0047943861811638715 0.00045610693677812107 0.011776699030510335 -0.011213820947369011
leaf_weight=148.68010368380055 8600.7560218959916 2297.8591449227451 610.98497336055152 91.445171252198634 298.81293781017303 1349.3015402633464 89.06655730116654 1786.8450702829359 1002.7543036162315 331.22384908533695 184.57312153355451 1889.8607674257364 45725.528856430392 84.676397393632215 2364.2459715079949 3060.0813154769839 29.592881913180463 15779.769151410241 119.4790870677698 12309.720467362409 689.38114243553719 3709.7870847124996 121.96428538009059 1382.6571805000767 485.67836998251732 8003.4884409612441 2344.2074731303146 1477.2104578691356 1487.8897009943234 142.43526001588907
leaf_count=268386 353471 39927 11516 10401 26495 985193 9678 26831 17475 5632 6915 37490 6029643 1479 79166 48569 580 382010 3765 268151 22178 102740 4800 27831 18108 490148 94627 73417 30157 3000
internal_value=4.77759e-11 0.00205334 0.00133769 0.00115768 -0.00176647 -0.00184924 -0.00179191 0.0018781 0.00714768 0.00477136 0.00156032 0.00705469 -0.00201968 0.00926589 0.00382785 0.00706235 -0.0048537 0.00121835 0.00128302 0.00173579 0.00358392 -0.00222881 -0.0198095 -0.00294064 -0.00885068 -0.00185908 -0.000110944 0.00087717 0.00534152 0.00976811
internal_weight=118000 54569.1 47847.6 47236.6 63430.9 63132.1 62983.4 38635.8 6721.51 4423.65 36849 2159.11 60530.1 1974.54 2453.31 3420.9 360.817 34689.9 34598.4 30647.2 14867.4 3951.23 241.443 2557.72 1175.06 59180.8 13455.2 11111 3107.54 1630.32
internal_count=9479779 1389869 1277686 1266170 8089910 8063415 7795029 912699 112183 72256 885868 45884 7706185 38969 88844 54781 6212 839984 829583 718278 336268 111305 8565 68117 40286 6720992 691349 596722 106574 33157
is_linear=0
shrinkage=0.08


Tree=70
num_leaves=31
num_cat=0
split_feature=2 2 9 5 4 2 7 9 0 8 3 2 4 5 9 1 9 0 0 0 3 8 2 4 4 2 5 3 9 1
split_gain=60.6523 27.9725 18.3683 16.0544 13.1141 12.4629 12.1222 12.1118 13.082 12.6717 19.3308 11.805 11.7697 16.5056 11.3596 20.6797 22.6482 10.9715 10.9376 9.51058 9.42919 13.4629 15.4656 9.32251 9.30894 9.26897 9.11176 8.98812 8.40716 9.82451
threshold=0.61577314138412487 0.22287581861019137 0.99999248981475841 0.62444397807121288 39079.500000000007 0.8760964870452882 3.5000000000000004 0.66666617989540111 4.5000000000000009 1.0000000180025095e-35 3.5000000000000004 0.015504807699471714 596.50000000000011 0.58939334750175487 0.43875007331371313 5.5000000000000009 0.8333328664302827 11.500000000000002 2.5000000000000004 4.5000000000000009 14.500000000000002 1.0000000180025095e-35 0.071796759963035597 265.50000000000006 40294.000000000007 0.53001201152801525 0.25875724852085119 29.500000000000004 0.33333416283130651 30.500000000000004
decision_type=2 2 2 2 2 2 2 2 2 2 2 2 2 2 2 2 2 2 2 2 2 2 2 2 2 2 2 2 2 2
left_child=1 7 4 18 14 -5 -6 11 9 27 -11 -1 -12 24 -3 -16 -17 25 -2 -7 21 28 -23 -22 26 -4 -14 -9 29 -13
right_child=3 2 17 5 6 19 -8 8 -10 10 12 20 13 -15 15 16 -18 -19 -20 -21 23 22 -24 -25 -26 -27 -28 -29 -30 -31
leaf_value=-0.032539344426484013 -0.0050716651246689717 -0.0034187640974836652 0.0030197696928212082 0.0048159664259804745 -0.017828907281189757 0.0065601514917623819 0.0024350275239577936 -0.0022944343403403893 0.0035757332148160137 -0.010543126913711048 0.0075754029072013463 -0.004400403182251037 -0.033884371598128356 0.0023973584635428309 -0.0030092892588212132 0.0012713575439716363 0.017577145983050928 0.021878983281485187 0.0030527179328176226 0.016538194512206811 -0.013199440695684506 -0.040078468929056761 -0.010041051574946365 -0.0005138764581937551 -0.031399365547120028 0.016544136972591224 -0.0031687038926958744 -0.0070789242013658349 -0.0015600669606025191 -0.012883702978070012
leaf_weight=91.07773402670864 1417.660045186647 8627.5253005010018 7366.4121173339927 8529.4666605361163 191.89565765357111 1290.449581559224 12246.249886666297 13322.043835279248 3317.6067089750941 996.23071981663816 1543.1787336611451 3717.1112960011606 62.961002512980485 6759.8542111495335 8879.5116200408338 13068.16593902067 568.90033414110076 216.41746804383001 4209.8532065408945 1161.7409989967014 394.55019364753389 121.77800710894735 1106.4200502491731 6148.9788009163494 79.616204793099314 339.25948667910689 3382.6807209141407 3097.118108557268 4375.2428954771394 1142.159851092174
leaf_count=304767 30459 505776 167847 142145 6325 18152 318975 2284488 125628 49604 97833 1091688 14268 210137 363279 364495 12235 4215 73618 23211 130968 9309 51567 1128282 4499 5617 205076 386127 552794 796395
internal_value=-1.38852e-11 -0.000735624 0.000570607 0.00448053 -7.35132e-05 0.00626101 0.0021224 -0.00209041 -0.00118507 -0.00172517 0.000159117 -0.00381459 0.00106051 8.3012e-05 -0.000950502 -4.75487e-06 0.00195159 0.00411414 0.00100606 0.0112873 -0.00366075 -0.00515048 -0.0130193 -0.00127877 -0.00435486 0.00361521 -0.00372996 -0.00319692 -0.00410392 -0.00639438
internal_weight=117772 101163 51504.3 16609.2 43582.2 10981.7 12438.1 49658.6 32561.3 29243.7 12824.5 17097.3 11828.3 10285.1 31144.1 22516.6 13637.1 7922.09 5627.51 2452.19 17006.2 10462.7 1228.2 6543.53 3525.26 7705.67 3445.64 16419.2 9234.51 4859.27
internal_count=9479779 9192194 1748764 287585 1571085 183508 325300 7443430 3377660 3252032 581417 4065770 531813 433980 1245785 740009 376730 177679 104077 41363 3761003 2501753 60876 1259250 223843 173464 219344 2670615 2440877 1888083
is_linear=0
shrinkage=0.08


Tree=71
num_leaves=31
num_cat=0
split_feature=2 8 3 0 9 5 4 2 4 5 6 5 6 7 3 4 5 9 0 2 9 2 7 4 3 4 4 7 7 1
split_gain=56.0991 19.7921 24.3345 21.7632 18.2762 15.641 16.5493 14.9248 12.4437 19.8714 14.4722 11.5128 10.9697 10.5883 10.584 11.5334 10.583 9.71633 14.035 9.58422 8.77222 10.7188 8.71169 8.21956 8.14057 8.04319 8.03979 8.55744 10.9939 8.08991
threshold=0.46720430254936224 1.0000000180025095e-35 5.5000000000000009 13.500000000000002 0.99999845027923595 0.17647051066160205 320.50000000000006 0.22287581861019137 3159.5000000000005 0.75467449426651012 122.50000000000001 0.50258100032806408 1.5000000000000002 8.5000000000000018 29.500000000000004 160.50000000000003 0.4371065646409989 0.49615384638309484 21.500000000000004 0.81892696022987377 0.69999969005584728 0.72821971774101268 20.500000000000004 903.50000000000011 8.5000000000000018 426007.50000000006 17089.000000000004 12.500000000000002 6.5000000000000009 21.500000000000004
decision_type=2 2 2 2 2 2 2 2 2 2 2 2 2 2 2 2 2 2 2 2 2 2 2 2 2 2 2 2 2 2
left_child=4 2 -2 8 5 6 12 22 13 11 -11 -10 -1 23 17 -16 -15 18 -4 -20 21 -5 -7 -3 -12 -9 27 28 -13 -30
right_child=1 3 14 20 -6 7 -8 25 9 10 24 26 -14 16 15 -17 -18 -19 19 -21 -22 -23 -24 -25 -26 -27 -28 -29 29 -31
leaf_value=-0.080938221875789723 0.0085145934753213092 0.016432553171240798 -0.0018946381765180384 0.005683005369931559 0.0075376268530911389 -0.0020824596921534076 -0.033655134387760133 -6.8350519400589739e-05 -0.012137699546532833 0.0086295486213246262 -0.031144781288242353 0.0018662256919635106 -0.0006642041508798667 -0.0082991149111063828 -0.039826178494680835 -0.0051888333441277561 0.0056130673766798932 0.0033013074433396283 -0.019039354398875254 -0.079429650079049938 0.02828846727133915 0.016703910394668668 0.012972831276157516 0.0065953225109763982 -0.0018156016436423575 0.0076681927399106023 -0.0019755043102717496 -0.00077109534294261329 0.014391876285056228 -0.054131663210546119
leaf_weight=11.317882018833187 1765.8109820853979 982.68372122067285 1978.7679580525573 1402.3774069796948 1577.0764550669119 48078.559973653362 192.661916953527 37369.685562987477 476.86786290039163 3289.0452037002287 80.299337271415425 1274.606069543433 291.54344516983747 410.22340709120726 63.038073410047218 2562.8411863194888 2381.5334494467829 2863.6632747464173 155.47670459887013 18.859228390407225 183.39665426465217 945.65465474097959 247.24753391806735 1216.6168774502753 246.47053138622505 880.29051587692811 3803.279827198473 1894.3719741066684 862.70428744989113 11.169418672565369
leaf_count=144415 31683 15954 51775 26911 36821 6963410 155086 1437456 11046 50310 1328 21697 159851 9516 1993 58004 41153 59327 4303 389 3625 21823 21592 19905 3866 14241 65818 33073 13224 184
internal_value=-6.12963e-12 0.00306288 5.0281e-05 0.0045193 -0.000997475 -0.00115207 -0.0153247 -0.00107095 0.00348482 0.00208248 0.00703426 -6.87492e-05 -0.00366403 0.00683927 -0.00190537 -0.00602035 0.0035688 0.000248492 -0.0038118 -0.0255722 0.0114378 0.0101216 -0.00200543 0.0109908 -0.00902286 0.000109699 0.000664771 0.00314859 0.00660468 0.013516
internal_weight=117518 28869.8 9408.46 19461.3 88648.4 87071.3 495.523 86575.8 16929.9 11938.8 3615.82 8323 302.861 4991.06 7642.65 2625.88 2791.76 5016.77 2153.1 174.336 2531.43 2348.03 48325.8 2199.3 326.77 38250 7846.13 4042.85 2148.48 873.874
internal_count=9479779 546907 207474 339433 8932872 8896051 459352 8436699 287074 200546 55504 145042 304266 86528 175791 59997 50669 115794 56467 4692 52359 48734 6985002 35859 5194 1451697 133996 68178 35105 13408
is_linear=0
shrinkage=0.08


Tree=72
num_leaves=31
num_cat=0
split_feature=2 8 3 0 9 9 1 6 0 3 8 6 6 7 7 4 6 2 4 6 7 6 7 3 5 3 2 9 1 2
split_gain=51.6676 23.7003 26.8772 27.1928 21.9149 18.0996 18.0693 17.3392 16.6149 14.9301 17.7271 14.8366 29.0963 24.1854 55.6728 14.3818 17.8799 14.0999 13.0596 12.8799 12.8159 16.7737 11.9542 13.0285 11.7821 11.7665 11.4538 10.9959 10.0029 9.97438
threshold=0.61577314138412487 1.0000000180025095e-35 29.500000000000004 4.5000000000000009 0.99999248981475841 0.72222203016281139 73.500000000000014 3.5000000000000004 15.500000000000002 28.500000000000004 1.0000000180025095e-35 115.50000000000001 120.50000000000001 15.500000000000002 17.500000000000004 4065.5000000000005 114.50000000000001 0.84654632210731517 20.500000000000004 10.500000000000002 16.500000000000004 84.500000000000014 18.500000000000004 13.500000000000002 0.81396234035491954 3.5000000000000004 0.36425061523914343 7.4998747550125708e-06 5.5000000000000009 0.042705167084932334
decision_type=2 2 2 2 2 2 2 2 2 2 2 2 2 2 2 2 2 2 2 2 2 2 2 2 2 2 2 2 2 2
left_child=1 7 3 4 25 -5 -6 -1 -7 17 -11 13 -13 15 20 29 -17 -2 -4 -12 -15 28 23 -16 -20 -3 -25 -18 -22 -9
right_child=9 2 18 5 6 8 -8 11 -10 10 19 12 -14 14 22 16 27 -19 24 -21 21 -23 -24 26 -26 -27 -28 -29 -30 -31
leaf_value=-0.012630914289599433 0.0040894957900119693 -0.011746322402776167 0.050598441406931927 0.00012226617972485644 0.0018286549022673553 0.0056265389378646223 -0.039424233853718911 -0.013021839684306855 0.023684990947639088 -0.0077656050112922814 -0.0263385362340176 -0.0099460792658587066 -0.00096230201181666522 0.0042392958191538972 -0.0062081066486508749 -0.0015837965884844165 -0.021725372937152376 0.010498108758417987 0.0034278547806927896 0.0039937494778874332 0.0016244372185353442 -0.0015389290537067674 -0.0032184522767904544 -0.024654545476766838 0.015880639770003983 -0.0033369980720071176 -0.082219538429409642 0.0089609119602267733 0.02122715490831498 -0.003818131079608903
leaf_weight=911.09199120735866 8517.4928961435726 1172.9850587660949 38.619700247654691 5353.1943145534124 7049.0703485156228 3504.8754311418352 68.614995618409012 812.60586078995402 359.52126574859722 1245.6307461945075 91.845262010348961 3706.1496939092867 6112.8663333225595 7927.9202142485119 339.34881756514733 21733.615089113307 78.805403223826943 2961.0235342077594 10642.594066763173 3655.9924667481841 205.52658669571247 406.47791723429327 5468.787255407995 172.62053451665997 509.54089085257147 11555.959523616628 25.373080331133679 1446.7710297762187 879.62242744294417 10378.031467738976
leaf_count=295198 152770 55254 2134 130847 185860 74216 3287 691464 6705 24207 1669 497222 772859 721933 73490 2214092 9952 50823 309715 58116 15160 115233 765381 33399 6714 512740 1545 79803 140054 1477937
internal_value=-3.84695e-11 -0.000678425 0.000826284 -0.000456409 -0.00212405 0.00313423 0.00143097 -0.00167787 0.00730659 0.00415411 0.000502451 -0.0015107 -0.00435319 -0.000951096 0.00168156 -0.00212993 -0.000996136 0.00574268 0.00415765 0.00325042 0.00551927 0.0123223 -0.0043372 -0.0157232 0.00399682 -0.00411193 -0.0320316 0.00737578 0.0175144 -0.00448646
internal_weight=117333 100861 40255 29064.2 19846.6 9217.59 7117.69 60605.6 3864.4 16472 4993.47 59694.5 9819.02 49875.5 15425.7 34449.8 23259.2 11478.5 11190.8 3747.84 9419.55 1491.63 6006.13 537.342 11152.1 12728.9 197.994 1525.58 1085.15 11190.6
internal_count=9479779 9192194 1287472 968909 757141 211768 189147 7904722 80921 287585 83992 7609524 1270081 6339443 1866195 4473248 2303847 203593 318563 59785 992380 270447 873815 108434 316429 567994 34944 89755 155214 2169401
is_linear=0
shrinkage=0.08


Tree=73
num_leaves=31
num_cat=0
split_feature=2 2 5 9 7 0 0 9 6 7 4 7 7 5 4 2 9 6 4 5 4 6 7 7 4 8 4 0 8 6
split_gain=48.885 23.4191 17.4253 15.4644 13.7142 13.3248 11.5995 14.0028 11.4848 15.547 14.741 11.1034 10.3214 10.6813 15.8034 11.0478 10.6883 11.1394 16.9171 18.4443 17.4282 12.2903 18.2758 14.3598 13.5737 10.912 10.7471 9.89256 9.18089 8.38692
threshold=0.28669276833534246 0.91042780876159679 0.56039884686470043 0.99999815225601207 17.500000000000004 6.5000000000000009 20.500000000000004 0.47673162817955023 115.50000000000001 4.5000000000000009 426007.50000000006 19.500000000000004 20.500000000000004 0.6156316101551057 72837.500000000015 0.022857889533042911 7.4998747550125708e-06 83.500000000000014 147804.00000000003 0.62062227725982677 63017.500000000007 91.500000000000014 12.500000000000002 3.5000000000000004 227752.50000000003 1.0000000180025095e-35 63017.500000000007 12.500000000000002 1.0000000180025095e-35 39.500000000000007
decision_type=2 2 2 2 2 2 2 2 2 2 2 2 2 2 2 2 2 2 2 2 2 2 2 2 2 2 2 2 2 2
left_child=12 2 -2 4 6 -3 8 -8 9 10 -4 -6 13 14 15 -1 -15 18 19 26 -21 -19 23 -23 -25 -24 -18 -17 -26 -11
right_child=1 5 3 -5 11 -7 7 -9 -10 29 -12 -13 -14 16 -16 27 17 21 -20 20 -22 22 25 24 28 -27 -28 -29 -30 -31
leaf_value=-0.012925858179143728 -0.0014909241130736425 0.0057188275870104265 7.9023289926732028e-05 0.016148393373373572 -0.0053077576159768023 0.018321600878422745 -0.0010460008843283897 0.0120883354952894 -0.0012117420510162932 0.00093957554010903183 0.0085482392070612076 0.0036668137914845347 0.013202302510948418 -0.0084778626202410938 0.018009582958763946 -0.0027339481817015318 -0.0026756970928913304 0.0056728684985278919 0.0034909558109180788 -0.0017136769622217171 -0.0080814148967173934 -0.0038659701909029322 -0.0080409018254856343 0.0062346199929473331 -0.0002274046170821657 0.00082705153933732153 0.015178739349640298 0.011083589393381872 -0.022895918348125648 0.005866186222244411
leaf_weight=675.35101440262588 10907.629402962652 2614.6410566560771 12944.428157002043 496.50480683107162 2776.7816304500911 675.66467837401797 767.28846397783491 1608.5807354425342 5685.3040570527701 2843.3802763670028 1464.0511726438417 1293.1795586868802 303.62284137085226 1055.5601105017267 235.19038185631507 29506.324238738507 354.19525892870843 3303.448651316281 3341.2117517092684 9299.3067973563884 3906.3425814607872 1648.01539391809 2191.2665694986335 4373.2159183832309 367.35751371539664 1493.190308315272 552.06647293233982 335.37887779311859 166.02230282686651 9951.3438535408204
leaf_count=797256 421122 37775 305278 9302 78674 15110 18259 31463 146638 70111 22154 33199 26495 243838 16992 4764834 36497 185031 123115 755989 274962 142041 293288 302484 18756 45161 42887 16349 3935 200784
internal_value=1.55534e-11 0.00176628 0.00134214 0.00211797 0.00194087 0.00830681 0.00244834 0.00784659 0.00205837 0.00274181 0.000939584 -0.0024562 -0.00151219 -0.00158333 -0.00264844 -0.00280764 -0.000561386 -0.000291789 -0.00162772 -0.00283965 -0.00359731 0.00142991 6.09992e-05 0.00259503 0.00476513 -0.00444701 0.00820067 -0.00257866 -0.00728331 0.00477134
internal_weight=117136 54028.8 50738.5 39830.8 39334.3 3290.31 35264.4 2375.87 32888.5 27203.2 14408.5 4069.96 63107.1 62803.4 30752.2 30517.1 32051.2 30995.6 17453.1 14111.9 13205.6 13542.5 10239.1 6554.61 4906.6 3684.46 906.262 29841.7 533.38 12794.7
internal_count=9479779 1389869 1336984 915862 906560 52885 794687 49722 744965 598327 327432 111873 8089910 8063415 5595431 5578439 2467984 2224146 1233450 1110335 1030951 990696 805665 467216 325175 338449 79384 4781183 22691 270895
is_linear=0
shrinkage=0.08


Tree=74
num_leaves=31
num_cat=0
split_feature=2 0 8 3 9 5 4 2 6 5 0 5 5 4 7 7 5 5 3 4 3 8 3 1 9 0 2 9 5 6
split_gain=44.4493 16.8912 15.7697 17.1378 15.583 13.3644 19.0814 13.0719 11.4664 10.7468 9.52848 9.35754 8.83491 8.8041 12.8018 13.2344 8.18625 8.10191 8.10114 10.3746 7.90469 8.15635 8.66792 8.69225 7.8275 9.59498 7.97901 7.79154 7.59183 7.55632
threshold=0.46720430254936224 38.500000000000007 1.0000000180025095e-35 4.5000000000000009 0.99999707937240612 0.75467449426651012 3159.5000000000005 0.17677696049213412 122.50000000000001 0.79679140448570263 1.0000000180025095e-35 0.51960447430610668 0.47666649520397192 83472.000000000015 12.500000000000002 6.5000000000000009 0.758103907108307 0.83294382691383373 29.500000000000004 198.50000000000003 19.500000000000004 1.0000000180025095e-35 29.500000000000004 51.500000000000007 0.49615384638309484 21.500000000000004 0.80178570747375499 1.5476142039005938e-06 0.73315289616584789 114.50000000000001
decision_type=2 2 2 2 2 2 2 2 2 2 2 2 2 2 2 2 2 2 2 2 2 2 2 2 2 2 2 2 2 2
left_child=4 2 3 16 7 6 12 10 -7 20 -1 -8 -4 14 15 -13 -2 -12 24 -20 -6 22 23 -22 25 -5 -27 -9 -15 -17
right_child=1 -3 5 18 9 8 11 27 -10 -11 17 13 -14 28 -16 29 -18 -19 19 -21 21 -23 -24 -25 -26 26 -28 -29 -30 -31
leaf_value=-0.080722907443295397 0.0043908879193304082 0.018070001069569096 -9.5549591945213105e-05 -0.0018591292158043895 0.0037726807714706114 0.0087994439927388656 -0.008742902541187517 -0.034344037500229983 -0.0057800218122487325 0.017224764683575717 -0.0024128830286270909 0.0019518091911275503 0.008131173895112585 -0.0048362738550073153 -0.0021884939441315608 0.0068329496220591061 0.01870622071195473 0.0083184337743160437 -0.034032738551639789 -0.0043688560126779394 0.0012073005031227187 0.0010039899191110078 -0.031270298376935089 -0.10825327162589191 0.0028566932481662857 -0.015463444748281565 -0.070764615951796436 -0.00024336373894977268 -0.039600732435650245 0.019483252289060567
leaf_weight=9.9125709752261155 904.33473516596587 452.77176179235539 1044.6344380881837 2113.5741053920037 4153.1277728062414 4172.2590007732197 661.03036872358643 42.921493492671289 376.38603517836236 333.97786880715284 35658.324819329828 3459.2037199697488 4172.4761141443596 815.34984554391121 2907.4903632890382 838.86919561628406 356.42170702167641 456.01618067044183 77.772186345886439 2533.8970617567375 135.67611949145794 497.22199501353316 128.82245511084329 4.8074956672498947 3028.5436808295126 154.78106752666645 18.717044941575296 46900.642753480708 42.287799096433446 472.36003964654697
leaf_count=144346 17018 8825 21854 54882 133586 68077 14925 12795 6320 6189 6539334 62187 71606 14036 52679 13600 5017 21269 2426 57550 4816 9728 4513 376 62920 4434 383 2055920 775 7393
internal_value=5.86972e-11 0.00274092 0.00249436 -0.000225797 -0.000887653 0.00381239 0.0026193 -0.00115489 0.00759304 0.00333776 -0.0022989 0.000426955 0.00648392 0.00113711 0.00199582 0.00454608 0.0084379 -0.00227738 -0.00160367 -0.00525221 0.00239502 -0.00506927 -0.0162824 -0.00253855 0.000188926 -0.00334373 -0.0214294 -0.000274543 -0.00655042 0.0113901
internal_weight=116925 28603.2 28150.4 9188.04 88321.5 18962.3 14413.7 83067.8 4548.65 5253.63 36124.3 9196.59 5217.11 8535.56 7677.92 4770.43 1260.76 36114.3 7927.29 2611.67 4919.66 766.528 269.306 140.484 5315.62 2287.07 173.498 46943.6 857.638 1311.23
internal_count=9479779 546907 538082 204630 8932872 333452 259055 8773664 74397 159208 6704949 165595 93460 150670 135859 83180 22035 6560603 182595 59976 153019 19433 9705 5192 122619 59699 4817 2068715 14811 20993
is_linear=0
shrinkage=0.08


Tree=75
num_leaves=31
num_cat=0
split_feature=2 8 7 7 6 6 7 7 1 6 3 6 4 6 4 3 8 6 6 3 6 6 4 5 6 6 4 6 6 6
split_gain=41.5944 19.7401 24.7286 22.2962 32.4705 21.5184 21.7826 21.3065 18.1363 15.269 14.9281 14.2174 15.476 14.039 13.9886 13.3631 13.5849 13.3357 13.2767 12.7109 14.937 19.9486 31.7077 20.9762 18.5405 16.1966 12.8336 14.7049 12.7387 12.5194
threshold=0.61577314138412487 1.0000000180025095e-35 8.5000000000000018 4.5000000000000009 82.500000000000014 83.500000000000014 17.500000000000004 14.500000000000002 61.500000000000007 23.500000000000004 3.5000000000000004 118.50000000000001 227752.50000000003 3.5000000000000004 93473.500000000015 29.500000000000004 1.0000000180025095e-35 114.50000000000001 71.500000000000014 6.5000000000000009 21.500000000000004 32.500000000000007 137481.00000000003 0.69713348150253307 24.500000000000004 36.500000000000007 1328.0000000000002 115.50000000000001 120.50000000000001 35.500000000000007
decision_type=2 2 2 2 2 2 2 2 2 2 2 2 2 2 2 2 2 2 2 2 2 2 2 2 2 2 2 2 2 2
left_child=1 13 3 4 9 6 10 -7 -9 -3 -4 14 -13 -1 -6 -2 -17 -5 -12 -15 -21 22 24 -24 -22 29 -27 -28 -29 -23
right_child=15 2 5 17 11 7 -8 8 -10 -11 18 12 -14 19 -16 16 -18 -19 -20 20 21 25 23 -25 -26 26 27 28 -30 -31
leaf_value=-0.011447702113615826 0.0052177758255124666 -0.0098027987285896553 -0.023641885730736684 0.0043482912835232429 -0.0032478355797562271 -0.0068946246062384078 0.00096905244968909432 0.003508868999959544 -0.018119432191261504 0.0054219356904564716 -0.0052084809443364057 0.0045689460106221455 -0.012335764363147671 0.00045880768935590167 -0.016673922097079814 -0.0071971429801954024 0.0026583590814885376 0.013239104310734226 -0.02001664029271014 0.002822028983959547 -0.015555835985706066 -0.0025071423020797219 0.012892049626006352 -0.0034169596339936343 -0.0049610064106450722 -0.0051199054321717213 1.792392904494087e-05 -0.0095790928679767087 -0.0017443531488915435 0.018986533383512191
leaf_weight=898.32293490111624 11548.651529409741 444.0374511278369 352.35673865544777 3207.2141235573417 5311.2237620223423 1769.7469298892829 2876.5854058059376 7693.242619214252 256.40278530606884 8339.7869760460671 4232.8425772020037 2571.0374128347776 400.60057502379641 17245.533519786244 547.88947412511334 1196.1696249532333 3556.492422979979 1627.7025541588682 426.54431346140336 3584.4810067899452 2361.8478719453669 293.2283534862363 615.95394682142069 2794.9455807734994 1913.537003736612 6446.1192209281398 18129.400513775974 2107.1029373929523 3592.8848227860944 424.54826195243368
leaf_count=295198 206999 19218 18928 89778 180599 93768 95959 216264 7956 205636 193467 81167 8097 2476209 15359 23409 57177 29479 31797 604471 267718 36264 33386 103982 204610 1164432 2027897 256592 390616 43347
internal_value=-1.08042e-11 -0.000608208 0.000768887 0.00252923 0.00120836 -0.00147552 -0.00457986 0.00104399 0.00281128 0.0046523 -0.00776477 -0.00221728 0.00229006 -0.00152138 -0.00450332 0.00374839 0.000177886 0.00734143 -0.0065641 -0.00137153 -0.00211839 -0.00257623 -0.00622445 -0.000471813 -0.0108139 -0.00167147 -0.00195306 -0.0010964 -0.00464061 0.0102059
internal_weight=116766 100465 40057.2 22449.5 17614.6 17607.7 7888.33 9719.39 7949.65 8783.82 5011.74 8830.75 2971.64 60407.9 5859.11 16301.3 4752.66 4834.92 4659.39 59509.6 42264 38679.6 7686.28 3410.9 4275.38 30993.3 30275.5 23829.4 5699.99 717.777
internal_count=9479779 9192194 1287472 629333 510076 658139 340151 317988 224220 224854 244192 285222 89264 7904722 195958 287585 80586 119257 225264 7609524 5133315 4528844 609696 137368 472328 3919148 3839537 2675105 647208 79611
is_linear=0
shrinkage=0.08


Tree=76
num_leaves=31
num_cat=0
split_feature=2 2 9 0 4 5 9 0 2 5 7 5 4 9 5 2 5 5 0 0 9 5 9 5 5 4 7 5 0 9
split_gain=39.6089 19.9059 15.6854 32.639 13.3324 16.54 11.6716 10.7058 10.5193 10.0571 9.17314 9.64354 8.46784 12.8224 8.15073 8.10438 14.6207 7.96877 8.95839 7.85453 7.6121 7.5727 7.5269 7.22245 7.1429 7.1079 7.05235 6.97481 6.60448 9.75181
threshold=0.28669276833534246 0.91042780876159679 0.59999981522560131 6.5000000000000009 710.50000000000011 0.41808228194713598 0.79999950528144848 6.5000000000000009 0.74239632487297069 0.5412144958972932 20.500000000000004 0.33242595195770269 55.500000000000007 0.59787213802337658 0.81396234035491954 0.35781671106815344 0.38166807591915136 0.83294382691383373 3.5000000000000004 39.500000000000007 0.36474516987800604 0.75106957554817211 2.2499897340821921e-06 0.41808228194713598 0.14160569757223132 29329.000000000004 20.500000000000004 0.81119626760482799 12.500000000000002 0.85714209079742443
decision_type=2 2 2 2 2 2 2 2 2 2 2 2 2 2 2 2 2 2 2 2 2 2 2 2 2 2 2 2 2 2
left_child=10 2 9 4 15 -6 8 -3 -5 -2 11 12 13 -1 23 -4 -17 18 26 -11 -21 -18 -13 -8 -14 -25 -7 28 -24 -30
right_child=1 7 3 6 5 17 14 -9 -10 19 -12 22 24 -15 -16 16 21 -19 -20 20 -22 -23 27 25 -26 -27 -28 -29 29 -31
leaf_value=-0.015792693837336148 -0.0034904591311959196 0.0053457473364674039 0.0016688933236468503 0.0050437413508012917 -0.014110942171940866 -0.00073337118345808653 -0.030510303035734813 0.016756254486256374 0.021180547189223266 0.00042359343827854849 0.012450432155800406 -0.020650999893734472 -0.025147774872945287 0.016381200420607551 0.035996473449903026 -0.0095710644766580141 0.013981062061727207 0.010876637411330341 0.0039350194677902003 -0.051090753985395539 0.014413317762974808 0.055177811051059081 -0.00147573074792992 0.018266570717147556 -0.0067537095762819259 0.0041116542307017183 0.053806824300100996 0.0030091759610154441 0.00090938102859292567 0.019561909179812424
leaf_weight=120.3139417385446 4586.6381864543036 2590.7289939921611 990.60628968815217 3377.6534805313422 490.2817756444565 10926.394868196789 23.650335003389046 660.38572276411287 279.97333246026392 22868.469503743207 306.22374070185469 127.31886105359445 144.09404370037737 232.42109712112142 110.53720586578129 179.87636218502303 987.00475103824647 487.95539285877021 3616.702552016628 11.733804069459437 350.743788745458 29.407307029236108 56302.233872304598 784.50158531666966 2167.9246883689757 319.51206685369834 15.194417966064064 2441.1557088024201 849.14123510106583 227.43322349377559
leaf_count=211524 190160 37775 49825 69510 31665 273598 605 15110 5563 583074 26495 55516 138152 71468 1732 5111 19106 6612 70690 407 6530 356 6655915 15486 801114 6606 348 87263 37624 4839
internal_value=1.57942e-11 0.00159616 0.00120506 0.00276959 0.00117239 0.000349192 0.00855162 0.00766352 0.00627893 -6.71031e-05 -0.001362 -0.00142955 -0.00613862 0.00540705 0.0152651 0.00702074 0.0114524 0.000820375 0.000483316 0.000608793 0.0122929 0.015173 -0.00122022 0.0132329 -0.0079001 0.01417 -0.000657632 -0.00117887 -0.00135705 0.00484985
internal_weight=116606 53688 50436.8 22619.3 17723.4 15536.5 4895.83 3251.11 3657.63 27817.6 62918.3 62612 2664.75 352.735 1238.2 2186.89 1196.29 15046.2 14558.3 23230.9 362.478 1016.41 59947.3 1127.66 2312.02 1104.01 10941.6 59820 57378.8 1076.57
internal_count=9479779 1389869 1336984 556813 457311 382913 99502 52885 75073 780171 8089910 8063415 1222258 282992 24429 74398 24573 351248 344636 590011 6937 19462 6841157 22697 939266 22092 273946 6785641 6698378 42463
is_linear=0
shrinkage=0.08


Tree=77
num_leaves=31
num_cat=0
split_feature=2 9 0 9 2 9 0 5 9 2 2 0 9 7 3 5 9 8 2 7 4 7 2 4 1 4 9 5 3 6
split_gain=37.1346 14.4919 14.4459 13.1946 12.0435 12.8835 12.5368 11.5361 11.1843 10.8302 9.62164 8.48656 7.63861 7.62255 7.18183 7.178 7.04708 9.39243 11.6277 8.07382 9.21422 10.6219 7.59655 7.56763 9.08901 7.34275 7.74747 7.03216 6.84294 6.68167
threshold=0.48112535476684576 0.99999815225601207 29.500000000000004 0.49615384638309484 0.92365968227386486 0.66666582226753246 4.5000000000000009 0.10704734176397325 1.8333265643377674e-06 0.15026882290840152 0.39886364340782171 6.5000000000000009 0.99999582767486583 17.500000000000004 21.500000000000004 0.42745010554790502 0.66666582226753246 1.0000000180025095e-35 0.073350071907043471 12.500000000000002 67770.000000000015 15.500000000000002 0.045715779066085822 426007.50000000006 12.500000000000002 15154.000000000002 0.25000093877315527 0.5780966877937318 8.5000000000000018 115.50000000000001
decision_type=2 2 2 2 2 2 2 2 2 2 2 2 2 2 2 2 2 2 2 2 2 2 2 2 2 2 2 2 2 2
left_child=1 7 4 -4 5 13 12 -1 -9 14 -3 -6 -7 27 16 -12 17 22 -19 -18 21 28 25 -24 -25 26 -10 -2 -21 -14
right_child=2 10 3 -5 11 6 -8 8 9 -11 15 -13 29 -15 -16 -17 19 18 -20 20 -22 -23 23 24 -26 -27 -28 -29 -30 -31
leaf_value=-0.022123961173004601 -0.0020493399326674501 0.0041591506270054054 0.00059948032209388715 0.020162400707340159 0.005019965139133855 0.0005230918616386601 0.009893541662245927 -0.02804539443826836 -0.0183013552932869 -0.00022598419075259738 -0.079074050814876479 0.016221489494539703 0.0068915176694140214 -0.0040621359964170727 -2.0926262798836355e-05 0.028159571841634971 -0.00030810952304760787 -0.03566376279437708 -0.0087474320286319227 -0.014215619823800145 -0.026248023442968678 -0.001811968460102028 -0.003152434322169286 0.059359878409769244 0.00037999833642638956 0.00047087363810562348 0.0037283385596634635 0.0020129877025804959 -0.0031491204079961048 0.031049935970062524
leaf_weight=164.6209454992204 3464.4847593433369 2081.0017476811918 365.98684114759044 555.65418149863444 2582.6925618106229 3002.7298536347066 2074.7644813020183 97.217463576089358 607.60238721982387 55278.090922399846 4.1083131593186399 520.0291117366346 409.36492790411558 2019.7218138352437 7908.751416342915 144.90042829187587 9040.6774636953196 127.9159590627969 521.40938401850872 851.49065541615346 117.05261251280899 4908.8509097807146 5576.5225576779449 27.298268404672854 43.161056069104234 288.829128186655 122.82290586838644 12815.286400845198 616.52992284935317 89.243602867936715
leaf_count=274966 84032 53804 7588 11509 37775 51651 37886 38552 825400 2565790 100 11643 6929 46171 1168649 2612 1162160 10096 28433 249856 8946 671812 1442736 924 3054 211473 72983 239626 151148 1475
internal_value=2.27399e-11 -0.000802063 0.00254501 0.0123939 0.00220855 0.00159922 0.00496577 -0.000966599 -0.000926163 -0.00089552 0.0055653 0.00689739 0.00204575 0.000573389 -0.00209877 0.025203 -0.00281794 -0.00486521 -0.0140499 -0.00185384 -0.00400576 -0.00359748 -0.00397058 -0.00282324 0.0232308 -0.0103272 -0.014597 0.00114849 -0.00956798 0.0112155
internal_weight=116429 88528.9 27900 921.641 26978.3 23875.6 5576.1 86298.8 86134.2 86037 2230.01 3102.72 3501.34 18299.5 30758.9 149.009 22850.2 7315.56 649.325 15534.6 6493.92 6376.87 6666.24 5646.98 70.4593 1019.25 730.425 16279.8 1468.02 498.609
internal_count=9479779 8943494 536285 19097 517188 467770 97941 8886978 8612012 8573460 56516 49418 60055 369829 6007670 2712 4839021 2595099 38529 2243922 1081762 1072816 2556570 1446714 3978 1109856 898383 323658 401004 8404
is_linear=0
shrinkage=0.08


Tree=78
num_leaves=31
num_cat=0
split_feature=2 8 3 0 9 2 0 3 9 2 4 7 7 1 2 9 3 6 8 7 6 6 4 6 5 4 5 1 4 5
split_gain=34.9392 16.0622 22.9273 20.6055 17.3636 17.0574 14.9151 11.7458 12.5165 11.8049 11.0343 18.026 15.7155 15.2434 11.8705 11.0006 10.9386 11.5529 10.8538 10.5881 30.007 11.8029 11.0264 42.9333 23.6703 14.6392 19.4618 28.4765 16.0695 14.4248
threshold=0.61577314138412487 1.0000000180025095e-35 29.500000000000004 2.5000000000000004 0.59999981522560131 0.08123821392655374 21.500000000000004 6.5000000000000009 0.99999582767486583 0.14763412624597552 1328.0000000000002 17.500000000000004 16.500000000000004 6.5000000000000009 0.022347066551446918 0.99999248981475841 28.500000000000004 10.500000000000002 1.0000000180025095e-35 6.5000000000000009 119.50000000000001 23.500000000000004 102441.50000000001 26.500000000000004 0.69605797529220592 93473.500000000015 0.69076326489448558 17.500000000000004 72837.500000000015 0.56867092847824108
decision_type=2 2 2 2 2 2 2 2 2 2 2 2 2 2 2 2 2 2 2 2 2 2 2 2 2 2 2 2 2 2
left_child=1 7 3 15 -5 -6 -7 8 9 -1 11 12 14 -14 -9 -3 -2 -18 -19 21 -21 -12 23 29 -24 28 -27 -28 -25 -23
right_child=16 2 -4 4 5 6 -8 10 -10 -11 19 -13 13 -15 -16 -17 17 18 -20 20 -22 22 24 25 -26 26 27 -29 -30 -31
leaf_value=-0.0029793769928083032 0.0048265010420498024 -0.0043006088836990523 0.0037695463174628246 -0.0024648851156015492 -0.012482555489776209 0.0034573636931439101 0.021741734276245778 -0.038603567648182631 0.0068757254562880066 0.0014770982518074102 0.0089714014229751501 -0.012276404283984946 -0.011754818413187441 0.018690542029393766 -0.0036525148326258146 0.00068077437070420885 -0.025092961071710138 -0.0056697934977289763 0.0030982996984691979 0.0011752667272800766 -0.0089152544350548785 -0.031231106416834926 0.011080137456695824 -0.0027054510188031424 -0.0029249898658507308 0.00069015100790635316 -0.019761315610623845 -0.098254018584127772 0.010089907654732473 -0.012318203405584068
leaf_weight=6418.4908798271863 11250.514093311533 9367.3752322637065 11137.953261920269 4831.8860540907863 418.95943073078706 9752.4269942307637 294.13716793019557 62.821858511759274 1705.9946039636707 9339.707830910942 521.14797305922548 1619.8236049737898 144.94138912172639 384.33079395877212 6192.2823856453051 4069.9828794408859 112.03357973037055 1206.8436706682592 3595.3207981494447 15244.590647046003 2152.4576423167964 303.61579914158938 982.48199317046965 8837.4475744971787 3610.9653718014742 158.63296508534404 122.04213921551127 39.044314506740193 676.23753208326525 1721.2592366529716
leaf_count=2035734 203593 476049 318563 129862 16209 222625 5680 182071 91436 432097 70063 278499 17125 88210 1102068 118484 2405 23471 58116 1813183 263853 61093 58677 1032155 145575 13921 7185 4901 50735 156141
internal_value=-2.07313e-11 -0.000557243 0.000688274 -0.000506065 0.00150176 0.00333314 0.00399268 -0.00138167 0.000366608 -0.000338074 -0.00209547 -0.00469391 -0.00288353 0.0103531 -0.00400354 -0.00279182 0.00345111 0.000302302 0.000894769 -0.0014601 -7.31876e-05 -0.00288167 -0.00325715 -0.00454616 7.05349e-05 -0.00236181 -0.0191996 -0.0387865 -0.00179595 -0.0151541
internal_weight=116276 100111 39872.7 28734.8 15297.4 10465.5 10046.6 60238.3 17464.2 15758.2 42774.1 8404.2 6784.38 529.272 6255.1 13437.4 16164.7 4914.2 4802.16 34369.9 17397 16972.9 16451.7 11858.3 4593.45 9833.4 319.719 161.086 9513.69 2024.88
internal_count=9479779 9192194 1287472 968909 374376 244514 228305 7904722 2559267 2467831 5345455 1667973 1389474 105335 1284139 594533 287585 83992 81587 3677482 2077036 1600446 1530383 1326131 204252 1108897 26007 12086 1082890 217234
is_linear=0
shrinkage=0.08


Tree=79
num_leaves=31
num_cat=0
split_feature=2 5 5 4 1 0 9 9 4 5 4 6 6 3 6 8 7 4 5 4 0 9 1 7 2 6 5 7 0 6
split_gain=31.4371 17.3479 31.2518 30.9034 32.2709 15.0639 14.4177 13.6208 11.4308 11.2633 17.4246 10.7839 10.2838 8.60257 8.49604 8.48719 8.20872 21.3994 17.8267 35.5733 19.316 9.00924 12.0293 11.6807 11.0051 12.9403 8.16853 8.15879 8.19433 9.82793
threshold=0.6885775923728944 0.69174146652221691 0.69076326489448558 93473.500000000015 18.500000000000004 10.500000000000002 0.75378772616386425 0.99999773502349865 148.50000000000003 0.21313631534576419 320.50000000000006 119.50000000000001 129.50000000000003 9.5000000000000018 1.5000000000000002 1.0000000180025095e-35 4.5000000000000009 147804.00000000003 0.73315289616584789 83472.000000000015 12.500000000000002 0.57142850756645214 16.500000000000004 5.5000000000000009 0.37602458894252783 85.500000000000014 0.6936996877193452 18.500000000000004 5.5000000000000009 120.50000000000001
decision_type=2 2 2 2 2 2 2 2 2 2 2 2 2 2 2 2 2 2 2 2 2 2 2 2 2 2 2 2 2 2
left_child=1 2 5 -4 -5 9 -7 8 -3 10 14 16 -11 27 -1 -15 17 18 -10 -20 -21 22 23 -18 25 -23 -24 28 29 -2
right_child=13 7 3 4 -6 6 -8 -9 11 12 -12 -13 -14 15 -16 -17 21 -19 19 20 -22 24 26 -25 -26 -27 -28 -29 -30 -31
leaf_value=-0.080794250387448557 0.0064901688477311519 -0.01969125015328161 0.0027670985168303614 -0.022267431172501882 -0.08256205395625564 0.0016162695541920842 0.014227897700560996 0.0093210110715952338 -0.00083426920682151792 -0.0010017328532253766 -0.024880746039309495 -0.0028636692108734395 -0.0091032360945210809 -0.0035769175923206099 0.00056843885521913541 0.0039634021630327284 0.084925187263128699 0.0030008767315848183 -0.0054683058121039905 -0.030689538583038623 -0.10421956912551128 -0.00092992472814170367 0.030278068411315147 0.0029632030667751498 0.0095572690689880811 0.0064463919410070207 -0.0050149666959131032 -0.0040237273290977685 0.012843957751306844 -0.018025998573771008
leaf_weight=8.3613997063457628 1110.040672784115 173.38496621438753 225.85399960186624 255.51965037774062 73.053714850087999 3567.0355799971439 692.82314247894101 1245.7015586931157 4554.4148572436025 66353.878648102444 326.78344654051853 4212.2931082427167 1018.1575200766092 1150.5849016587463 465.41905315411441 5630.3433975549506 11.161893935757687 7313.9677443653818 1360.7449487928679 230.3666202023087 25.384367553051561 2984.6341345659712 42.822272146280739 3679.6300705352132 2092.0118724622134 3106.2363376143039 2110.4413215053319 338.27493968173985 1624.0252587716882 115.54225795755337
leaf_count=144425 16898 9615 13722 11804 8482 123408 16831 27068 239959 7048945 217757 210693 162765 20985 212751 94756 267 205292 54256 14115 801 118644 3877 145049 32396 115962 167346 5977 33107 1826
internal_value=-3.16156e-11 -0.000403459 -0.0010927 -0.0200139 -0.0356731 -0.000947866 0.00366742 0.00111436 0.000793862 -0.00123626 -0.0106695 0.000905822 -0.00112417 0.00429531 -0.000867471 0.00268396 0.00148296 7.35895e-05 -0.00339593 -0.0106133 -0.0379877 0.00283787 0.000438771 0.00321108 0.00455126 0.00283187 -0.00431309 0.0077228 0.00911722 0.0041789
internal_weight=116099 106130 72986.9 554.427 328.573 72432.5 4259.86 33143.2 31897.5 68172.6 800.564 31724.1 67372 9968.81 473.78 6780.93 27511.8 13484.9 6170.91 1616.5 255.751 14026.9 5844.06 3690.79 8182.88 6090.87 2153.26 3187.88 2849.61 1225.58
internal_count=9479779 9306230 7960890 34008 20286 7926882 140239 1345340 1318272 7786643 574933 1308657 7211710 173549 357176 115741 1097964 514423 309131 69172 14916 583541 316539 145316 267002 234606 171223 57808 51831 18724
is_linear=0
shrinkage=0.08


Tree=80
num_leaves=31
num_cat=0
split_feature=2 8 7 7 6 6 7 7 6 1 4 9 4 6 6 4 7 7 6 5 4 3 9 3 6 6 4 5 6 6
split_gain=29.3233 14.2268 21.9417 17.7527 22.3155 17.2404 18.2555 16.415 14.4218 13.308 12.6926 11.9221 11.5016 11.2674 11.0412 10.7807 10.6867 37.5573 14.5018 11.5894 10.5515 10.7136 10.5445 10.9695 12.6868 13.2984 23.5875 13.7523 13.0365 12.6661
threshold=0.61577314138412487 1.0000000180025095e-35 8.5000000000000018 6.5000000000000009 82.500000000000014 83.500000000000014 17.500000000000004 14.500000000000002 118.50000000000001 61.500000000000007 227752.50000000003 0.99999248981475841 1861.5000000000002 23.500000000000004 71.500000000000014 8367.0000000000018 17.500000000000004 16.500000000000004 84.500000000000014 0.65999040007591259 17597.000000000004 27.500000000000004 4.1666304468890311e-06 6.5000000000000009 21.500000000000004 32.500000000000007 137481.00000000003 0.69713348150253307 36.500000000000007 24.500000000000004
decision_type=2 2 2 2 2 2 2 2 2 2 2 2 2 2 2 2 2 2 2 2 2 2 2 2 2 2 2 2 2 2
left_child=1 16 3 4 13 6 14 -7 20 -9 -10 -5 -8 -3 15 -4 17 22 -19 -18 21 -6 -1 -24 -25 26 29 -28 -27 -26
right_child=-2 2 5 11 8 7 12 9 10 -11 -12 -13 -14 -15 -16 -17 19 18 -20 -21 -22 -23 23 24 25 28 27 -29 -30 -31
leaf_value=-0.010300917122433004 0.0031694610252259907 -0.0085289436831724706 -0.0032067746405246948 0.0041921189384027373 -0.0035823958158430562 -0.0062093240929150363 0.0063987902269253081 0.0029471570033504681 0.0048405590804644176 -0.015805967969805164 -0.010556211137792813 0.013352037010031213 -0.0037909127641898035 0.0046265898831806688 -0.019198168232522933 -0.011474358153040962 -0.0059513032101943765 0.016351889513536638 -0.0013622166500661351 0.001616203691822899 -0.0069366523085975526 0.0077397779586681273 0.00072912143943742102 0.0028113881774959617 -0.013950213254615727 0.0091561666018694782 0.010327473591316132 -0.0028856335056471729 -0.0017945772278715533 -0.0048263428529702179
leaf_weight=812.16285601915297 16089.889490103989 437.72742578189718 2985.5111328113062 3074.2238807761905 1713.3470623097455 1749.8573731150818 1298.9493644997474 7654.4240802441755 2626.5444793869265 250.09604071063222 394.0772179569467 1291.4040979010888 1560.8439226911478 8659.854572065311 445.90991814486915 1525.0322424151818 5520.6195442698336 1097.0684217307198 404.95508397010508 1692.2101494614144 3318.9082701893676 777.65100963425357 14688.740702924471 3363.3641719706757 2039.8464479144786 716.0195686006482 619.13626289427339 2714.0583248459006 24579.508261975992 1863.2840572191199
leaf_count=207667 287585 19218 151566 77185 63688 93768 45196 216264 82548 7956 8097 23984 50763 222343 34436 58190 936094 155214 115233 160170 108407 23863 2022889 684917 229501 77840 32576 98001 2986620 198000
internal_value=3.30916e-11 -0.000510599 0.000663338 0.00232691 0.0012129 -0.00145949 -0.0042525 0.000801745 -0.0016519 0.00235382 0.00283186 0.00690173 0.000837362 0.00399362 -0.00718927 -0.00600208 -0.00128718 -0.000893293 0.0115761 -0.00417588 -0.00398305 -4.77886e-05 -0.0012577 -0.00111251 -0.00186612 -0.00234972 -0.00537383 -0.000431317 -0.0014846 -0.00959464
internal_weight=115965 99875.3 39764.4 22293.7 17928.1 17470.6 7816.25 9654.38 8830.53 7904.52 3020.62 4365.63 2859.79 9097.58 4956.45 4510.54 60111 52898.1 1502.02 7212.83 5809.91 2491 51396.1 50584 35895.2 32531.9 7236.33 3333.19 25295.5 3903.13
internal_count=9479779 9192194 1287472 629333 528164 658139 340151 317988 286603 224220 90645 101169 95959 241561 244192 209756 7904722 6808458 270447 1096264 195958 87551 6538011 6330344 4307455 3622538 558078 130577 3064460 427501
is_linear=0
shrinkage=0.08


Tree=81
num_leaves=31
num_cat=0
split_feature=2 8 3 0 9 2 4 7 7 4 3 9 0 5 6 5 7 4 0 6 2 3 0 9 0 5 5 4 9 6
split_gain=28.3976 14.4799 21.9691 16.226 15.6462 12.7603 11.893 10.4379 10.0725 9.39854 9.22501 8.62805 8.41346 8.37109 8.20973 8.20528 7.76918 7.40336 7.40175 7.10303 7.4842 11.4826 8.2437 7.42499 6.939 6.88234 6.75472 13.4689 18.0103 11.4511
threshold=0.28292356431484228 1.0000000180025095e-35 29.500000000000004 5.5000000000000009 0.83333250880241405 0.92980295419693004 2002.0000000000002 13.500000000000002 20.500000000000004 307.50000000000006 28.500000000000004 0.69999969005584728 5.5000000000000009 0.50258100032806408 26.500000000000004 0.6936996877193452 20.500000000000004 1.0000000180025095e-35 9.5000000000000018 3.5000000000000004 0.63762626051902782 4.5000000000000009 16.500000000000004 0.41742432117462164 5.5000000000000009 0.61269941926002514 0.48149947822093969 95.500000000000014 0.33333416283130651 54.500000000000007
decision_type=2 2 2 2 2 2 2 2 2 2 2 2 2 2 2 2 2 2 2 2 2 2 2 2 2 2 2 2 2 2
left_child=16 2 11 6 5 7 10 -5 13 15 -3 19 -13 -8 -12 -4 17 -1 -6 24 -21 -22 -23 -24 -2 -16 27 28 -19 -29
right_child=1 3 9 4 18 -7 8 -9 -10 -11 14 12 -14 -15 25 -17 -18 26 -20 20 21 22 23 -25 -26 -27 -28 29 -30 -31
leaf_value=-0.080576220477146368 -0.0012653781463710216 0.0019207065682283644 -0.014597712148858315 0.0053226935128556831 0.0089671900083827423 0.014232796333310116 -0.0068763351180558723 -0.00036062243815708641 0.074862100932133385 -0.003513660791109029 -0.0030036799105903236 0.0025370497523733541 0.011687278642493804 0.00050645783068747246 0.0079907010950004218 -0.071948007638929501 0.011609791545870005 -0.014678402149007817 0.023419343873701638 -0.00019087234640123408 0.016248677584506956 0.0041445212990598038 -0.040549544363164748 -0.0049783799668655275 -0.031557644963023983 0.01977123201283381 -0.00086415971008080089 -0.00044333035555461106 0.011680256080602724 -0.0062109833653764346
leaf_weight=7.5304761679362846 109.22607927711397 3174.5972407932595 300.20349908340268 5547.5311081181453 556.05251425824827 726.54063598205175 1053.6391390967801 3297.5709372377614 11.514340343419461 5975.7337274665852 303.40961102961228 2415.2565002213487 876.50863670289982 14645.725606482323 1100.2057861819858 16.863064354518428 301.73704323085985 212.70111926586833 383.03683328529587 11759.351982338881 448.5745862052936 1692.4113364415334 44.959880185779184 228.05811266762612 86.900905731599778 446.06453571527163 49973.979066414504 3536.2745214299175 754.04749307650854 5843.5629895814563
leaf_count=144346 4997 78315 18904 111877 10541 15442 38112 68680 157 219803 8088 91269 19569 276913 28234 580 26311 130735 7536 413564 6865 32944 1248 4497 3380 7083 5108892 883021 164597 1553279
internal_value=3.99513e-11 0.00131279 -0.000167038 0.00244727 0.00500784 0.00404103 0.00114931 0.00320388 6.58305e-05 -0.00422582 0.00453733 0.00127913 0.00497351 1.09728e-05 0.00902822 -0.0176479 -0.00119522 -0.00125926 0.014862 0.000432819 0.000642048 0.00469946 0.00206356 -0.0108361 -0.0146874 0.0113891 -0.00124936 -0.00310988 0.0058809 -0.00403653
internal_weight=115830 55199.9 23954 31245.9 10510.7 9571.64 20735.2 8845.1 15710.9 6292.8 5024.28 17661.2 3291.77 15699.4 1849.68 317.067 60629.8 60328.1 939.089 14369.5 14173.4 2414 1965.43 273.018 196.127 1546.27 60320.6 10346.6 966.749 9379.84
internal_count=9479779 1468598 817620 650978 214076 195999 436902 180557 315182 239287 121720 578333 110838 315025 43405 19484 8011181 7984870 18077 467495 459118 45554 38689 5745 8377 35317 7840524 2731632 295332 2436300
is_linear=0
shrinkage=0.08


Tree=82
num_leaves=31
num_cat=0
split_feature=2 0 9 9 5 2 9 9 4 5 0 5 2 7 7 4 4 5 2 4 7 6 9 4 6 3 5 4 4 3
split_gain=25.5319 11.8993 10.7984 10.4601 10.409 10.2734 9.34466 9.11543 9.39589 9.21495 9.13056 8.61733 7.99257 6.67374 14.6167 10.4622 6.53206 7.91431 6.44785 5.8833 5.82857 5.6391 5.85338 10.9108 5.49592 7.6865 5.43923 5.30672 7.9952 9.64065
threshold=0.48112535476684576 31.500000000000004 0.99999845027923595 0.49615384638309484 0.47666649520397192 0.92365968227386486 1.8333265643377674e-06 0.66666582226753246 6003.5000000000009 0.75106957554817211 14.500000000000002 0.10704734176397325 0.22287581861019137 4.5000000000000009 7.5000000000000009 137481.00000000003 105.50000000000001 0.33895458281040197 0.39886364340782171 426007.50000000006 17.500000000000004 114.50000000000001 0.7692304551601411 6257.5000000000009 97.500000000000014 29.500000000000004 0.47058816254138952 72160.000000000015 102441.50000000001 3.5000000000000004
decision_type=2 2 2 2 2 2 2 2 2 2 2 2 2 2 2 2 2 2 2 2 2 2 2 2 2 2 2 2 2 2
left_child=2 4 6 -3 16 7 -1 20 -9 21 -11 -8 -13 -7 -15 -16 26 -18 -4 -14 -6 24 -23 -24 27 -26 -2 -10 -29 -30
right_child=1 3 18 -5 5 13 11 8 9 10 -12 12 19 14 15 -17 17 -19 -20 -21 -22 22 23 -25 25 -27 -28 28 29 -31
leaf_value=-0.026057921237889307 0.010416803010949896 0.00059842860086557119 0.0046592865806480647 0.019687492237986805 0.0013264038360203468 0.0022389893561424738 -0.019420832958410975 0.0091293920541185309 0.00047551752149262123 0.0060438786382656659 0.035600018595239015 -0.0014087403012220153 -1.1546116796909063e-05 0.021774885986845131 0.0041661865313522969 0.055616067280880345 -0.019047243416667643 -0.0033223015356829773 0.026413596217698693 0.006590595912551696 -0.0034291176873928694 -0.0043931494484786664 -0.13341748114491661 0.015206988136195691 -0.0053735031894375507 -0.045700675964454103 -0.069498476065400827 -0.025736165966164268 -0.083386724666466266 0.0051375407328510892
leaf_weight=93.522217736113816 235.51772536713088 308.27520909618818 1450.9962942966959 454.68533617773153 15082.889609907867 1205.3424171373147 158.02356702633551 1895.8153236293174 1170.3304266951427 1011.8479514725577 71.628525924053974 48064.356425296544 37348.170005928565 483.59438876880358 1165.2234772129966 25.856342904721714 237.63341921305619 1484.3448387428225 92.772747258655727 884.28947401624464 1852.0132035557872 191.84659969510813 3.1961013772524884 289.61941920769368 91.339886279542952 45.227008291054517 5.5799078114796421 136.47879704530351 8.3009468247182649 152.85957571782637
leaf_count=38556 5369 6364 35214 9624 294808 19821 274963 32969 21274 15425 1329 7128713 1449900 7786 18280 506 7085 36921 1815 14333 41984 3516 64 4980 1830 816 125 2640 145 2624
internal_value=-1.71287e-11 0.00212276 -0.000665307 0.0119745 0.00184278 0.00228523 -0.000783601 0.00169714 0.0046735 0.00201091 0.00799783 -0.00075626 -0.000722083 0.00677827 0.0100454 0.00528308 -0.0037656 -0.00549235 0.00596661 0.000141157 0.000806337 -0.00109396 0.00646845 0.0135847 -0.00337824 -0.0187287 0.00856726 -0.00195017 -0.0114881 0.000577893
internal_weight=115702 27609.4 88092.1 762.961 26846.5 24883.4 86548.4 22003.4 5068.49 3172.68 1083.48 86454.8 86296.8 2880.02 1674.67 1191.08 1963.08 1721.98 1543.77 38232.5 16934.9 2089.2 484.662 292.816 1604.54 136.567 241.098 1467.97 297.639 161.161
internal_count=9479779 536285 8943494 15988 520297 470797 8906465 424404 87612 54643 16754 8867909 8592946 46393 26572 18786 49500 44006 37029 1464233 336792 37889 8560 5044 29329 2646 5494 26683 5409 2769
is_linear=0
shrinkage=0.08


Tree=83
num_leaves=31
num_cat=0
split_feature=2 9 0 0 9 5 9 9 2 5 4 9 5 9 0 4 7 7 9 7 4 5 9 2 1 2 3 6 2 6
split_gain=23.3456 11.5802 20.4523 9.77658 13.2573 10.5179 9.57448 9.52759 8.59368 8.28852 14.7495 14.3077 12.1854 7.6854 7.49888 7.18356 7.03065 7.45804 9.17706 9.71583 8.75467 7.42335 7.33829 7.08443 7.14989 6.95007 6.66433 11.7411 6.53909 6.29132
threshold=0.48112535476684576 0.49615384638309484 20.500000000000004 2.5000000000000004 0.74999949336051952 0.83294382691383373 0.99999845027923595 0.78759360313415538 0.64747309684753429 0.4371065646409989 423.50000000000006 0.11882390454411508 0.17647051066160205 1.5476142039005938e-06 1.0000000180025095e-35 20.500000000000004 20.500000000000004 17.500000000000004 0.99999248981475841 18.500000000000004 369.50000000000006 0.70944577455520641 0.5030120611190797 0.15026882290840152 46.500000000000007 0.83527129888534557 26.500000000000004 10.500000000000002 0.41223156452178961 77.500000000000014
decision_type=2 2 2 2 2 2 2 2 2 2 2 2 2 2 2 2 2 2 2 2 2 2 2 2 2 2 2 2 2 2
left_child=6 -2 3 5 8 -3 9 25 -5 10 11 -1 -12 -11 -13 -16 17 23 19 22 21 29 -19 24 -15 -4 -10 -28 -8 -21
right_child=1 2 7 4 -6 -7 28 -9 26 13 12 14 -14 16 15 -17 -18 18 -20 20 -22 -23 -24 -25 -26 -27 27 -29 -30 -31
leaf_value=-0.009781476565710899 -0.00097772554733266035 -0.0011583391541250105 0.0094890610809433631 0.00010204668135209554 0.011296395085502772 0.018275216817144758 0.00452093921064569 0.06569521500763513 0.005925680621468689 -0.030347852731326317 -0.027702511219492094 -0.080522618636303445 -0.0049149363488832989 -0.00079354998258000461 0.019657239283919541 0.0030022610979806496 0.014903075655179891 -0.026843177446181841 0.0021621120248816804 -0.01686160970504539 -0.0021960172730280318 -0.052984959109625855 -0.0073060614234828217 0.00038203553425465248 -0.0049517096429144928 0.026375698940277994 -0.035546303827738608 0.0018350026455599092 0.030501954759551 -3.6178253317250773e-05
leaf_weight=600.53810721692116 6301.7408015574874 5389.2580927941362 946.91517158089766 5085.5686864866666 1251.7378425369316 184.33625039515027 1478.2818450325867 21.774368699465413 5400.6857378452996 55.11552806495456 154.44599457892855 6.7068020573005915 5443.0011354331327 19934.313157140241 178.37892966852087 2339.4963300700529 190.08303503220668 190.18629784255063 2066.5937484303067 362.15256874132865 6520.3175070375109 27.205835970627959 348.51765175915352 44794.074132711023 3051.6803416870534 186.7479695466908 54.867563481588149 2700.2478920232643 64.713071112520993 234.2121745364384
leaf_count=332892 141765 108297 19544 97907 22513 2190 35776 442 92770 23180 139150 144346 1295968 2857151 38671 421087 10111 52383 103181 52282 763224 2655 37340 1835285 766694 5096 1158 44603 1253 30865
internal_value=-3.14302e-11 0.0020336 0.00292779 0.00233186 0.0034269 -0.00051561 -0.000635764 0.0132776 0.00268298 -0.000747191 -0.00308562 0.00131707 -0.0055437 -0.000484931 0.00395716 0.00418218 -0.000463754 -0.000501429 -0.00257031 -0.00384332 -0.00306208 -0.012118 -0.0142035 -0.00020385 -0.0013456 0.0122708 0.00429233 0.00109056 0.00561058 -0.0102537
internal_weight=115564 27523.9 21222.1 20066.7 14493.1 5573.59 88040 1155.44 13241.4 86497 8722.57 3125.12 5597.45 77774.5 2524.58 2517.88 77719.3 77529.3 9749.19 7682.59 7143.89 623.571 538.704 67780.1 22986 1133.66 8155.8 2755.12 1542.99 596.365
internal_count=9479779 536285 394520 369438 258951 110487 8943494 25082 236438 8906465 2372114 936996 1435118 6534351 604104 459758 6511171 6501060 1041930 938749 849026 85802 89723 5459130 3623845 24640 138531 45761 37029 83147
is_linear=0
shrinkage=0.08


Tree=84
num_leaves=31
num_cat=0
split_feature=2 9 0 3 8 9 2 2 5 4 5 0 6 4 5 4 4 5 4 0 1 2 5 7 4 7 5 3 4 5
split_gain=21.7169 12.4209 22.2252 13.0575 15.7996 13.1446 15.5386 12.3072 11.8228 10.287 15.0769 10.2161 7.63426 7.47115 7.29674 6.94845 6.79958 8.97945 8.08702 6.67737 6.30718 6.42873 6.22035 6.10611 6.02702 5.99025 5.8278 5.79213 5.4536 7.40258
threshold=0.28669276833534246 0.47673162817955023 3.5000000000000004 25.500000000000004 1.0000000180025095e-35 0.79999950528144848 0.84654632210731517 0.39886364340782171 0.83294382691383373 710.50000000000011 0.41619303822517401 10.500000000000002 12.500000000000002 9121.5000000000018 0.75106957554817211 4229.5000000000009 10346.000000000002 0.54509595036506664 1210.5000000000002 22.500000000000004 52.500000000000007 0.29442724585533148 0.24477025121450427 17.500000000000004 1.0000000180025095e-35 20.500000000000004 0.17647051066160205 3.5000000000000004 352.50000000000006 0.45685066282749182
decision_type=2 2 2 2 2 2 2 2 2 2 2 2 2 2 2 2 2 2 2 2 2 2 2 2 2 2 2 2 2 2
left_child=24 15 8 5 14 6 20 -7 9 22 26 -9 -12 27 28 19 18 -18 -8 23 -4 -22 -3 -2 -1 -26 -11 -14 29 -5
right_child=1 2 3 4 -6 7 16 11 -10 10 12 -13 13 -15 -16 -17 17 -19 -20 -21 21 -23 -24 -25 25 -27 -28 -29 -30 -31
leaf_value=-0.080482484101015703 -0.0015181634026308957 -0.013718224672705613 0.0023983413294185753 0.0084810384173346683 0.0030951668849626031 0.0053784038691417615 0.017967544254523071 0.012855003074170333 0.011136884221818757 -0.069141583591976988 -0.01183904776231089 0.032468938093423008 -0.0077009835553769161 -0.0018605607883414876 -0.016926549373129155 0.00027865376279795638 -0.047772330533757866 0.017213965496597265 0.00074394803391955469 -0.0194816311202189 -0.031258826238418969 0.010265701032736125 0.0053055346596080711 -0.0096033106545048187 -0.0010574602391744865 0.010064436546914277 -0.01283073919225155 0.0022070956673740107 -0.0022180945678866824 -0.045408559604508708
leaf_weight=6.10666520288214 3073.1197490923678 115.31627481081887 10967.337267248131 26.003417927306145 3365.897102020358 1142.4755074555296 250.64548843869022 654.13928403344926 589.89437019409888 12.023814847634638 379.71428523648501 229.61153005278902 400.97861251223367 9141.9991655198664 351.39580738542736 8459.0184169004169 13.831671694293616 840.53925405864175 574.07065850894571 165.99243082069734 24.493172524031252 925.09140223957365 2387.126006887047 742.19788443597827 62182.552668509219 311.48485442640958 541.27427106957475 6478.2260610821122 1030.0620301901945 43.779727111104876
leaf_count=144346 131048 10977 235629 769 60830 23989 4594 12153 7727 2497 12492 4495 8938 207828 6229 266828 292 17111 10737 4719 689 19166 75062 34478 7919069 26495 33292 169398 26548 1354
internal_value=7.10225e-12 0.00119245 0.00187181 0.0037281 8.67489e-05 0.00485092 0.00395508 0.010862 -2.08629e-05 -0.000359148 -0.00106586 0.017951 -0.000627682 -0.000361965 -0.00689075 -0.00101844 0.0111601 0.0161619 0.0059785 -0.00377435 0.0029399 0.00919464 0.00442889 -0.00309098 -0.00100979 -0.00100203 -0.0140544 0.00162957 -0.00368435 -0.0253276
internal_weight=115426 52926.3 40485.9 20439.4 4817.14 15622.2 13596 2026.23 20046.6 19456.7 16954.2 883.751 16400.9 16021.2 1451.24 12440.3 1679.09 854.371 824.716 3981.31 11916.9 949.585 2502.44 3815.32 62500.1 62494 553.298 6879.2 1099.85 69.7831
internal_count=9479779 1389869 952796 424585 95730 328855 288218 40637 528211 520484 434445 16648 398656 386164 34900 437073 32734 17403 15331 170245 255484 19855 86039 165526 8089910 7945564 35789 178336 28671 2123
is_linear=0
shrinkage=0.08


Tree=85
num_leaves=31
num_cat=0
split_feature=2 0 9 4 0 9 5 7 7 9 5 4 5 4 4 6 7 4 5 4 4 4 1 3 9 4 5 4 8 6
split_gain=20.2886 10.6808 9.50511 9.38523 9.06723 8.13749 8.11003 11.7109 15.9599 7.40155 7.41861 19.2708 14.2133 12.577 10.0516 9.33947 13.084 14.5872 16.9405 23.7781 15.9776 24.464 28.5786 13.8207 12.8063 12.5374 10.5803 10.1322 9.28885 17.5033
threshold=0.48112535476684576 38.500000000000007 0.33333365619182592 227752.50000000003 7.5000000000000009 0.99999913573265087 0.62627032399177562 4.5000000000000009 8.5000000000000018 4.1666304468890311e-06 0.66069462895393383 72837.500000000015 0.65505805611610424 70419.000000000015 115.50000000000001 119.50000000000001 4.5000000000000009 147804.00000000003 0.73315289616584789 83472.000000000015 93473.500000000015 102441.50000000001 18.500000000000004 17.500000000000004 0.99999582767486583 43038.000000000007 0.68444010615348827 50268.000000000007 1.0000000180025095e-35 120.50000000000001
decision_type=2 2 2 2 2 2 2 2 2 2 2 2 2 2 2 2 2 2 2 2 2 2 2 2 2 2 2 2 2 2
left_child=5 2 3 4 -2 9 -4 -8 -9 -1 11 13 -13 -11 -12 16 17 18 20 -20 25 22 -22 -21 -23 -16 27 -27 29 -17
right_child=1 -3 6 -5 -6 -7 7 8 -10 10 14 12 -14 -15 15 28 -18 -19 19 23 21 24 -24 -25 -26 26 -28 -29 -30 -31
leaf_value=-0.0080259218169270868 -0.0037313209954011528 0.014661422125530231 0.00013915198908301038 0.0142096802776064 -0.021156335794395839 0.012215118636523038 0.00082071847209157071 0.010211116910588383 0.0028294230590635082 -0.0012822591685811636 -0.020412529970619184 0.016377352137563177 -0.0010513684056150259 -0.0157273666904247 -0.0025553112092672014 -0.012296955664108435 0.0027412877660148013 0.0025640527746093769 -0.0062856819477903458 -0.051663534786482258 -0.015481938326252409 -0.0021547235049618192 -0.079465505785152532 -0.0099063945158018429 -0.025379981449919275 0.02891015268600941 0.0030320798556655836 0.0027059751683417943 0.001362051277480233 0.00030422024295952154
leaf_weight=859.54703727248125 914.03361426459014 413.43305866969968 9197.9412062723786 145.11471159735083 241.64894601079504 316.34783551091095 7683.050302785563 2703.914009510976 6111.5072317300182 51341.195582198969 148.42122141015716 687.79428300826112 530.39879685416963 388.67937366342812 2814.0072610184598 1359.4088622927338 14084.982601947982 5556.8538422702204 1070.6412254284733 131.09458197761705 193.20313497714233 2006.9983558629392 58.115942985299625 82.748568087583408 164.38904474326409 215.10705500918993 2255.9710940017994 168.34410196616227 2004.8869719787617 1466.5248590140145
leaf_count=249582 28726 8622 195129 2620 8387 6678 139063 43772 109966 6832638 10243 42288 35227 33325 188683 145010 730221 171205 48128 9767 10275 113147 7720 4126 6086 9975 132506 11408 49684 95572
internal_value=8.93115e-12 0.00190029 0.00170487 -0.0049669 -0.00737483 -0.000592546 0.0020426 0.00310378 0.00509358 -0.000638804 -0.000565593 -0.00115659 0.00878892 -0.00139079 0.000360707 0.000452378 0.00099834 -0.000669704 -0.00263131 -0.0111502 -0.001242 -0.00664797 -0.0302777 -0.0355052 -0.00391304 0.00115962 0.00512029 0.0174059 -0.00280277 -0.00575755
internal_weight=115316 27410.6 26997.2 1300.8 1155.68 87905.7 25696.4 16498.5 8815.42 87589.3 86729.8 52948.1 1218.19 51729.9 33781.7 33633.3 28802.5 14717.5 9160.62 1284.48 7876.14 2422.71 251.319 213.843 2171.39 5453.43 2639.42 383.451 4830.82 2825.93
internal_count=9479779 536285 527663 39733 37113 8943494 487930 292801 153738 8936816 8687234 6943478 77515 6865963 1743756 1733513 1443247 713026 541821 62021 479800 137228 17995 13893 119233 342572 153889 21383 290266 240582
is_linear=0
shrinkage=0.08


Tree=86
num_leaves=31
num_cat=0
split_feature=2 5 4 5 9 8 3 4 5 7 3 4 9 7 4 0 4 5 5 6 5 5 2 9 2 9 1 6 4 2
split_gain=19.0312 10.8264 13.2387 12.4312 11.6127 10.4156 19.7744 15.7453 21.0356 15.8232 12.3664 12.4736 10.6548 10.6072 10.5721 10.0928 9.95502 9.40603 20.2767 14.0644 9.22081 8.57842 8.28799 8.71304 9.3174 8.15917 9.78241 8.01325 11.5923 7.65501
threshold=0.6885775923728944 0.4371065646409989 95.500000000000014 0.21313631534576419 0.33333416283130651 1.0000000180025095e-35 4.5000000000000009 3530.0000000000005 0.71393844485282909 12.500000000000002 5.5000000000000009 137.50000000000003 0.37602475285530096 3.5000000000000004 102441.50000000001 3.5000000000000004 18390.000000000004 0.59640088677406322 0.60266375541687023 30.500000000000004 0.61269941926002514 0.6866402029991151 0.11443452537059785 0.73746848106384288 0.35032467544078832 0.99999248981475841 19.500000000000004 82.500000000000014 14068.000000000002 0.35505092144012457
decision_type=2 2 2 2 2 2 2 2 2 2 2 2 2 2 2 2 2 2 2 2 2 2 2 2 2 2 2 2 2 2
left_child=1 2 4 -4 -1 10 12 25 9 14 -3 -12 -7 -10 17 -14 -11 27 19 -19 -20 29 -17 -24 -25 26 -8 28 -9 -16
right_child=-2 5 3 -5 -6 6 7 8 13 16 11 -13 15 -15 21 22 -18 18 20 -21 -22 -23 23 24 -26 -27 -28 -29 -30 -31
leaf_value=-0.011488951511868744 0.0033763420927655041 0.0013941627197165819 -0.01660051530396349 -0.0032746023228337551 0.0084053785569984992 -0.022320825219456539 0.0012798956925204042 0.0073554977339880491 -0.013926154279697076 -0.0030296407904647745 -0.012364621955608618 -0.0012537003081423445 -0.0070352053539533312 0.0040341508749020174 -0.027848912387824967 -0.014547388883882803 -0.011470024370031886 0.048509060339236666 -0.010842071348263357 0.012377014936160915 0.0025101538838346832 -0.0025098652938081384 -0.0022631857334178668 0.0028854585168230302 0.021510191899127448 0.0074884934677211506 0.0086903166095748073 -0.0053059037439379579 -0.016121319192652729 -0.0031294912188246263
leaf_weight=229.75910853426785 9777.6829543708736 12995.06658138377 475.19108325351408 7836.2307949839287 1027.8346393139495 196.05268943595092 6071.8345898270018 817.64759095723184 215.71998959843768 3822.027812602546 656.77381025521754 41969.427564939055 2198.027200194002 8619.447881496133 194.4488919331925 205.05317498435033 1167.5228737388825 88.208476451109163 349.51925713422679 315.74332606822554 6250.7399256013814 864.72861702315276 1089.5864947168011 546.74384474367253 250.74754904699512 3219.4524905130638 1403.6525129205111 2052.9387387314964 161.13512788235676 136.43156663118862
leaf_count=128560 173549 1493565 298410 1653055 318455 6324 193521 29850 4977 128770 88202 4209156 77205 158327 6422 6835 40181 2253 11991 9049 165432 20309 23919 11356 4134 74059 52024 80190 7024 2675
internal_value=2.40221e-11 -0.000313132 -0.00287901 -0.00403649 0.00477074 -5.69953e-05 0.000923447 0.00155168 0.00045482 -0.00125589 -0.000766265 -0.00142489 -0.00408303 0.00359563 0.000409469 -0.00324959 -0.00500464 0.00125663 0.00286794 0.0202669 0.00180308 -0.00670161 0.000727636 0.00238745 0.00874145 0.00412142 0.00267133 -0.00246599 0.00349055 -0.0176564
internal_weight=115205 105428 9569.02 8311.42 1257.59 95858.7 40237.4 35751.2 25056.3 16221.1 55621.3 42626.2 4486.21 8835.17 11231.5 4290.16 4989.55 10035.9 7004.21 403.952 6600.26 1195.61 2092.13 1887.08 797.491 10694.9 7475.49 3031.72 978.783 330.88
internal_count=9479779 9306230 2398480 1951465 447015 6907750 1116827 987054 667450 504146 5790923 4297358 129773 163304 335195 123449 168951 305789 188725 11302 177423 29406 46244 39409 15490 319604 245545 117064 36874 9097
is_linear=0
shrinkage=0.08


Tree=87
num_leaves=31
num_cat=0
split_feature=2 2 3 5 6 6 1 9 5 1 0 5 5 9 3 8 2 0 4 4 7 2 7 7 4 6 0 8 3 4
split_gain=17.9677 10.8522 8.9298 8.5589 8.44515 7.54658 7.16767 14.0008 7.10089 8.49908 6.41298 5.76735 10.5921 5.73416 7.9391 9.23691 8.34337 7.89994 7.72162 7.19323 6.96066 6.73094 6.47925 9.58606 12.4069 6.92832 6.82607 5.88014 8.87088 8.71899
threshold=0.22287581861019137 0.82807883620262157 9.5000000000000018 0.27558170258998876 27.500000000000004 44.500000000000007 47.500000000000007 0.37602475285530096 0.83294382691383373 9.5000000000000018 15.500000000000002 0.7822885811328889 0.77645063400268566 0.66666617989540111 14.500000000000002 1.0000000180025095e-35 0.071796759963035597 13.500000000000002 20.500000000000004 265.50000000000006 12.500000000000002 0.017095265910029415 8.5000000000000018 15.500000000000002 43038.000000000007 83.500000000000014 4.5000000000000009 1.0000000180025095e-35 7.5000000000000009 75.500000000000014
decision_type=2 2 2 2 2 2 2 2 2 2 2 2 2 2 2 2 2 2 2 2 2 2 2 2 2 2 2 2 2 2
left_child=13 3 5 -2 11 10 8 -8 -5 -10 -3 12 -4 14 15 21 -17 18 -15 -16 -18 -1 27 26 -25 -26 -24 28 -20 -29
right_child=1 2 4 6 -6 -7 7 -9 9 -11 -12 -13 -14 17 19 16 20 -19 22 -21 -22 -23 23 24 25 -27 -28 29 -30 -31
leaf_value=-0.023941832344062112 -0.0094208140327275564 0.013581421578253466 -0.0073806825356001341 0.00031123462612595731 0.0044994503722281384 0.0054190350838428884 -0.011366438142575421 0.0066237447882081437 0.010018243367639139 -0.00048909578431629577 0.037356057594848897 0.0046482672840394753 -0.057598020549450228 0.017705549304492991 -0.010831051474195205 -0.031134042776738542 -0.0032839272140803379 0.016379142017499109 0.0019614126668690097 0.00050846349483607512 -0.016602070098970717 -0.0026481672727856043 -0.0058324097252154738 4.5123431183144516e-05 -0.022484759904285719 -0.0035598229399759862 0.0063215976618250513 0.027207123152360572 -0.0030439489788687967 0.0017233353410054596
leaf_weight=96.01264050035752 543.01949512227293 432.56622855033982 457.11078743448979 56209.776289097797 2495.1014476230193 881.49461599259678 311.53220195346512 2487.7312450856989 1070.3891289582389 912.85052619775524 87.260669207585579 248.62023017996216 28.561209635776322 146.34073402511422 380.41834497580749 112.10038198705115 680.06579565862194 175.74725398526061 3851.536854265838 6082.4882710063212 398.22399012179812 9069.5954850508133 4243.3364721240414 9796.1004971305611 245.29645415369305 249.96835124789504 317.89707823182107 86.923898665787419 5504.9790877904816 7474.8405825582904
leaf_count=275483 67197 7208 7942 1777430 42395 16573 17175 60097 15742 16614 2405 5146 425 34558 200255 9309 29441 4501 508952 1132175 22126 2396981 870616 977706 16970 10925 17307 4760 653701 277664
internal_value=7.79711e-12 0.000859468 0.00459428 0.000578412 0.00228011 0.00992736 0.000667436 0.0046216 0.000477229 0.0051819 0.0175723 -0.00526113 -0.0103338 -0.00116265 -0.00235918 -0.00373226 -0.010362 -0.00053559 -0.000628729 -0.000159001 -0.00820246 -0.00287123 -0.000713179 -0.00193249 -0.000579441 -0.012933 -0.00498533 0.000357258 -0.000983531 0.00201628
internal_weight=115078 66166 4630.72 61535.3 3229.39 1401.32 60992.3 2799.26 58193 1983.24 519.827 734.292 485.672 48911.9 16818.9 10356 1190.39 32093 31917.2 6462.91 1078.29 9165.61 31770.9 14852.6 10291.4 495.265 4561.23 16918.3 9356.52 7561.76
internal_count=9479779 2036349 82094 1954255 55908 26186 1887058 77272 1809786 32356 9613 13513 8367 7443430 4065770 2733340 60876 3377660 3373159 1332430 51567 2672464 3338601 1893524 1005601 27895 887923 1445077 1162653 282424
is_linear=0
shrinkage=0.08


Tree=88
num_leaves=31
num_cat=0
split_feature=2 5 3 9 8 4 5 9 5 4 1 9 5 2 1 4 4 5 5 2 7 5 2 0 0 3 9 9 8 5
split_gain=16.6423 8.91327 8.42589 8.44006 8.41706 11.6433 10.273 6.66592 7.49023 6.81222 6.63414 6.51475 6.39906 7.58724 6.95887 6.33988 5.98019 5.90831 5.88239 5.75805 5.74379 5.49429 5.46726 5.63143 5.19563 5.19499 5.60867 5.13267 6.68896 8.05543
threshold=0.46720430254936224 0.47666649520397192 7.5000000000000009 0.40000030398368841 1.0000000180025095e-35 4155.5000000000009 0.75467449426651012 0.99999707937240612 0.79679140448570263 83472.000000000015 20.500000000000004 1.8333265643377674e-06 0.68283125758171093 0.33514493703842169 16.500000000000004 198.50000000000003 105.50000000000001 0.33895458281040197 0.10704734176397325 0.18016393482685092 3.5000000000000004 0.83294382691383373 0.80178570747375499 36.500000000000007 17.500000000000004 29.500000000000004 0.66666582226753246 0.37500022351741796 1.0000000180025095e-35 0.29576784372329717
decision_type=2 2 2 2 2 2 2 2 2 2 2 2 2 2 2 2 2 2 2 2 2 2 2 2 2 2 2 2 2 2
left_child=7 16 3 -3 10 -6 -7 11 9 12 25 -1 15 14 -14 -9 27 -18 -13 21 -8 -20 -12 -24 -17 26 -4 28 -2 -30
right_child=1 2 4 -5 5 6 20 8 -10 -11 22 18 13 -15 -16 24 17 -19 19 -21 -22 -23 23 -25 -26 -27 -28 -29 29 -31
leaf_value=-0.022438874905804835 -0.051747386697349865 -0.0024829105064099262 0.0011042797424251046 0.0056600686233921806 0.0060174107521125874 -0.0010814237994327864 0.070027031285719965 0.013826471713808184 0.014010655540867334 -0.008594477679434491 -0.0068620323800654215 -0.016438923722129902 -0.015661408881754331 0.022398913450194031 0.0066046342327902895 -0.00088335648658051185 -0.016990087693041306 -0.0032855626159392173 -0.0015407692991582867 -7.4631457882620502e-05 0.0044122909887769034 0.0072646502031201623 -0.050544417528626651 0.031356338754693992 0.03533049942719807 -0.0031606727689197649 0.016560646894903469 0.012523415649732441 0.11292345556492274 -0.03595564451812442
leaf_weight=88.274726771836868 18.573717027892599 946.73614488034036 2737.2121887078351 5837.8775601576108 3917.630468334346 6127.7215122501739 8.562364730983516 209.9876311599437 324.78661990608089 395.91682785400189 657.47016684018308 151.58526991633698 98.530520229833428 178.58369701804986 1017.5996405348376 2891.3535997661966 232.73739705556591 1492.0817304859161 35262.233217698835 46140.52055758483 3048.8462873590756 459.4238118948997 33.436017095344141 6.4018293085973701 25.579624444129877 2266.860911011076 158.98065167421009 213.62895589830077 4.2311466448009032 5.1655995105393231
leaf_count=38505 805 21724 63155 109068 69089 111492 112 7054 6189 11329 15964 274940 2114 3152 26727 102157 7164 37593 6410001 2029096 51482 21122 709 123 486 50651 3043 4569 38 126
internal_value=-1.05199e-11 0.00170783 0.00210431 0.00452378 0.00123867 0.00236586 0.000808408 -0.000542511 0.00225163 0.00145887 -0.00128152 -0.000717517 0.00235905 0.00708869 0.00463902 0.000400724 -0.00348363 -0.00513477 -0.000694138 -0.000664983 0.00459605 -0.00142752 -0.00860573 -0.0373832 -0.000565784 -0.000292334 0.00195273 0.00830418 -0.0239209 0.0310813
internal_weight=114959 27714.2 25747.7 6784.61 18963.1 13102.8 9185.13 87244.4 5142.34 4817.55 5860.36 82102 4421.63 1294.71 1116.13 3126.92 1966.42 1724.82 82013.8 81862.2 3057.41 35721.7 697.308 39.8378 2916.93 5163.05 2896.19 241.599 27.9705 9.39675
internal_count=9479779 546907 496612 130792 365820 232175 163086 8932872 159208 153019 133645 8773664 141690 31993 28841 109697 50295 44757 8735159 8460219 51594 6431123 16796 832 102643 116849 66198 5538 969 164
is_linear=0
shrinkage=0.08


Tree=89
num_leaves=31
num_cat=0
split_feature=8 7 7 6 7 6 7 4 3 9 2 9 1 4 2 6 9 1 1 1 4 4 5 2 6 4 4 3 4 5
split_gain=16.0349 24.6958 34.0577 32.0752 15.8409 16.2508 21.9868 13.6986 13.0524 15.0373 12.8412 12.4725 17.5678 12.1859 12.1599 10.9188 10.8799 10.5351 10.2868 9.55788 9.5033 9.45233 9.07871 8.98301 8.82941 10.4117 9.84278 8.92303 8.69516 8.33051
threshold=1.0000000180025095e-35 8.5000000000000018 4.5000000000000009 42.500000000000007 15.500000000000002 83.500000000000014 17.500000000000004 2002.0000000000002 29.500000000000004 0.33333416283130651 0.62563130259513866 0.30178594589233404 30.500000000000004 278.50000000000006 0.19371296465396884 114.50000000000001 0.99999707937240612 6.5000000000000009 61.500000000000007 4.5000000000000009 12.500000000000002 102441.50000000001 0.38642528653144842 0.5025252401828767 118.50000000000001 93473.500000000015 93473.500000000015 25.500000000000004 43038.000000000007 0.69511905312538158
decision_type=2 2 2 2 2 2 2 2 2 2 2 2 2 2 2 2 2 2 2 2 2 2 2 2 2 2 2 2 2 2
left_child=8 2 3 17 20 6 14 -8 11 13 15 12 19 -10 -6 -4 -11 -2 -7 -1 -3 24 -19 28 26 -26 27 -5 -14 -17
right_child=1 4 10 21 5 18 7 -9 9 16 -12 -13 23 -15 -16 29 -18 22 -20 -21 -22 -23 -24 -25 25 -27 -28 -29 -30 -31
leaf_value=0.0032831346948403325 0.0010450058846719131 0.047903652204489701 0.002848414871796066 -0.0039196668231885872 -0.017058403139950537 0.0026584898368024155 0.0065731913699239039 -0.003222209518633873 -0.016430694161727905 -0.004445614179385873 0.013628295437052398 0.00042784452837574656 -0.013523167201652028 0.0020007255286330415 -0.0050730751925233608 0.020457952940391259 -0.027322753085650301 0.029466793794043773 -0.01333539679605005 -0.0027683230937013566 -0.0049277308310418291 -0.0080505143105464964 0.005886767581872847 -0.066501380558712381 0.0014864589382695139 0.019849423685087339 -0.023080277761057318 0.0019217767627139513 0.0012773809098528489 0.007463230875454455
leaf_weight=2169.9676481184797 3949.0151947285349 21.879093215217836 3190.6759571445855 4977.5950876851221 719.09002200164878 10017.828617172614 1688.2201552157048 1991.6602979975287 243.51615640517048 9498.8993963935573 1713.740997998917 38834.948252223629 1103.816660266104 4009.1982104614908 2196.9349765163975 429.96840100118197 134.93643254740164 106.20082528170406 264.15285788383335 7255.786995158971 5391.1091545790086 1348.0469268350134 6524.4028170602705 18.314466808922589 2645.1469951645176 213.56833026104141 143.87044864078052 2521.3451028806157 329.98513885192369 1188.3581722144158
leaf_count=157172 81969 1775 90319 162530 41684 255812 52836 57968 69088 700920 28593 3743365 960483 558930 58650 9323 4681 6393 8398 1687670 272204 31054 161353 985 80701 5233 3554 68474 97196 20466
internal_value=-6.95625e-12 0.00105313 0.00259415 0.00111448 -0.000948389 0.000259358 -0.00283999 0.00127163 -0.000848521 -0.00301696 0.0076822 -0.0002428 -0.00263706 0.000945318 -0.00802865 0.00556324 -0.00476604 0.0043162 0.00224759 -0.00137518 -0.00471419 -0.00174411 0.00626444 -0.010828 -0.00093458 0.00285832 -0.00235327 -0.00195562 -0.0101169 0.0109158
internal_weight=114842 51242.8 28951.9 22429.2 22290.9 16877.9 6595.91 3679.88 63599.4 13886.6 6522.74 49712.8 10877.9 4252.71 2916.02 4809 9633.84 10579.6 10282 9425.75 5412.99 11849.6 6630.6 1452.12 10501.5 2858.72 7642.81 7498.94 1433.8 1618.33
internal_count=9479779 1499289 749962 601261 749327 475348 211138 110804 7980490 1333619 148701 6646871 2903506 628018 100334 120108 705601 249715 264210 1844842 273979 351546 167746 1058664 320492 85934 234558 231004 1057679 29789
is_linear=0
shrinkage=0.08


Tree=90
num_leaves=31
num_cat=0
split_feature=2 9 0 0 9 9 5 3 2 2 3 5 2 8 3 1 6 4 5 1 2 9 9 2 4 2 5 4 4 9
split_gain=14.1863 9.69205 17.2307 9.60718 8.1528 8.05527 7.98105 7.89577 7.54204 6.96404 7.12006 6.99211 6.63891 6.48738 6.20139 6.18504 7.07996 6.09464 8.44017 8.67965 7.89122 7.37992 5.92389 9.40963 8.00904 5.89668 5.49233 6.79561 5.4553 5.35492
threshold=0.28292356431484228 0.47673162817955023 17.500000000000004 2.5000000000000004 0.74999907612800609 0.72222203016281139 0.83294382691383373 11.500000000000002 0.63762626051902782 0.33514493703842169 23.500000000000004 0.83294382691383373 0.5838744342327119 1.0000000180025095e-35 29.500000000000004 6.5000000000000009 11.500000000000002 49295.000000000007 0.81396234035491954 20.500000000000004 0.30094340443611151 0.99999815225601207 0.25000035762786871 0.33514493703842169 37398.500000000007 0.82807883620262157 0.63943681120872509 11178.500000000002 32837.500000000007 0.5030120611190797
decision_type=2 2 2 2 2 2 2 2 2 2 2 2 2 2 2 2 2 2 2 2 2 2 2 2 2 2 2 2 2 2
left_child=-1 15 3 6 8 25 -3 12 9 10 11 -5 -6 14 -9 -2 -17 20 19 -19 21 28 23 -18 -25 -4 27 -22 -15 -27
right_child=1 2 5 4 7 -7 -8 13 -10 -11 -12 -13 -14 17 -16 16 22 18 -20 -21 26 -23 -24 24 -26 29 -28 -29 -30 -31
leaf_value=-0.00084575262445210804 0.0014976796055727916 -0.00075640892839257709 0.004758859784144683 0.0022824895908753135 0.0071945122154467266 0.020402815651380923 0.010428778752630281 0.00060094276999760087 0.0032551804455827928 -0.00095805254769517245 0.012010633036656016 -0.031207767744754897 0.022810968687073694 0.00012074859428529273 -0.017254730045966612 -0.017286029620168234 0.0021901501615300177 -0.014812226165907817 0.015471103927746923 0.019625845499459907 0.0072692783552583545 -0.057676657678164808 -0.001098185474711336 -0.020002296910819888 -0.00066047577903436392 0.0027524581451066573 0.013694034361712853 -0.011930173989074177 -0.06940722763995788 0.025784204383233075
leaf_weight=60266.38924379614 4201.6870368797463 14999.109381540868 2021.9303504809325 1564.7545250552957 2050.0438014280853 290.17564927603235 419.69987309315184 351.4284238013206 7891.8302564672376 8974.7054691659087 545.06856010801857 40.941942325094715 190.4074092023202 113.17202006885782 192.76820916903671 196.03808933740947 385.22688199413824 312.70386162784416 111.51409318106016 55.09047974308487 648.53725863061845 19.226271155755967 7203.7558651798354 421.1393907229467 203.08694049273618 102.89170048067263 650.70421375256865 144.2243346326286 7.7146989945322266 173.63342621524021
leaf_count=8011181 178480 455435 43087 49043 42164 5883 5348 9184 135444 194216 16076 725 3432 2404 5254 8846 34832 6023 1669 1008 13086 366 200557 24668 8575 3104 11422 3242 158 4867
internal_value=-3.02452e-12 0.000935526 0.00152109 0.0011045 0.00211011 0.00784302 -0.000451948 0.00503883 0.00136358 2.17706e-05 0.00411037 0.00142856 0.0085217 0.00204576 -0.00572399 -0.00100874 -0.00226108 0.00409545 -0.0038084 -0.00965388 0.00648774 -0.0116384 -0.00190245 -0.00764194 -0.0137096 0.00625737 0.00824719 0.00377639 -0.00431636 0.0172144
internal_weight=114750 54483.2 41872.3 39283.6 23864.8 2588.63 15418.8 4847.54 19017.3 11125.5 2150.77 1605.7 2240.45 2607.08 544.197 12610.9 8409.25 2062.89 479.308 367.794 1583.58 140.113 8213.21 1009.45 624.226 2298.46 1443.47 792.762 120.887 276.525
internal_count=9479779 1468598 1012640 955699 494916 56941 460783 99412 395504 260060 65844 49768 45596 53816 14438 455958 277478 39378 8700 7031 30678 2928 268632 68075 33243 51058 27750 16328 2562 7971
is_linear=0
shrinkage=0.08


Tree=91
num_leaves=31
num_cat=0
split_feature=2 0 5 9 3 8 4 5 1 2 6 9 9 2 4 8 5 1 4 4 7 9 4 4 3 2 6 7 7 9
split_gain=13.5792 7.90391 7.00365 6.90777 6.36673 6.09304 7.97374 8.0235 7.62123 10.0122 6.07344 5.75229 5.73298 5.56802 8.24357 6.62636 7.8352 7.51377 6.83943 11.9874 6.06405 5.89192 8.74122 8.59061 6.04229 7.62655 10.2425 5.31869 5.28336 5.26296
threshold=0.48112535476684576 38.500000000000007 0.47666649520397192 0.99999913573265087 6.5000000000000009 1.0000000180025095e-35 4155.5000000000009 0.75467449426651012 20.500000000000004 0.80178570747375499 129.50000000000003 0.40000030398368841 1.055553298101586e-06 0.085867896676063551 40294.000000000007 1.0000000180025095e-35 0.63058349490165722 15.500000000000002 102441.50000000001 93473.500000000015 3.5000000000000004 0.2000008970499039 307.50000000000006 26706.000000000004 21.500000000000004 0.016261236742138866 16.500000000000004 15.500000000000002 1.0000000180025095e-35 0.49615384638309484
decision_type=2 2 2 2 2 2 2 2 2 2 2 2 2 2 2 2 2 2 2 2 2 2 2 2 2 2 2 2 2 2
left_child=3 2 -2 10 11 8 29 -8 -6 -10 12 -4 -1 14 21 16 20 -17 19 -18 -16 22 -14 28 -24 26 -26 -19 -23 -7
right_child=1 -3 4 -5 5 6 7 -9 9 -11 -12 -13 13 -15 15 17 18 27 -20 -21 -22 23 24 -25 25 -27 -28 -29 -30 -31
leaf_value=-0.046093848969400331 -0.0032508208659031523 0.012711764005785851 -0.00236477385659667 0.011389612275169238 0.00013666013812911609 -0.0027793618540509191 -0.0007639465919331873 0.0040630932291710791 -0.0061704977338675002 -0.046482073254639905 -0.0069142191461019301 0.0057483931944094504 -0.021168750868969816 -0.00016270341430703626 -0.02755101679778503 0.0093713433757632841 -0.0013480208212535267 -0.0066263194008151487 0.0079008246036776954 -0.066925534856029978 0.016837153603144969 -0.080436964704267991 -0.0072432326855446172 -0.011173257897649285 0.66281946839239125 0.0033143169751883141 0.049181668737048705 -0.034421509587704714 -0.0012923717568725343 0.0060334263674947462
leaf_weight=17.613337190356106 1924.8869981070675 401.09629773514098 658.34505237058193 312.44824140422861 5506.2775423690164 490.99466396002526 6599.471774655326 3308.8005943444596 732.45110576611478 41.675838788451074 942.43154479458462 3717.3291697073196 236.23990703843265 72105.1579595121 20.783762816383387 190.56824775994755 870.96702152149737 511.79370395414298 695.1946402133035 18.21304608049104 376.82475894795789 5.4015188098492208 1452.1638971074699 608.2676745951976 0.26061424895306018 405.18289298995296 0.52432128501823172 48.210466751246713 8747.3454459849563 3716.205970454072
leaf_count=7604 49606 8622 14119 6678 124684 9521 121690 56914 17878 902 169957 66836 246199 4365289 6546 6892 190480 21463 99979 5977 89177 144346 1259875 92336 80 223898 1202 2026 2003490 65513
internal_value=1.37752e-11 0.00156501 0.00139754 -0.000484298 0.00175874 0.00116469 0.00208701 0.000848011 -0.000908266 -0.00834071 -0.000526818 0.00452772 -0.000457074 -0.000447759 -0.00189645 0.00205183 0.00447615 -0.00434989 0.00195636 -0.00269124 0.0145169 -0.00283827 -0.006674 -0.00198009 -0.00483116 0.00379693 0.252922 -0.00901919 -0.00134121 0.00500494
internal_weight=114663 27097.5 26696.4 87565.6 24771.6 20395.9 14115.5 9908.27 6280.4 774.127 87253.1 4375.67 86310.7 86293.1 14187.9 2732.56 1981.98 750.572 1584.37 889.18 397.609 11455.4 2094.37 9361.01 1858.13 405.968 0.784936 560.004 8752.75 4207.2
internal_count=9479779 536285 527663 8943494 478057 397102 253638 178604 143464 18780 8936816 80955 8766859 8759255 4393966 422540 392159 30381 296436 196457 95723 3971426 1731254 2240172 1485055 225180 1282 23489 2147836 75034
is_linear=0
shrinkage=0.08


Tree=92
num_leaves=31
num_cat=0
split_feature=8 7 7 6 7 6 7 3 9 6 5 3 0 4 2 9 4 5 0 1 5 7 4 3 9 2 1 4 3 6
split_gain=12.8672 19.8917 28.4791 25.9876 12.9096 13.4137 18.7077 12.5917 12.7619 11.8516 12.6644 11.7769 11.3367 11.2525 10.4399 10.0856 9.78682 9.05681 9.44633 8.96653 8.87659 10.9945 9.35301 8.55269 8.48853 8.46229 8.10047 8.05338 7.95354 7.47647
threshold=1.0000000180025095e-35 8.5000000000000018 4.5000000000000009 42.500000000000007 15.500000000000002 83.500000000000014 17.500000000000004 29.500000000000004 0.33333416283130651 114.50000000000001 0.69511905312538158 16.500000000000004 1.5000000000000002 2002.0000000000002 0.13367697596549991 0.66666653752326976 278.50000000000006 0.41055466234683996 6.5000000000000009 61.500000000000007 0.69511905312538158 4.5000000000000009 65.500000000000014 5.5000000000000009 0.99999707937240612 0.3464102596044541 4.5000000000000009 2801.0000000000005 4.5000000000000009 23.500000000000004
decision_type=2 2 2 2 2 2 2 2 2 2 2 2 2 2 2 2 2 2 2 2 2 2 2 2 2 2 2 2 2 2
left_child=7 2 3 17 28 6 11 14 16 12 -11 -6 -4 -8 -1 26 -9 -2 29 -7 -17 -22 -23 -5 -10 -13 -16 -25 -3 -19
right_child=1 4 9 23 5 19 13 8 24 10 -12 25 -14 -15 15 20 -18 18 -20 -21 21 22 -24 27 -26 -27 -28 -29 -30 -31
leaf_value=-0.0018303087969760322 0.0188305116000312 -0.014029656633067478 -0.0024232902907439782 -0.0070220951707672952 -0.012551286929568342 0.0024275801084991532 0.006001702583305478 -0.014985786731187755 -0.0042261140009004329 0.022007389164226315 0.0081962160661818821 -0.0080331878534601938 0.0069746566320789362 -0.0028844016251559023 0.0032585076436520049 0.0012184085543411329 0.001683741644590399 -0.0086736205926527983 0.0078707092429805281 -0.012567204663390482 0.0012212151854749055 -0.09706984601376889 0.011282046072064374 0.0039917538258437855 -0.024622004335492945 0.004187272864834302 -0.00090875256505500363 -0.0018122594469655931 -0.0032949359726448628 0.0027140517891173187
leaf_weight=16215.107981368579 252.49481571867545 485.46593730050063 1113.7628078136531 1608.818169017808 1432.9950684884741 9993.8011454190364 1688.7707938102385 238.77572560328736 9477.1927751237181 569.01099009447057 1677.9244898083409 778.12983449318563 3130.405654291726 1982.8743662195907 3518.3021246595017 7203.0278581434723 4027.2244086774699 388.08181090525432 2416.4771041902713 261.91419717404642 1398.7309063946122 5.1150676426477721 1592.1604268484225 1874.3219198642637 132.41994695481844 679.20173441474776 19705.944314484121 8329.6468605316568 4903.4483718896599 7497.7529696607799
leaf_count=4837280 13371 29711 45143 52520 54817 255812 52836 69088 700920 11510 29278 32721 62770 57968 185519 422301 558930 15122 50099 8398 39449 198 45057 58948 4681 12796 1117067 240078 244268 171123
internal_value=-3.04283e-12 0.000945475 0.00233052 0.000976694 -0.000854473 0.0002374 -0.00258713 -0.000760162 -0.00289065 0.00699567 0.0116937 -0.00740151 0.00450843 0.00120276 -0.000164618 0.000643482 0.000750718 0.00386148 0.00349461 0.00204464 0.00274052 0.00640001 0.0109351 -0.00160089 -0.00450717 -0.00233774 -0.000277443 -0.000746146 -0.00426198 0.00215364
internal_weight=114579 51065.3 28858.7 22367.6 22206.6 16817.7 6561.97 63514 13875.6 6491.1 2246.94 2890.33 4244.17 3671.65 49638.4 33423.3 4266 10554.8 10302.3 10255.7 10199 2996.01 1597.28 11812.8 9609.61 1457.33 23224.2 10204 5388.91 7885.83
internal_count=9479779 1499289 749962 601261 749327 475348 211138 7980490 1333619 148701 40788 100334 107913 110804 6646871 1809591 628018 249715 236344 264210 507005 84704 45255 351546 705601 45517 1302586 299026 273979 186245
is_linear=0
shrinkage=0.08


Tree=93
num_leaves=31
num_cat=0
split_feature=2 2 0 9 1 4 5 3 5 2 9 2 1 2 9 6 2 5 5 4 0 3 7 5 2 6 5 5 7 2
split_gain=12.2108 8.25391 9.01219 7.69021 14.2554 8.57795 8.62669 7.90457 7.57419 7.29434 8.37 8.42957 8.51205 6.64784 13.7627 8.70873 6.29373 6.1353 5.36341 5.29018 7.29854 5.06178 5.05111 5.02388 4.87604 4.86243 4.85107 4.79689 4.44552 4.48464
threshold=0.31281565129756933 0.92980295419693004 6.5000000000000009 0.59999981522560131 8.5000000000000018 710.50000000000011 0.47058816254138952 25.500000000000004 0.83294382691383373 0.74239632487297069 0.79999950528144848 0.39886364340782171 38.500000000000007 0.33514493703842169 0.25000035762786871 85.500000000000014 0.38529014587402349 0.46399958431720739 0.49264453351497656 102441.50000000001 8.5000000000000018 9.5000000000000018 20.500000000000004 0.27558170258998876 0.5025252401828767 1.0000000180025095e-35 0.3690826296806336 0.47295783460140234 4.5000000000000009 0.6012820601463319
decision_type=2 2 2 2 2 2 2 2 2 2 2 2 2 2 2 2 2 2 2 2 2 2 2 2 2 2 2 2 2 2
left_child=22 3 -3 13 5 -5 23 9 27 10 -6 -12 -13 -2 15 19 -16 -18 -9 20 -15 -4 25 -7 -14 -1 -23 -8 -17 -30
right_child=1 2 21 4 7 6 8 18 -10 -11 11 12 24 14 16 28 17 -19 -20 -21 -22 26 -24 -25 -26 -27 -28 -29 29 -31
leaf_value=-0.080402700944482625 0.002919333309366088 0.0030524557390345427 0.025578610387485261 0.0055660418738718541 0.0034139702858643258 -0.033804042886872991 0.032696722481367027 0.013703405966777691 0.011303273497024235 0.021158174012625718 0.0049699892960077229 0.013550872265051596 0.032516426755183403 -0.004088854985857278 -0.0048427281849200325 -0.0057982948928233411 -0.0055297324805015039 0.00051015643462555408 -0.0022787163795450691 0.0075446993824073707 -0.029579188484238648 0.10692268016679327 0.0093430414330589739 -0.0068718728922456404 0.086261246380098702 -0.00077042261720563045 0.0077858681816924472 -0.00036741591911151748 -0.02119644042042821 -0.079305668027642981
leaf_weight=4.9078112935821983 3681.7924970931781 2477.6336885126516 179.78258853961847 1725.0107431740144 3882.1218444884289 47.057000090268048 28.156388897681609 150.01225922605954 374.00986569269298 196.48997488719851 937.98094609889085 720.76077292339232 59.012495699105784 546.3199515923352 1758.5535541414283 142.51552771643037 1143.6202348796141 18301.31037403303 1290.0494795414234 198.20854990015505 82.782721845549531 3.1910288457102061 317.23714473722794 764.3220937379665 13.224893151666036 64220.342699611458 314.55891968780793 10602.090212617202 311.80547647960884 8.738186219474299
leaf_count=144346 193150 37775 4710 63641 84715 7211 953 3615 5046 4265 20033 14010 1181 25159 52553 6536 35409 394390 26851 5462 5419 45 26628 40010 281 7999474 7571 253137 15882 321
internal_value=-2.87756e-11 0.000939255 0.00502552 0.000680401 0.00182905 0.000296236 -0.000473124 0.00469198 0.000113845 0.00600717 0.0054768 0.0101032 0.0161748 -0.000231923 -0.000747721 -0.00876922 -0.00025956 0.000154931 -0.000613847 -0.00385229 -0.00744309 0.0148511 -0.000726768 -0.00843384 0.0423558 -0.000776508 0.00878146 -0.000279839 -0.0175539 -0.0227805
internal_weight=114484 49941.1 2975.17 46965.9 20790.3 13540.6 11815.6 7249.65 11004.3 5809.59 5613.1 1730.98 792.998 26175.6 22493.9 1290.37 21203.5 19444.9 1440.06 827.311 629.103 497.533 64542.5 811.379 72.2374 64225.3 317.75 10630.2 463.059 320.544
internal_count=9479779 1309331 50101 1259230 524949 369998 306357 154951 259136 124485 120220 35505 15472 734281 541131 58779 482352 429799 30466 36040 30578 12326 8170448 47221 1462 8143820 7616 254090 22739 16203
is_linear=0
shrinkage=0.08


Tree=94
num_leaves=31
num_cat=0
split_feature=2 0 9 5 6 9 2 9 0 0 4 4 6 9 2 1 2 4 5 7 7 9 4 7 9 5 9 4 8 4
split_gain=11.6863 7.96175 6.40819 6.24619 6.32794 5.37491 5.27246 6.71474 6.51723 5.76537 5.18705 6.61091 5.03036 4.93279 5.77861 7.62955 4.74572 5.56351 4.7122 4.69104 5.1123 7.84134 7.00304 6.74778 6.63449 5.38832 5.03343 5.0079 9.60879 5.9274
threshold=0.48112535476684576 31.500000000000004 0.49615384638309484 0.43441589176654821 39.500000000000007 0.99999913573265087 0.9574275314807893 0.66666582226753246 8.5000000000000018 21.500000000000004 5708.5000000000009 5343.0000000000009 129.50000000000003 4.1666304468890311e-06 0.33514493703842169 30.500000000000004 0.015749008394777778 2428.5000000000005 0.64340594410896312 20.500000000000004 17.500000000000004 0.99999248981475841 387.50000000000006 18.500000000000004 0.57142850756645214 0.67204704880714428 0.7692304551601411 1456.5000000000002 1.0000000180025095e-35 4065.5000000000005
decision_type=2 2 2 2 2 2 2 2 2 2 2 2 2 2 2 2 2 2 2 2 2 2 2 2 2 2 2 2 2 2
left_child=5 3 -3 4 -2 12 7 -5 -8 10 11 -9 13 14 15 -1 17 -15 -12 20 -18 23 -23 24 -22 -24 -21 28 -25 -29
right_child=1 2 -4 6 -6 -7 8 9 -10 -11 18 -13 -14 16 -16 -17 19 -19 -20 26 21 22 25 27 -26 -27 -28 29 -30 -31
leaf_value=0.0018692392811995467 0.0041424538148096953 0.00074122697787158004 0.016103274342327313 0.00032169150155090918 -0.0090106973290391829 0.010052349241573087 0.0036966493807019697 0.0056874435436469551 0.018705432662035164 0.025662794096457886 -0.0037771323367578147 0.032048992465258733 -0.0063229330118138765 -0.022768538903499242 -0.02099166258699306 -0.016677124909689041 -0.00013142842000795466 -0.0016757076304745998 0.0031856856747996187 -0.018583376420790217 -0.023095036093021607 0.012661832504183672 -0.0018025118610615002 -0.0093226241514098255 -0.0051148138344279635 0.0085069711339560948 0.012088561165885549 0.0024512722860269881 0.0011027749164275904 -0.0032436552779579048
leaf_weight=492.2834200967045 345.95498876884494 295.62808210123251 421.66627727185266 17268.562331245761 723.9472664313721 310.83064866668428 2563.6593847547269 1873.3345179510907 199.57649886212994 74.81307348246628 857.4736629994245 62.928611230044226 934.92506428208435 130.48186035119397 146.04313887951139 199.48277119376871 74259.009935488473 206.98683194947262 2265.8300279884393 38.344238376317662 205.76829642881967 338.69637271089596 1637.028944444517 1561.3929291158311 363.11074388176348 404.66297283534004 320.08450728902244 1859.5876209664711 887.3473194068647 3152.78865624221
leaf_count=98244 9039 6364 9624 353837 20466 6678 39813 33747 5439 1620 17618 1098 169957 305960 11213 136978 6901444 170108 37620 5202 53785 17565 87508 314594 41037 14154 21530 219020 39216 329301
internal_value=-2.73114e-11 0.00145641 0.00977191 0.00122906 -0.0047576 -0.000448892 0.00148357 0.0010769 0.00478067 0.00361692 0.00329094 0.00654419 -0.000486351 -0.000423049 -0.00653167 -0.00347893 -0.000363097 -0.00983123 0.00127411 -0.000325519 -0.000364181 -0.00202444 0.00200816 -0.00321985 -0.0116184 0.000240826 0.00880732 -0.0025795 -0.00554478 -0.00113084
internal_weight=114402 26953.4 717.294 26236.1 1069.9 87448.9 25166.2 22402.9 2763.24 5134.38 5059.57 1936.26 87138 86203.1 837.809 691.766 85365.3 337.469 3123.3 85027.8 84669.4 10410.4 2380.39 8030 568.879 2041.69 358.429 7461.12 2448.74 5012.38
internal_count=9479779 536285 15988 520297 29505 8943494 490792 445540 45252 91703 90083 34845 8936816 8766859 246435 235222 8520424 476068 55238 8044356 8017624 1116180 119227 996953 94822 101662 26732 902131 353810 548321
is_linear=0
shrinkage=0.08


Tree=95
num_leaves=31
num_cat=0
split_feature=2 3 6 8 0 9 9 9 6 6 4 7 5 7 5 1 6 7 3 5 4 2 5 3 5 4 0 6 4 4
split_gain=11.1764 7.07653 8.40477 6.62593 6.5554 11.8938 8.2417 6.389 8.76006 8.16407 7.31366 6.18703 5.9438 7.719 5.9296 8.21438 5.71649 5.70866 6.76938 5.41079 6.09324 5.32083 5.8056 5.5635 6.26767 6.39776 5.26292 5.26209 5.05867 7.13177
threshold=0.6885775923728944 29.500000000000004 10.500000000000002 1.0000000180025095e-35 17.500000000000004 0.37602475285530096 0.81534039974212658 0.99999582767486583 83.500000000000014 56.500000000000007 238.50000000000003 5.5000000000000009 0.69713348150253307 3.5000000000000004 0.83294382691383373 8.5000000000000018 132.50000000000003 17.500000000000004 4.5000000000000009 0.10704734176397325 65.500000000000014 0.18230694532394412 0.77774071693420421 12.500000000000002 0.29576784372329717 28.500000000000004 47.500000000000007 122.50000000000001 1823.5000000000002 1950.5000000000002
decision_type=2 2 2 2 2 2 2 2 2 2 2 2 2 2 2 2 2 2 2 2 2 2 2 2 2 2 2 2 2 2
left_child=4 17 -3 -4 7 11 16 14 9 10 -9 -6 -11 -14 19 -16 -7 18 28 20 -1 22 23 24 25 -21 -13 -20 -2 -30
right_child=1 2 3 -5 5 6 -8 8 -10 12 -12 26 13 -15 15 -17 -18 -19 27 21 -22 -23 -24 -25 -26 -27 -28 -29 29 -31
leaf_value=-0.00078154583719210972 0.027449079188395738 -0.031329646649559159 -0.0084429627631257085 0.0017520963087791484 0.00023927295477533316 0.0037010623892895808 0.020283998219032304 0.015921567064719297 0.0044290497648905849 -0.0065310840664701188 0.00075554998479062188 -0.020191497518205977 0.11660685175261984 0.0068029295576661052 0.0087434505321753783 -0.0011332038672753517 0.13236733882153767 -0.0023291746008924567 0.0046044039064231119 0.017883202018352452 -0.03313654756123894 -0.00014431097679200053 -0.0066187975398539533 -0.0001107702808210169 -0.0018974196325461899 -0.012369887871674904 -0.1589254730315397 -0.0048217718486384701 -0.087783489521485875 0.010070548566390542
leaf_weight=79.998474005444223 118.60047410885795 56.733325923327811 505.05634723814319 2122.8021727132236 161.23723385616904 2611.2243162521627 209.97025522377226 216.69968227808886 4073.6224328701765 1562.3217955777709 3341.767125357846 168.26816481839342 4.2089120820164672 154.61264203453902 1032.8474066997369 1126.9895276739335 2.2118078619241706 810.18770285108985 5000.3559396255205 48.47648626573573 69.714557220626375 55722.183456351057 1317.6027391066164 15647.015242873676 16625.043909301818 579.97676624138694 1.7684043119661499 410.11096231390911 4.8097633784636846 532.6523646799908
leaf_count=193950 1974 1223 9188 35707 6436 59738 4098 8321 134627 67554 111840 8547 34 4255 16795 33266 29 14780 93109 22818 81020 2197663 93977 2423041 3461054 377096 71 7671 89 9808
internal_value=9.17214e-12 0.00261829 -0.00086503 -0.000207324 -0.000238973 0.0033525 0.00503509 -0.000350484 0.00164182 -0.000508745 0.00167911 -0.010988 -0.00503215 0.00971283 -0.000552484 0.00358987 0.00380996 0.00397813 0.00482048 -0.000651794 -0.0158478 -0.000626499 -0.00141171 -0.00120318 -0.00219388 -0.0100363 -0.0216344 0.0038899 0.0124948 0.00919485
internal_weight=114319 9561.31 2684.59 2627.86 104758 3154.68 2823.41 101603 9353.23 5279.61 3558.47 331.274 1721.14 158.822 92249.8 2159.84 2613.44 6876.72 6066.53 90090 149.713 89940.3 34218.1 32900.5 17253.5 628.453 170.037 5410.47 656.063 537.462
internal_count=9479779 173549 46118 44895 9306230 78919 63865 9227311 326631 192004 120161 15054 71843 4289 8900680 50061 59767 127431 112651 8850619 274970 8575649 6377986 6284009 3860968 399914 8618 100780 11871 9897
is_linear=0
shrinkage=0.08


end of trees

feature_importances:
global_reorder_rate=594
seq_purchase_trend=526
user_reorder_rate=428
hist_order_count=342
global_order_count=294
department_id=169
recency_days=167
seq_recency_last_order=156
aisle_id=135
user_total_orders=69

parameters:
[boosting: gbdt]
[objective: lambdarank]
[metric: ndcg]
[tree_learner: serial]
[device_type: cpu]
[data_sample_strategy: bagging]
[data: ]
[valid: ]
[num_iterations: 100]
[learning_rate: 0.08]
[num_leaves: 31]
[num_threads: 0]
[seed: 42]
[deterministic: 0]
[force_col_wise: 0]
[force_row_wise: 0]
[histogram_pool_size: -1]
[max_depth: -1]
[min_data_in_leaf: 50]
[min_sum_hessian_in_leaf: 0.001]
[bagging_fraction: 1]
[pos_bagging_fraction: 1]
[neg_bagging_fraction: 1]
[bagging_freq: 0]
[bagging_seed: 400]
[bagging_by_query: 0]
[feature_fraction: 1]
[feature_fraction_bynode: 1]
[feature_fraction_seed: 30056]
[extra_trees: 0]
[extra_seed: 12879]
[early_stopping_round: 0]
[early_stopping_min_delta: 0]
[first_metric_only: 0]
[max_delta_step: 0]
[lambda_l1: 0]
[lambda_l2: 0]
[linear_lambda: 0]
[min_gain_to_split: 0]
[drop_rate: 0.1]
[max_drop: 50]
[skip_drop: 0.5]
[xgboost_dart_mode: 0]
[uniform_drop: 0]
[drop_seed: 17869]
[top_rate: 0.2]
[other_rate: 0.1]
[min_data_per_group: 100]
[max_cat_threshold: 32]
[cat_l2: 10]
[cat_smooth: 10]
[max_cat_to_onehot: 4]
[top_k: 20]
[monotone_constraints: ]
[monotone_constraints_method: basic]
[monotone_penalty: 0]
[feature_contri: ]
[forcedsplits_filename: ]
[refit_decay_rate: 0.9]
[cegb_tradeoff: 1]
[cegb_penalty_split: 0]
[cegb_penalty_feature_lazy: ]
[cegb_penalty_feature_coupled: ]
[path_smooth: 0]
[interaction_constraints: ]
[verbosity: -1]
[saved_feature_importance_type: 0]
[use_quantized_grad: 0]
[num_grad_quant_bins: 4]
[quant_train_renew_leaf: 0]
[stochastic_rounding: 1]
[linear_tree: 0]
[max_bin: 255]
[max_bin_by_feature: ]
[min_data_in_bin: 3]
[bin_construct_sample_cnt: 200000]
[data_random_seed: 175]
[is_enable_sparse: 1]
[enable_bundle: 1]
[use_missing: 1]
[zero_as_missing: 0]
[feature_pre_filter: 1]
[pre_partition: 0]
[two_round: 0]
[header: 0]
[label_column: ]
[weight_column: ]
[group_column: ]
[ignore_column: ]
[categorical_feature: ]
[forcedbins_filename: ]
[precise_float_parser: 0]
[parser_config_file: ]
[objective_seed: 16083]
[num_class: 1]
[is_unbalance: 0]
[scale_pos_weight: 1]
[sigmoid: 1]
[boost_from_average: 1]
[reg_sqrt: 0]
[alpha: 0.9]
[fair_c: 1]
[poisson_max_delta_step: 0.7]
[tweedie_variance_power: 1.5]
[lambdarank_truncation_level: 30]
[lambdarank_norm: 1]
[label_gain: ]
[lambdarank_position_bias_regularization: 0]
[eval_at: 10]
[multi_error_top_k: 1]
[auc_mu_weights: ]
[num_machines: 1]
[local_listen_port: 12400]
[time_out: 120]
[machine_list_filename: ]
[machines: ]
[gpu_platform_id: -1]
[gpu_device_id: -1]
[gpu_device_id_list: ]
[gpu_use_dp: 0]
[num_gpu: 1]

end of parameters

pandas_categorical:[]
