tree
version=v4
num_class=1
num_tree_per_iteration=1
label_index=0
max_feature_idx=12
objective=lambdarank
feature_names=hist_order_count user_total_orders user_reorder_rate recency_days global_order_count global_reorder_rate aisle_id department_id user_avg_basket_size user_item_orders_since_last_purchase user_item_gap_vs_user_average product_frequency_rank item_item_cooccurrence_score
feature_infos=[0:86] [3:99] [0:1] [0:30] [0:472565] [0:0.91428548097610474] [0:134] [0:21] [0.99999666667777776:70.249824375439061] [0:99] none [0:13.065932273864746] [0:53.526786804199219]
tree_sizes=3575 3581 3589 3588 3588 3587 3593 3579 3581 3576 3587 3591 3587 3596 3584 3602 3599 3609 3584 3598 3594 3605 3602 3595 3580 3590 3609 3600 3610 3591 3600 3588 3608 3590 3603 3613 3607 3604 3594 3581 3613 3591 3594 3583 3613 3619 3607 3588 3591 3596 3602 3578 3590 3609 3593 3590 3606 3590 3569 3589 3580 3558 3587 3569 3568 3580 3608 3610 3576 3610 3560 3582 3617 3576 3577 3605 3566 3568 3521 3524 3576 3579 3507 3538 3576 3573 3538 3559 3554 3574 3529 3537 3499 3527 3481 3514 3565 3491 3547 3565 3538 3572 3539 3571 3571 3513 3535 3513 3530 3479 3531 3475 3531 3444 3572 3503 3455 3555

Tree=0
num_leaves=31
num_cat=0
split_feature=0 2 5 0 0 5 5 2 2 1 2 5 5 2 2 5 5 0 5 1 12 5 0 5 2 4 5 2 5 0
split_gain=61457.3 12277.5 7645.45 3024.08 3001.05 2206.04 1736.76 1097.65 1091.2 833.564 719.747 623.418 622.356 438.491 336.282 323.092 306.441 291.622 230.822 227.602 224.251 193.247 191.764 178.023 157.99 157.571 134.208 133.538 123.454 120.56
threshold=1.5000000000000002 0.28669276833534246 0.44155140221118933 3.5000000000000004 3.5000000000000004 0.65160736441612255 0.17647051066160205 0.091372914612293257 0.082903780043125166 10.500000000000002 0.57294833660125744 0.69174146652221691 0.57450440526008617 0.14365079998970035 0.74239632487297069 0.76478019356727611 0.55869266390800487 7.5000000000000009 0.56591099500656139 9.5000000000000018 0.015170694794505836 0.53957796096801769 6.5000000000000009 0.68444010615348827 0.032086478546261794 19315.500000000004 0.58744972944259655 0.74239632487297069 0.33895458281040197 7.5000000000000009
decision_type=2 2 2 2 2 2 2 2 2 2 2 2 2 2 2 2 2 2 2 2 2 2 2 2 2 2 2 2 2 2
left_child=2 4 6 11 7 8 20 16 24 15 17 14 -9 26 21 -7 -2 -5 -10 28 -1 -3 -15 -14 -4 -11 -6 -13 -8 -12
right_child=1 3 5 10 13 9 19 12 18 25 29 27 23 22 -16 -17 -18 -19 -20 -21 -22 -23 -24 -25 -26 -27 -28 -29 -30 -31
leaf_value=-0.15994683362343046 -0.043896894878120131 0.02416466396768557 -0.084243472788982393 0.084029212439353018 0.013198441196107764 -0.0056280281227184059 -0.087019863555819407 -0.0048059095971617555 -0.046870721894300915 -0.049789763940154809 0.1168781869987503 0.07849331734877367 0.018980490637442029 0.05473009114508124 0.090690585907066662 0.031343004189774558 -0.0091521049535717609 0.11009066531068555 -0.02918784119511653 -0.0950251357051317 -0.12399782301433232 0.050856372512169214 0.081342274733747319 0.042699994684162378 -0.063744374653303973 -0.023035315137494652 0.04456272309120396 0.11611126929760786 -0.064616994595143987 0.13576617644381123
leaf_weight=2343.6195235886153 2964.1765745820449 2660.6965371540973 3410.7437545684716 6016.9423329397705 1498.1595072856126 7257.3155735383407 2795.9120719976636 6104.2675820355325 10128.065360950692 2945.9068467396974 4153.821191557734 3280.7890222546775 4888.7544282121526 4186.2720375368917 1010.0638982229284 1911.1990895401395 3594.8900323283706 5057.79737151068 8855.1005009054315 7374.8173066927266 2110.7760078108331 4994.8013808400792 2957.0586760969345 3457.1687814243232 8170.3800545896574 2700.1883630239863 2092.9409618170375 740.19940650180797 3602.9244632313676 4512.1167500741649
leaf_count=148898 438258 115326 647770 232337 174004 355778 201263 453158 664773 329235 101247 98817 312164 254815 26809 78273 438406 201574 525594 1068225 282342 182751 190089 187311 926693 275088 201947 15663 240150 111021
internal_value=-2.98676e-11 0.0552373 -0.055727 0.0898591 0.01987 -0.0381485 -0.0994889 0.0022874 -0.0504288 -0.0128128 0.109444 0.0593842 0.0146071 0.0542823 0.047304 0.00207867 -0.024854 0.0959314 -0.0386222 -0.085446 -0.142912 0.0415796 0.0657465 0.0288059 -0.0697815 -0.0369947 0.031478 0.0854182 -0.0744057 0.126713
internal_weight=127778 64170.9 63606.9 32427.2 31743.7 45378.9 18228 21009.3 30564.3 14814.6 19740.7 12686.6 14450.2 10734.4 8665.56 9168.51 6559.07 11074.7 18983.2 13773.7 4454.4 7655.5 7143.33 8345.92 11581.1 5646.1 3591.1 4020.99 6398.84 8665.94
internal_count=9479779 3735697 5744082 1085545 2650152 3803204 1940878 1829297 2764830 1038374 646179 439366 952633 820855 324886 434051 876664 433911 1190367 1509638 431240 298077 444904 499475 1574463 604323 375951 114480 441413 212268
is_linear=0
shrinkage=0.08


Tree=1
num_leaves=31
num_cat=0
split_feature=12 2 2 5 0 0 0 0 5 2 2 2 2 8 5 5 2 2 5 0 5 2 5 2 5 8 8 1 2 8
split_gain=106649 16248.4 15132.1 6361.79 4211.16 3206.82 3184.36 2217.08 1936.71 1734.69 1389.24 1383.9 1269.38 1117.56 1031.81 912.118 809.518 746.985 687.865 676.98 675.528 642.256 629.927 546.78 543.791 537.886 517.768 513.281 508.258 490.166
threshold=0.50025278329849254 0.083771932870149626 0.5025252401828767 0.59054526686668407 5.5000000000000009 5.5000000000000009 1.5000000000000002 1.5000000000000002 0.56322491168975841 0.35505092144012457 0.25126262009143835 0.82807883620262157 0.75140449404716503 9.7499817187880886 0.69511905312538158 0.39842276275157934 0.15424266457557681 0.20722186565399173 0.71551167964935314 2.5000000000000004 0.7119525969028474 0.15424266457557681 0.75106957554817211 0.023392613045871261 0.72243767976760875 12.111106064817152 8.9090897842058432 6.5000000000000009 0.040202019736170776 10.804397431828447
decision_type=2 2 2 2 2 2 2 2 2 2 2 2 2 2 2 2 2 2 2 2 2 2 2 2 2 2 2 2 2 2
left_child=1 8 5 6 11 9 15 14 23 17 -7 18 24 28 27 -3 -9 -2 -4 -19 -11 25 -12 -1 -6 -8 -25 -5 -10 -17
right_child=2 3 4 7 12 10 21 16 13 20 22 -13 -14 -15 -16 29 -18 19 -20 -21 -22 -23 -24 26 -26 -27 -28 -29 -30 -31
leaf_value=-0.13007563104938422 -0.037267796973516773 -0.09004999026653096 0.03203525469673911 -0.029231285032797396 0.067290831979054222 0.010859217555621697 -0.028800502397292687 -0.012688403622264846 -0.081493727159342874 0.013481259560004705 0.04134270342575052 0.075672870725385005 0.10633774769449561 -0.094759044625170583 -0.010073725673523415 -0.05025499116744353 0.017869828323936077 -0.024435256246135843 0.059972407344631336 0.010309680440446891 0.041885701611521879 -0.010773981652869391 0.069353694044434561 -0.084950160512207468 0.091322371904638155 -0.078159883208966149 -0.11200571293919785 -0.056645081723848086 -0.046064325408093153 -0.073894809601268902
leaf_weight=4738.1408553521323 4703.2133853083942 8551.8665201107506 17337.638050682843 12784.997600697156 14415.582006007899 8277.4091589279124 4980.4157782770635 9287.3398878386652 3712.59169683652 18442.446156978142 21008.841140361503 10432.720222662203 15833.91371924337 8298.9718405029853 13929.796435872908 14287.042825746874 13780.550445574219 5338.0803876164136 8360.4551101792604 10953.342148660333 7553.2480170587078 9454.8289400417125 6801.7657439610921 8377.1322460469673 10355.124224072671 1972.5960291745723 9849.4524761392386 6642.0772234057658 8580.9961344536569 9246.6015397349838
leaf_count=711897 182075 481104 127268 284957 83606 221236 188607 315451 332988 223016 237264 41219 61550 1036869 254832 389005 235222 106859 41026 194834 56463 255687 54652 595858 47975 183731 1394382 257346 377192 505608
internal_value=1.34366e-10 -0.0488169 0.0453534 -0.031765 0.0709675 0.021695 -0.0530145 -0.0135025 -0.0898904 0.007921 0.0396302 0.0511 0.0886459 -0.0720762 -0.0266898 -0.0676744 0.00556681 -0.00918284 0.0411242 -0.00107492 0.0217344 -0.024347 0.0481935 -0.105865 0.077337 -0.0428039 -0.0995707 -0.038604 -0.0567638 -0.0595433
internal_weight=308289 148475 159814 104918 76735.4 83078.3 48493.4 56424.8 43557.3 46990.3 36088 36130.8 40604.6 20592.6 33356.9 32085.5 23067.9 20994.6 25698.1 16291.4 25995.7 16407.8 27810.6 22964.7 24770.7 6953.01 18226.6 19427.1 12293.6 23533.6
internal_count=9479779 7800736 1679043 3351550 402644 1276399 2003742 1347808 4449186 763247 513152 209513 193131 1747049 797135 1375717 550673 483768 168294 301693 279479 628025 291916 2702137 131581 372338 1990240 542303 710180 894613
is_linear=0
shrinkage=0.08


Tree=2
num_leaves=31
num_cat=0
split_feature=12 2 2 5 0 0 0 0 5 2 2 2 8 5 5 5 5 5 4 5 8 0 8 5 2 0 2 0 8 2
split_gain=85862.9 13047.6 12166.8 4847.44 3654.79 2518.45 1832.14 1800.28 1538.74 1529.11 1275.06 1128.88 919.777 807.506 800.6 730.061 727.919 680.78 561.197 459.721 448.08 441.829 408.376 407.592 405.523 383.09 373.346 368.728 361.572 345.328
threshold=0.50025278329849254 0.083771932870149626 0.5025252401828767 0.57317069172859203 4.5000000000000009 4.5000000000000009 1.5000000000000002 2.5000000000000004 0.56322491168975841 0.22756041586399081 0.26344709098339086 0.21896404027938846 9.7499817187880886 0.65551853179931652 0.64340594410896312 0.66388624906539928 0.71551167964935314 0.4371065646409989 125241.50000000001 0.75106957554817211 11.833318541687213 2.5000000000000004 12.111106064817152 0.28976984322071081 0.040202019736170776 2.5000000000000004 0.78629976511001598 11.500000000000002 8.4285679166681629 0.17677696049213412
decision_type=2 2 2 2 2 2 2 2 2 2 2 2 2 2 2 2 2 2 2 2 2 2 2 2 2 2 2 2 2 2
left_child=1 8 5 6 13 10 17 11 23 -7 -2 18 24 25 21 -11 27 -3 22 -13 -8 -12 -5 -1 -10 -4 -15 -6 -25 -9
right_child=2 3 4 7 16 9 20 29 12 15 14 19 -14 26 -16 -17 -18 -19 -20 -21 -22 -23 -24 28 -26 -27 -28 -29 -30 -31
leaf_value=-0.11838940498208683 -0.028432786612795996 -0.080497353738434252 0.0061043382463502188 -0.030168194012655653 0.064126749019448426 0.0013421055137172418 -0.016942471223672758 0.0018348101745465982 -0.076807329623101592 0.029159103130436775 -0.015605851497102195 -0.013541501066491626 -0.090296391524026826 0.046394756933611697 0.025245919620388382 0.053142042331487602 0.092844136038091427 -0.053750950277516911 -0.00039722482612351498 0.016449539495021596 -0.048740288211501531 0.012068762496113754 -0.053706390971562316 -0.078244829270292679 -0.044007133449232134 0.037637671855824728 0.073125250659744512 0.085328693091156455 -0.10304312188716359 0.030606235278507223
leaf_weight=5338.9125003743102 5943.302150649979 9739.0037841200246 3534.7724171867594 17180.874309813255 14293.388720082352 7222.987007862539 8915.7134611280635 6105.4320398077834 3432.7696143089561 15151.270867795451 7002.5768538682023 15252.762247900246 7131.9495946796669 8865.6766126565635 14908.172177651315 17512.822229335434 20093.16992600821 16257.736598253483 3092.9620097395964 4164.1115478279535 4159.3963292521075 7809.7091279246379 6502.749145748443 6428.7343265541131 8115.488286307489 8152.6022535082884 5369.3937263633125 8297.0525754150003 9074.7505048728199 4744.6756261780392
leaf_count=690099 220644 605163 36138 453895 90649 235360 270698 212470 332988 225539 122883 288280 1036869 57404 165891 181625 89315 670471 67197 47398 296009 124457 365369 538316 377192 59167 21683 48288 1473722 74600
internal_value=-6.38182e-12 -0.0456878 0.0429879 -0.029777 0.0673771 0.0208405 -0.0514851 -0.0149081 -0.0843813 0.0346518 0.00539366 -0.021796 -0.0677075 0.0436834 0.0121581 0.0420175 0.0817667 -0.0637708 -0.0324457 -0.00710967 -0.0270579 -0.00101454 -0.036631 -0.0993253 -0.0537571 0.0281006 0.0564774 0.0719138 -0.0927602 0.0144164
internal_weight=279795 135638 144157 96115.4 68606.1 75550.8 39071.9 57043.6 39522.6 39887.1 35663.8 46193.5 18680.2 25922.4 29720.5 32664.1 42683.6 25996.7 26776.6 19416.9 13075.1 14812.3 23683.6 20842.4 11548.3 11687.4 14235.1 22590.4 15503.5 10850.1
internal_count=9479779 7800736 1679043 3351550 402644 1276399 1842341 1509209 4449186 642524 633875 1222139 1747049 174392 413231 407164 228252 1275634 886461 335678 566707 247340 819264 2702137 710180 95305 79087 138937 2012038 287070
is_linear=0
shrinkage=0.08


Tree=3
num_leaves=31
num_cat=0
split_feature=12 2 2 5 0 0 2 0 5 2 5 0 8 2 5 0 5 1 5 8 4 5 1 8 2 2 5 5 2 0
split_gain=69034.3 10415.8 9244.98 4301.73 4295.48 2492.07 1579.82 1471.3 1078.9 987.509 967.265 911.488 703.837 635.319 596.966 540.182 514.822 514.225 507.79 421.676 407.056 354.649 322.241 305.22 298.29 288.005 281.996 272.202 252.48 246.781
threshold=0.50025278329849254 0.077350430190563216 0.40114942193031317 0.65160736441612255 3.5000000000000004 1.5000000000000002 0.67006802558898937 3.5000000000000004 0.54349327087402355 0.18016393482685092 0.4371065646409989 1.5000000000000002 8.9999737500781265 0.18230694532394412 0.65008756518363964 9.5000000000000018 0.69511905312538158 6.5000000000000009 0.65798047184944164 11.894732929364634 322066.50000000006 0.59054526686668407 5.5000000000000009 11.384608816572259 0.14365079998970035 0.025158228352665905 0.75467449426651012 0.79679140448570263 0.032433379441499717 2.5000000000000004
decision_type=2 2 2 2 2 2 2 2 2 2 2 2 2 2 2 2 2 2 2 2 2 2 2 2 2 2 2 2 2 2
left_child=1 8 7 5 14 10 18 21 25 -9 -3 20 28 19 29 26 -11 -12 -6 -7 22 -2 -5 -19 -13 -1 -8 -16 -10 -4
right_child=2 3 4 11 6 13 15 9 12 16 17 24 -14 -15 27 -17 -18 23 -20 -21 -22 -23 -24 -25 -26 -27 -28 -29 -30 -31
leaf_value=-0.1129029919280546 -0.025752565591530125 -0.076440703784485392 0.0035022433051061699 -0.010654000673401753 0.042492250921501454 -0.022135712342938142 0.063630562796255216 -0.015398196505409894 -0.076139985301396401 0.017936715116070402 -0.038173740470256873 -0.0065502205183322164 -0.084356012748517506 -0.0034397077448470397 0.034369558633397211 0.093184654953286955 0.040228136483335647 -0.050910772838674345 0.062922744218442642 -0.053652587098838279 0.027631282256687928 -0.00011899060617539365 -0.031895725128680177 -0.079321116493881169 0.017414198559585904 -0.088755210538211587 0.086596913857995367 0.063658976263790759 -0.044927265636728775 0.026401624278935422
leaf_weight=4293.332409174167 5268.5643385328585 9198.8288549111458 5884.6960253969301 10261.817343568546 12674.03921873169 9543.2548865934077 10732.999154284596 4109.4942064352799 2136.1101342503098 17047.391075377061 17669.09248528874 5075.1399915480288 7743.6693975850358 8824.1539038519841 11811.471903402125 12577.806876603048 10851.538344614557 7391.5863007535227 20187.068142158445 3798.2170248986949 1217.9698664748576 10031.234718686901 8241.5051806420088 3598.2779320947593 9635.1088685544673 11985.353767958964 5022.9988379050046 2452.3474025763571 7419.7770037230803 6169.7485527298413
leaf_count=741036 153057 657593 74858 186250 136122 339487 59413 178053 238218 344786 571096 188673 1214200 231665 89230 55490 140222 304123 148396 343575 16070 201430 287932 320544 165391 1607525 20661 13597 387358 63728
internal_value=-1.24214e-11 -0.042071 0.0399528 -0.0284662 0.0553554 -0.0413968 0.0669787 0.0114602 -0.0803411 0.0212142 -0.0538698 -0.00592479 -0.0664305 -0.0200934 0.028329 0.0808215 0.0266072 -0.0466251 0.055043 -0.0311083 -0.0171664 -0.00894604 -0.0201152 -0.0602128 0.0091463 -0.0951239 0.0709522 0.0394052 -0.0519045 0.0152227
internal_weight=262855 128033 134821 94455 87513.2 60023.4 61194.9 47308.2 33578.2 32008.4 37857.8 34431.5 17299.6 22165.6 26318.3 28333.8 27898.9 28659 32861.1 13341.5 19721.3 15299.8 18503.3 10989.9 14710.2 16278.7 15756 14263.8 9555.89 12054.4
internal_count=9479779 7800736 1679043 3612399 661495 2768083 420082 1017548 4188337 663061 1853356 844316 1839776 914727 241413 135564 485008 1195763 284518 683062 490252 354487 474182 624667 354064 2348561 80074 102827 625576 138586
is_linear=0
shrinkage=0.08


Tree=4
num_leaves=31
num_cat=0
split_feature=12 2 2 5 0 0 0 2 5 0 2 5 2 0 2 8 0 0 5 5 2 2 1 8 5 5 5 5 2 1
split_gain=57797.8 8746.52 7711.48 3472.28 2439 1841.69 1609.23 1225.97 972.761 906.949 763.572 681.779 595.373 564.361 546.971 531.17 514.874 476.76 468.526 467.992 462.281 350.463 320.427 301.615 271.117 267.383 263.074 258.698 241.033 228.027
threshold=0.50025278329849254 0.077350430190563216 0.5025252401828767 0.6156316101551057 3.5000000000000004 7.5000000000000009 1.5000000000000002 0.3464102596044541 0.56322491168975841 1.5000000000000002 0.83527129888534557 0.4371065646409989 0.33514493703842169 13.500000000000002 0.15424266457557681 9.8571322959309438 2.5000000000000004 2.5000000000000004 0.7187756896018983 0.75106957554817211 0.15424266457557681 0.16767068207263949 6.5000000000000009 12.518515041153337 0.28976984322071081 0.62627032399177562 0.6421831250190736 0.81119626760482799 0.033150184899568565 4.5000000000000009
decision_type=2 2 2 2 2 2 2 2 2 2 2 2 2 2 2 2 2 2 2 2 2 2 2 2 2 2 2 2 2 2
left_child=1 8 5 6 18 7 11 14 24 19 13 -3 -7 27 -2 28 -9 -16 -4 29 23 -11 -13 -8 -1 -19 -18 -6 -10 -5
right_child=2 3 4 9 10 12 20 16 15 21 -12 22 -14 -15 17 -17 26 25 -20 -21 -22 -23 -24 -25 -26 -27 -28 -29 -30 -31
leaf_value=-0.10609594621245577 -0.040458153667054138 -0.071765941948253614 0.021855109936919016 -0.015726107597635559 0.050846073319180014 0.024336567453406063 -0.02781804465696942 0.0060849518387377588 -0.073228393174559453 -0.0079889641066556369 0.084805198352317618 -0.03751412703583154 0.05159475200849957 0.076734904607263746 -0.022055010499650144 -0.080691524630591899 0.018976799993817517 -0.0047279332851526143 0.050829886904352098 -0.00084957588554381274 -0.0099444928994640858 0.014279111798908974 -0.057357570460992761 -0.065428064166846142 -0.08275608394546756 0.017305041512331476 0.039296924404495087 0.075995721402202468 -0.042769398530168701 -0.033876716473296715
leaf_weight=4283.5536866264883 2368.7842689868994 8483.3347332575941 10858.999595099129 7479.7128833236638 19595.811980190687 9746.9964163530385 6081.9937963934208 8661.3130920404801 2132.8951136193937 8750.2580465356878 12075.700080041075 13655.26918724319 10822.534325250774 10382.901754952036 4607.1451528287143 5460.029714842909 7398.6660614908906 6330.6935364587116 5322.2549647428095 6070.2491441043676 9391.1966320545762 9363.7834230335429 8419.0016273123911 1759.4418713785126 12422.616833105974 7954.0335115918424 9084.0767923886888 3021.2203710442409 7543.1899118026195 10863.772078784241
leaf_count=664381 134034 657593 97764 151051 146269 210570 263038 118226 256709 326793 53921 471475 121417 60533 126206 950061 113183 182844 29566 114525 294447 162154 520130 222359 1894139 171601 98318 14591 423047 428834
internal_value=2.16564e-11 -0.0393793 0.0375149 -0.0266689 0.0580284 0.0187526 -0.041466 0.00992032 -0.0754311 -0.0100408 0.0675927 -0.0524902 0.0386783 0.0612941 -0.00422064 -0.0607411 0.0218773 0.000323057 0.0313853 -0.020104 -0.0219175 0.00352219 -0.0450823 -0.0362569 -0.0887406 0.00754049 0.0301758 0.0542056 -0.0494835 -0.0264757
internal_weight=250391 122160 128231 90318 61256.9 66974.2 47790.2 46404.7 31842.3 42527.8 45075.6 30557.6 20569.5 32999.9 21260.7 15136.1 25144.1 18891.9 16181.3 24413.7 17232.6 18114 22074.3 7841.44 16706.2 14284.7 16482.7 22617 9676.09 18343.5
internal_count=9479779 7800736 1679043 3612399 402644 1276399 2429042 944412 4188337 1183357 275314 1649198 331987 221393 614685 1629817 329727 480651 127330 694410 779844 488947 991605 485397 2558520 354445 211501 160860 679756 579885
is_linear=0
shrinkage=0.08


Tree=5
num_leaves=31
num_cat=0
split_feature=12 2 2 2 5 0 5 0 0 0 0 5 2 0 5 2 5 5 2 2 8 5 2 0 8 2 8 8 4 5
split_gain=48312.4 7272.16 6635.57 2543.65 2540.66 2018.47 1217.58 1068.11 879.164 707.476 639.741 594.703 544.582 519.992 446.752 379.568 377.63 375.225 368.961 350.75 342.361 341.728 278.55 268.162 240.303 232.909 201.54 191.883 188.191 188.087
threshold=0.50025278329849254 0.091372914612293257 0.67006802558898937 0.33514493703842169 0.54349327087402355 3.5000000000000004 0.56322491168975841 1.5000000000000002 6.5000000000000009 1.5000000000000002 4.5000000000000009 0.6936996877193452 0.047905908897519119 13.500000000000002 0.62744787335395824 0.17677696049213412 0.69174146652221691 0.7119525969028474 0.038218110799789436 0.18230694532394412 11.555545925934846 0.36415639519691473 0.17262665182352069 1.5000000000000002 9.4999802083762166 0.8896499276161195 7.5442800719014276 12.705395414455456 322066.50000000006 0.79679140448570263
decision_type=2 2 2 2 2 2 2 2 2 2 2 2 2 2 2 2 2 2 2 2 2 2 2 2 2 2 2 2 2 2
left_child=1 6 3 10 9 14 18 11 16 21 22 -6 26 17 -5 -12 -4 -7 -1 -9 -14 -3 -2 -24 -20 -10 -8 -23 -13 -16
right_child=2 4 8 5 7 13 12 19 25 -11 15 28 20 -15 29 -17 -18 -19 24 -21 -22 27 23 -25 -26 -27 -28 -29 -30 -31
leaf_value=-0.094999864335301235 -0.040596860717337487 -0.072282284484414358 0.040932277359989819 0.0012786835407961464 -0.031099137663451293 0.031649068658700388 -0.052741482017168356 -0.0094011953835029249 0.073297515752962575 -0.02567474854693268 -0.011668859280530306 -0.011449920476310946 -0.033084782259831164 0.059805481309358817 0.019848349294073614 0.020236225349635602 0.065771617338173827 0.050424174144601069 -0.060007590922585001 0.010602698157088638 -0.065142846340444108 -0.040419428483561601 -0.045938251016968391 -0.00081046766165008676 -0.082956919272075491 0.094686877697753233 -0.080209695206507586 -0.062425401349350158 0.022847582812622173 0.04667639526576723
leaf_weight=6965.1970502713521 1565.5573880160227 4402.057430990506 8289.4520568256266 9773.8449456819799 19754.933388776961 18095.117310966831 2885.4327444901573 11758.901036718511 11900.24115469167 9310.601844338642 2877.6274151559919 9849.8342673486331 8788.2831524337234 10083.897208293783 11056.189750866266 13980.906403774279 7426.3956825421192 10925.935599126853 5712.5723344284925 10727.650697822683 2814.8977783338632 9278.0023292440455 918.85238757566549 10172.4176229398 5973.7257942958968 4486.5004068773706 4194.9125400854973 3489.7581254306133 1142.6725518906023 1970.5713772824965
leaf_count=1311043 91476 357550 57118 147966 744507 223748 219735 451733 63323 423226 134365 228112 473748 89268 116630 299874 38651 85668 527604 205400 414674 359783 27475 272065 1016309 18944 766385 286494 14433 12472
internal_value=-1.01268e-11 -0.0368287 0.0348984 0.0239108 -0.023182 0.033125 -0.0659658 -0.0131089 0.0661885 -0.0434321 0.00458509 -0.0227997 -0.0515311 0.0441555 0.0142068 0.0147903 0.0526699 0.0387176 -0.0804253 0.000142055 -0.040862 -0.0530612 -0.00900791 -0.00454906 -0.0717387 0.0791537 -0.0690157 -0.0464342 -0.00788469 0.0239067
internal_weight=240573 117049 123524 91420.9 79714.4 61905.6 37335 53234 32102.6 26480.4 29515.4 30747.4 18683.5 39105 22800.6 16858.5 15715.8 29021.1 18651.5 22486.6 11603.2 17169.8 12656.8 11091.3 11686.3 16386.7 7080.35 12767.8 10992.5 13026.8
internal_count=9479779 7800736 1679043 1501007 3071238 675752 4729498 1644185 178036 1427053 825255 987052 1874542 398684 277068 434239 95769 309416 2854956 657133 888422 1003827 391016 299540 1543913 82267 986120 646277 242545 129102
is_linear=0
shrinkage=0.08


Tree=6
num_leaves=31
num_cat=0
split_feature=12 2 2 5 0 5 0 5 2 5 2 0 2 5 0 0 8 2 2 5 2 1 8 5 2 8 5 0 5 5
split_gain=40848.6 6121.48 5902.84 2447.56 1977.48 1244.88 1129.69 799.929 622.143 611.255 609.204 565.052 557.358 476.972 460.458 399.264 385.727 326.815 267.03 264.227 246.743 244.536 241.219 240.165 230.615 227.775 212.956 189.516 185.221 182.593
threshold=0.50025278329849254 0.077350430190563216 0.5025252401828767 0.6156316101551057 4.5000000000000009 0.65999040007591259 1.5000000000000002 0.54349327087402355 0.25126262009143835 0.75106957554817211 0.71563342213630687 2.5000000000000004 0.78629976511001598 0.39842276275157934 6.5000000000000009 2.5000000000000004 8.9090897842058432 0.16767068207263949 0.18016393482685092 0.65160736441612255 0.25949975848197943 6.5000000000000009 11.894732929364634 0.70135679841041576 0.30094340443611151 16.142847534019555 0.17647051066160205 10.500000000000002 0.69174146652221691 0.83056166768074047
decision_type=2 2 2 2 2 2 2 2 2 2 2 2 2 2 2 2 2 2 2 2 2 2 2 2 2 2 2 2 2 2
left_child=1 7 5 6 12 8 13 26 25 15 -6 -10 19 -3 20 18 28 22 -5 -4 -7 -15 -8 -12 -16 -2 -1 -13 -9 -11
right_child=2 3 4 9 10 14 17 16 11 29 23 27 -14 21 24 -17 -18 -19 -20 -21 -22 -23 -24 -25 -26 -27 -28 -29 -30 -31
leaf_value=-0.10411344314951101 -0.0087644113096934581 -0.066978157733920074 0.011897381698752221 -0.029021061030020407 0.052685601724502304 -0.0012973451796974894 -0.022522733466855103 -0.050466256295031306 -0.0096891671929957863 0.0015930457974452689 0.063271024310468105 0.014070760131624768 0.051002724374280925 -0.034551674040959629 0.022981753710667321 0.0032929862064671866 -0.068356060720494119 -0.0076983542078913518 -0.012075751281642396 0.033471101789089082 0.02308923584001667 -0.052104522435295356 -0.053173368468225589 0.082295553474419525 0.045586306438967425 -0.044322335732348332 -0.076291128836487962 0.034883914224615821 -0.025055578719634208 0.026834876573090641
leaf_weight=2083.0417456345167 6134.3103926468175 5823.0167832494481 6797.3823568590451 10884.444020929979 17633.754222634947 3223.7565610299935 6179.6217493377626 6146.3254291591293 6336.8389563460951 7718.1574831015896 7640.0804519692902 14447.428134047892 6912.4523133955663 13449.123983475671 4245.5662546843523 6014.8981198085239 6716.7482973778096 7486.4846220791806 13132.852697588969 7805.6325565243606 15060.198628925835 8162.4534498979338 2238.5599826243706 9561.7941476012347 9036.7967500479426 1419.8148817262845 11377.571420464432 3473.0300688979914 2617.7416475960636 2405.8023693219293
leaf_count=349698 205572 523384 74207 492249 137776 114682 265963 463286 132639 168632 46512 267499 40723 533634 95557 187712 1225847 241287 299189 59462 193308 592180 272594 43964 94415 115210 1998863 57517 150643 35575
internal_value=2.20696e-11 -0.0346278 0.0325188 -0.0236379 0.051357 0.0157692 -0.0368223 -0.0663334 0.00460047 -0.00940841 0.0631346 0.0108438 0.0322878 -0.0466566 0.0270247 -0.0151391 -0.0539314 -0.0198588 -0.0197552 0.023429 0.0187895 -0.0411812 -0.0306733 0.073846 0.038361 -0.0154476 -0.0805967 0.0181044 -0.0428763 0.00759138
internal_weight=232166 112437 119729 83495.4 56351.1 63377.7 43339.3 28941.4 31811.4 40156.2 34835.6 24257.3 21515.5 27434.6 31566.3 30032.2 15480.8 15904.7 24017.3 14603 18284 21611.6 8418.18 17201.9 13282.4 7554.13 13460.6 17920.5 8764.07 10124
internal_count=9479779 7800736 1679043 3612399 402644 1276399 2429042 4188337 778437 1183357 228252 457655 174392 1649198 497962 979150 1839776 779844 791438 133669 307990 1125814 538557 90476 189972 320782 2348561 325016 613929 204207
is_linear=0
shrinkage=0.08


Tree=7
num_leaves=31
num_cat=0
split_feature=12 2 2 5 0 0 5 0 5 5 0 2 2 5 0 2 2 0 2 1 8 4 2 4 8 5 5 5 0 8
split_gain=34846.6 5343.19 5237.48 2152.14 1669.37 1106.55 1094.38 741.531 588.204 585.247 578.418 530.137 455.44 402.602 380.248 356.384 355.584 338.171 246.397 244.719 207.44 205.391 202.476 183.923 181.076 180.423 176.516 156.684 147.579 142.049
threshold=0.50025278329849254 0.071796759963035597 0.5025252401828767 0.65999040007591259 5.5000000000000009 1.5000000000000002 0.75106957554817211 6.5000000000000009 0.47588364779949194 0.56417635083198558 2.5000000000000004 0.75140449404716503 0.22287581861019137 0.69174146652221691 1.5000000000000002 0.14365079998970035 0.32466214895248419 2.5000000000000004 0.040202019736170776 7.5000000000000009 11.499983229191626 147804.00000000003 0.022347066551446918 322066.50000000006 10.666640000074077 0.81396234035491954 0.36119444668293005 0.73808741569519054 1.5000000000000002 10.804397431828447
decision_type=2 2 2 2 2 2 2 2 2 2 2 2 2 2 2 2 2 2 2 2 2 2 2 2 2 2 2 2 2 2
left_child=1 9 6 5 10 8 7 12 24 22 -4 27 -2 -12 21 20 -9 28 -11 -10 -7 -5 -1 -8 -3 -16 -17 -6 -14 -20
right_child=2 3 4 14 11 15 23 16 19 18 13 -13 17 -15 25 26 -18 -19 29 -21 -22 -23 -24 -25 -26 -27 -28 -29 -30 -31
leaf_value=-0.094977852617246228 -0.02106612287827243 -0.047824390670863116 0.011657542989347425 -0.01747881922382382 0.046530571405720283 -0.022249868084175128 0.030111344440292068 0.010260806563684577 -0.028561021546876324 -0.066387858965661919 0.030084287981438727 0.074846453869285512 -0.04229648149344814 0.053206209643363873 0.0019943165824869886 -0.038427609687694535 0.033741294534513633 0.012331923040155986 -0.036044539953075258 -0.046567919512121407 -0.049765322169420985 0.0061169480805604816 -0.071281996081706156 0.0532520073536943 -0.06885684263106305 0.033859665514758344 -0.0056403228882126516 0.062226441527071553 -0.0035361269079848476 -0.061256036329396468
leaf_weight=2992.0087206809549 4690.0414165899856 6326.9837212507846 5878.184499257477 13391.465962102753 10255.375007798895 6154.6764534373069 10437.319758244674 7733.9275191882625 16239.641769786831 4739.3352715246729 10932.578128193389 11769.756550608552 676.65619303920539 8619.3853456925135 11382.855422808032 1162.6412358834059 8852.2603733544238 18068.9285687058 5252.3448540732206 6875.1820643994142 2452.2232632411178 2866.3418474191567 10093.031616486784 2784.6640227190219 4471.0232235555304 1263.4149552992312 10932.503435988678 6749.0839652093127 8866.6354328642483 1965.5079384318669
leaf_count=667583 236562 380190 59772 413509 90803 282784 139713 219071 624903 780241 94547 61550 22745 55194 318941 47383 123890 338138 349565 521393 313317 54095 1771113 26339 512208 20606 363928 40778 169941 378977
internal_value=-3.13776e-11 -0.0325971 0.0304241 -0.0228786 0.048596 -0.032221 0.0145654 0.00904289 -0.041118 -0.0650093 0.033662 0.0617944 0.00198283 0.0402775 -0.00522604 -0.0176464 0.0227926 0.00589778 -0.0522156 -0.0339169 -0.0300894 -0.0133188 -0.0767003 0.034985 -0.0565331 0.0051778 -0.00879199 0.0527603 -0.00628439 -0.0429099
internal_weight=224876 108561 116315 83519 54204.4 54614.9 62110.4 48888.4 33912.8 25042.2 25430.1 28774.2 32302.3 19552 28904.1 20702 16586.2 27612.2 11957.2 23114.8 8606.9 16257.8 13085 13222 10798 12646.3 12095.1 17004.5 9543.29 7217.85
internal_count=9479779 7800736 1679043 3853257 402644 3046106 1276399 1110347 2038694 3947479 209513 193131 767386 149741 807151 1007412 342961 530824 1508783 1146296 596101 467604 2438696 166052 892398 339547 411311 131581 192686 728542
is_linear=0
shrinkage=0.08


Tree=8
num_leaves=31
num_cat=0
split_feature=12 2 2 5 0 5 5 2 5 2 0 2 0 2 0 0 2 2 5 5 5 5 8 2 1 8 0 5 4 0
split_gain=30046 4832.63 4278.93 1796.43 1552.37 1075 640.003 579.171 529.29 516.18 444.143 417.577 393.321 334.325 319.476 293.555 301.866 286.844 274.711 246.816 221.757 208.313 194.915 182.834 179.782 178.618 166.236 156.821 147.104 129.983
threshold=0.47751402854919439 0.5025252401828767 0.071796759963035597 0.54349327087402355 4.5000000000000009 0.69174146652221691 0.6936996877193452 0.33514493703842169 0.47295783460140234 0.85880398750305187 1.5000000000000002 0.78629976511001598 1.5000000000000002 0.33514493703842169 2.5000000000000004 2.5000000000000004 0.17677696049213412 0.034286834299564369 0.72243767976760875 0.30066822469234472 0.56417635083198558 0.83056166768074047 8.9090897842058432 0.14365079998970035 5.5000000000000009 10.749996400670854 2.5000000000000004 0.75106957554817211 322066.50000000006 11.500000000000002
decision_type=2 2 2 2 2 2 2 2 2 2 2 2 2 2 2 2 2 2 2 2 2 2 2 2 2 2 2 2 2 2
left_child=2 5 8 10 11 7 12 15 -1 18 19 20 24 -7 -9 -2 -17 -10 29 -4 -3 26 -19 -14 -5 -21 -8 -13 -15 -6
right_child=1 4 3 6 9 13 21 14 17 -11 -12 27 23 28 -16 16 -18 22 -20 25 -22 -23 -24 -25 -26 -27 -28 -29 -30 -31
leaf_value=-0.078484452524017145 -0.022665854367876603 0.0025526393338849008 -0.069269184157679881 -0.020572156446867308 0.037533876883784796 0.015389713786227206 -0.0096095489205564807 -0.0020062116034881227 -0.069517921545325573 0.075767267883526487 -0.025451360341224631 0.036706324428620464 -0.021039076497435329 0.030938872813915965 0.020864962785751957 -0.022773720653686432 0.0057016845867333774 -0.036719689229446857 0.060310809511485507 -0.036280422575579806 0.026127304933766134 0.019883672278617207 -0.057937829319204028 -0.0019441287247428701 -0.035841739930186432 -0.054907710324260776 0.010602443727048019 0.063623844263936025 0.054381103133487624 0.053473028955043932
leaf_weight=7892.6580080254644 4491.410592309956 3380.7025258959038 2844.7687122119823 9989.0117180802044 8618.1946048764512 10478.32924999448 13317.024448728305 5375.6404811101966 4810.8228148864 6945.7444412698969 8616.8122873826651 4558.700838204124 5665.7429175205762 11798.27036703378 14324.606246865122 2916.3665492989239 13018.444193534029 6222.9152453364513 11483.97924859263 8604.5933506111032 10438.837008406525 2331.6399575776886 4994.8834538945812 7401.7565682458808 9753.1208399852621 5338.8292956069927 3237.3665342512541 1989.8409964246675 2004.2214714502916 5280.8892490640283
leaf_count=1594771 161139 39656 297528 314874 78767 234098 370634 94764 962986 36152 508217 30907 338385 127631 221184 175741 356164 438571 69807 419552 94013 35323 948226 217406 602607 554961 88126 9816 14247 43526
internal_value=1.63094e-11 0.0275773 -0.0319674 -0.0227965 0.0455441 0.0128771 -0.014236 0.00483737 -0.0615262 0.0564428 -0.0402159 0.0282453 -0.0209895 0.0261637 0.0146241 -0.00460149 0.000490156 -0.0531758 0.0511549 -0.0477941 0.0203602 -0.0025037 -0.0461674 -0.0102232 -0.0281157 -0.0434127 -0.0056569 0.0448855 0.0343429 0.0435899
internal_weight=218126 117104 101022 77100.7 52696.9 64407.3 51695.7 40126.5 23921.3 32328.8 25405 20368.1 32809.6 24280.8 19700.2 20426.2 15934.8 16028.6 25383.1 16788.2 13819.5 18886 11217.8 13067.5 19742.1 13943.4 16554.4 6548.54 13802.5 13899.1
internal_count=9479779 1787612 7692167 3747613 402644 1384968 1967355 1008992 3944554 228252 1780258 174392 1473272 375976 315948 693044 531905 2349783 192100 1272041 133669 494083 1386797 555791 917481 974513 458760 40723 141878 122293
is_linear=0
shrinkage=0.08


Tree=9
num_leaves=31
num_cat=0
split_feature=2 2 0 2 2 0 5 0 5 5 5 5 5 8 5 5 5 8 8 5 0 2 8 0 0 5 4 5 2 5
split_gain=25932.8 6196.05 2505.15 2401.72 1179.73 1131.76 1009.07 671.164 588.116 368.741 364.52 353.754 341.68 267.27 251.693 240.737 205.093 199.496 180.71 176.289 164.323 157.135 151.945 151.505 146.358 139.867 129.649 117.814 112.846 111.873
threshold=0.33514493703842169 0.11173533275723459 2.5000000000000004 0.67006802558898937 0.047905908897519119 3.5000000000000004 0.51803904771804821 6.5000000000000009 0.61147069931030285 0.6936996877193452 0.65160736441612255 0.69174146652221691 0.51416715979576122 11.555545925934846 0.66562321782112133 0.40119273960590368 0.30066822469234472 12.705395414455456 13.81291358757545 0.79679140448570263 1.5000000000000002 0.91042780876159679 7.1249962890645113 1.5000000000000002 9.5000000000000018 0.81119626760482799 322066.50000000006 0.83294382691383373 0.21466974169015887 0.7119525969028474
decision_type=2 2 2 2 2 2 2 2 2 2 2 2 2 2 2 2 2 2 2 2 2 2 2 2 2 2 2 2 2 2
left_child=1 4 6 5 15 12 16 14 13 23 17 24 -2 20 -5 -1 -3 -4 -10 -14 -6 29 -17 -8 -7 -12 -13 -11 -19 -9
right_child=3 2 10 7 8 11 9 21 18 27 25 26 19 -15 -16 22 -18 28 -20 -21 -22 -23 -24 -25 -26 -27 -28 -29 -30 -31
leaf_value=-0.084882942098513658 -0.011740722157926858 -0.060701271346671741 0.0046999096970245218 0.029905081447608478 -0.049116443088228649 0.021047482907594995 -0.02421419420707566 0.053091074792757278 -0.021589725923171443 -0.0058988228429965456 0.012901179981669276 0.039155226959221613 0.012442354519153178 -0.064276770937136407 0.051567676484066405 -0.047081454560323401 -0.0350497431402544 -0.028564676321426431 -0.048732201877537448 0.038807634068164336 -0.028253253489780236 0.082806852401239334 -0.068024823653286492 -0.011078653999406165 0.036110046491910949 0.03641759254394903 0.058252392425401124 0.022921735621323533 -0.0047135880593157957 0.069535725702040779
leaf_weight=3680.7217534444935 3651.3648519039853 2401.2497553305002 11261.138784724462 6410.7428504539421 6913.8610884470691 12110.254803769523 17890.239817341266 4887.7690091154072 10521.15179502705 12560.658554442518 14283.644180579809 14294.103403678397 15836.350711398758 4985.4086635505082 7389.2921645906754 3356.2320446215454 11785.662244343548 2093.2168363927049 1845.1930219100614 1808.428566084709 3713.9982525566884 2969.4300945205614 6531.7697678738041 8193.4070713997353 6264.0993220991222 1825.5280388160609 2705.8389078825712 978.47469703340903 3226.321149911033 5776.8303623744287
leaf_count=846406 65105 206874 305796 48716 654837 166672 710783 35984 589925 290586 346979 134450 209925 948820 47053 333369 677254 180227 269605 12969 276502 15110 1516199 291877 79863 26659 18033 12955 129073 31173
internal_value=3.97146e-11 -0.022668 -0.0104717 0.0345118 -0.0480597 0.0251057 -0.0210831 0.0539419 -0.0386722 -0.0145279 0.00699556 0.0338776 0.0105349 -0.0489944 0.0415044 -0.0674175 -0.0393915 -0.00133127 -0.0256397 0.0151446 -0.0418256 0.0665307 -0.0609161 -0.0200881 0.0261825 0.0155661 0.0421949 -0.00381596 -0.0140989 0.0619989
internal_weight=212152 128048 86499.5 84104.5 41548.3 56670.4 53809.7 27434.1 27979.6 39622.8 32689.8 35374.3 21296.1 15613.3 13800 13568.7 14186.9 16580.7 12366.3 17644.8 10627.9 13634 9888 26083.6 18374.4 16109.2 16999.9 13539.1 5319.54 10664.6
internal_count=9479779 8614726 3179063 865053 5435663 687017 2190329 178036 2739689 1306201 988734 399018 287999 1880159 95769 2695974 884128 615096 859530 222894 931339 82267 1849568 1002660 246535 373638 152483 303541 309300 67157
is_linear=0
shrinkage=0.08


Tree=10
num_leaves=31
num_cat=0
split_feature=2 2 2 0 2 0 5 0 5 5 5 5 5 8 2 5 5 2 5 2 8 0 8 2 8 0 5 8 0 8
split_gain=22638.6 5327.25 2170.15 2105.78 1048.32 928.838 875.199 610.037 522.868 396.824 320.177 313.17 223.693 223.688 214.518 213.069 210.383 189.938 172.602 169.165 154.559 150.203 145.07 127.032 126.716 117.852 110.923 103.84 101.576 100.46
threshold=0.33514493703842169 0.11173533275723459 0.67006802558898937 2.5000000000000004 0.045715779066085822 5.5000000000000009 0.51803904771804821 7.5000000000000009 0.61147069931030285 0.74265706539154064 0.74265706539154064 0.75467449426651012 0.66562321782112133 11.555545925934846 0.20101010054349902 0.37278625369071966 0.51416715979576122 0.44543650746345526 0.28331096470355993 0.21896404027938846 16.414206432508333 1.5000000000000002 13.81291358757545 0.84654632210731517 7.1249962890645113 2.5000000000000004 0.75106957554817211 9.3888849768536655 1.5000000000000002 16.414206432508333
decision_type=2 2 2 2 2 2 2 2 2 2 2 2 2 2 2 2 2 2 2 2 2 2 2 2 2 2 2 2 2 2
left_child=1 4 5 6 15 9 18 12 13 16 19 14 -4 21 20 -1 -2 -7 -3 29 -5 -6 26 -9 -17 -18 -10 -20 -21 -8
right_child=2 3 7 11 8 17 10 23 22 -11 -12 -13 -14 -15 -16 24 25 -19 27 28 -22 -23 -24 -25 -26 -27 -28 -29 -30 -31
leaf_value=-0.083999026612307889 -0.0053678041268749692 -0.059747282427918796 0.030309034769074664 -0.003180792928705079 -0.04716124715927144 0.025926151487403487 -0.020989595144465353 0.058872572527049832 -0.025336508262331473 0.0310200476017248 0.001298764884696661 0.023343898278322579 0.049930235910495585 -0.060910529768257157 0.0080159358631315819 -0.046102122813254924 0.0060737465802188943 0.040684123892754449 -0.026118022302145799 -0.016031216301297651 -0.034058929768148019 -0.027097168240793126 -0.045731949744984624 0.076225522490598926 -0.065891534726245093 0.01882289397148015 -0.0052338264296536282 -0.041283008996983873 -0.002468026787246674 -0.041156324106853354
leaf_weight=2914.9263160721166 4820.7883704430424 1924.0759726877441 6815.2609308625688 9039.2579982225434 6893.5240395538858 8672.5818023306783 13911.03387512482 6993.5547304721549 8266.119287376845 7175.3291421439499 7211.4507920789765 5506.7181343249977 8184.1229147777194 4890.4559956923476 16573.780892509734 3129.9858051763731 8129.7750915066572 15658.690479399636 5653.1961045835633 10829.163083393127 1171.9713892657892 3653.4951245627017 1785.3458490115008 4397.6036501587369 6119.679563304875 10811.459961745888 2230.749922971765 5911.5463837992284 5245.6470520455041 1783.5795190078206
leaf_count=719357 86007 179831 53817 344341 690018 116696 542985 46668 519847 62698 141597 101039 53425 995291 421171 332679 117385 153592 221665 313163 122183 287198 280645 24126 1515405 150639 95223 482632 141027 167429
internal_value=7.41558e-12 -0.0214498 0.0327413 -0.0101048 -0.04556 0.0237294 -0.0199969 0.0516146 -0.0369681 0.0145321 -0.0139191 0.00596854 0.041015 -0.0467685 0.00239635 -0.0651386 0.00955323 0.0354238 -0.0375611 -0.0173734 -0.00672476 -0.040211 -0.0246501 0.0655718 -0.059195 0.0133508 -0.0210644 -0.0338699 -0.0116052 -0.0232814
internal_weight=206305 124646 81659.2 84761.4 39884.3 55268.6 52469.7 26390.5 27719.7 30937.4 38980.9 32291.7 14999.4 15437.5 26785 12164.6 23762 24331.3 13488.8 31769.4 10211.2 10547 12282.2 11391.2 9249.67 18941.2 10496.9 11564.7 16074.8 15694.6
internal_count=9479779 8614726 865053 3179063 5435663 687017 2190329 178036 2868222 416729 1306201 988734 107242 1972507 887695 2567441 354031 270288 884128 1164604 466524 977216 895715 70794 1848084 268024 615070 704297 454190 710414
is_linear=0
shrinkage=0.08


Tree=11
num_leaves=31
num_cat=0
split_feature=2 2 2 0 2 0 5 0 5 5 5 2 5 5 8 5 4 2 5 0 8 0 5 2 2 5 8 5 2 0
split_gain=19776.9 4616.7 1923.58 1627.68 1135.02 820.334 693.553 574.207 532.494 297.571 252.07 243.298 237.724 226.748 224.64 191.849 171.88 170.489 164.879 144.564 139.343 139.076 138.176 133.1 128.49 125.162 122.077 102.946 100.512 96.6237
threshold=0.33514493703842169 0.125657893717289 0.67006802558898937 2.5000000000000004 0.050252525135874755 3.5000000000000004 0.58939334750175487 6.5000000000000009 0.51615241169929515 0.75467449426651012 0.6421831250190736 0.022857889533042911 0.62744787335395824 0.35783077776432043 13.671301451962369 0.76968595385551464 72837.500000000015 0.4552139043807984 0.58939334750175487 1.5000000000000002 9.5999856000240023 1.5000000000000002 0.66069462895393383 0.8896499276161195 0.82807883620262157 0.37723660469055181 12.705395414455456 0.83294382691383373 0.27334994077682501 1.5000000000000002
decision_type=2 2 2 2 2 2 2 2 2 2 2 2 2 2 2 2 2 2 2 2 2 2 2 2 2 2 2 2 2 2
left_child=1 4 5 6 11 12 13 18 20 17 26 -1 25 -3 16 29 19 -7 -4 -10 -6 -15 -13 -9 -20 -2 -5 -14 -12 -8
right_child=2 3 7 10 8 9 15 23 14 -11 28 22 27 21 -16 -17 -18 -19 24 -21 -22 -23 -24 -25 -26 -27 -28 -29 -30 -31
leaf_value=-0.077343194979450761 -0.029557123531445972 -0.049388599255460221 0.021830412313245423 0.0035564861894385349 -0.039090815815763576 0.017343842733777513 -0.016019905128833639 0.056351741609353016 -0.032081405841521339 0.042072358769940615 0.0085894832449018837 -0.058442547061272186 0.015302822829247987 -0.030360630723288803 -0.043697337105007249 0.0057264478111288568 -0.0043016025542190455 0.030998797536469957 0.031861728373389256 -0.016348048704901492 -0.05843760904933256 -0.01437490541197861 -0.034700381112692649 0.074974968941517769 0.050415750941212138 0.0029201204044527551 -0.012091597182313903 0.04581372454886988 0.022192690420788655 -0.0048311544565399498
leaf_weight=3831.8502333839715 839.64210771094076 3019.8310662311851 3276.2807067234535 9877.3951584526803 5069.9907199233421 9943.9998895196477 15484.745443510241 9184.222343631438 8739.6641416325001 9530.0505506624468 10443.786940734833 7441.7601845512399 10600.825966411503 11579.398454278358 3640.29840637499 4442.0929937765468 2964.1318877255544 14220.356005199254 4141.0393986678682 6530.5266285157704 4494.8914263349725 4981.5772549167741 1987.8933241041377 3352.7197414228576 5645.2095186125371 7950.9420398600632 4713.2797634991584 758.37860855832696 5210.6934592518955 7253.6385535965092
leaf_count=1003041 16882 267169 26500 260932 431450 156999 482210 63323 603102 79811 276382 1550562 127989 627868 592462 77250 131251 162208 32953 398560 835245 218040 282019 18944 36316 137814 268933 5314 90151 218099
internal_value=-3.76594e-12 -0.0202665 0.0310483 -0.00839539 -0.0407169 0.0224648 -0.0177494 0.0491021 -0.0324377 0.0301009 0.00606655 -0.0603449 0.00969574 -0.0292283 -0.0255531 -0.00947997 -0.0219308 0.0253796 0.0373642 -0.0253528 -0.0481826 -0.0255521 -0.0534374 0.0613321 0.0425646 -0.000181979 -0.00149837 0.0173398 0.0131174 -0.0124506
internal_weight=201151 121707 79443.7 77006.4 44701 53844.2 46761.3 25599.5 31439.5 33694.4 30245.2 13261.5 20149.8 19580.8 21874.6 27180.5 18234.3 24164.4 13062.5 15270.2 9564.88 16561 9429.65 12536.9 9786.25 8790.58 14590.7 11359.2 15654.5 22738.4
internal_count=9479779 8614726 865053 2787034 5827692 687017 1890636 178036 2992070 399018 896398 2835622 287999 1113077 1725375 777559 1132913 319207 95769 1001662 1266695 845908 1832581 82267 69269 154696 529865 133303 366533 700309
is_linear=0
shrinkage=0.08


Tree=12
num_leaves=31
num_cat=0
split_feature=2 2 2 0 5 2 0 0 5 2 5 5 5 5 4 5 5 5 0 8 2 5 8 2 4 5 0 2 2 4
split_gain=17356.1 4008.37 1815.84 1591.98 740.935 726.592 697.578 476.112 388.197 281.31 275.62 226.985 210.916 197.108 183.06 153.04 152.712 133.492 132.417 131.524 126.857 121.501 114.763 102.861 100.622 95.0608 94.6425 89.2266 88.9348 83.4775
threshold=0.33514493703842169 0.10050505027174951 0.67006802558898937 2.5000000000000004 0.59054526686668407 0.038218110799789436 3.5000000000000004 5.5000000000000009 0.66961058974266063 0.20101010054349902 0.69174146652221691 0.38895379006862646 0.70438358187675487 0.43933787941932684 137481.00000000003 0.61021780967712413 0.37278625369071966 0.70135679841041576 1.5000000000000002 12.049995481251884 0.21896404027938846 0.81119626760482799 12.518515041153337 0.44543650746345526 322066.50000000006 0.41619303822517401 2.5000000000000004 0.78629976511001598 0.46720430254936224 125241.50000000001
decision_type=2 2 2 2 2 2 2 2 2 2 2 2 2 2 2 2 2 2 2 2 2 2 2 2 2 2 2 2 2 2
left_child=1 5 6 4 11 16 12 21 13 19 23 -3 25 -7 20 -11 -1 -9 -13 -5 -6 27 26 -8 28 -2 -15 -4 -12 -17
right_child=2 3 7 9 14 8 10 17 -10 15 24 18 -14 22 -16 29 -18 -19 -20 -21 -22 -23 -24 -25 -26 -27 -28 -29 -30 -31
leaf_value=-0.082302046152836428 -0.019172808538118528 -0.045251156610537101 0.020788455787493186 -0.00026575543952836022 -0.018401109376661701 -0.056261022883726718 0.013614077898730493 0.048544876779195507 -0.018806176869364505 0.00039794378774494788 0.025183091417091248 -0.02984822107836985 0.02134944916634051 -0.036468140444136404 0.0050064328558490781 0.011806247165735664 -0.057368976074055666 0.064470561180617392 -0.014992941773989332 -0.017975120445065048 -0.0073547780036750674 0.057612576652091296 -0.050547728893672199 0.026234620491641405 0.050604458619840059 0.0055371676930771451 -0.01560470466149 0.037257162786075111 0.038569594658872657 0.028320963981253038
leaf_weight=2120.1464461027354 1084.365053191781 4655.8540310455719 3128.7224438651465 9032.2245232029818 13547.387454655371 4690.5211814488866 6782.9568277650978 6027.9544540373026 6100.5413056095422 7259.1323390806792 5346.261863965774 13096.703441103688 6236.1697474807734 8439.5006576388841 4193.8792513851076 10219.110809249571 6082.9458246526192 7635.1904704162152 5433.5209810528904 3818.7220898546511 13075.534843963105 1337.6202121018432 3135.3742130145256 10579.69680155511 2513.0772971198894 12283.867922523466 1666.277944549598 6438.0240843414795 7825.4629549116362 2423.4147217213176
leaf_count=602718 25164 443264 28276 292594 579379 867373 115245 47763 483962 214283 64253 773094 62053 839357 87370 226498 1421424 46762 265642 295638 319645 7677 718344 131290 18033 200782 145914 47558 70197 38227
internal_value=-2.15259e-11 -0.0191673 0.0295358 -0.0102171 -0.0186568 -0.0432553 0.0211559 0.0474952 -0.0362381 0.00369831 0.0282482 -0.0294599 0.0092003 -0.0421686 -0.0105286 0.00965606 -0.0638131 0.0574444 -0.0254923 -0.00552818 -0.0129758 0.0350289 -0.0371766 0.0213042 0.035935 0.00353282 -0.0330281 0.0318712 0.0331362 0.0149719
internal_weight=196210 118991 77219.4 86755.5 54002.9 32235.3 52651.9 24567.5 24032.2 32752.6 33047.5 23186.1 19604.4 17931.7 30816.8 19901.7 8203.09 13663.1 18530.2 12850.9 26622.9 10904.4 13241.2 17362.7 15684.8 13368.2 10105.8 9566.75 13171.7 12642.5
internal_count=9479779 8614726 865053 3535634 2468394 5079092 687017 178036 3054950 1067240 399018 1482000 287999 2570988 986394 479008 2024142 94525 1038736 588232 899024 83511 1703615 246535 152483 225946 985271 75834 134450 264725
is_linear=0
shrinkage=0.08


Tree=13
num_leaves=31
num_cat=0
split_feature=2 12 2 0 5 0 5 0 2 2 5 4 5 5 2 5 4 8 5 2 2 0 2 0 0 2 8 5 5 8
split_gain=15196.3 3511.91 1654.41 1111.93 679.961 624.293 506.691 431.066 407.667 391.43 275.311 192.731 180.297 175.598 170.434 164.062 146.02 140.148 139.144 132.021 130.843 129.179 114.474 108.582 107.85 91.8905 85.8318 83.0573 79.9071 78.8843
threshold=0.33514493703842169 0.17423555254936221 0.67006802558898937 2.5000000000000004 0.44155140221118933 5.5000000000000009 0.65160736441612255 8.5000000000000018 0.18786764889955523 0.047905908897519119 0.70438358187675487 63017.500000000007 0.14160569757223132 0.46399958431720739 0.15345369279384616 0.81119626760482799 253302.00000000003 16.142847534019555 0.75467449426651012 0.42956349253654486 0.13284314423799518 2.5000000000000004 0.84654632210731517 3.5000000000000004 1.5000000000000002 0.025158228352665905 13.268540219639901 0.76478019356727611 0.81396234035491954 10.499978125047399
decision_type=2 2 2 2 2 2 2 2 2 2 2 2 2 2 2 2 2 2 2 2 2 2 2 2 2 2 2 2 2 2
left_child=1 4 5 6 12 10 13 15 17 25 21 29 -1 -3 -8 23 19 -5 26 -7 -15 -2 -9 -4 -22 -6 -10 -16 -12 -11
right_child=2 3 7 8 9 16 14 22 18 11 28 -13 -14 20 27 -17 -18 -19 -20 -21 24 -23 -24 -25 -26 -27 -28 -29 -30 -31
leaf_value=-0.088166489144755042 -0.00060752550172925356 -0.034965177458984413 0.023951882766944467 -0.0068506132669387369 -0.062321470910602965 0.018239945218208504 -0.020780247005319677 0.052309504175716927 0.008645163843170817 -0.026523936613002879 0.019517048843470948 -0.0041785963278969766 -0.055489765669228773 -0.033849445155793696 -0.0069392581825970115 0.058832960416499602 0.048967671404058007 -0.03333871480435651 0.021481352763294798 0.032064816134736961 -0.021997100549826478 0.012528303849511341 0.07093784009419063 0.039290634787196681 -0.0090706846846541934 -0.043080574334588714 -0.0035702319461062412 0.0063741469080438942 0.037528722585663782 -0.039592257129465722
leaf_weight=1279.2128242113395 8641.5498541680281 7053.2544726713677 4643.9611123178038 11857.74715653254 2373.2351971285534 6457.9069237294607 4716.7380850924528 5739.4179431321099 12410.152272677515 10144.355598727707 7454.0226344248513 2063.1841271118319 6962.6432928724098 3889.6130353213812 11256.774495259335 1912.6117073344067 2298.9534322554246 1432.8791271435621 4039.4831049602944 14014.566210279008 12483.190922740323 10753.921023668954 3339.7784302809741 8114.8259141876479 6173.968114187126 4804.4452589179855 5234.0492449076264 4088.1951760045486 1999.1422412134707 4171.9293848190282
leaf_count=315967 148976 604358 38997 604473 639494 97747 303744 42250 258493 635982 79871 109881 1443109 441197 299029 11706 17666 206636 64619 154875 554539 171562 20685 64398 248904 918385 225827 72799 16320 667290
internal_value=-4.35744e-11 -0.0181171 0.0279878 -0.0096008 -0.0407839 0.0199482 -0.0172959 0.0454614 0.00132587 -0.0338643 0.0121317 -0.0270378 -0.0605615 -0.0239485 -0.00748041 0.036983 0.0298506 -0.00970633 0.00808786 0.0277039 -0.0205022 0.0066757 0.0591619 0.0337076 -0.0177195 -0.0494424 0.00502154 -0.00339231 0.0233261 -0.0303322
internal_weight=191806 116435 75370.7 84636 31799 51620.1 49661.7 23750.6 34974.3 23557.1 28848.6 16379.5 8241.86 29600 20061.7 14671.4 22771.4 13290.6 21683.7 20472.5 22546.8 19395.5 9079.2 12758.8 18657.2 7177.68 17644.2 15345 9453.16 14316.3
internal_count=9479779 8614726 865053 3884618 4730108 687017 2524570 178036 1360048 2971032 416729 1413153 1759076 1848998 675572 115101 270288 811109 548939 252622 1244640 320538 62935 103395 803443 1557879 484320 371828 96191 1303272
is_linear=0
shrinkage=0.08


Tree=14
num_leaves=31
num_cat=0
split_feature=2 12 2 0 2 0 5 0 5 5 2 0 2 5 2 5 5 5 2 2 5 5 0 0 4 5 5 8 4 0
split_gain=13316.4 3097.5 1514.19 947.988 601.349 560.738 508.213 385.811 357.736 286.642 216.595 188.97 176.522 174.99 167.179 162.844 137.469 126.433 123.782 104.947 104.622 90.8565 88.912 86.883 81.8213 79.0469 76.8579 73.6318 67.8122 65.9787
threshold=0.33514493703842169 0.17423555254936221 0.67006802558898937 3.5000000000000004 0.0372685194015503 6.5000000000000009 0.65160736441612255 8.5000000000000018 0.47588364779949194 0.6421831250190736 0.17262665182352069 1.5000000000000002 0.1741658225655556 0.69174146652221691 0.1741658225655556 0.75467449426651012 0.17647051066160205 0.4829822331666947 0.54606062173843395 0.84654632210731517 0.79679140448570263 0.58282724022865307 2.5000000000000004 3.5000000000000004 137481.00000000003 0.76478019356727611 0.27036762237548834 8.6541933532185471 18390.000000000004 2.5000000000000004
decision_type=2 2 2 2 2 2 2 2 2 2 2 2 2 2 2 2 2 2 2 2 2 2 2 2 2 2 2 2 2 2
left_child=1 4 5 6 16 9 11 15 26 22 27 17 -8 -10 -13 23 -1 -3 24 -9 29 -12 -2 -4 -7 -14 -6 -5 -18 -11
right_child=2 3 7 10 8 18 12 19 13 20 21 14 25 -15 -16 -17 28 -19 -20 -21 -22 -23 -24 -25 -26 -27 -28 -29 -30 -31
leaf_value=-0.089600352471537428 -0.0033281623492653956 -0.036521006782439913 0.020304829885931134 0.0015669021878100345 -0.063140099071972836 0.022026870718233831 -0.015335212167228579 0.050059177755888501 -0.031064450002209924 0.0095720082014989945 -0.00047517794664834231 -0.024533499616685474 -0.0043230707011487216 -0.012020088715243909 -0.0076124031206207558 0.048855404334206154 -0.059301017876642874 -0.022092848653624972 0.038587510907594831 0.06825090024755244 0.033568771006389192 0.012394394708355247 0.0092974865758849428 0.035622595941134996 0.039086923637236329 0.0082989770269250637 -0.04335248724176443 -0.014976441220784197 -0.038509314985660126 0.020784960105793365
leaf_weight=840.68135920198984 6095.0689026187756 5466.5868065289396 3758.1030980644282 3037.6763498914079 1664.2548566570622 10401.200858562952 8168.0412384704396 5533.2342116474174 12724.88704678911 5393.6919933615718 4857.508749754983 6218.2506969677634 11654.602208309167 4077.3040990977024 9364.2742779144319 4096.1424354255432 5035.8624911548395 13452.485237289191 6481.243520691758 3205.2347537395544 2759.3196139296051 12663.448253507435 8615.6598118599504 6415.4889050235797 2175.559942138847 4364.6583819987718 5124.5256116335513 3975.0831487390387 1253.9189290598151 8900.6410503481748
leaf_count=257664 112987 502089 33846 110822 337616 145961 458465 42250 1369773 66618 156333 571061 293593 248911 350990 27148 1416023 743992 61147 20685 23393 296119 143285 54107 20399 73776 825017 327378 275104 113227
internal_value=-5.16779e-12 -0.017149 0.0264663 -0.00913495 -0.0388585 0.0187577 -0.0146554 0.0434937 -0.032705 0.0122487 0.00407092 -0.0208886 -0.00576419 -0.026443 -0.0143648 0.035387 -0.059217 -0.0262618 0.0296063 0.0567318 0.019307 0.00882644 0.00406632 0.0299642 0.024978 -0.000884028 -0.0482034 -0.00781046 -0.055156 0.016554
internal_weight=187775 113944 73830.6 83222.6 30721.4 50822.4 58688.9 23008.2 23591 31764.4 24533.7 34501.6 24187.3 16802.2 15582.5 14269.7 7130.46 18919.1 19058 8738.47 17053.7 17521 14710.7 10173.6 12576.8 16019.3 6788.78 7012.76 6289.78 14294.3
internal_count=9479779 8614726 865053 3884618 4730108 687017 2993966 178036 2781317 459510 890652 2168132 825834 1618684 922051 115101 1948791 1246081 227507 62935 203238 452452 256272 87953 166360 367369 1162633 438200 1691127 179845
is_linear=0
shrinkage=0.08


Tree=15
num_leaves=31
num_cat=0
split_feature=2 12 2 0 2 0 5 0 5 2 5 5 4 5 5 2 5 2 2 5 2 5 5 8 0 5 0 2 2 5
split_gain=11732.8 2721.13 1387.63 812.494 537.326 509.993 365.64 351.606 336.155 332.283 225.411 165.054 159.884 151.673 145.084 135.552 113.121 100.072 96.5228 94.3332 86.7978 84.5205 83.1611 80.2827 79.3638 78.4093 71.9333 71.1989 69.4332 69.2168
threshold=0.33514493703842169 0.17423555254936221 0.67006802558898937 2.5000000000000004 0.032433379441499717 5.5000000000000009 0.66069462895393383 9.5000000000000018 0.47588364779949194 0.15026882290840152 0.62306672334671032 0.75106957554817211 63017.500000000007 0.4829822331666947 0.58282724022865307 0.46720430254936224 0.15310718119144442 0.15345369279384616 0.15345369279384616 0.79679140448570263 0.8760964870452882 0.81119626760482799 0.66562321782112133 15.714268877571067 3.5000000000000004 0.24477025121450427 1.5000000000000002 0.062828946858644499 0.27334994077682501 0.28331096470355993
decision_type=2 2 2 2 2 2 2 2 2 2 2 2 2 2 2 2 2 2 2 2 2 2 2 2 2 2 2 2 2 2
left_child=1 4 5 6 16 10 13 11 29 23 -2 24 27 25 -11 -7 -1 -15 -8 -12 -9 28 -17 -5 -4 -3 -19 -10 -16 -6
right_child=2 3 7 9 8 15 18 20 12 14 19 -13 -14 17 21 22 -18 26 -20 -21 -22 -23 -24 -25 -26 -27 -28 -29 -30 -31
leaf_value=-0.090315098031698987 0.0020246289075300213 -0.052648766186121493 0.019514279276571737 -0.010664021432884615 -0.060005758679839379 0.019613772514001024 -0.01716579755389399 0.05038342613047532 -0.036707025355871961 -0.0040685387097755552 0.014110037249533476 0.0476063607471124 -0.006579168405411966 -0.027005155235730719 0.0035550999179837701 0.024170153492595641 -0.055291421127872956 -0.018055238360622759 -0.0031699233528933658 0.031367933139469187 0.069456946284016746 0.026773431864210242 0.037575873039211317 -0.036289651643825541 0.034167611393535864 -0.027487713316584117 -0.0068816705392674739 -0.02504523770581725 0.014371308777270626 -0.041936624330820675
leaf_weight=672.73680098808836 11579.756526428624 892.72685327514773 3617.2663896162412 7226.9047397557588 1854.8826533332758 9368.3510153277311 4092.9821681707981 5361.0599828636041 5050.1455612659047 7737.6277380620595 14199.004636527388 4373.2908722010907 2362.3432587810385 5301.1452236873156 10867.529331997037 4852.2659013182856 4810.7573897153488 11247.787089307152 13740.976267391467 2364.6523157143965 2135.0795077058719 1565.8553719886113 7600.4449817782734 877.44181210637907 6835.9653913297225 7072.0358178734314 5485.959036064276 9956.2440217086114 5839.2844783513574 5052.8357947919867
leaf_count=219939 208578 99253 33534 446593 410885 137207 267988 41298 841072 283572 187615 30326 158518 543233 321675 60744 1430918 475525 330948 20536 14192 22285 72337 164382 58686 600160 207463 794362 121541 874414
internal_value=-1.38829e-11 -0.0162508 0.025113 -0.00872647 -0.0369701 0.0177044 -0.0154537 0.0416957 -0.0318612 0.000706027 0.0105875 0.0345565 -0.0259244 -0.0208465 0.0051132 0.0268833 -0.0595883 -0.0174266 -0.00638205 0.0165738 0.055816 0.00900124 0.0323523 -0.0134385 0.0290969 -0.0303079 -0.0143921 -0.0289698 0.00733553 -0.0467886
internal_weight=183995 111708 72287.1 81948.3 29759.9 49964.5 47833.6 22322.7 24276.5 34114.6 28143.4 14826.5 17368.7 29999.7 26010.3 21821.1 5483.49 22034.9 17834 16563.7 7496.14 18272.7 12452.7 8104.35 10453.2 7964.76 16733.7 15006.4 16706.8 6907.72
internal_count=9479779 8614726 865053 3884618 4730108 687017 2524570 178036 3079251 1360048 416729 122546 1793952 1925634 749073 270288 1650857 1226221 598936 208151 55490 465501 133081 610975 92220 699413 682988 1635434 443216 1285299
is_linear=0
shrinkage=0.08


Tree=16
num_leaves=31
num_cat=0
split_feature=2 12 2 0 0 2 5 5 5 0 2 5 2 5 2 5 0 5 5 5 0 2 8 2 5 5 8 2 0 4
split_gain=10338.4 2377.06 1287.82 694.991 591.785 489.461 383.78 313.42 242.144 230.277 189.427 189.037 185.071 159.646 147.419 114.947 111.841 104.414 84.8944 84.6593 81.9489 79.5609 79.206 71.8363 68.656 67.7732 67.706 66.7651 66.7268 62.4775
threshold=0.33514493703842169 0.17423555254936221 0.75140449404716503 3.5000000000000004 6.5000000000000009 0.027212143875658516 0.6936996877193452 0.47588364779949194 0.59137621521949779 8.5000000000000018 0.57294833660125744 0.48426434397697454 0.20722186565399173 0.69174146652221691 0.1741658225655556 0.66562321782112133 1.5000000000000002 0.7725205421447755 0.15310718119144442 0.75106957554817211 2.5000000000000004 0.21081871539354327 8.4285679166681629 0.059173669666051872 0.24477025121450427 0.25077867507934576 16.142847534019555 0.4552139043807984 2.5000000000000004 147804.00000000003
decision_type=2 2 2 2 2 2 2 2 2 2 2 2 2 2 2 2 2 2 2 2 2 2 2 2 2 2 2 2 2 2
left_child=1 5 4 6 8 18 11 25 28 15 19 22 -5 23 26 -4 -16 20 -1 -6 -10 -8 -3 -9 -24 -7 -13 -22 -2 -15
right_child=2 3 9 12 10 7 21 13 17 -11 -12 14 -14 29 16 -17 -18 -19 -20 -21 27 -23 24 -25 -26 -27 -28 -29 -30 -31
leaf_value=-0.089773050293250944 -0.0061013086119094881 -0.018024270450934455 0.027247247564800094 -0.0050972046557840002 0.018654577300716711 -0.060728952362754461 -0.0084196286754622939 -0.037719782005748395 0.0062623783795394961 0.057862044319633966 0.038351764242801192 -0.019118021058294906 0.0091453872155677404 -0.016791845520434986 -0.01539139427863508 0.045071711973567456 -0.0035364007646011206 0.026595253429092146 -0.05649815443849205 0.032418241148095127 0.0093115327686943642 0.0030668189195057543 -0.060488886226988586 -0.025434782141133257 -0.030259803967020979 -0.041266529349945104 -0.036926039844166807 0.021698736834701148 0.0068254510595404591 0.0071116270267063235
leaf_weight=575.35193060254096 4174.0787923489697 3687.2163907317445 4154.2992056315707 10144.338342008647 9365.0979767176323 1437.0938673457131 7379.5569575041882 4598.3334176488861 6469.5077487237868 5445.6549115374219 8074.7938922123285 9579.4097599912202 13758.087684209924 3432.3949687809218 11766.27251220902 5231.2568686354789 8980.1189305879525 4965.948308884399 3335.641185155313 4117.6934875760926 4270.6168426645454 8090.2736163571244 530.11763018276542 9025.5945093393384 5173.7887025311938 5635.8300831361266 1593.7209637759952 8003.652797774761 6591.249086293974 879.03368206234882
leaf_count=204027 83024 177849 35450 552337 140139 358506 326074 891170 90544 40129 75126 652734 338315 266920 454998 38972 300069 45332 1085094 40531 71958 156192 79015 808180 551304 1075049 295731 94334 109514 41162
internal_value=2.13296e-11 -0.0153965 0.0238131 -0.00834298 0.0182646 -0.0350752 -0.0131604 -0.0309594 0.0117633 0.0447753 0.0286615 -0.0171851 0.00310074 -0.0253353 -0.0142498 0.0371821 -0.0102599 0.0162811 -0.0613933 0.0228581 0.0135485 -0.00241255 -0.0271622 -0.0295812 -0.0330693 -0.045221 -0.0216581 0.0173888 0.00181331 -0.0119183
internal_weight=180466 109602 70863.8 80682.9 56032.6 28919.3 56780.5 25008.3 34475.1 14831.2 21557.6 41310.6 23902.4 17935.4 31919.5 9385.56 20746.4 23709.7 3910.99 13482.8 18743.8 15469.8 9391.12 13623.9 5703.91 7072.92 11173.1 12274.3 10765.3 4311.43
internal_count=9479779 8614726 865053 3884618 750502 4730108 2993966 3440987 494706 114551 255796 2511700 890652 2007432 1703532 74422 755067 302168 1289121 180670 256836 482266 808168 1699350 630319 1433555 948465 166292 192538 308082
is_linear=0
shrinkage=0.08


Tree=17
num_leaves=31
num_cat=0
split_feature=2 2 2 0 0 2 5 2 4 0 2 5 5 4 5 5 5 5 0 5 8 0 0 5 5 5 8 2 8 2
split_gain=9201.09 2091.86 1144.3 885.139 517.019 394.661 340.366 294.649 231.668 210.577 199.444 192.644 140.311 130.583 128.976 109.317 101.871 100.401 96.2585 81.3071 80.48 73.5991 73.4305 69.0043 68.3185 66.6678 57.4041 53.398 53.0815 52.5276
threshold=0.33514493703842169 0.091372914612293257 0.75140449404716503 1.5000000000000002 5.5000000000000009 0.025158228352665905 0.56591099500656139 0.22287581861019137 39079.500000000007 8.5000000000000018 0.54606062173843395 0.69817671179771434 0.57317069172859203 40294.000000000007 0.38642528653144842 0.27558170258998876 0.61147069931030285 0.66562321782112133 2.5000000000000004 0.58939334750175487 11.062494814455826 1.0000000180025095e-35 1.5000000000000002 0.37723660469055181 0.75467449426651012 0.72243767976760875 8.3333125000578718 0.44543650746345526 9.6929263260121044 0.92980295419693004
decision_type=2 2 2 2 2 2 2 2 2 2 2 2 2 2 2 2 2 2 2 2 2 2 2 2 2 2 2 2 2 2
left_child=1 5 4 6 11 21 15 12 14 17 19 18 28 -8 -7 -3 -9 -4 23 -6 22 -1 -16 -2 -14 -12 -17 -20 -5 -11
right_child=2 3 9 7 10 8 13 16 -10 29 25 -13 24 -15 20 26 -18 -19 27 -21 -22 -23 -24 -25 -26 -27 -28 -29 -30 -31
leaf_value=-0.092352580782078808 -0.03060858014508281 -0.050071603795628555 0.026161845915392598 -0.0095829873299670722 0.0080569487446136116 -0.050455669258255606 -0.016284149361082877 -0.0014982889749873859 -0.012693773500157324 0.051151330827625401 0.028769566676602132 0.01937748346151346 -0.005632842360094337 -0.0034424614976434156 -0.032588572136497893 -0.01931025822663638 0.0097181868480905997 0.042989281901292184 0.0032161437534422828 0.022994599161170862 -0.040823096801750086 -0.056408764983886438 -0.017846393357678257 0.00099356832528190863 0.0070669073459600027 0.041602953710919613 -0.030476885030752496 0.014463367673604581 -0.022435943349096894 0.070078294791905971
leaf_weight=417.28392081602942 469.38516831432935 1309.9670638605021 4099.6408103532158 4231.0210543179419 2949.2586401933804 2888.9910171515075 15445.403590813366 8401.4422008649562 3587.7366803274781 4045.4138760546921 5873.4575537704513 10243.645979533845 13639.426127645886 7542.7197028200026 6891.4001392808277 5117.8397291278234 13524.740677248337 5082.5528991184547 4181.0415190061321 11144.166640079115 4514.2545038802491 2887.1567961419933 3151.1540796105692 7636.4797959870775 3383.5002721132478 4635.1695148156723 6943.8633438213146 7634.6245009790873 4001.170639147691 1221.8862977177487
leaf_count=144346 12468 193501 35450 168408 50722 776214 640551 274807 395991 31489 64707 110310 613424 243206 832433 239895 295928 38972 83304 148915 1256258 1024046 333263 134701 94450 38919 703662 106456 384343 8640
internal_value=-2.35588e-11 -0.0146064 0.0227651 -0.00859353 0.0174816 -0.0352457 -0.0179739 -0.00136464 -0.0312078 0.0427908 0.0260885 0.0104619 -0.00725531 -0.0120706 -0.0350153 -0.0281226 0.00542038 0.0354762 0.00587753 0.0198687 -0.0319509 -0.0609477 -0.0279628 -0.000836413 -0.00310862 0.0344301 -0.0257388 0.0104835 -0.01583 0.0555419
internal_weight=177096 107879 69216.7 83541.1 54767.2 24338 36359.8 47181.3 21033.5 14449.5 24602.1 30165.2 25255.1 22988.1 17445.8 13371.7 21926.2 9182.19 19921.5 14093.4 14556.8 3304.44 10042.6 8105.86 17022.9 10508.6 12061.7 11815.7 8232.19 5267.3
internal_count=9479779 8614726 865053 3852175 750502 4762551 2020815 1831360 3594159 114551 303263 447239 1260625 883757 3198168 1137058 570735 74422 336929 199637 2421954 1168392 1165696 147169 707874 103626 943557 189760 552751 40129
is_linear=0
shrinkage=0.08


Tree=18
num_leaves=31
num_cat=0
split_feature=2 12 2 0 2 0 2 0 5 4 2 5 2 5 5 5 5 5 5 5 0 5 5 8 2 5 1 5 5 5
split_gain=8139.28 1834.36 1042.36 522.992 396.711 377.973 354.463 281.856 208.902 198.561 169.527 136.339 118.369 115.866 115.353 114.068 102.928 96.738 90.5276 87.4827 77.547 71.518 58.4463 58.0628 57.7561 54.4169 52.221 47.0978 46.9307 46.7369
threshold=0.33514493703842169 0.17423555254936221 0.67006802558898937 1.5000000000000002 0.0372685194015503 3.5000000000000004 0.16767068207263949 5.5000000000000009 0.44155140221118933 39079.500000000007 0.44543650746345526 0.75467449426651012 0.8760964870452882 0.37278625369071966 0.69174146652221691 0.53957796096801769 0.49437747895717626 0.73808741569519054 0.69174146652221691 0.7725205421447755 4.5000000000000009 0.7119525969028474 0.7466147541999818 17.265677980031501 0.82807883620262157 0.79679140448570263 5.5000000000000009 0.17647051066160205 0.25077867507934576 0.46187102794647222
decision_type=2 2 2 2 2 2 2 2 2 2 2 2 2 2 2 2 2 2 2 2 2 2 2 2 2 2 2 2 2 2
left_child=1 4 5 9 13 15 18 19 27 16 25 20 21 -1 -10 -2 28 -12 23 24 29 -9 -17 -5 -4 -7 -18 -6 -3 -8
right_child=2 3 7 6 8 10 11 12 14 -11 17 -13 -14 -15 -16 22 26 -19 -20 -21 -22 -23 -24 -25 -26 -27 -28 -29 -30 -31
leaf_value=-0.069873751739355297 -0.0067566855335574692 -0.050014028280783357 0.015542377181269008 -0.014183839446647481 -0.063999661010948408 0.01084658926309875 -0.014167939068015438 0.032228249779118839 -0.026138777084476532 -0.004291930043625619 0.0212712781216703 0.013695943579237549 0.057969246583955622 -0.043718075585573633 -0.010409474108243168 0.0060398216908395261 -0.013769015882526561 0.03361098579748148 -0.0026415373103464506 0.04290979790002554 0.0053342295577768293 0.047476344936649408 0.017590270692605478 -0.033921640510937053 0.029337984970476204 0.029339502125510172 -0.023409939026050829 -0.038842286551926078 -0.026639291767107311 -0.0018001092281967469
leaf_weight=1426.052988097741 3628.9877707232954 620.57312703609932 3651.4568543059286 10672.574149393418 540.23284037431586 9817.3280403029639 2259.482060919283 3917.3174654479953 12990.612113563664 6998.4204446883814 12349.897784800152 5510.4228686559945 3284.9462400026387 4518.2791571856942 3873.7229808495031 10511.081424503383 11951.210815057799 6061.7241429039277 4539.7090886725637 1699.6885905029485 10370.248852877063 3957.4059488974162 3823.6894186041318 1047.4666025266633 4149.1399112118816 1136.2253055092879 5143.1410399362212 4022.3515567778086 4814.9406002753531 14533.800817641197
leaf_count=596455 80797 87286 36694 771483 147809 165296 107519 37841 1561127 260340 165987 100029 25625 1352336 248911 168596 434548 56845 229205 12510 303936 31059 38606 236041 34307 10890 432639 823470 452985 468607
internal_value=9.76137e-12 -0.0138752 0.0215985 -0.00765449 -0.0317073 0.0150539 -0.00258081 0.0365911 -0.0266344 -0.0160625 0.0206455 0.00222235 0.0452126 -0.0499929 -0.0225258 0.00591329 -0.0197188 0.0253339 -0.0122328 0.0264637 -0.00010519 0.0398911 0.00912081 -0.0159479 0.0228803 0.0127649 -0.0166697 -0.041821 -0.029308 -0.00346416
internal_weight=173822 105833 67988.9 78462 27371.3 47328.9 48933.7 20660 21426.9 29528.3 29365.2 32674 11159.7 5944.33 16864.3 17963.8 22529.9 18411.6 16259.7 9500.29 27163.5 7874.72 14334.8 11720 7800.6 10953.6 17094.4 4562.58 5435.51 16793.3
internal_count=9479779 8614726 865053 3884618 4730108 687017 2216820 178036 2781317 1667798 399018 980091 94525 1948791 1810038 287999 1407458 222832 1236729 83511 880062 68900 207202 1007524 71001 176186 867187 971279 540271 576126
is_linear=0
shrinkage=0.08


Tree=19
num_leaves=31
num_cat=0
split_feature=2 12 2 2 0 5 5 0 2 2 0 5 5 2 4 5 4 5 2 5 0 5 7 5 8 2 4 0 8 2
split_gain=7201.29 1611.79 961.057 594.277 425.803 275.943 263.963 193.62 187.027 185.871 143.583 133.74 124.438 121.798 104.217 102.331 102.113 97.7992 92.964 91.049 81.948 76.7281 52.7808 51.549 50.9817 50.9309 49.8878 48.9773 47.4257 47.088
threshold=0.33514493703842169 0.25009712576866155 0.75140449404716503 0.059173669666051872 4.5000000000000009 0.54509595036506664 0.65160736441612255 9.5000000000000018 0.46720430254936224 0.015749008394777778 1.5000000000000002 0.51416715979576122 0.81119626760482799 0.18230694532394412 17089.000000000004 0.75106957554817211 46038.000000000007 0.74265706539154064 0.14763412624597552 0.27558170258998876 1.5000000000000002 0.74265706539154064 20.500000000000004 0.37278625369071966 11.95293042649317 0.28669276833534246 56016.500000000007 24.500000000000004 10.999990416675034 0.43785113096237188
decision_type=2 2 2 2 2 2 2 2 2 2 2 2 2 2 2 2 2 2 2 2 2 2 2 2 2 2 2 2 2 2
left_child=1 3 4 9 11 19 10 15 26 -1 -3 -2 18 -12 23 -4 -7 27 -8 -5 -20 29 24 -11 -21 -22 -6 -10 -15 -13
right_child=2 6 7 5 8 16 12 -9 17 14 13 21 -14 28 -16 -17 -18 -19 20 22 25 -23 -24 -25 -26 -27 -28 -29 -30 -31
leaf_value=-0.070217537424354132 -0.0055298183266080424 -0.017905985963428576 0.02745568176168622 -0.046981031318988196 0.010583948200434463 -0.016752466618220323 -0.011985719589033383 0.053228505150959629 0.021475860774911919 -0.053622441742916339 -0.014438270861408507 0.00076959224083455579 0.016728155657360001 0.0021037714453991723 -0.022756136479489458 0.04596989813010282 -0.003873713650387581 0.035818820005855491 -0.0066779162652204765 -0.023121793557841067 0.0016869948777150237 0.018509257787612095 0.044756941963945619 -0.037851534277723885 -0.03578967231151528 0.012094527730944944 0.022989519756576607 0.039136716874785198 -0.0068951793054014502 0.010477002333308547
leaf_weight=1166.6044856741646 3884.3649092285195 9233.5278021800623 6551.783842135148 1523.4825842428254 7559.4141870227177 15357.935773334088 3910.9750593046483 4408.1285746713402 10308.084061853879 1664.9308233308257 7452.7558586636442 4476.4852633669507 2944.6805457212031 8329.3955083359033 2631.0611259312427 2697.1770641368348 5299.8590166848153 5990.0476384498179 5739.9259908211534 7616.0036569549702 10923.957996687503 5749.3755591638619 66.949292271980084 6524.3020018343523 2773.7234765954781 4153.4895499661798 2859.3664415290114 1113.5281337709166 6814.5077473549172 11197.903461350012
leaf_count=483605 81699 567330 57821 298443 128274 1031174 254978 36065 129387 632364 610202 89120 54551 201943 501713 20665 250359 54505 158605 656810 306788 57855 6902 1626110 558304 81443 38148 12470 333102 159044
internal_value=-1.48704e-11 -0.0131518 0.0205024 -0.024645 0.0156376 -0.0190502 -0.00453234 0.0394309 0.0224666 -0.0398787 -0.00950055 0.00812792 0.00118222 -0.0060659 -0.0366076 0.0328548 -0.0134484 0.0275397 -0.000669007 -0.0287095 0.00145707 0.0106042 -0.0260475 -0.0410579 -0.0265037 0.00455403 0.0139886 0.0231977 -0.00194561 0.00770464
internal_weight=170924 104128 66795.7 44624.9 53138.6 32638 59503.2 13657.1 27830.4 11986.9 31830.2 25308.1 27673 22596.7 10820.3 9248.96 20657.8 17411.7 24728.3 11980.2 20817.4 21423.8 10456.7 8189.23 10389.7 15077.4 10418.8 11421.6 15143.9 15674.4
internal_count=9479779 8614726 865053 6045784 750502 2801992 2568942 114551 362784 3243792 1712577 387718 856365 1145247 2760187 78486 1281533 196362 801814 1520459 546836 306019 1222016 2258474 1215114 388231 166422 141857 535045 248164
is_linear=0
shrinkage=0.08


Tree=20
num_leaves=31
num_cat=0
split_feature=2 12 2 0 0 2 0 5 2 5 2 5 5 5 5 5 4 5 5 0 2 8 2 5 2 8 4 5 5 8
split_gain=6394.36 1426.78 893.804 455.934 305.446 286.904 239.908 228.808 199.289 161.746 135.076 103.777 95.0583 86.6013 86.2045 84.2237 83.0204 73.4999 71.7606 71.3363 65.6135 58.572 54.9284 52.6567 52.6279 52.3506 51.394 49.9065 48.9276 48.6372
threshold=0.33514493703842169 0.15218123793601993 0.67006802558898937 2.5000000000000004 3.5000000000000004 0.025158228352665905 6.5000000000000009 0.65160736441612255 0.15026882290840152 0.65160736441612255 0.44543650746345526 0.38895379006862646 0.70717167854309093 0.75106957554817211 0.28331096470355993 0.6936996877193452 125241.50000000001 0.72243767976760875 0.83294382691383373 1.0000000180025095e-35 0.21896404027938846 10.378841169584149 0.92365968227386486 0.37723660469055181 0.18016393482685092 13.069833380568433 147804.00000000003 0.45685066282749182 0.54942232370376598 13.888877314825534
decision_type=2 2 2 2 2 2 2 2 2 2 2 2 2 2 2 2 2 2 2 2 2 2 2 2 2 2 2 2 2 2
left_child=1 5 4 7 15 19 13 11 -5 14 28 -3 -8 27 -7 23 21 -12 24 -1 29 -10 -14 -2 -9 -16 -11 -4 -6 -13
right_child=2 3 6 8 10 9 12 18 16 26 17 20 22 -15 25 -17 -18 -19 -20 -21 -22 -23 -24 -25 -26 -27 -28 -29 -30 -31
leaf_value=-0.090146436687483469 -0.021792442456153541 -0.030164792189701885 -0.001257285852992728 -0.011279256419066536 -0.0010059221783230582 -0.05053706738814441 0.034475938468744582 -0.012319616005354181 0.0055091781963669045 -0.017915545566128569 0.018741721781796773 -0.01646892398681022 0.046702335370377879 0.037539245380194909 -0.027142213513989245 0.012550592700103563 0.016012477484785351 0.029318853355267609 0.016495675139789567 -0.050199286890012358 -0.010795654811133884 -0.002812837898294895 0.068299684522867443 0.0022931575603201801 -0.0036116287348032334 -0.040667116705634297 0.0069318693176473167 0.022949686329170618 0.013755294333853717 -0.02778242263172517
leaf_weight=323.63011598990124 614.25270148785785 3418.6012370860553 590.64517023361987 8021.8080718612764 1714.0143016416114 1407.916018940392 4278.6007288852707 7190.3448561651749 11376.981802065508 4269.6696413186146 11037.85476061923 11094.689027135668 3991.8256710653659 2793.0155777516775 9955.5011277153098 6259.2439114421722 2876.9957075463608 6791.9105813538772 875.08125405339524 2467.1473159969173 11373.448539143486 10324.78354750399 929.07060865819221 10706.027676937578 11620.096914026304 2244.5667190443783 608.71180217963411 7064.8738799194107 8895.5226887459867 3114.6889831040753
leaf_count=144346 16882 426129 5981 651543 35070 439886 41853 460156 241114 440248 154787 740066 33433 22489 1444385 73319 54840 68045 16845 996259 483739 453122 6981 197798 296227 743113 33150 67299 141116 549558
internal_value=4.61469e-12 -0.0124798 0.0194922 -0.00765243 0.0133936 -0.0309225 0.0337761 -0.0125551 -0.000330556 -0.0273131 0.0185179 -0.0170735 0.0431971 0.0254813 -0.0317936 0.00510377 0.00324279 0.0227709 -0.00589848 -0.0548317 -0.0153241 0.00154991 0.0507799 0.000986243 -0.00694028 -0.0296305 -0.0148151 0.021082 0.0113706 -0.0189488
internal_weight=168232 102565 65666.9 81287.5 46018.8 21277.1 19648 48687 32600.6 18486.4 28439.3 29001.4 9199.5 10448.5 13608 17579.5 24578.8 17829.8 19685.5 2790.78 25582.8 21701.8 4920.9 11320.3 18810.4 12200.1 4878.38 7655.52 10609.5 14209.4
internal_count=9479779 8614726 865053 4373339 687017 4241387 178036 2972720 1400619 3100782 399018 2199492 82267 95769 2627384 287999 749076 222832 773228 1140605 1773363 694236 40414 214680 756383 2187498 473398 73280 176186 1289624
is_linear=0
shrinkage=0.08


Tree=21
num_leaves=31
num_cat=0
split_feature=2 12 2 12 0 2 5 0 5 5 2 2 5 5 2 4 5 2 0 5 5 0 0 4 5 4 8 2 2 5
split_gain=5685.59 1251.46 838.724 421.128 352.22 247.45 219.692 161.093 150.586 137.993 125.394 117.927 109.629 96.466 81.7017 71.1718 69.1509 68.121 64.304 62.9815 62.5509 59.5606 55.6766 55.0075 47.3073 47.0667 43.2428 41.2347 40.646 38.7771
threshold=0.33514493703842169 0.14531393349170688 0.75140449404716503 0.38892720639705664 7.5000000000000009 0.025158228352665905 0.69511905312538158 11.500000000000002 0.58428397774696361 0.47588364779949194 0.57294833660125744 0.25126262009143835 0.38895379006862646 0.66562321782112133 0.42956349253654486 72837.500000000015 0.17647051066160205 0.059173669666051872 1.5000000000000002 0.58939334750175487 0.83056166768074047 2.5000000000000004 1.5000000000000002 137481.00000000003 0.74265706539154064 36003.500000000007 5.6153833555229715 0.38529014587402349 0.14365079998970035 0.1868645250797272
decision_type=2 2 2 2 2 2 2 2 2 2 2 2 2 2 2 2 2 2 2 2 2 2 2 2 2 2 2 2 2 2
left_child=1 5 4 6 8 16 12 13 26 29 27 19 -3 -4 -10 -11 -1 -14 -13 -5 21 -16 25 -8 -20 -19 -2 -6 -21 -7
right_child=2 3 7 11 10 9 23 -9 14 15 -12 18 17 -15 20 -17 -18 22 24 28 -22 -23 -24 -25 -26 -27 -28 -29 -30 -31
leaf_value=-0.08375355221092097 0.01355746971915877 -0.029200486001571168 0.022656354011887321 -0.012367499394122444 0.0088093413260688855 -0.057829498901798233 -0.0066022524971240957 0.052130991915348819 0.0053614465878818809 -0.02386303166894688 0.032324350282794623 -0.0080570431601623069 -0.032270095549600655 0.038763610441064945 0.0069562174082417076 -0.0038925186467807238 -0.04729086118666459 -0.017798420135284029 0.0036681501373435803 -0.01160694140839519 0.030592042933830176 0.017404518607162047 -0.0089217636370435022 0.0053009002864336874 0.015001353672599128 -0.0068608041774937036 -0.0012683179604890682 0.020780249515948545 4.2422809033462031e-05 -0.035107195373263393
leaf_weight=390.55211241258075 1483.5009169597761 3442.1444150690513 4286.2686636911239 5606.8823553288821 2365.5763392141089 538.7315668623196 8231.9883028073818 3277.386763505463 6977.5733387991786 10801.343182890792 6350.4031960212742 2441.0689184203511 1274.6301162445452 5349.6286021677079 5124.1236701730813 1277.1580783374375 2253.9865908055654 15760.600665392994 11581.298031735816 2364.2613942539319 1614.9435475221835 10961.170358690957 11195.102225611539 3558.945918705489 2959.629021482775 2996.7234980899957 8323.5774510976044 8313.6610269557568 10129.80797126703 4460.2996465323522
leaf_count=212023 14692 461982 39954 352210 40093 195580 346271 28530 117385 1570448 65312 97125 304244 46067 69365 99733 923011 1056660 319382 167762 14347 138134 749163 101420 49600 158294 175856 115318 349150 1100668
internal_value=3.38663e-11 -0.0118204 0.0185789 -0.00744668 0.0140089 -0.0299041 -0.0124426 0.0368098 0.00936028 -0.0263778 0.0234222 -0.000830678 -0.0156507 0.0315987 0.0126929 -0.0217514 -0.0526758 -0.0141572 0.00395787 -0.00532321 0.015583 0.0140761 -0.0133864 -0.00300943 0.00597489 -0.016051 0.000974355 0.0181286 -0.00216199 -0.0375559
internal_weight=165693 101265 64427.8 81543.1 51514.5 19722.1 46460.1 12913.3 34484.9 17077.5 17029.6 35082.9 34669.2 9635.9 24677.8 12078.5 2644.54 31227.1 16982 18101 17700.2 16085.3 29952.4 11790.9 14540.9 18757.3 9807.08 10679.2 12494.1 4999.03
internal_count=9479779 8614726 865053 4513263 750502 4101463 3178034 114551 529779 2966429 220723 1335229 2730343 86021 339231 1670181 1135034 2268361 466107 869122 221846 207499 1964117 447691 368982 1214954 190548 155411 516912 1296248
is_linear=0
shrinkage=0.08


Tree=22
num_leaves=31
num_cat=0
split_feature=2 12 2 12 0 0 5 5 0 5 2 2 2 5 5 5 8 4 0 0 2 5 5 5 7 4 7 7 0 2
split_gain=5088.62 1108.8 771.342 423.616 249.629 197.837 187.697 182.208 145.328 138.602 135.404 116.294 80.7651 78.864 75.3905 71.218 69.9012 67.3218 63.7435 63.6353 59.2461 52.8603 47.3469 46.8195 46.7168 45.0283 43.7224 43.0957 41.7029 40.7602
threshold=0.33514493703842169 0.25009712576866155 0.67006802558898937 0.08742213994264604 3.5000000000000004 4.5000000000000009 0.75467449426651012 0.6156316101551057 4.5000000000000009 0.17647051066160205 0.8760964870452882 0.57294833660125744 0.17262665182352069 0.58939334750175487 0.51416715979576122 0.67440575361251842 11.384608816572259 147804.00000000003 12.500000000000002 1.5000000000000002 0.24264069646596911 0.72243767976760875 0.38166807591915136 0.79679140448570263 20.500000000000004 253302.00000000003 20.500000000000004 8.5000000000000018 19.500000000000004 0.025158228352665905
decision_type=2 2 2 2 2 2 2 2 2 2 2 2 2 2 2 2 2 2 2 2 2 2 2 2 2 2 2 2 2 2
left_child=1 3 4 9 14 21 8 16 12 -1 18 13 -3 -6 -2 24 26 -9 -7 27 -10 -4 -18 -16 29 -15 -5 -14 -13 -11
right_child=2 6 5 7 11 10 -8 17 20 15 -12 28 19 25 23 -17 22 -19 -20 -21 -22 -23 -24 -25 -26 -27 -28 -29 -30 -31
leaf_value=-0.074468686281764049 -0.0076559153794655069 -0.015532601722070443 0.015351631366861461 -0.019510387185121325 0.0047847164646284421 0.026604451688240844 0.0066045488563762113 -0.012599600951768319 -0.0035205065273607944 -0.049419534772405752 0.050831892113237513 0.023067316366424857 -0.0067112918725741166 0.015009365675157741 0.0053304052725331565 -0.016696410043188142 -0.044357229461756249 0.0039517342582993161 0.040870130290827915 -0.0032563715668916735 0.0072707309020690362 0.03045647195677215 -0.026173613918802924 0.020914933716680104 0.046702540897608884 0.028632137390800387 0.048654112440406357 -0.016625925710080088 0.039927786135935922 -0.034679612534626342
leaf_weight=597.88006163859973 2748.4298020561691 8375.1425642202375 4447.6349444585649 12870.339397590782 4780.0246950710425 5193.4564751117432 8954.3410412816447 13472.394178740098 7525.5804814965813 1602.6234288167034 3493.9557958617661 5663.3417564451229 6326.935276651202 14156.922629200562 13101.471459057822 1213.4766312830616 1144.6383443040249 1780.6619799071341 3264.7884125143755 15769.122021999268 5739.3449348883005 2224.3496499869216 4597.2214146625774 1361.9822899682913 41.574240842543077 1744.1872766121523 60.506813221611083 5041.6607160469866 1125.4502220328432 4787.2906430783332
leaf_count=322292 65105 747529 45370 1188681 91256 52452 215684 1040039 369481 709028 31062 65352 265222 213606 209925 196434 350283 67961 30543 559764 148763 18609 995540 12969 11520 17452 4334 262499 11352 1159672
internal_value=-3.75096e-11 -0.011245 0.0177453 -0.0211066 0.0120441 0.0314231 -0.0040419 -0.0171542 -0.00599631 -0.0373736 0.0375835 0.0167773 -0.00866509 0.0137951 0.00448993 -0.0344725 -0.0224531 -0.0106674 0.0321108 -0.00654566 0.00114855 0.0203874 -0.0297985 0.00679796 -0.0378265 0.0165036 -0.0191914 -0.0111082 0.0258625 -0.0383765
internal_weight=163207 99900.7 63306 42168.6 44681.8 18624.2 57732.1 33925.8 48777.8 8242.85 11952.2 27469.9 35512.9 20681.1 17211.9 7644.96 18672.7 15253.1 8458.24 27137.7 13264.9 6671.98 5741.86 14463.5 6431.49 15901.1 12930.8 11368.6 6788.79 6389.91
internal_count=9479779 8614726 865053 6045784 687017 178036 2568942 3646838 2353258 2398946 114057 399018 1835014 322314 287999 2076654 2538838 1108000 82995 1087485 518244 63979 1345823 222894 1880220 231058 1193015 527721 76704 1868700
is_linear=0
shrinkage=0.08


Tree=23
num_leaves=31
num_cat=0
split_feature=2 12 2 2 0 0 5 0 2 2 5 5 4 5 2 7 5 5 5 2 0 2 4 2 5 5 8 8 5 5
split_gain=4587.34 1195.76 538.847 383.795 244.789 227.054 181.885 139.886 119.478 117.111 114.743 103.518 84.9417 68.6054 63.924 63.3801 63.0063 62.095 61.2236 59.0077 52.8095 45.8251 45.2422 43.6339 43.24 42.8797 40.3456 37.6672 35.4557 35.2043
threshold=0.40114942193031317 0.25009712576866155 0.75140449404716503 0.047905908897519119 7.5000000000000009 3.5000000000000004 0.51615241169929515 8.5000000000000018 0.26713615655899053 0.015749008394777778 0.72243767976760875 0.6421831250190736 30506.500000000004 0.17647051066160205 0.61577314138412487 20.500000000000004 0.79679140448570263 0.59054526686668407 0.36415639519691473 0.21081871539354327 2.5000000000000004 0.93541666865348827 253302.00000000003 0.12220010161399843 0.81119626760482799 0.75106957554817211 9.3888849768536655 13.888877314825534 0.28976984322071081 0.58195683360099804
decision_type=2 2 2 2 2 2 2 2 2 2 2 2 2 2 2 2 2 2 2 2 2 2 2 2 2 2 2 2 2 2
left_child=1 3 4 9 11 10 13 16 23 28 18 20 -8 -5 25 26 29 -11 -3 -20 -2 -9 27 -7 -13 -6 -15 -10 -1 -4
right_child=2 5 7 6 14 8 12 21 22 17 -12 24 -14 15 -16 -17 -18 -19 19 -21 -22 -23 -24 -25 -26 -27 -28 -29 -30 -31
leaf_value=-0.083979785613157942 -0.0025959333135197847 -0.023659879382066516 0.015316388096343385 -0.053418527952615376 0.016141742489713805 -0.012480507773273199 -0.015632768041368587 0.041631591316206584 0.0097973886814468544 -0.038843921418638128 0.0017034965862366984 0.013221863160814884 -0.005196365371397821 -0.019587065156656414 0.031783274152974654 0.045577594265597189 0.045924822175462704 -0.023438768335838037 -0.01311437418265486 -0.0055234526579659915 0.0087859550809306214 0.061963654559946971 0.025486266890213882 -0.00032968077571558904 0.025417211236677506 0.027959739061465008 -0.030111838508914471 -0.00010276244814924829 -0.051204956774277499 0.028475061867694659
leaf_weight=324.10917315343977 3939.4857261116558 1689.450763371744 1732.1069417390681 527.35253815219039 6030.3863755255006 2226.220617465704 16440.638080981444 3385.0261040916084 8826.9164552085567 3991.5360539813846 8350.5636571880605 12245.67883783803 7166.8975806562812 5109.1568213357823 4385.5648270315141 83.598448239616118 1085.3315455115517 2884.8638642613951 9736.563925463648 20049.948039463343 7724.5199118656456 897.56304757695762 914.42312858020887 12577.684320995875 2194.0883346688934 2914.5923649072647 4286.9718982988998 3409.6578080611071 606.62101492384681 5230.7478062529699
leaf_count=201223 72705 153259 17295 146943 90518 191824 1377897 32015 148035 1481644 215214 157501 414955 493105 46464 9682 9002 688668 757099 705562 128420 8114 11184 474284 20665 30736 949285 115974 282382 48125
internal_value=-1.96749e-11 -0.00929825 0.0196155 -0.0200069 0.0150513 -0.00275409 -0.0162958 0.0342119 0.00277249 -0.0359857 -0.00663329 0.0105471 -0.0124644 -0.0253343 0.0238715 -0.023772 0.0279963 -0.032381 -0.00884504 -0.00800476 0.00494175 0.0458929 0.00832147 -0.00215693 0.0150749 0.0199925 -0.024389 0.00703876 -0.0626182 0.0252017
internal_weight=160968 109203 51765.1 41421.7 39434.3 67781.4 33614.6 12330.8 27954.9 7807.13 39826.5 26103.8 23607.5 10007.1 13330.5 9479.73 8048.19 6876.4 31476 29786.5 11664 4282.59 13151 14803.9 14439.8 8944.98 9396.13 12236.6 930.73 6962.85
internal_count=9479779 8818219 661560 6045784 547009 2772435 3391867 114551 941301 2653917 1831134 379291 1792852 1599015 167718 1452072 74422 2170312 1615920 1462661 201125 40129 275193 666108 178166 121254 1442390 264009 483605 65420
is_linear=0
shrinkage=0.08


Tree=24
num_leaves=31
num_cat=0
split_feature=2 12 2 12 0 0 5 0 5 2 5 5 2 5 5 4 5 5 2 5 5 4 2 6 7 4 12 7 0 2
split_gain=4105.84 1053.99 508.97 339.113 222.296 190.573 133.65 122.31 121.151 108.567 102.007 79.1999 74.6697 71.8962 59.7832 52.8021 51.774 48.787 48.6022 40.8613 40.6307 39.44 38.3177 37.8457 37.525 37.0458 36.9359 36.8338 36.1818 35.5671
threshold=0.40114942193031317 0.25009712576866155 0.75140449404716503 0.08742213994264604 5.5000000000000009 3.5000000000000004 0.6156316101551057 12.500000000000002 0.28976984322071081 0.26713615655899053 0.59054526686668407 0.69817671179771434 0.6012820601463319 0.75106957554817211 0.33242595195770269 147804.00000000003 0.76478019356727611 0.67440575361251842 0.050252525135874755 0.25077867507934576 0.51416715979576122 253302.00000000003 0.12220010161399843 116.50000000000001 20.500000000000004 253302.00000000003 0.015170694794505836 8.5000000000000018 4.5000000000000009 0.91042780876159679
decision_type=2 2 2 2 2 2 2 2 2 2 2 2 2 2 2 2 2 2 2 2 2 2 2 2 2 2 2 2 2 2
left_child=1 3 4 8 11 10 14 13 26 22 19 20 21 28 -5 -8 27 24 -16 -3 -2 -6 -7 -13 -10 -11 -1 -12 -4 -30
right_child=2 5 7 6 12 9 15 -9 17 25 16 23 -14 -15 18 -17 -18 -19 -20 -21 -22 -23 -24 -25 -26 -27 -28 -29 29 -31
leaf_value=-0.086876648701839199 -0.0026686783068861825 -0.034600451947631887 0.018105267795252226 -0.032840502168545539 0.015605688616294158 -0.012036847124406152 -0.011589776453745836 0.048099616193986061 -0.033697094257399265 0.0065592251801044974 -0.0023420408302959779 0.01795007303665332 0.028099120321813775 0.039723626935708897 -0.032898968527677853 0.0031060915089057874 0.0041904009820868263 -0.015286089184072888 -0.017064490322084461 -0.010841680686021508 0.0076678892580103698 0.031748439153504754 -0.00058780676187804217 0.0013836642162616914 0.049060841459626615 0.023294053175777398 -0.051060057102681994 -0.0094002265879814563 0.023722081690685348 0.040914617753820222
leaf_weight=235.96194086835021 3118.2446174140714 479.35147343488643 3167.4213403415779 2077.2741626577772 10131.99055675423 2200.2976542607357 13194.56726032251 2724.2784028355964 5478.0629621433036 12120.732293378212 12741.496350794594 6312.3878492965887 6186.3155152697 2716.0301832082914 1355.9410693927202 1775.2600362526719 4913.107526569831 1186.7299683954334 14582.941333680297 13818.528861510829 11087.758889120509 1071.0321349620353 12495.447637989069 1025.9977129297331 35.291522505925968 910.16888788132928 841.20234214638185 7527.5349061560992 2085.9980726552603 1220.7876899862531
leaf_count=154574 61353 50587 30907 453864 148600 191824 1040039 25995 1622615 264009 489733 69784 68822 24084 459531 67961 109483 196434 1625443 866944 174877 10564 474284 13009 8170 11184 417153 314387 22013 11552
internal_value=-4.24386e-12 -0.0088273 0.0187437 -0.0189765 0.014316 -0.00267148 -0.0154334 0.0332121 -0.0340037 0.00241192 -0.00624153 0.00888517 0.0210445 0.028799 -0.0200752 -0.00984701 -0.0031774 -0.0300002 -0.0184115 -0.0116382 0.00539899 0.017149 -0.002302 0.0156339 -0.0331674 0.0077281 -0.058906 -0.00496332 0.024216 0.0300692
internal_weight=158818 107970 50848.2 40763.2 38933.7 67206.7 32986 11914.5 7777.25 27726.6 39480 21544.4 17389.3 9190.24 18016.2 14969.8 25182.1 6700.08 15938.9 14297.9 14206 11203 14695.7 7338.39 5513.35 13030.9 1077.16 20269 6474.21 3306.79
internal_count=9479779 8818219 661560 6045784 547009 2772435 3646838 114551 2398946 941301 1831134 319023 227986 88556 2538838 1108000 913603 1827219 2084974 917531 236230 159164 666108 82793 1630785 275193 571727 804120 64472 33565
is_linear=0
shrinkage=0.08


Tree=25
num_leaves=31
num_cat=0
split_feature=2 12 2 2 0 5 5 5 12 5 5 5 5 0 5 2 7 4 0 0 2 8 0 8 5 2 0 3 0 5
split_gain=3666.15 934.645 466.63 301.063 201.414 172.572 144.134 115.336 101.626 92.9095 87.9576 68.178 67.6351 64.0311 59.1987 58.4223 56.852 56.0491 54.8826 54.4969 46.4973 45.6452 44.7168 36.6994 35.4369 35.23 34.732 33.9913 39.2522 33.2162
threshold=0.40114942193031317 0.25009712576866155 0.75140449404716503 0.041885966435074813 7.5000000000000009 0.69511905312538158 0.51615241169929515 0.71551167964935314 0.42644850909709936 0.14160569757223132 0.73808741569519054 0.81119626760482799 0.73808741569519054 12.500000000000002 0.1868645250797272 0.61577314138412487 20.500000000000004 18042.000000000004 2.5000000000000004 4.5000000000000009 0.26713615655899053 10.266661533336187 8.5000000000000018 3.779513107271923 0.79679140448570263 0.86729559302330028 1.5000000000000002 27.500000000000004 1.5000000000000002 0.23770491033792499
decision_type=2 2 2 2 2 2 2 2 2 2 2 2 2 2 2 2 2 2 2 2 2 2 2 2 2 2 2 2 2 2
left_child=1 3 4 9 10 8 14 19 29 -1 18 20 27 21 -5 24 26 -11 -2 -4 -7 -10 25 -13 -6 -9 -16 28 -8 -3
right_child=2 5 7 6 15 11 12 22 13 17 -12 23 -14 -15 16 -17 -18 -19 -20 -21 -22 -23 -24 -25 -26 -27 -28 -29 -30 -31
leaf_value=-0.077130084606121335 0.00062860192676124469 -0.03640120143659558 0.016353787995115349 -0.047714397955539611 0.015920464201028457 -0.0027361180628351672 -0.018408268319997718 0.022063689506762071 0.00028154364662493338 -0.036508074045041757 0.017683047948978993 -0.012688395855452403 -0.0022194786443116023 0.01108576956879387 -0.024813390826223532 0.02953105953491399 0.041376499681599961 -0.01744435690931511 0.0097655529001222582 0.031080034390724307 0.0055036035487019607 -0.006652473898633866 0.049722955602166934 0.015814052763208051 0.030479351570067221 0.04083486724647347 -0.013131188804291758 -0.0084953822609731919 -0.0091371938887712927 -0.0093966040511384227
leaf_weight=311.15482756716665 6213.153490760611 296.14208477325155 2750.9942756895471 590.47708178218454 7395.3592092228355 8885.7089974446862 10160.647586136183 968.02338251948822 11718.345732920847 4400.5555834236438 6336.0181316599483 316.55654551906628 3977.8477623250801 2151.1221651098458 7327.8755776355974 4196.3557537529268 90.838628107856493 1272.4440951647412 13032.96925816295 3871.9366955126898 8649.9205434744363 12618.241717310739 2161.9084253111214 3335.4387390742777 1250.986850491463 1887.7883358274703 2094.264549438929 5839.5272208143724 4102.8943177507608 18641.197830895602
leaf_count=229108 105314 37646 27432 182916 108994 336473 970693 9526 294111 1724929 68204 3505 173506 56771 1248395 46464 10495 350691 205773 40960 160652 673585 20035 59825 12260 16598 324491 436849 393711 1149867
internal_value=-4.21126e-12 -0.00837489 0.0178622 -0.0180132 0.0136112 -0.00256283 -0.0151154 0.0318944 -0.00534376 -0.0345667 0.00950741 0.00339932 -0.0117507 -0.00214426 -0.0231352 0.0217859 -0.0216095 -0.0322321 0.00681591 0.0249631 0.00132835 -0.00331366 0.041043 0.0133434 0.0180269 0.0344721 -0.0222168 -0.0136366 -0.0157415 -0.0098189
internal_weight=156847 106781 50065.5 40168.5 38424.8 66612.7 34184.4 11640.7 45425 5984.15 25582.1 21187.6 24080.9 26487.7 10103.5 12842.7 9512.98 5673 19246.1 6622.93 17535.6 24336.6 5017.72 3652 8646.35 2855.81 9422.14 20103.1 14263.5 18937.3
internal_count=9479779 8818219 661560 6045784 547009 2772435 3741056 114551 2211980 2304728 379291 560455 1974759 1024467 1766297 167718 1583381 2075620 311087 68392 497125 967696 46159 63330 121254 26124 1572886 1801253 1364404 1187513
is_linear=0
shrinkage=0.08


Tree=26
num_leaves=31
num_cat=0
split_feature=2 12 2 12 0 5 4 5 5 5 12 5 2 5 7 2 0 4 0 5 2 2 0 2 0 5 5 8 1 0
split_gain=3272.73 826.943 433.539 294.54 221.461 141.427 135.258 104.543 94.9121 83.4193 82.2498 78.3294 76.0877 68.3355 63.3991 50.2695 46.9878 46.8092 43.9744 39.6353 37.1155 36.3696 36.2341 35.185 34.5675 34.2992 32.5481 30.4355 30.0037 29.5455
threshold=0.40114942193031317 0.29417420923709875 0.80178570747375499 0.08742213994264604 6.5000000000000009 0.58939334750175487 30506.500000000004 0.17647051066160205 0.70135679841041576 0.79679140448570263 0.47751402854919439 0.6421831250190736 0.61577314138412487 0.37278625369071966 20.500000000000004 0.062828946858644499 1.5000000000000002 18042.000000000004 9.5000000000000018 0.36415639519691473 0.022347066551446918 0.20101010054349902 2.5000000000000004 0.29442724585533148 3.5000000000000004 0.7466147541999818 0.81119626760482799 8.5448747463888086 5.5000000000000009 19.500000000000004
decision_type=2 2 2 2 2 2 2 2 2 2 2 2 2 2 2 2 2 2 2 2 2 2 2 2 2 2 2 2 2 2
left_child=1 3 4 7 11 14 13 -1 24 10 -7 22 25 27 19 -15 -17 20 -10 -3 -9 -21 -2 -12 -4 -6 -13 -5 -23 -14
right_child=2 5 8 6 12 9 -8 17 18 -11 23 26 29 15 -16 16 -18 -19 -20 21 -22 28 -24 -25 -26 -27 -28 -29 -30 -31
leaf_value=-0.068194205809626859 -0.0024454767540884122 -0.018636574775023295 0.013863743440767962 -0.018244308798518464 0.013223658331964544 -0.0048746293239675231 -0.0048905635423367308 -0.044750121837053715 0.03569878994462463 0.012174539050091082 -0.00044719934685981736 0.011227530705387224 0.024415616693308259 -0.023935180196559346 0.05379174866036765 -0.015620327804344466 -0.0074727314928552269 -0.013985339648878711 0.052847419285538086 -0.012531974163492974 -0.028257480669331793 -0.0098276425848799736 0.0071288388008566997 0.0059462661056149477 0.029459578141832168 0.023335411236085721 0.022273484712502723 -0.03434311202707413 -0.0016371494260419765 0.036824335855269945
leaf_weight=448.71249125903705 3870.3558064693207 1923.2720347272407 1241.4738224052489 1333.5919710563612 6649.0937587152002 14966.169154027186 9272.6825139856664 1075.8936571219965 2620.1835115133144 3782.9610508024634 10813.451760643919 11431.395961537986 4455.3378377661575 3258.778923737671 107.79224175401032 15874.112234192668 6339.1157422886463 1200.4334269493993 1507.7111165888491 4747.9136089848471 4637.2455470368586 4276.3870790866786 7303.6384061247809 11229.993139298662 3402.0534972137903 3170.652750247973 2006.9994421518059 1722.1175246832718 8657.1219573762501 1695.3583115946967
leaf_count=322292 72705 149252 12318 162707 105180 590606 633153 565183 24724 65864 420782 150313 50646 882664 4514 1361508 514294 244741 14693 403779 1266730 207965 121949 238714 35530 35890 19747 488061 295410 17865
internal_value=1.34217e-11 -0.00794401 0.0170082 -0.0161355 0.0135223 -0.00182965 -0.0132843 -0.0307746 0.0331361 0.00085903 -0.000297592 0.00876188 0.0208588 -0.0160126 -0.00739356 -0.0146564 -0.0132952 -0.0283459 0.0419623 -0.00772997 -0.0313634 -0.00654362 0.00381257 0.00280994 0.0252899 0.0164886 0.0128772 -0.0273172 -0.00434529 0.0278359
internal_weight=155022 105668 49354.3 45162.7 40582.8 60505.1 37800.4 7362.29 8771.42 40792.6 37009.6 24612.4 15970.4 28527.7 19712.5 25472 22213.2 6913.57 4127.89 19604.7 5713.14 17681.4 11174 22043.4 4643.53 9819.75 13438.4 3055.71 12933.5 6150.7
internal_count=9479779 8818219 661560 6441333 574295 2376886 4042387 2398946 87265 1315966 1250102 364714 209581 3409234 1060920 2758466 1875802 2076654 39417 1056406 1831913 907154 194654 659496 47848 141070 170060 650768 503375 68511
is_linear=0
shrinkage=0.08


Tree=27
num_leaves=31
num_cat=0
split_feature=2 12 2 12 0 5 4 0 5 2 0 5 7 2 1 5 2 5 2 5 5 5 0 2 0 7 3 5 5 2
split_gain=2927.93 733.285 408.214 257.376 167.246 122.382 114.345 102.445 96.382 89.1178 71.9004 58.9627 48.1366 48.0758 56.9335 48.0492 46.8269 46.7148 45.0395 42.8798 42.7543 42.4106 41.0467 39.034 38.1028 36.6427 32.414 31.9449 30.9633 29.3416
threshold=0.40114942193031317 0.29417420923709875 0.75140449404716503 0.08742213994264604 3.5000000000000004 0.69511905312538158 30506.500000000004 9.5000000000000018 0.17647051066160205 0.57294833660125744 10.500000000000002 0.33242595195770269 20.500000000000004 0.20101010054349902 5.5000000000000009 0.66562321782112133 0.22287581861019137 0.50829836726188671 0.052911534905433662 0.67440575361251842 0.81119626760482799 0.59054526686668407 1.5000000000000002 0.92980295419693004 26.500000000000004 20.500000000000004 27.500000000000004 0.81396234035491954 0.30066822469234472 0.020942983217537407
decision_type=2 2 2 2 2 2 2 2 2 2 2 2 2 2 2 2 2 2 2 2 2 2 2 2 2 2 2 2 2 2
left_child=1 3 4 8 17 10 11 15 -1 21 12 -5 13 -3 28 -4 -7 -2 -13 25 24 -6 26 -9 -11 29 -20 -18 -15 -10
right_child=2 5 7 6 9 16 -8 23 19 20 -12 18 -14 14 -16 -17 27 -19 22 -21 -22 -23 -24 -25 -26 -27 -28 -29 -30 -31
leaf_value=-0.066538687079902722 -0.0055851935365071595 -0.0099676562408433454 0.017890921950482662 -0.028129579806595799 0.0039500445940255117 -0.0024811787267764395 -0.0049279392177240819 0.036850528918869009 -0.04335540357497987 0.018459929322444855 0.007293135491346592 -0.025174283686538797 0.047021723024848985 -0.032670548944266672 -0.0008948946101708491 0.030526187171649663 0.0043247395587395609 0.0073390661676044112 -0.017915729677691998 -0.012696546657336225 0.03555407472149353 0.014659145109491662 -0.0079784895278445789 0.057880168964340284 0.037330498516111511 0.042247685851977239 -0.010645756870112327 0.014774341599653252 -0.0077490924404146466 -0.027748457279084825
leaf_weight=416.67807648243615 2094.1016959170811 10568.74189786776 3618.022627768878 2084.943059640791 3068.1171268490725 5894.9115788410418 9238.8112853532366 2647.8779102276312 924.1584463785257 7646.2980691772827 3177.2852407706669 2173.9292385054869 112.45138519443572 330.75600822927663 17438.405189694487 4119.1625978480733 11224.430714465736 12320.409544434704 10791.257201720786 1133.0932630749594 1336.6900592119782 10352.896659882681 6968.5219859950012 718.0741896857362 752.16857604449615 44.871862354688346 6168.8479145147721 2247.1725984171499 9027.7414743811678 4650.5026723782212
leaf_count=322292 44361 812918 37119 477502 57093 238299 633153 28543 512054 95084 92008 686059 4549 37516 559962 41367 228163 177899 1080523 196434 13120 150723 633640 7522 8729 11520 531510 29708 373763 1356646
internal_value=1.56374e-11 -0.00754149 0.0162094 -0.0153117 0.0122266 -0.0017683 -0.0126517 0.0296862 -0.0291977 0.0164378 -0.00426152 -0.0151833 -0.00524109 -0.00539838 -0.00359625 0.0246177 0.00346562 0.00546146 -0.0141492 -0.0268936 0.022265 0.012211 -0.0131476 0.0413369 0.02015 -0.0297562 -0.0152714 0.00606782 -0.00862989 -0.0303358
internal_weight=153291 104618 48673.8 44595.6 37570.7 60021.9 37426.3 11103.1 7169.3 23156.2 40655.4 28187.5 37478.1 37365.6 26796.9 7737.19 19366.5 14414.5 26102.6 6752.63 9735.16 13421 23928.6 3365.95 8398.47 5619.53 16960.1 13471.6 9358.5 5574.66
internal_count=9479779 8818219 661560 6441333 547009 2376886 4042387 114551 2398946 324749 1880716 3409234 1788708 1784159 971241 78486 496170 222260 2931732 2076654 116933 207816 2245673 36065 103813 1880220 1612033 257871 411279 1868700
is_linear=0
shrinkage=0.08


Tree=28
num_leaves=31
num_cat=0
split_feature=2 12 2 2 0 4 5 0 0 5 2 2 5 1 7 0 3 5 4 5 6 2 4 8 5 2 4 5 12 0
split_gain=2624.24 647.132 375.478 226.933 180.855 113.363 111.548 84.8231 80.606 75.9715 70.4908 66.2455 64.5846 61.5619 51.1516 48.0286 47.2622 45.5012 42.9854 39.7963 33.5135 31.9311 31.0497 31.0327 28.951 28.6308 27.5622 26.109 25.9032 25.8984
threshold=0.40114942193031317 0.29417420923709875 0.80178570747375499 0.041885966435074813 6.5000000000000009 30506.500000000004 0.58939334750175487 11.500000000000002 1.0000000180025095e-35 0.25077867507934576 0.26713615655899053 0.6012820601463319 0.69174146652221691 8.5000000000000018 20.500000000000004 1.5000000000000002 29.500000000000004 0.75106957554817211 18042.000000000004 0.43441589176654821 116.50000000000001 0.53907206654548656 6003.5000000000009 7.9645968766239719 0.39415359497070318 0.14763412624597552 322066.50000000006 0.71393844485282909 0.12712076306343081 3.5000000000000004
decision_type=2 2 2 2 2 2 2 2 2 2 2 2 2 2 2 2 2 2 2 2 2 2 2 2 2 2 2 2 2 2
left_child=1 3 4 8 12 9 14 17 -1 -5 25 -6 19 -12 23 16 28 29 -10 -2 21 -14 -21 -3 -25 -8 -7 -13 -11 -4
right_child=2 6 7 5 11 26 10 -9 18 15 13 27 20 -15 -16 -17 -18 -19 -20 22 -22 -23 -24 24 -26 -27 -28 -29 -30 -31
leaf_value=-0.085933410238608468 -0.0088004225841747125 -0.0023878378077931803 0.013357373445853993 -0.035165306361010978 0.014559456249047842 -0.0060093415222454141 -0.0086312827809437876 0.045869264023409788 -0.031869807281634348 -0.023367624053421531 -0.00060035574174431647 0.020477679571014408 0.0087447729681095297 0.0080870376822790736 0.045656073739839827 -0.0085999710103350988 -0.010276442523446618 0.037002866979872893 -0.014906830882235185 0.0095649214778649756 0.00054329453274229379 0.019042758243347026 0.0019205249160099028 -0.01918573383957135 -0.0078207191741867729 -0.0011783499914877955 0.0086732307280471509 0.03073557563408881 -0.016112316356461358 0.026266783408988924
leaf_weight=158.04865320576937 1291.4278833939461 6231.983475944493 1438.8845740569814 1122.16800547397 9057.6098949240986 8233.2290781115589 4222.3559130115318 1863.7489831081039 4160.6280425071018 4765.0415268931247 10086.979660810088 3452.805723388301 3185.2794340585242 10820.808927263948 118.65450150152901 7801.3213883986464 6395.0378583240672 1887.8607225706073 1241.3372297181049 7080.7402611334983 1180.6293741486734 4878.3501900196425 6542.7447149555956 1640.9458328722976 11402.791449871787 15082.04128055484 908.55213011463638 2940.3217509655806 9288.1883529931365 3220.9751230042602
leaf_count=144346 28396 183857 14691 335156 134637 532642 321382 20649 1818559 851798 236291 42929 42229 225303 4514 821470 635494 18314 354389 114123 16279 53145 110542 159450 713099 532990 22514 32015 924965 33611
internal_value=-1.5416e-11 -0.00716089 0.0154606 -0.014511 0.0122008 -0.0123299 -0.00172612 0.0308114 -0.0296194 -0.0147513 0.000677313 0.0189604 0.00787777 0.0038958 -0.00670939 -0.0139404 -0.0159779 0.0265254 -0.0279718 0.00462136 0.0131317 0.0149749 0.00589366 -0.00703173 -0.00925048 -0.00280849 -0.00455012 0.0251955 -0.0185724 0.0222806
internal_weight=151701 103680 48021.4 44073.6 39609.9 38513.5 59606.6 8411.47 5560.01 29371.8 40212.2 15450.7 24159.2 20907.8 19394.4 28249.6 20448.3 6547.72 5401.97 14914.9 9244.26 8063.63 13623.5 19275.7 13043.7 19304.4 9141.78 6393.13 14053.2 4659.86
internal_count=9479779 8818219 661560 6441333 574295 4124039 2376886 87265 2317294 3568883 1315966 209581 364714 461594 1060920 3233727 2412257 66616 2172948 253061 111653 95374 224665 1056406 872549 854372 555156 74944 1776763 48302
is_linear=0
shrinkage=0.08


Tree=29
num_leaves=31
num_cat=0
split_feature=2 12 2 2 0 5 2 2 0 0 4 1 7 5 5 5 8 4 5 2 7 5 8 5 2 5 4 4 7 3
split_gain=2382.58 625.003 304.667 234.441 154.303 108.83 98.9618 98.6817 90.1486 77.1817 57.6219 56.6682 52.4531 50.9047 47.172 46.8256 38.9294 38.2115 35.807 34.9934 31.2486 31.1906 31.0726 30.4853 30.2747 30.1581 29.3893 25.7879 25.1537 24.9729
threshold=0.42956349253654486 0.33341832458972936 0.80178570747375499 0.059173669666051872 13.500000000000002 0.51615241169929515 0.25126262009143835 0.015749008394777778 2.5000000000000004 6.5000000000000009 147804.00000000003 8.5000000000000018 20.500000000000004 0.14160569757223132 0.81119626760482799 0.43933787941932684 11.43749463867467 125241.50000000001 0.43154938519001013 0.91042780876159679 17.500000000000004 0.58939334750175487 12.966087557479364 0.1868645250797272 0.61577314138412487 0.71551167964935314 147804.00000000003 147804.00000000003 20.500000000000004 21.500000000000004
decision_type=2 2 2 2 2 2 2 2 2 2 2 2 2 2 2 2 2 2 2 2 2 2 2 2 2 2 2 2 2 2
left_child=1 3 4 7 8 12 21 23 18 25 20 -8 13 -5 16 -9 -10 22 -2 27 -7 28 -13 -1 -6 -4 29 -11 -3 -17
right_child=2 6 9 5 24 10 11 15 14 19 -12 17 -14 -15 -16 26 -18 -19 -20 -21 -22 -23 -24 -25 -26 -27 -28 -29 -30 -31
leaf_value=-0.082602070268439756 -0.01838935028196723 -0.0092681755068864963 0.018275546106153191 -0.050127737384019086 0.019197028851789415 -0.0076401612259295081 -0.0015168115709248431 -0.032821915549935646 0.014904673702460132 0.027959225049010963 0.0033888480299305293 0.0065069386296284408 0.037239185157772949 -0.016434343373846298 0.023884269413063427 -0.021590161099811513 0.0078286514956557619 0.014647178997583473 0.0040214043930791006 0.048591310213783594 -0.014803458251068243 -0.0023331269385006674 -0.0010796239399402103 -0.043435642660703801 0.030653366510651332 0.031448677313266671 0.0070030533659003096 0.051683005611132461 0.047825446727724763 -0.0074604714478788596
leaf_weight=166.12592987385869 487.49183932285086 6807.8098530953866 3095.0292129611989 294.57378757672268 3421.0709086639108 25343.438016754662 12346.197828523465 1874.8677581215452 10223.431995058054 1688.1281755547679 2734.9743446207722 10607.662111393642 113.97105899706366 11128.988591614165 2168.9789135036699 5788.0815735251817 9694.5830078967847 2519.7206307169981 7127.5195806485717 1374.024668397964 4605.8002878736588 14883.374992186378 5124.2385812803404 542.62155289750081 2596.9139646716067 1736.1913689649373 275.94247486095992 354.89106289297342 49.747281951422337 929.03304284648038
leaf_count=171631 12987 482769 31861 86755 48073 1617211 361332 914152 111111 19611 74807 191229 11141 1515173 22710 1644441 178127 39100 110514 15110 345438 666684 186134 312196 30390 16930 32301 3753 1955 224153
internal_value=-2.78667e-11 -0.00648711 0.0156596 -0.0125423 0.0124595 -0.0100847 -0.000263103 -0.0238906 0.0100927 0.0295178 -0.00772671 0.00266918 -0.0167644 -0.0173032 0.0126806 -0.0215948 0.0114606 0.00550077 0.00258673 0.0387195 -0.00874178 -0.00438995 0.00403582 -0.052616 0.0241407 0.0230096 -0.0185847 0.0320803 -0.008854 -0.0196359
internal_weight=150105 106137 43968.3 53798.4 35720 44221.7 52338.8 9576.67 29702 8248.26 32684.2 30597.8 11537.5 11423.6 22087 8867.92 19918 18251.6 7615.01 3417.04 29949.2 21740.9 15731.9 708.747 6017.98 4831.22 6993.06 2043.02 6857.56 6717.11
internal_count=9479779 8878602 601177 6949399 513912 3650525 1929203 3298874 435449 87265 2037456 777795 1613069 1601928 311948 2815047 289238 416463 123501 38474 1962649 1151408 377363 483827 78463 48791 1900895 23364 484724 1868594
is_linear=0
shrinkage=0.08


Tree=30
num_leaves=31
num_cat=0
split_feature=2 12 2 12 0 2 2 0 4 5 5 0 5 2 5 8 8 5 0 8 2 5 2 7 5 0 4 8 0 5
split_gain=2137.94 551.106 282.398 210.804 117.956 90.3178 85.8759 85.6376 79.3637 53.1437 50.5842 49.7453 48.6948 46.7031 46.3477 36.2312 31.3096 30.0551 30.0298 28.153 27.5101 27.1704 27.1571 25.8502 25.192 25.1675 24.7608 25.4611 24.2016 24.0688
threshold=0.42956349253654486 0.33341832458972936 0.75140449404716503 0.11111111566424371 4.5000000000000009 0.015749008394777778 0.25126262009143835 13.500000000000002 31780.000000000004 0.43933787941932684 0.66562321782112133 3.5000000000000004 0.24477025121450427 0.62563130259513866 0.71551167964935314 16.414206432508333 11.384608816572259 0.73808741569519054 1.0000000180025095e-35 12.999986277792305 0.85880398750305187 0.79679140448570263 0.10275264084339143 20.500000000000004 0.6421831250190736 2.5000000000000004 40294.000000000007 10.266661533336187 3.5000000000000004 0.33422820270061498
decision_type=2 2 2 2 2 2 2 2 2 2 2 2 2 2 2 2 2 2 2 2 2 2 2 2 2 2 2 2 2 2
left_child=1 3 4 5 14 18 22 10 12 -7 -4 -8 -5 16 25 24 -6 23 -1 -13 -12 -10 -3 -11 -14 29 27 -24 -22 -2
right_child=2 6 7 8 13 9 11 -9 21 17 20 19 15 -15 -16 -17 -18 -19 -20 -21 28 -23 26 -25 -26 -27 -28 -29 -30 -31
leaf_value=-0.08512161662449548 -0.029003280566828705 -0.014897186894122996 0.016201498297619858 -0.030921527630987895 0.017135647718532373 -0.030079197676856892 -0.0009069065422693056 0.041291284423823724 -0.0049679657469117308 -0.018648713324906058 0.020705423608317203 0.0079201466553134002 -0.011491137972196036 0.022105843475818388 0.013072004034507654 -0.018952528253085882 0.0087688952340013136 -0.0013326503301956385 -0.042164224476377105 0.00067650928329330607 0.022611377740662783 0.0069716921025134992 -0.0019314158048759609 0.0573982045312793 -0.006193209067587766 0.0072801027720189957 0.00117923081774332 -0.0085925174086179251 0.038564604960022952 0.00073016091892390907
leaf_weight=130.08369700297771 180.12422015925404 1410.9188326245931 3915.9407021242514 794.5870698573417 5910.1107364835916 2524.4247415206337 14727.297819265106 1995.1943886056251 9327.9518492211937 6842.2720033039805 1742.1803198900598 10581.037920395727 19561.02727188525 5402.4471491095319 4717.2904980765161 3179.2154355924722 5551.0823921610136 737.15100135834655 522.40408243057027 5083.8116538450122 891.55635349058866 1403.3193062526989 7659.7594993189559 28.72767034554272 8132.3135884330841 5888.5984106945107 5469.0446022039105 7055.1626543248713 1917.5569825609055 5332.2744312060095
leaf_count=144346 4957 175137 41835 186644 65727 1063290 429808 23421 581967 1570692 19772 178003 1793012 65751 53160 734523 106223 79786 329275 169984 9362 36104 248124 4634 425126 95736 211009 517138 20161 95072
internal_value=-1.018e-11 -0.00616703 0.0149292 -0.0118926 0.0112965 -0.0218789 -0.000309672 0.0263811 -0.00935236 -0.0200211 0.0228677 0.0024311 -0.0113672 0.0159738 0.00640287 -0.0108639 0.0130833 -0.0166838 -0.0507285 0.00556932 0.0286032 -0.00340663 -0.00416697 -0.0183308 -0.00993537 0.00364344 -0.0034169 -0.00512512 0.0335014 -0.000241415
internal_weight=148615 105171 43444.4 53183.5 32981.9 10785.1 51987 10462.4 42398.4 10132.6 8467.23 30392.1 31667.1 16863.6 16118.3 30872.6 11461.2 7608.15 652.488 15664.8 4551.29 10731.3 21594.9 6871 27693.3 11401 20184 14714.9 2809.11 5512.4
internal_count=9479779 8878602 601177 6949399 486626 3192023 1929203 114551 3757376 2718402 91130 777795 3139305 237701 248925 2952661 171950 1655112 473621 347987 49295 618071 1151408 1575326 2218138 195765 976271 765262 29523 100029
is_linear=0
shrinkage=0.08


Tree=31
num_leaves=31
num_cat=0
split_feature=2 0 2 12 2 0 5 0 0 4 4 5 2 5 5 5 2 1 7 3 3 8 5 0 4 8 5 7 5 5
split_gain=1921.95 490.215 260.031 190.056 149.851 107.186 87.8351 77.7679 64.5485 63.2821 61.493 50.3664 41.7773 39.6398 38.6184 36.605 33.1307 31.9699 31.5175 31.2341 31.0043 29.1221 27.9717 27.3357 26.3731 23.7717 34.1959 23.7716 22.6377 22.5984
threshold=0.42956349253654486 1.5000000000000002 0.75140449404716503 0.13016071915626529 0.22287581861019137 13.500000000000002 0.17647051066160205 9.5000000000000018 2.5000000000000004 6740.5000000000009 15436.500000000002 0.75106957554817211 0.12220010161399843 0.14160569757223132 0.79679140448570263 0.73808741569519054 0.8760964870452882 44.500000000000007 20.500000000000004 28.500000000000004 25.500000000000004 10.333307500071761 0.50829836726188671 6.5000000000000009 147804.00000000003 10.749996400670854 0.52732089161872875 20.500000000000004 0.758103907108307 0.33242595195770269
decision_type=2 2 2 2 2 2 2 2 2 2 2 2 2 2 2 2 2 2 2 2 2 2 2 2 2 2 2 2 2 2
left_child=1 3 5 6 12 8 -1 14 22 17 13 23 18 -5 25 21 -9 27 28 -15 -12 -10 -2 29 -11 -4 -27 -8 -3 -6
right_child=2 4 7 10 11 -7 9 16 15 24 20 -13 -14 19 -16 -17 -18 -19 -20 -21 -22 -23 -24 -25 -26 26 -28 -29 -30 -31
leaf_value=-0.056755793274657629 -0.0091533732906149551 -0.011174899247882524 0.024693270040088259 -0.049982167958084515 -0.017746916263339046 0.02119927937415219 -0.02306242105973675 0.029471441290835631 0.013083868591990587 -0.014238736290932721 -0.0080335173352776654 0.0087725444545398001 -0.0031746904001010391 -0.013955414549126563 0.036221649165846637 0.016704177290963709 0.046759838835224041 -0.040148733931233908 0.065693740581337201 -0.0073983771371382238 0.00022277031962147375 0.0058469133848444432 0.0044791551721947197 0.0050514351904472577 0.0076441753334462138 -0.0042421818233546122 0.017722082778258139 0.0319921295718711 0.0013022992508456475 -0.00025666334778328792
leaf_weight=422.40447909207433 1135.3139517036107 8996.4426502339484 2536.9502342986525 172.57154763762082 485.39291158330161 5271.8824647252331 6030.9393480843282 1812.11142608503 6331.8109673907165 4291.7761640259996 6890.2142300327396 6528.0393177040387 17864.012005170109 12283.198599660827 919.71733768917329 5461.3036881826702 1165.8182590729921 746.2889095430146 35.438255234999815 7481.0564467622316 5040.346553549869 8125.501725915703 6356.4516251245514 7337.259482617199 384.01633606819087 525.70822120236699 3309.6436168665532 50.61528925402672 1038.007014786941 18204.168104597135
leaf_count=361285 27330 1334660 24536 45809 22710 71977 1518277 21873 69756 919081 421276 106635 895132 1169283 9649 63598 14192 469908 4076 568708 233920 157794 96171 183030 27422 6589 37712 9113 66041 522236
internal_value=1.02174e-11 -0.00586602 0.0142419 -0.0123123 -0.00119894 0.0107526 -0.0209272 0.025346 0.0087434 -0.0196117 -0.00908829 0.00248948 -0.00549752 -0.0118068 0.0208972 0.0111243 0.0362396 -0.0245218 -0.00961823 -0.0114735 -0.00454545 0.00901645 0.00241326 0.000913562 -0.0124415 0.0186854 0.0147115 -0.0226042 -0.0098842 -0.000710909
internal_weight=147234 104282 42952.2 43793.4 60488.8 32682.3 11926 10269.9 27410.4 11503.6 31867.4 32554.9 27933.9 19936.8 7292.02 19918.6 2977.93 6827.84 10069.9 19764.3 11930.6 14457.3 7491.77 26026.8 4675.79 6372.3 3835.35 6081.55 10034.4 18689.6
internal_count=9479779 8878602 601177 5744082 3134520 486626 3305086 114551 414649 2943801 2438996 834611 2299909 1783800 78486 291148 36065 1997298 1404777 1737991 655196 227550 123501 727976 946503 68837 44301 1527390 1400701 544946
is_linear=0
shrinkage=0.08


Tree=32
num_leaves=31
num_cat=0
split_feature=2 12 2 12 0 5 4 5 5 0 7 5 5 0 7 5 7 2 0 2 2 12 0 3 2 8 2 0 2 7
split_gain=1722.72 401.007 274.253 151.598 119.094 79.5718 70.7417 70.1884 66.0095 61.3685 45.1129 44.2932 43.048 39.9624 35.1818 34.3586 32.8504 31.5359 30.4124 30.2481 29.8441 27.6878 25.5352 28.5749 24.7457 23.7556 23.6455 23.3903 22.8269 22.431
threshold=0.40114942193031317 0.32739856839179998 0.80178570747375499 0.076365515589714064 13.500000000000002 0.72243767976760875 40294.000000000007 0.58428397774696361 0.28976984322071081 6.5000000000000009 20.500000000000004 0.38642528653144842 0.79679140448570263 12.500000000000002 8.5000000000000018 0.58744972944259655 20.500000000000004 0.61577314138412487 3.5000000000000004 0.032086478546261794 0.93541666865348827 0.015170694794505836 1.5000000000000002 27.500000000000004 0.26713615655899053 5.6153833555229715 0.6012820601463319 1.5000000000000002 0.14213564246892932 20.500000000000004
decision_type=2 2 2 2 2 2 2 2 2 2 2 2 2 2 2 2 2 2 2 2 2 2 2 2 2 2 2 2 2 2
left_child=1 3 4 8 7 13 10 25 21 -4 11 -5 18 14 15 -3 27 -6 -9 -13 -11 -1 23 -21 -7 -2 -20 -16 -24 -10
right_child=2 5 9 6 17 24 -8 12 29 20 -12 19 -14 -15 16 -17 -18 -19 26 22 -22 -23 28 -25 -26 -27 -28 -29 -30 -31
leaf_value=-0.083051430163769355 0.012346363186357527 -0.0057750523497326501 0.020747404082040528 -0.020311591385971228 0.015624611434372411 0.00012143337123573971 -0.0034769014895391429 0.0053721511015908142 -0.021463402032466338 0.02994830808018845 0.037000041532637744 -0.02807111956140668 0.019167729119405431 0.0070140242948911347 -0.011965016031768781 0.0010074549807001518 0.035800762608424554 0.027260233393533225 0.0087037327084759659 -0.014218893123687711 0.046717923754501352 -0.040463005626595251 -0.0097685822460300987 -0.007719123657209264 0.0072603022425896304 3.3686526645732499e-05 0.016024313989871686 -0.0048979908925900631 -0.00138775465083347 0.045281943603913445
leaf_weight=119.87754896740807 1167.5903603300976 7286.7231409153901 4573.0234036409129 3402.6713344658929 3807.3258833198925 5287.4249206413515 9007.5575907307211 8530.6101773573027 4293.9479124086647 2134.0552840192977 122.29270292670117 624.54298271035077 3073.509610180452 2448.9127706987783 3839.3812022465572 13895.482225960579 118.5846200719825 2450.0831124940887 7020.4928245297924 12329.143418619762 996.26644710919572 528.03973123811011 5823.6001153130492 6671.0580672740725 7537.7033035030472 7108.3114897641353 4723.906633392704 13667.687914763432 3235.5518738774117 32.468194460059749
leaf_count=154574 12036 394725 48791 818264 56689 177449 595276 125702 1487862 26674 11889 292720 33619 66352 226173 509161 4271 30390 112919 1464715 11800 364981 743616 602405 129618 144067 58873 612286 154640 7242
internal_value=-2.07676e-11 -0.00586209 0.0128947 -0.0113363 0.0100965 -0.00118661 -0.00974415 0.00810123 -0.0245288 0.0266551 -0.0114968 -0.0116817 0.0103451 -0.00289752 -0.00352298 -0.00132574 -0.00616358 0.0201805 0.00900762 -0.010658 0.0352855 -0.0483427 -0.0102704 -0.0119368 0.00431716 0.0017708 0.0116483 -0.00644782 -0.0067753 -0.0209625
internal_weight=145858 100273 45585.2 46190.8 37881.8 54081.9 41216.4 31624.4 4974.33 7703.35 32208.9 32086.6 23348.5 41256.8 38807.9 21182.2 17625.7 6257.41 20275 28683.9 3130.32 647.917 28059.4 19000.2 12825.1 8275.9 11744.4 17507.1 9059.15 4326.42
internal_count=9479779 8818219 661560 6698184 574295 2120035 4683525 487216 2014659 87265 4088249 4076360 331113 1812968 1746616 903886 842730 87079 297494 3258096 38474 519555 2965376 2067120 307067 156103 171792 838459 898256 1495104
is_linear=0
shrinkage=0.08


Tree=33
num_leaves=31
num_cat=0
split_feature=2 12 2 12 0 5 2 0 0 4 5 7 5 0 2 0 5 5 12 5 8 8 8 5 4 2 6 5 4 8
split_gain=1558.57 385.222 227.367 143.498 103.724 77.7892 64.5009 58.9789 55.7951 45.9974 45.7188 43.8076 43.8698 43.39 40.6775 33.0592 32.7367 32.6624 32.2457 25.8718 24.7903 24.0989 23.2556 22.2025 21.9537 21.9355 23.5085 21.4897 21.1337 19.6419
threshold=0.42956349253654486 0.33341832458972936 0.80178570747375499 0.066080953925848021 7.5000000000000009 0.65160736441612255 0.26713615655899053 11.500000000000002 1.0000000180025095e-35 72837.500000000015 0.69817671179771434 20.500000000000004 0.25077867507934576 3.5000000000000004 0.61577314138412487 2.5000000000000004 0.75106957554817211 0.81119626760482799 0.12506684660911563 0.4488102942705155 4.7886747338454745 7.9645968766239719 5.4285681972809128 0.52860301733016979 253302.00000000003 0.53907206654548656 116.50000000000001 0.5616184175014497 253302.00000000003 12.999986277792305
decision_type=2 2 2 2 2 2 2 2 2 2 2 2 2 2 2 2 2 2 2 2 2 2 2 2 2 2 2 2 2 2
left_child=1 3 4 8 10 9 27 16 -1 11 15 12 21 -8 28 -2 22 -7 -14 -10 -19 -5 -4 -24 29 -12 -27 -3 -6 -15
right_child=2 6 7 5 14 17 13 -9 19 -11 25 -13 18 24 -16 -17 -18 20 -20 -21 -22 -23 23 -25 -26 26 -28 -29 -30 -31
leaf_value=-0.084222634770427782 -0.00070739212453384899 -0.0078725769371488404 0.034683821086364551 -0.013076318450398002 0.011027905622117742 -0.0059445177615828296 -0.00090457296109843985 0.039209509708698159 -0.033310639204460042 0.017486102413313716 0.0063954620724647297 0.030661170275423002 -0.016677909275276969 0.0066692942799721471 0.022286524362036104 0.0072385298121522322 0.031389786373358278 -0.013705642552754463 -0.010054583396995312 -0.018905386704880185 0.010120219092810405 -0.037328197229496887 0.0019854343289653345 0.018746592388735946 0.016860113530730622 0.017188050888798139 0.0013395774229879266 -0.0021484745436301002 0.026014204993198949 6.2819599630019245e-05
leaf_weight=100.40587213779509 5097.4721072866669 5576.0833301752573 486.76441531692035 434.04795762387221 6028.3700020771212 15978.770189163624 14469.989214638947 1595.7952517894009 1202.8368577429064 347.13547443749849 2889.1791111039347 154.67830784569378 5930.0519194975786 8662.8449725637329 4614.6034930918395 9781.2824408540328 1675.9031880589027 347.14730323886033 22760.078587577445 2370.3792510665953 1434.0338134585181 662.46208509829012 599.84754876085572 3225.866562332827 985.16503426106647 4518.2946520230616 690.55428311572177 16978.841398224162 669.0774722667411 4314.7936000193004
leaf_count=144346 95328 402695 5032 75966 93963 1074895 429808 20649 712785 26076 38440 14209 1427316 149653 58757 159752 18314 6734 2350430 798622 49640 268380 7314 35956 13079 50959 9116 786293 7597 147675
internal_value=-1.22254e-11 -0.00530342 0.0130087 -0.0101679 0.0102362 -0.00900273 -0.000368909 0.0255432 -0.0254073 -0.0114676 0.00714894 -0.0118033 -0.0120238 0.00216535 0.0165071 0.00451625 0.0219014 -0.00479907 -0.0114236 -0.0237546 0.00547662 -0.0277282 0.0182141 0.0161185 0.00534679 0.011986 0.015087 -0.0035636 0.012525 0.00447278
internal_weight=144583 102710 41873 51722 34288.8 48048.4 50987.7 7584.18 3673.62 30288.5 22976.8 29941.3 29786.6 28432.8 11312.1 14878.8 5988.38 17760 28690.1 3573.22 1781.18 1096.51 4312.48 3825.71 13962.8 8098.03 5208.85 22554.9 6697.45 12977.6
internal_count=9479779 8878602 601177 6949399 513912 5293646 1929203 87265 1655753 4162377 353595 4136301 4122092 740215 160317 255080 66616 1131269 3777746 1511407 56374 344346 48302 43270 310407 98515 60075 1188988 101560 297328
is_linear=0
shrinkage=0.08


Tree=34
num_leaves=31
num_cat=0
split_feature=2 2 2 2 0 0 5 0 5 5 4 0 7 4 8 2 12 5 5 5 6 8 5 8 5 7 7 5 8 2
split_gain=1402.66 347.025 214.143 120.932 105.115 79.8759 73.2421 59.378 51.4887 45.9052 42.9912 39.1744 37.9049 37.3538 37.7075 33.1171 32.5275 31.9672 30.5773 24.7897 24.2306 25.9375 22.6369 21.8128 20.8699 20.4931 23.3222 19.9204 18.8329 18.6936
threshold=0.42956349253654486 0.16767068207263949 0.75140449404716503 0.022857889533042911 2.5000000000000004 2.5000000000000004 0.42292030155658727 14.500000000000002 0.74265706539154064 0.72482028603553783 253302.00000000003 1.0000000180025095e-35 20.500000000000004 39079.500000000007 9.1333287666692051 0.57294833660125744 0.15218123793601993 0.24477025121450427 0.79679140448570263 0.50829836726188671 25.500000000000004 5.7909522412786663 0.58195683360099804 11.124989570323367 0.46399958431720739 8.5000000000000018 6.5000000000000009 0.81119626760482799 2.0678155691506279 0.54606062173843395
decision_type=2 2 2 2 2 2 2 2 2 2 2 2 2 2 2 2 2 2 2 2 2 2 2 2 2 2 2 2 2 2
left_child=1 3 5 11 9 19 23 18 15 17 12 -1 16 14 -6 -7 -8 -3 20 28 -4 -22 -23 -5 -16 26 -19 -15 -2 -10
right_child=2 4 7 6 13 8 10 -9 29 -11 -12 -13 -14 27 24 -17 -18 25 -20 -21 21 22 -24 -25 -26 -27 -28 -29 -30 -31
leaf_value=-0.083918245597935662 0.058975606616219908 -0.028163892468690745 0.0081190700950788224 -0.014932391459946284 0.0043860860784580872 0.0055928808794920735 -0.012493792842250618 0.036791388081347222 0.011951513949676848 0.0019793858475882393 0.005935517782935368 -0.029719039863845498 0.043102973866755497 0.0048394037939104729 -0.011825836573434603 0.012598035768066429 -0.0073584809819096297 -0.0049397653402247403 0.032611292825892202 0.0039177516708161324 0.034254788886614075 0.0084832620571609705 0.021258750794144299 -0.026001023593068995 -0.0012826361476010533 -0.0081877126775109863 0.0045540110514090786 0.014734004441720169 -0.010585727414678555 0.020385175496375311
leaf_weight=90.969423438036756 25.488880837569013 410.92980155897385 1272.7640333047293 3266.1804558246513 8945.9548634110979 8636.8499468521331 12085.804947015713 1630.1553497277855 2716.0338246107858 5654.2961741112231 1277.4614898446598 1381.3224166698928 89.111845533218002 7183.2374575441354 1348.8691123789176 8639.6978238969168 22759.860548483673 10359.684401321996 1071.8872600348986 6242.4252178214956 744.15557519524918 1163.9854265765425 3738.984921292973 1749.986978351546 11004.531157922698 10862.431051115156 1971.1397333074492 1590.5547814364545 1095.3315904578776 4418.3892774014967
leaf_count=144346 234 66348 15262 681699 168240 154882 2154186 21284 34828 121257 48151 858695 7518 180551 70044 122062 2073422 441966 12310 96171 8096 15066 42533 784370 407143 576947 71466 22253 27096 51353
internal_value=3.13397e-11 -0.00503918 0.0124205 -0.0105387 -0.00108118 0.00925414 -0.0097342 0.0228765 0.0114571 -0.00449503 -0.00847924 -0.0330679 -0.00900634 0.00224018 0.000430596 0.00909604 -0.0091396 -0.00604595 0.0200382 0.00195085 0.0180906 0.020338 0.0182258 -0.0187939 -0.00243385 -0.00565407 -0.00342214 0.00663314 -0.00900381 0.0171745
internal_weight=143428 102032 41396.1 42700.7 59331.6 31774.2 41228.4 9621.93 24411 29258.5 36212.2 1472.29 34934.8 30073.1 21299.4 17276.5 34845.7 23604.2 7991.78 7363.25 6919.89 5647.13 4902.97 5016.17 12353.4 23193.3 12330.8 8773.79 1120.82 7134.42
internal_count=9479779 8878602 601177 6752387 2126215 486626 5749346 114551 363125 1277984 4283277 1003041 4235126 848231 645427 276944 4227608 1156727 93267 123501 80957 65695 57599 1466069 477187 1090379 513432 202804 27330 86181
is_linear=0
shrinkage=0.08


Tree=35
num_leaves=31
num_cat=0
split_feature=2 12 2 12 0 5 0 5 0 5 2 0 5 3 0 0 6 5 5 9 5 5 4 4 8 8 12 5 7 12
split_gain=1269.31 323.754 200.653 117.847 96.2924 67.1649 59.864 54.187 48.5009 40.5295 38.3695 36.2716 35.8851 30.6269 36.9178 29.5318 27.5646 27.2477 26.0483 24.9886 23.0225 22.1124 21.7474 21.5374 20.0814 19.879 19.8067 19.7893 18.6341 17.5286
threshold=0.44543650746345526 0.37045304477214819 0.83527129888534557 0.066080953925848021 6.5000000000000009 0.69174146652221691 3.5000000000000004 0.75106957554817211 1.0000000180025095e-35 0.41619303822517401 0.6012820601463319 12.500000000000002 0.31340929865837103 28.500000000000004 1.5000000000000002 2.5000000000000004 117.50000000000001 0.51416715979576122 0.79679140448570263 40.500000000000007 0.71393844485282909 0.4488102942705155 440.50000000000006 460.50000000000006 6.5421082182232491 9.5384593984225816 3.8344298601150517 0.81396234035491954 20.500000000000004 0.15218123793601993
decision_type=2 2 2 2 2 2 2 2 2 2 2 2 2 2 2 2 2 2 2 2 2 2 2 2 2 2 2 2 2 2
left_child=1 3 4 8 9 12 -4 11 -1 -2 -6 17 22 14 29 27 23 25 26 -19 -12 -10 24 -7 -5 -3 -8 -11 -16 -14
right_child=2 7 6 5 10 16 18 -9 21 15 20 -13 13 -15 28 -17 -18 19 -20 -21 -22 -23 -24 -25 -26 -27 -28 -29 -30 -31
leaf_value=-0.083635238112452118 -0.010673628478591836 -0.0016640475945750952 0.01283909294865049 0.0056911184646911087 0.010919131369821351 -0.028852962688457332 0.022898284617800028 0.0056564077696829905 -0.030645721601042081 0.0018156968946090755 0.015269997524962846 0.0068199869783857926 -0.016228031361274323 -0.0052594720342155803 -0.0068148831356439309 0.0094000149336714699 -0.012340318843515883 -0.00033296048487793938 0.043990717857121185 -0.010852878928795081 0.025034617016120957 -0.017062284394566439 -0.027952259801653549 -0.00096763805872206578 -0.018680389741252607 -0.010446079458571417 0.034991736030364436 0.019285418190945359 0.046507001088436535 -0.010785003380172116
leaf_weight=82.494357972165744 852.08608977888798 2967.2045586686581 1705.1295113011984 303.75445225820295 6383.7659535932617 180.21109260362573 2189.8214728161984 9092.0536206462712 1147.5896353811913 6494.6761993180262 3370.9901017330703 3305.0998244388029 6002.1193197229768 10068.795446380329 9801.8102866699628 12950.9076426557 1709.9773118774756 27643.533061654365 758.17667377235193 1524.8092224522552 2853.3914527104207 2312.7448530233814 1044.0197317856073 10840.67515945909 752.18371820363973 3714.9667517605703 1434.5526003850937 443.31846175451938 42.124943432456348 10258.121676872834
leaf_count=144346 20616 90586 19216 39862 98239 12985 25914 194136 712785 107557 46732 84337 1333152 880319 1095192 188242 113824 997205 9453 114650 35499 798622 295105 564936 244364 266718 18554 4684 3013 918936
internal_value=1.30052e-11 -0.00468105 0.0122014 -0.00890352 0.00976336 -0.0079235 0.0255575 9.26867e-05 -0.0230124 0.00641174 0.0152769 -0.00119923 -0.00959783 -0.00900761 -0.0104533 0.00714372 -0.00288992 -0.00193853 0.0305058 -0.000882902 0.0197463 -0.0215671 -0.0197647 -0.00142361 -0.0116696 -0.00654644 0.027685 0.00293196 -0.0065867 -0.0127942
internal_weight=142231 102794 39436.8 54546.6 33349.1 51003.8 6087.68 48247.7 3542.83 20741 12608.1 39155.6 38272.9 36173 26104.2 19888.9 12730.9 35850.5 4382.55 29168.3 6224.38 3460.33 2099.96 11020.9 1055.94 6682.17 3624.37 6937.99 9843.94 16260.2
internal_count=9479779 8905073 574706 7157441 501569 5501688 73137 1747632 1655753 321099 180470 1553496 4809943 4230612 3350293 300483 691745 1469159 53921 1111855 82231 1511407 579331 577921 284226 357304 44468 112241 1098205 2252088
is_linear=0
shrinkage=0.08


Tree=36
num_leaves=31
num_cat=0
split_feature=2 12 2 12 0 0 2 5 5 5 2 4 2 5 0 7 7 5 3 0 7 0 4 1 5 6 0 3 5 4
split_gain=1143.79 288.381 185.24 106.167 87.2382 56.0784 55.6931 46.9069 44.8449 37.8301 35.4479 32.1285 32.0885 30.1134 28.0178 27.0951 25.5964 25.0866 24.7729 24.2706 22.179 21.8678 21.5519 20.9023 19.9169 19.7135 19.2586 18.0814 17.8878 17.7258
threshold=0.44543650746345526 0.38892720639705664 0.83527129888534557 0.11111111566424371 6.5000000000000009 3.5000000000000004 0.015749008394777778 0.6156316101551057 0.69511905312538158 0.58428397774696361 0.61577314138412487 6573.5000000000009 0.28292356431484228 0.12499993667006494 1.5000000000000002 20.500000000000004 20.500000000000004 0.79679140448570263 27.500000000000004 1.0000000180025095e-35 20.500000000000004 1.5000000000000002 160.50000000000003 8.5000000000000018 0.38895379006862646 115.50000000000001 28.500000000000004 15.500000000000002 0.71393844485282909 426007.50000000006
decision_type=2 2 2 2 2 2 2 2 2 2 2 2 2 2 2 2 2 2 2 2 2 2 2 2 2 2 2 2 2 2
left_child=1 3 4 6 9 -4 19 15 13 24 26 14 -9 -5 20 -3 18 -7 21 -1 27 -15 -10 -14 -2 -24 -6 -8 -12 -11
right_child=2 7 5 8 10 17 11 12 22 29 28 -13 23 16 -16 -17 -18 -19 -20 -21 -22 -23 25 -25 -26 -27 -28 -29 -30 -31
leaf_value=-0.083371520775152211 -0.0132096985845032 -0.0032319673357027695 0.012331970410773109 -0.042704379926729964 0.0093092624946976774 0.026751984669781775 -0.024111479655470891 -0.00089483967822249209 -0.049962109553760466 0.0076502190870522783 0.015122334640602992 -0.00848895447019366 0.00085881764884606845 -0.011620359882712386 -0.0022322945590800597 0.039282955816302895 0.027756401970932362 0.043068130128817446 -0.004882296546932694 -0.034158524765867192 0.030588541379126512 -0.0067360858504410181 -0.00084957806884316286 0.0067572237957858692 0.0022113091894882956 -0.010383951252773103 0.023922432056660718 -0.014020760344439727 0.024120415955088372 0.021018442107442144
leaf_weight=74.812802064974676 598.15912914276123 17247.075944182623 1694.5838535247385 160.35282807612384 6144.3933901249256 3530.8425395904851 3303.1482330971703 11805.264781111517 60.674103019322501 14179.757259773898 3088.0147075827117 3622.4616267985111 6112.0990520851483 13627.546943775797 632.16630046034697 96.474025201750919 127.97096636629431 727.32846518127917 10668.472910445187 449.39009774551232 54.675579566246597 10301.177799620113 10102.9646468664 10366.707432999217 5159.2813575065375 1608.9319278027688 637.02742734574713 1732.6331550414907 2608.2396420682926 664.55178394721588
leaf_count=144346 15028 788235 19216 50529 96081 44468 1232548 482921 3960 202727 42870 791801 144303 1553604 202213 2818 8504 9453 880838 329275 11931 1048958 449223 207299 96166 91858 8591 479909 32928 7178
internal_value=2.57508e-11 -0.0044509 0.0116489 -0.00826971 0.00931099 0.0246406 -0.015808 0.000280166 -0.00667517 0.00611372 0.01459 -0.0143847 0.00228876 -0.00811595 -0.0181168 -0.00299548 -0.00795622 0.0295389 -0.00808832 -0.0411821 -0.0200894 -0.00951771 -0.00240574 0.00456947 0.000609171 -0.00215937 0.010682 -0.0206396 0.0192424 0.00824869
internal_weight=141187 102155 39032.2 56527.4 33079.4 5952.75 9869.29 45627.6 46658.1 20601.7 12477.7 9345.08 28284.1 34885.5 5722.62 17343.5 34725.2 4258.17 34597.2 524.203 5090.46 23928.7 11772.6 16478.8 5757.44 11711.9 6781.42 5035.78 5696.25 14844.3
internal_count=9479779 8905073 574706 7279497 501569 73137 3192023 1625576 4087474 321099 180470 2718402 834523 3542433 1926601 791053 3491904 53921 3483400 473621 1724388 2602562 545041 351602 111194 541081 104672 1712457 75798 209905
is_linear=0
shrinkage=0.08


Tree=37
num_leaves=31
num_cat=0
split_feature=2 12 2 2 5 0 4 0 5 2 5 12 0 0 0 5 8 8 4 4 7 5 4 8 7 5 7 5 3 0
split_gain=1041.6 336.03 115.012 94.6926 65.0925 64.8245 63.3086 50.8352 46.8569 45.715 37.1421 36.8176 33.1268 26.5478 26.3628 24.7518 24.0177 23.5543 26.2753 22.8509 22.3889 17.921 18.8352 16.6542 16.4725 16.3369 16.6159 16.2069 16.185 17.9433
threshold=0.52223318815231334 0.39643914997577673 0.83527129888534557 0.022857889533042911 0.58939334750175487 13.500000000000002 39079.500000000007 3.5000000000000004 0.25077867507934576 0.28292356431484228 0.81119626760482799 0.13889499753713611 1.0000000180025095e-35 4.5000000000000009 2.5000000000000004 0.69817671179771434 10.378841169584149 5.5192571333122062 147804.00000000003 320.50000000000006 20.500000000000004 0.36119444668293005 686.50000000000011 11.777772325105508 20.500000000000004 0.72243767976760875 20.500000000000004 0.60450911521911632 21.500000000000004 1.5000000000000002
decision_type=2 2 2 2 2 2 2 2 2 2 2 2 2 2 2 2 2 2 2 2 2 2 2 2 2 2 2 2 2 2
left_child=1 3 5 12 20 10 8 -4 19 -6 14 24 -1 -11 -2 -9 -16 -8 -19 -5 21 -3 -23 -15 28 26 -13 -7 29 -10
right_child=2 4 7 6 9 27 17 15 11 13 -12 25 -14 23 16 -17 -18 18 -20 -21 -22 22 -24 -25 -26 -27 -28 -29 -30 -31
leaf_value=-0.083127733826603822 0.001861677950648845 -0.012861081474183727 0.011897804714856337 -0.013222220907791673 -0.0010882017051288368 0.0085257857476922268 -0.010028691489282862 0.02232025452505702 -0.016658857578682115 0.002358082136032163 0.020039837616958683 -0.0077007177109444042 -0.025788891847421024 0.010093370824868681 0.013517011610972548 0.034658443375598216 0.0066446489046125129 -0.0031424996360042215 0.005969776182333986 -0.034573279545353351 0.03254012636745339 0.0027529341258162566 -0.0042288656105851814 0.0039673414810996949 0.025003478086771787 -0.0016613730423788154 0.023591245035745445 0.022426221116452469 -0.0073843801301259979 -0.0064182133713897287
leaf_weight=67.863903001794824 3630.3805893473036 1217.0268315880385 1686.6415931879528 647.08722277444031 13102.917095270808 637.37818954268005 2073.8127401591046 2125.558878259184 5913.4075521674822 13873.969870827255 1784.2540070068062 28337.072576488717 1295.3040737822666 6799.8066727588593 5639.7969452276084 2038.6598952714085 7695.60270696308 7499.850004304637 2774.4228681778186 636.23617347661639 110.91199231852079 3128.8735230621824 11796.541489365569 4877.3687147834571 74.215794406307396 3333.6432266134943 109.02009187050862 3402.2834948859672 2579.0443072645285 1343.8967915586691
leaf_count=144346 56900 67742 19216 232870 558180 10041 62883 27387 1539852 299918 20357 2543758 858461 96920 60530 26534 129859 578589 103031 267274 3065 118990 503738 125535 10309 146446 6253 46093 494237 320465
internal_value=5.09665e-11 -0.00349293 0.0136095 -0.00781353 0.000967536 0.0110408 -0.00730027 0.0236148 -0.00875095 0.00275367 0.00906039 -0.00828748 -0.0286434 0.00472382 0.0079057 0.0283606 0.0095511 -0.00225162 -0.000681858 -0.0238075 -0.00328028 -0.0035264 -0.00276524 0.00753463 -0.0125447 -0.00695985 -0.00758079 0.020233 -0.012828 -0.0147625
internal_weight=140233 111592 28640.6 56684.9 54907.4 22789.7 55321.7 5850.86 42973.6 38654.1 18750 41690.3 1363.17 25551.1 16965.8 4164.22 13335.4 12348.1 10274.3 1283.32 16253.4 16142.4 14925.4 11677.2 9910.56 31779.7 28446.1 4039.66 9836.35 7257.3
internal_count=9479779 9082862 396917 7308774 1774088 323780 6305967 73137 5561464 1080553 267646 5061320 1002807 522373 247289 53921 190389 744503 681620 500144 693535 690470 622728 222455 2364863 2696457 2550011 56134 2354554 1860317
is_linear=0
shrinkage=0.08


Tree=38
num_leaves=31
num_cat=0
split_feature=2 2 2 0 2 0 0 5 5 2 2 0 4 7 0 5 5 3 0 4 5 7 5 5 5 6 8 5 5 4
split_gain=943.53 236.59 154.199 74.6113 72.522 62.808 47.6668 45.723 39.8722 33.3151 32.0252 31.5138 30.6164 26.5623 25.3692 22.3402 22.215 20.9606 34.5954 20.2387 19.1572 18.5028 18.4281 16.8369 16.8102 20.0694 17.7494 20.396 16.4226 16.0987
threshold=0.4552139043807984 0.17262665182352069 0.75140449404716503 1.5000000000000002 0.022857889533042911 3.5000000000000004 8.5000000000000018 0.42292030155658727 0.79679140448570263 0.9574275314807893 0.6012820601463319 1.0000000180025095e-35 253302.00000000003 20.500000000000004 12.500000000000002 0.72482028603553783 0.81396234035491954 26.500000000000004 1.5000000000000002 686.50000000000011 0.51615241169929515 8.5000000000000018 0.70438358187675487 0.41619303822517401 0.79679140448570263 25.500000000000004 10.749996400670854 0.58282724022865307 0.58939334750175487 3383.0000000000005
decision_type=2 2 2 2 2 2 2 2 2 2 2 2 2 2 2 2 2 2 2 2 2 2 2 2 2 2 2 2 2 2
left_child=1 4 5 15 11 16 24 -6 14 22 28 -1 13 17 20 21 23 18 -9 -19 -5 -3 -8 -2 25 -4 -27 -28 -7 -25
right_child=2 3 6 8 7 10 9 12 -10 -11 -12 -13 -14 -15 -16 -17 -18 19 -20 -21 -22 -23 -24 29 -26 26 27 -29 -30 -31
leaf_value=-0.082901709873284921 -0.010741270345403588 -0.0038074510427117216 0.0040903468067609193 -0.0043698482855003421 -0.015342952092783631 0.0018437158568032112 0.017219970677191204 -0.011588823272455012 0.0098407828910874184 0.049535268381503988 0.015295072567204237 -0.024299689601333999 0.0051145190800778442 0.034044841358242386 0.0064050463091126011 0.00081529330573678119 0.016672494617649091 -0.016407935115271714 -0.0058407566625810767 -0.0024819747051626293 0.00052207847819137347 -0.0096043880704385996 0.031417728814282522 0.0080381329673004515 0.027459879166994949 0.022977649031075967 0.00041542449343104208 0.016706669639307625 0.0099168597081969595 0.0013385991400438281
leaf_weight=61.588879368784546 566.22589301713015 7398.4709007549391 964.19099760537392 6205.5495582628646 4798.9349082499102 2058.7210150563915 1061.769516108965 13072.74756990756 3048.9755911842221 418.32973575646247 7012.2019570976845 1264.9590655677821 1281.7152480867808 98.317382265813649 3978.3068547582952 3220.2001700560795 778.86120198483695 741.14000989432316 13749.288363537215 6758.7115213043871 29377.828724381485 6728.774015001909 1303.2375317247715 3324.998764536911 733.1445055585209 1788.5364157170279 655.08681235316908 1973.5585996614536 7442.4188104184723 7414.1090618213275
leaf_count=144346 15628 354145 12473 273509 1466965 39267 15792 2082519 47206 6143 96439 858695 48484 7536 93392 73367 8410 96752 1382962 676883 857417 454736 18194 55271 9002 19382 9670 23895 113514 117785
internal_value=-6.333e-12 -0.00399639 0.0108487 -0.000774939 -0.00861423 0.00798699 0.020046 -0.00801136 0.0010257 0.0287247 0.0111942 -0.0270205 -0.00702587 -0.00747794 0.000346332 -0.00519786 0.00360428 -0.00759689 -0.0086423 -0.00385815 -0.000331047 -0.00656852 0.0250436 0.00270397 0.0160955 0.0145472 0.0168298 0.0126467 0.00816756 0.00341288
internal_weight=139281 101786 37495.4 59958.1 41827.4 28597.5 8897.85 40500.9 42610.7 2783.34 16513.3 1326.55 35701.9 34420.2 39561.7 17347.4 12084.2 34321.9 26822 7499.85 35583.4 14127.2 2365.01 11305.3 6114.52 5381.37 4417.18 2628.65 9501.14 10739.1
internal_count=9479779 8918914 560865 2153772 6765142 446314 114551 5762101 1271524 40129 249220 1003041 4295136 4246652 1224318 882248 197094 4239116 3465481 773635 1130926 808881 33986 188684 74422 65420 52947 33565 152781 173056
is_linear=0
shrinkage=0.08


Tree=39
num_leaves=31
num_cat=0
split_feature=2 2 12 5 0 0 4 3 5 2 0 8 12 12 2 12 6 6 7 5 6 5 2 8 0 5 7 4 12 5
split_gain=855.594 207.929 150.228 60.6483 58.4245 56.8474 49.6185 45.7389 39.567 34.5789 36.8871 32.8252 31.8872 29.5154 26.3836 21.6146 20.5423 26.0542 20.3728 19.5819 18.1398 17.9731 17.7589 17.4518 16.2159 15.6926 16.2023 13.461 13.3976 13.3825
threshold=0.35781671106815344 0.6885775923728944 0.20589158684015277 0.10704734176397325 13.500000000000002 13.500000000000002 40294.000000000007 26.500000000000004 0.7119525969028474 0.88303694128990184 3.5000000000000004 10.166653958350986 0.060005942359566695 0.46875001490116125 0.8760964870452882 1.0003861188888552 115.50000000000001 114.50000000000001 20.500000000000004 0.79679140448570263 32.500000000000007 0.51416715979576122 0.54606062173843395 9.5999856000240023 28.500000000000004 0.73808741569519054 20.500000000000004 37.500000000000007 1.5951190590858462 0.5412144958972932
decision_type=2 2 2 2 2 2 2 2 2 2 2 2 2 2 2 2 2 2 2 2 2 2 2 2 2 2 2 2 2 2
left_child=2 5 3 -1 9 8 13 12 11 -3 -11 15 -5 16 -6 -2 17 20 23 -8 -4 -13 -10 -15 28 26 -14 -17 -7 -12
right_child=1 4 6 7 14 24 19 -9 22 10 29 21 25 18 -16 27 -18 -19 -20 -21 -22 -23 -24 -25 -26 -27 -28 -29 -30 -31
leaf_value=-0.052604145239771 0.0016872970094217029 0.010984747272499804 -0.0090268232013119218 -0.01999241065385321 0.023619602400419284 0.021961198706127134 1.6314032155366382e-05 -0.0036897020619880423 0.0055292837680161978 0.010960060560299321 0.0099047970188888626 -0.0073131386094952922 -0.011259683126888624 0.0010594305943530124 0.043391851935874859 0.051034614306562698 -0.010388600680991207 0.0091027198341122103 0.041237803940456605 0.0077149008842279246 -0.0037725792267817942 0.00071747064871463323 0.012476093253519423 -0.0039096951870860822 0.021511672447898006 -0.0033438018916956518 0.022288828519156947 0.0088386154840909992 0.0088296178414621999 0.028486573791905882
leaf_weight=210.27142925087537 4765.4490135510168 6726.5880622492796 5677.8393678724387 2427.7678936957527 1747.9136660730146 578.03794653574005 13881.724473434289 6559.0399745882823 6271.0086402635643 1639.7027115848105 279.32054058365611 2187.6044365414418 15012.807083238527 8396.1254358145379 573.6782436787289 48.874850780703127 4742.081042523685 854.65546898334287 71.27161787415389 2494.4957984122448 16214.291935076573 9658.9874997712905 3771.7363466896786 9806.5943454739172 1121.2715786894551 1902.3016540194512 92.700801473663887 4833.6010827816826 3557.6925472149742 2215.8319167194722
leaf_count=260437 68695 88774 427915 1174501 24772 7798 572833 844409 91173 19216 3779 72114 2895788 215657 9039 565 342854 32008 1909 49950 1123227 231443 46559 548439 15997 147083 8956 64755 61165 27969
internal_value=-1.32236e-11 0.0083653 -0.00473235 -0.00981241 0.016986 0.00527658 -0.00259003 -0.00946627 0.00399273 0.0145238 0.0202811 0.00205583 -0.0114157 -0.00394235 0.0285054 0.00552009 -0.00559886 -0.00460034 -0.00145051 0.001189 -0.0051353 -0.00076547 0.00813828 -0.00161765 0.0129785 -0.0101914 -0.0110538 0.00926101 0.010665 0.0264064
internal_weight=138321 49977.3 88344 26204.9 13183 36794.3 62139.1 25994.6 31537.3 10861.4 4134.86 21494.5 19435.6 45762.9 2321.59 9647.92 27488.9 22746.8 18274 16376.2 21892.1 11846.6 10042.7 18202.7 5257 17007.8 15105.5 4882.48 4135.73 2495.15
internal_count=9479779 833813 8645966 5331174 173549 660264 3314792 5070737 575304 139738 50964 437572 4226328 2692009 33811 134015 1926004 1583150 766005 622783 1551142 303557 137732 764096 84960 3051827 2904744 65320 68963 31748
is_linear=0
shrinkage=0.08


Tree=40
num_leaves=31
num_cat=0
split_feature=2 12 2 5 12 0 2 12 5 5 3 8 5 5 3 5 0 5 4 4 12 1 1 5 5 2 3 7 5 7
split_gain=780.292 243.905 92.051 69.7575 54.8165 51.9481 46.6173 45.9547 38.3644 33.7916 29.736 25.9777 24.7365 24.2566 21.499 19.9527 19.5508 19.4271 18.1396 17.7234 16.8568 16.4349 16.1994 16.1689 15.3572 15.2357 15.1063 14.7785 16.2565 15.2463
threshold=0.52223318815231334 0.39643914997577673 0.83527129888534557 0.14160569757223132 0.1468392759561539 18.500000000000004 0.26713615655899053 3.00000011920929 0.81119626760482799 0.58939334750175487 21.500000000000004 11.43749463867467 0.79679140448570263 0.39415359497070318 27.500000000000004 0.71551167964935314 3.5000000000000004 0.27558170258998876 14682.500000000002 147804.00000000003 0.017892238683998588 8.5000000000000018 21.500000000000004 0.49782697856426245 0.46574629843235021 0.016807910054922107 29.500000000000004 20.500000000000004 0.57317069172859203 16.500000000000004
decision_type=2 2 2 2 2 2 2 2 2 2 2 2 2 2 2 2 2 2 2 2 2 2 2 2 2 2 2 2 2 2
left_child=1 3 5 20 10 8 24 15 11 17 13 16 27 -5 21 18 -2 -8 -4 25 -1 -11 -12 -13 -3 -15 -14 28 -6 -30
right_child=2 6 7 4 12 -7 9 -9 -10 14 22 23 26 19 -16 -17 -18 -19 -20 -21 -22 -23 -24 -25 -26 -27 -28 -29 29 -31
leaf_value=-0.081619839915847939 0.0056420358486890332 -0.010655321143761599 0.015579712137595679 -0.021828782297521779 -0.0076485017322167129 0.020643619149884742 -0.02306915905939682 0.030727653970359051 0.01902768907625639 0.0019346027364484245 -0.006905819079362485 -0.0063886784445247981 -0.0010551270948157135 -0.027383382459251381 -2.6927824584425648e-05 0.023409624020574483 0.013286028022470342 -0.00085185783809414912 -0.00055133030862647707 0.0048595841602354856 -0.033976177124906755 0.0068637251563199988 0.0071162887969133184 0.0052063922767008556 -0.0019422828659071121 -0.011264840324754562 0.014004941212606927 0.02342030553421404 -0.0034724973601436247 -0.0095102212536229865
leaf_weight=55.765013606804132 3583.4383257978589 1411.8759725276323 1548.1709365880515 1615.6318583443481 14263.134625189923 2463.1231886735186 258.08588977623367 2049.3311479905287 1931.9494107024875 6418.1317360250505 3274.8576638732648 851.37965366337448 1316.9468680223799 392.42821489350172 6562.1027773760943 1316.4393376069565 5321.5388888125744 10487.233204255346 626.77778565841436 419.24674191483064 321.73798241562326 13301.228380377201 628.48569950721867 8021.1384294558084 15593.593303728449 8604.418880268553 630.27486837538891 113.35719307541149 21032.016824930412 3067.0321071148501
leaf_count=150581 40878 109142 18638 809057 1597120 35347 12871 29691 23129 140040 483872 21333 39307 274343 143210 16696 61129 326354 8112 30929 196332 270049 196599 141964 772422 2032114 12808 6489 1262314 216909
internal_value=2.84173e-11 -0.00302834 0.0119947 -0.00674133 -0.00650762 0.00968992 0.000801691 0.021218 0.00832101 0.00239417 -0.0106492 0.00715748 -0.00497742 -0.0127726 0.0039395 0.0156361 0.01021 -0.00138548 0.0109311 -0.0112187 -0.0410141 0.00525943 -0.00464809 0.00409376 -0.00266568 -0.0119679 0.0038195 -0.00542263 -0.00550786 -0.0042409
internal_weight=137481 109768 27713.3 55735.3 55357.8 22172.6 54032.3 5540.72 19709.4 37026.8 14935.1 17777.5 40422.8 11031.7 26281.5 3491.39 8904.98 10745.3 2174.95 9416.09 377.503 19719.4 3903.34 8872.52 17005.5 8996.85 1947.22 38475.5 38362.2 24099
internal_count=9479779 9082862 396917 7308774 6961861 323780 1774088 73137 288433 892524 3826914 265304 3134947 3146443 553299 43446 102007 339225 26750 2337386 346913 410089 680471 163297 881564 2306457 52115 3082832 3076343 1479223
is_linear=0
shrinkage=0.08


Tree=41
num_leaves=31
num_cat=0
split_feature=2 2 2 12 0 0 7 5 0 0 2 5 2 5 4 3 0 5 8 8 5 4 0 2 3 8 1 5 7 4
split_gain=714.536 167.44 121.579 55.8251 54.0881 44.4815 33.2266 35.3668 32.8466 31.659 28.741 26.9857 26.0578 23.3559 21.6952 20.6636 23.6922 19.0848 18.8811 18.4562 17.1327 17.2766 17.0753 16.9222 15.9082 15.5854 15.2843 14.9157 14.23 13.8441
threshold=0.4552139043807984 0.20722186565399173 0.80178570747375499 0.060005942359566695 3.5000000000000004 3.5000000000000004 20.500000000000004 0.51086920499801647 7.5000000000000009 1.0000000180025095e-35 0.62563130259513866 0.30066822469234472 0.94281044602394115 0.76100599765777599 253302.00000000003 28.500000000000004 1.5000000000000002 0.65160736441612255 10.166653958350986 11.384608816572259 0.69174146652221691 93473.500000000015 1.5000000000000002 0.14213564246892932 18.500000000000004 6.3999986666669555 18.500000000000004 0.27558170258998876 20.500000000000004 533.50000000000011
decision_type=2 2 2 2 2 2 2 2 2 2 2 2 2 2 2 2 2 2 2 2 2 2 2 2 2 2 2 2 2 2
left_child=1 3 4 9 17 11 7 22 -4 -1 19 -3 20 -13 18 16 -9 -2 28 27 21 -10 -5 -18 -11 -15 -12 -6 -7 -17
right_child=2 5 8 6 10 14 -8 15 12 24 26 13 -14 25 -16 29 23 -19 -20 -21 -22 -23 -24 -25 -26 -27 -28 -29 -30 -31
leaf_value=-0.082389887169177597 1.3979971940137325e-05 -0.018658122629411675 0.015545682512368392 -0.012890172251206819 -0.07683107371791921 0.0044425747264451544 0.027547212015439301 -0.0085725152222603952 0.014436954212998118 -0.019418743976729866 0.011738222665378722 -0.0027655750416757901 0.042296865996974777 -0.0040974606262118391 0.012371568506850899 -0.01557485158933527 -0.0064017474741659905 0.006432037725656461 -0.00040118380278226362 0.0040803470008164396 0.029428097091143898 -0.072934098631292701 -0.0063824013426571867 -0.0012889816887930545 -0.0023615734561400802 0.0072833856009472467 0.019764130739523288 0.010997212142375657 0.070891093580393152 -0.00066208823547982923
leaf_weight=47.8578623344074 5869.0592849356108 624.41283596359062 4323.3027122440453 6358.5487088323207 12.404093909077345 9238.0872593212407 187.54979101280333 13001.706587122717 639.44511309920927 2224.5007166855212 5482.0050014558292 23804.594482217351 571.18167730151436 1080.1300167454465 1375.923458159552 420.38044068322051 8874.8509628113534 5993.1864783708588 10180.262807194958 5150.9530715695582 910.73197627177069 14.820196781307457 4342.7020560252422 7770.7893698053958 415.25865070230793 2683.0507361625787 2100.408671751793 5325.2454945883146 20.672149272635579 7622.2693466458586
leaf_count=144346 115946 77037 53849 1578030 215 162084 14502 1681700 10091 1156792 75568 932109 8834 13611 20490 40837 966489 81148 345542 105531 14234 257 642493 360737 152154 54347 30033 65159 226 575388
internal_value=-5.85417e-12 -0.00348486 0.0096019 -0.0066811 0.00745391 -0.000141272 -0.00606016 -0.00619042 0.0195557 -0.0179046 0.0102091 -0.00221224 0.0276714 -0.00183974 0.00266369 -0.005038 -0.00601363 0.00325659 0.00197655 0.00749647 0.0223335 0.0124579 -0.0102492 -0.00401492 -0.0167355 0.00401679 0.0139615 0.0107931 0.00459094 -0.00144156
internal_weight=136666 100274 36392.7 51266.4 29933.3 49007.1 48578.8 48391.2 6459.48 2687.62 18071 28192.2 2136.18 27567.8 20814.9 37690 29647.3 11862.2 19439 10488.6 1565 654.265 10701.3 16645.6 2639.76 3763.18 7582.41 5337.65 9258.76 8042.65
internal_count=9479779 8918914 560865 7313468 473600 1605446 5860176 5845674 87265 1453292 276506 1077104 33416 1000067 528342 3625151 3008926 197094 507852 170905 24582 10348 2220523 1327226 1308946 67958 105601 65374 162310 616225
is_linear=0
shrinkage=0.08


Tree=42
num_leaves=31
num_cat=0
split_feature=2 12 2 5 12 0 4 12 5 2 4 0 8 0 3 5 3 5 0 5 4 8 5 4 5 5 12 3 0 4
split_gain=647.872 199.791 75.1643 58.7998 45.9775 44.0193 43.4206 37.5146 34.6896 30.561 27.1266 26.118 22.3453 22.1546 19.5793 18.7868 18.7674 17.546 16.9249 15.8983 15.8655 15.2105 14.7795 14.1483 14.0743 13.3057 16.0917 12.7644 12.5595 14.0247
threshold=0.53907206654548656 0.41761474311351782 0.83527129888534557 0.10704734176397325 0.13684923946857455 18.500000000000004 253302.00000000003 3.00000011920929 0.81119626760482799 0.27334994077682501 9413.5000000000018 1.5000000000000002 11.43749463867467 6.5000000000000009 28.500000000000004 0.79679140448570263 14.500000000000002 0.3487056195735932 3.5000000000000004 0.71551167964935314 6475.5000000000009 11.777772325105508 0.7119525969028474 20245.000000000004 0.53957796096801769 0.69713348150253307 0.7500000298023225 24.500000000000004 1.5000000000000002 2598.5000000000005
decision_type=2 2 2 2 2 2 2 2 2 2 2 2 2 2 2 2 2 2 2 2 2 2 2 2 2 2 2 2 2 2
left_child=1 3 5 -1 10 8 9 19 12 -3 11 16 18 17 22 -16 -5 -11 -2 20 24 -15 28 -9 -4 26 -14 -12 -6 -30
right_child=2 6 7 4 14 -7 -8 23 -10 13 27 -13 25 21 15 -17 -18 -19 -20 -21 -22 -23 -24 -25 -26 -27 -28 -29 29 -31
leaf_value=-0.045778766641009883 0.0054103712354498798 -0.0025945689212731617 0.0040823753232619798 -0.017876602574435754 -0.0082198503482464793 0.019767656277564785 0.010354813998740331 0.023590564912184881 0.018339008166529235 -0.013748145795455366 -0.0072919267624837582 -0.0015761725142884088 -0.038303102793983468 0.0073655844744578607 -0.0027356400140628283 0.010570480007763337 -0.0094224269619890208 0.00064509351804331139 0.012659685928073908 0.021677830197669994 0.0026072070321288988 0.0012454053740542194 -0.0022031312719767268 0.03785315206641858 0.022675837271495036 0.0083888013575468563 0.0020519191175462914 0.0029808928432596901 -0.00079208477716134545 -0.0066370310766628721
leaf_weight=236.11871331106522 3549.0008111728093 15542.242624991675 388.58602821071599 4306.2634688521721 13336.448225015512 2218.0850902696257 2934.1373164437027 1293.0638179210191 1821.0577971861203 555.62781625043499 3543.2133737675467 1149.9192259022966 63.957670360337943 6018.8701144901497 12860.789768584567 716.95316621381789 2756.0682610872755 22186.328921207609 4916.5908216431635 1276.3234301437151 937.73052924305375 4573.9740950666601 6282.413955143973 678.80315496886396 790.73348204882859 2733.7660931244027 5629.3268606541678 990.50944132781297 4008.4658230703644 7625.2567911106453
leaf_count=274043 40878 800100 5126 1677898 1323448 32601 48406 19299 22217 25024 785705 316905 1192 92527 875292 14809 701820 560287 57115 16696 12349 131038 283259 10392 9275 42616 112677 124911 391690 670184
internal_value=2.24548e-11 -0.00270516 0.0112769 -0.00593832 -0.00577494 0.00911154 0.000902496 0.0197249 0.0078485 0.000335064 -0.0100147 -0.0127569 0.0067176 0.001701 -0.00456951 -0.00203303 -0.0145774 0.00029344 0.00962058 0.0146255 0.0103738 0.0047229 -0.00567149 0.0285004 0.0165493 0.00380135 0.00159858 -0.00504756 -0.00654412 -0.00462312
internal_weight=135921 109624 26297 57812.4 57576.3 20931.8 51811.2 5365.24 18713.7 48877 12746 8212.25 16892.6 33334.8 44830.3 13577.7 7062.33 22742 8465.59 3393.37 2117.05 10592.8 31252.6 1971.87 1179.32 8427.05 5693.28 4533.72 24970.2 11633.7
internal_count=9479779 9097346 382433 7439964 7165921 309296 1657382 73137 276695 1608976 3607239 2696623 254478 808876 3558682 890101 2379718 585311 97993 43446 26750 223565 2668581 29691 14401 156485 113869 910616 2385322 1061874
is_linear=0
shrinkage=0.08


Tree=43
num_leaves=31
num_cat=0
split_feature=2 12 2 5 0 3 0 4 0 5 2 1 5 8 4 4 5 5 1 4 8 4 5 5 7 2 0 0 2 4
split_gain=589.133 135.223 105.233 50.5545 41.156 34.9754 32.1174 31.103 30.5815 28.405 24.629 23.9943 22.6812 22.6608 22.5375 22.2216 63.4786 25.7569 36.9184 25.7314 28.935 20.214 17.8069 17.7198 16.9248 16.642 32.317 16.0242 15.8515 15.3671
threshold=0.4552139043807984 0.37045304477214819 0.75140449404716503 0.25077867507934576 2.5000000000000004 28.500000000000004 13.500000000000002 125241.50000000001 1.5000000000000002 0.6156316101551057 0.015504807699471714 32.500000000000007 0.74265706539154064 7.0510632529149531 65.500000000000014 83472.000000000015 0.69076326489448558 0.69605797529220592 17.500000000000004 39079.500000000007 9.1333287666692051 86383.000000000015 0.79679140448570263 0.66069462895393383 20.500000000000004 0.90205478668212902 4.5000000000000009 27.500000000000004 0.88303694128990184 426007.50000000006
decision_type=2 2 2 2 2 2 2 2 2 2 2 2 2 2 2 2 2 2 2 2 2 2 2 2 2 2 2 2 2 2
left_child=1 3 4 10 -2 8 25 15 9 11 -1 -5 13 -6 -12 19 -17 18 -18 20 24 -19 -7 -21 -3 -4 -27 -15 -8 -11
right_child=2 7 6 5 12 22 28 -9 -10 29 14 -13 -14 27 -16 16 17 21 -20 23 -22 -23 -24 -25 -26 26 -28 -29 -30 -31
leaf_value=-0.068658860285904372 0.0011445289249884404 0.0012557038435569146 0.010127306656249772 -0.010070369889686388 0.012794559179539939 -0.002827780092185604 0.021747559790548997 0.0055630715310838385 -0.0038200479933627246 -0.0061498462271322545 0.00093110726448009942 -0.021968091458614804 0.01240744566971671 0.004344182413218582 -0.025078189441701412 0.0033465352446891911 -0.028445130381281849 -0.044743337009166127 -0.10515023142798467 -0.00061482515643540472 -0.0033173282325064447 -0.009739232461554146 0.010376743194341051 0.007965915730819291 0.04669895270816439 0.012527587378780332 0.028191075041674986 0.019223943256949389 0.039664962254650722 0.01161611734693082
leaf_weight=67.773696468189883 7011.180941076047 14239.913863842739 3085.8879941624391 11391.969304748505 2963.7383098813443 13301.591614062389 958.17218236332701 5537.2097755384166 13354.454161683243 10595.093632157412 276.94598892074282 1199.0074509045808 5947.1335632359624 11179.666675169661 926.6395826207372 998.39770947973011 120.97811382659711 143.83849317790009 60.11220545892138 2707.4405500362045 19462.521136039664 396.98547111515654 687.39351826862548 3572.7457146345478 52.646099550416693 2372.5058058224695 1307.6571717793222 483.21752594184363 471.51848136855187 321.03994442994008
leaf_count=186712 123501 344409 43398 1934090 31919 1135145 15066 123630 1414903 1092631 118360 810059 77993 204750 440705 36367 3784 5609 2930 112191 1013778 13824 16331 104119 832 28941 18791 8151 8355 8505
internal_value=3.65216e-12 -0.00316822 0.00880272 -0.00597867 0.00643789 -0.00558472 0.0167622 -7.07821e-05 -0.00687721 -0.008614 -0.0217357 -0.0112034 0.00824178 0.00654803 -0.0190934 -0.000817888 -0.00972093 -0.027793 -0.0539071 -0.000435325 -0.00131014 -0.019049 -0.00217893 0.00426669 0.00142309 0.0144601 0.0180932 0.00496068 0.0276568 -0.00562736
internal_weight=135195 99414.7 35780.7 52121.9 27584.9 50850.5 8195.74 47292.8 36861.6 23507.1 1271.36 12591 20573.8 14626.6 1203.59 41755.6 1720.31 721.914 181.09 40035.3 33755.1 540.824 13989 6280.19 14292.6 6766.05 3680.16 11662.9 1429.69 10916.1
internal_count=9479779 8918914 560865 7157441 446314 6411664 114551 1761473 5260188 3845285 745777 2744149 322813 244820 559065 1637843 62514 26147 6714 1575329 1359019 19433 1151476 216310 345241 91130 47732 212901 23421 1101136
is_linear=0
shrinkage=0.08


Tree=44
num_leaves=31
num_cat=0
split_feature=2 12 12 5 5 4 2 2 5 0 7 4 0 8 6 6 2 0 2 7 8 8 5 4 5 4 3 12 4 6
split_gain=537.425 166.299 65.8168 49.6152 40.9588 40.4946 39.231 38.3487 32.4524 29.113 24.2102 22.0589 22.0283 21.7335 20.2673 44.4067 19.9147 17.8261 15.9683 15.8935 15.5391 15.3677 15.3215 15.0959 14.9783 20.2966 14.7799 14.6583 13.7706 13.3691
threshold=0.54606062173843395 0.47751402854919439 1.8400000929832461 0.14160569757223132 0.58939334750175487 40294.000000000007 0.8760964870452882 0.031088917516171936 0.69713348150253307 4.5000000000000009 20.500000000000004 253302.00000000003 19.500000000000004 4.6666550000324083 115.50000000000001 114.50000000000001 0.15345369279384616 2.5000000000000004 0.30094340443611151 4.5000000000000009 12.705395414455456 5.6153833555229715 0.81396234035491954 6257.5000000000009 0.72761431336402904 115.50000000000001 27.500000000000004 0.017892238683998588 307.50000000000006 119.50000000000001
decision_type=2 2 2 2 2 2 2 2 2 2 2 2 2 2 2 2 2 2 2 2 2 2 2 2 2 2 2 2 2 2
left_child=1 3 8 27 21 7 12 20 23 -8 14 18 -4 17 15 16 -9 -7 -6 -16 -5 -3 -15 -2 -18 -26 -20 -1 -29 -10
right_child=2 4 6 5 11 13 9 10 29 -11 -12 -13 -14 22 19 -17 24 -19 26 -21 -22 -23 -24 -25 25 -27 -28 28 -30 -31
leaf_value=-0.080693672214736556 0.0065797330497161114 0.0039704906750674977 0.0098118262956322054 -0.013147036307927741 -0.00039498007039684007 -0.014198626518825591 0.013493662459832393 -0.0073885675826732798 0.013132590792148237 0.028546716026077786 0.020611488685461414 0.0096375831367925616 0.019211052005436297 -0.0012259741723003872 -0.005219491628028301 0.0096281307837853252 -0.004374960760452299 0.011504846582430946 0.0046686372839425663 -0.012552262321946428 -0.030095732468539752 -0.0036919740151459186 0.0070527877109090144 -0.00044008280255906798 -0.098399195715774379 0.0042806157281562321 -0.00043873405144134915 -0.015887343396506642 -0.05106285671712308 0.00070660210835111006
leaf_weight=40.570411730281194 4150.4980292643813 1964.6497568651757 7150.5685097022215 1514.9597254022738 10820.118496125673 1224.8258801068259 1451.3871547659792 17998.590777306454 4308.8293277199227 1897.0241608015322 224.34140559908701 2685.3010220868018 2054.2443161983974 11119.615510462081 3270.7216371199174 1287.7146712778485 17161.926400488112 201.02579352655448 14943.052714811103 4486.9751409609162 448.75500432098488 11367.626918271562 1641.9644908410846 3715.8904264852463 12.411933411844073 1674.5214798165252 4788.1853470262249 184.54527792923909 116.00001028799306 635.92530719644856
leaf_count=150581 66169 35022 108676 812794 443250 36544 17540 3204583 53810 29851 18124 43444 31114 774683 374116 68509 1028806 4551 303952 499087 435038 486880 45392 58605 513 41311 100375 107820 89715 8924
internal_value=1.39653e-11 -0.00243704 0.01049 -0.00512978 0.00118321 -0.00496309 0.0146068 -0.0060713 0.00645604 0.0220219 -0.00560508 0.00268586 0.0119095 -0.00120741 -0.00573324 -0.00497498 -0.00548532 -0.0105748 0.00207484 -0.00946069 -0.0170202 -0.00256283 -0.00016079 0.00326374 -0.00366792 0.00352513 0.00342923 -0.0355569 -0.0294639 0.0115345
internal_weight=134543 109178 25364.4 62609.5 46568.9 62268.3 12553.2 48080.9 12811.1 3348.41 46117.2 33236.7 9204.81 14187.4 45892.9 38135.2 36847.5 1425.85 30551.4 7757.7 1963.71 13332.3 12761.6 7866.39 18848.9 1686.93 19731.2 341.116 300.545 4944.75
internal_count=9479779 9105090 374689 7692167 1412923 7344051 187181 6482881 187508 47391 5235049 891021 139790 861170 5216925 4343722 4275213 41095 847577 873203 1247832 521902 820075 124774 1070630 41824 404327 348116 197535 62734
is_linear=0
shrinkage=0.08


Tree=45
num_leaves=31
num_cat=0
split_feature=2 2 12 0 2 2 7 5 0 5 5 5 0 7 3 7 8 4 0 12 3 3 2 4 12 8 2 12 8 7
split_gain=489.007 150.134 60.238 43.1992 36.4331 36.1695 31.0528 33.0254 30.6876 30.0576 25.3006 22.6588 22.2201 20.5082 20.3921 20.1704 18.3921 20.5279 17.6784 15.91 15.5369 12.5066 14.1247 13.6737 12.9638 11.9643 11.877 13.3745 11.486 10.9754
threshold=0.54606062173843395 0.20722186565399173 1.6666666865348818 2.5000000000000004 0.8760964870452882 0.016807910054922107 20.500000000000004 0.51086920499801647 4.5000000000000009 0.69713348150253307 0.83294382691383373 0.30066822469234472 15.500000000000002 17.500000000000004 8.5000000000000018 16.500000000000004 13.268540219639901 40294.000000000007 1.0000000180025095e-35 0.076365515589714064 28.500000000000004 27.500000000000004 0.31281565129756933 55.500000000000007 0.57045844197273265 7.6666475000532417 0.13284314423799518 0.20333977788686755 11.43749463867467 4.5000000000000009
decision_type=2 2 2 2 2 2 2 2 2 2 2 2 2 2 2 2 2 2 2 2 2 2 2 2 2 2 2 2 2 2
left_child=1 5 9 10 14 18 7 19 -6 28 11 -3 16 15 -4 20 21 -18 -1 -7 26 22 -5 -24 -25 -21 -9 -28 -2 -11
right_child=2 3 4 12 8 6 -8 13 -10 29 -12 -13 -14 -15 -16 -17 17 -19 -20 25 -22 -23 23 24 -26 -27 27 -29 -30 -31
leaf_value=-0.08185797046121962 0.0058170405461121424 -0.018362305180364868 0.015613388753463851 0.0011692418916596709 0.012610044361306635 -0.016657878725519399 0.024718540276278077 -0.0062624202879361067 0.02743816327840741 0.0068741907226147073 0.014100821088560582 -0.0021073135502343234 0.008115427094557464 -0.0090850388406126248 0.0083638409973493637 0.014532008614433694 -0.0037346251303211476 0.0044980044850429449 -0.022667449628645815 -0.0042338289274152421 -0.0004559449582260808 -0.00094102714671623821 0.036524017146145095 0.019298809613680374 0.0050078357927586135 -0.010072047264199364 -0.008780184189457186 -0.0015790856653733298 -0.00077008606072837091 0.015017955451927299
leaf_weight=34.633772581808444 3208.9302907739948 561.79212696375907 4033.7795108591872 6748.9557907712879 1680.9249223305346 1582.5826091305789 219.47169104742352 14204.589198549351 1906.2077824714393 2129.5534773953841 603.40918609395158 23802.282951844682 3754.2861211795243 5004.1734840790596 6460.2754598596239 388.43233514748863 6668.7391752287513 2732.7608930943534 477.97533646568627 3467.6915726844163 6976.7070146072947 4212.1777225980622 92.837403064360842 425.90760783478618 8799.2147165168426 6379.2228496038006 1992.2670870776055 9627.1974019611662 3588.9775399845093 2107.0732357774868
leaf_count=144346 38536 74662 61015 166589 20535 893326 22754 2114113 30479 28004 8273 877690 75389 658051 99245 41579 273376 80864 404423 342174 531489 83790 1377 6529 143083 1576796 101265 483152 71133 25742
internal_value=5.77112e-12 -0.00232351 0.0100614 0.000436472 0.0135296 -0.00552457 -0.00530714 -0.00543993 0.0204897 0.00563554 -0.00208135 -0.00248212 0.00231665 -0.00431094 0.0111505 -0.00359111 0.00158317 -0.00134162 -0.0266666 -0.00921265 -0.00380573 0.00293912 0.00395636 0.00597506 0.00566762 -0.00801606 -0.00471071 -0.00281378 0.00233935 0.0109245
internal_weight=133873 108757 25115.7 58402.4 14081.2 50354.9 49842.3 49622.9 3587.13 11034.5 24967.5 24364.1 33434.9 38193.4 10494.1 33189.2 29680.6 9401.5 512.609 11429.5 32800.8 20279.1 16066.9 9317.96 9225.12 9846.91 25824.1 11619.5 6797.91 4236.63
internal_count=9479779 9105090 374689 1791622 211274 7313468 6764699 6741945 51014 163415 960625 952352 830997 3929649 160260 3271598 755608 354240 548769 2812296 3230019 401368 317578 150989 149612 1918970 2698530 584417 109669 53746
is_linear=0
shrinkage=0.08


Tree=46
num_leaves=31
num_cat=0
split_feature=2 12 5 12 5 5 4 2 8 7 4 7 0 2 0 3 5 5 3 3 8 8 3 7 5 4 7 2 8 5
split_gain=443.834 134.717 55.4543 46.041 39.9133 32.9211 32.0802 30.2577 20.6329 20.0606 22.5033 19.6835 19.73 18.9548 17.9554 17.4723 16.8103 15.9325 15.8418 15.5897 14.9577 14.3023 14.1853 14.1519 13.7235 13.4386 13.4046 12.5476 12.5239 12.6135
threshold=0.54606062173843395 0.46153847873210913 0.79679140448570263 1.6666666865348818 0.10704734176397325 0.58939334750175487 14682.500000000002 0.038218110799789436 8.8571375850372789 8.5000000000000018 30506.500000000004 4.5000000000000009 13.500000000000002 0.88303694128990184 1.5000000000000002 14.500000000000002 0.29576784372329717 0.49782697856426245 27.500000000000004 7.5000000000000009 10.599991166674323 6.1999907000155012 18.500000000000004 20.500000000000004 0.79679140448570263 3306.5000000000005 20.500000000000004 0.8896499276161195 5.6153833555229715 0.35783077776432043
decision_type=2 2 2 2 2 2 2 2 2 2 2 2 2 2 2 2 2 2 2 2 2 2 2 2 2 2 2 2 2 2
left_child=1 4 3 17 -1 23 7 22 -5 11 -11 12 -7 -4 15 16 -9 -2 -8 -10 -13 -20 -6 28 -23 -16 -17 -21 -3 -30
right_child=2 5 13 8 6 9 18 14 19 10 -12 20 -14 -15 25 26 -18 -19 21 27 -22 24 -24 -25 -26 -27 -28 -29 29 -31
leaf_value=-0.039801137753368791 -0.0048319173519683345 0.0033070287413759143 0.016726797210407044 0.016229529832661203 -0.016743282333923942 0.0014825680193457315 -0.0035674897098785796 -0.023075742939679983 0.01475451261185752 -0.0017781784909946174 0.0068558055062948788 0.011981939488793988 0.0098058518268617431 0.032904656502385145 -0.00075469142639189709 -0.0050314892696552982 -0.0085368787056936245 0.0053003704814865464 -0.0058989496144362264 0.0046821107551180919 0.00257373152444196 0.0016377529779393364 0.0032388201233473535 0.0276857678951298 0.015034476205527848 -0.0058834131979283964 0.031471615393940555 0.012969081872649705 -0.013866643483444607 -0.0028877933662489453
leaf_weight=206.667521756528 1122.5505888412863 1988.7703953241871 2456.9174357020165 3991.3343555417778 2168.5368978552215 14323.321296483758 15805.106271237259 538.91568087604719 2317.3605567610939 10422.904536251161 2371.5819324537879 2885.2752818222725 2088.475524674519 571.28394407929591 7252.7675185698427 12799.664245403854 9160.5242333646165 8621.2780598027657 1467.0672702245356 4190.902029077406 1729.9763059088145 4667.2683103713789 254.00341310702061 99.75774443813134 546.70441964230849 5953.9636267786846 64.709162191982614 1621.91759095015 713.83605707914103 10839.76261296554
leaf_count=274315 23054 36169 32454 48447 1355996 406833 1387532 203231 39334 312517 55744 49698 42056 8987 702362 1478569 1232996 125501 42926 74211 57232 294980 125640 2579 12907 516963 4457 22701 42142 467246
internal_value=1.55769e-11 -0.00221314 0.00963271 0.00822754 -0.00470377 0.000981822 -0.00458423 -0.00599564 0.0115189 0.00231993 -0.000177786 0.00383973 0.00254174 0.0197788 -0.00540965 -0.0067809 -0.00934468 0.00413307 -0.00218692 0.00920626 0.00845538 0.00107904 -0.0146482 -0.00233561 0.00304245 -0.00306686 -0.00484787 0.00699438 -0.00255676 -0.00356612
internal_weight=133243 108350 24893.5 21865.3 60885.9 47463.7 60679.2 38193.1 12121.5 33821.5 12794.5 21027 16411.8 3028.2 35770.5 22563.8 9699.44 9743.83 22486.1 8130.18 4615.25 6681.04 2422.54 13642.1 5213.97 13206.7 12864.4 5812.82 13542.4 11553.6
internal_count=9479779 9105090 374689 333248 7632874 1472216 7358559 5620214 184693 924080 368261 555819 448889 41441 4138578 2919253 1436227 148555 1738345 136246 106930 350813 1481636 548136 307887 1219325 1483026 96912 545557 509388
is_linear=0
shrinkage=0.08


Tree=47
num_leaves=31
num_cat=0
split_feature=2 2 2 5 2 4 7 5 12 8 3 1 8 7 7 5 2 2 0 8 4 7 7 5 5 4 7 3 4 5
split_gain=406.215 90.3216 79.2859 29.3496 28.7707 26.6555 26.4414 25.5669 25.2341 25.035 23.7182 19.6987 19.9903 17.961 26.2821 17.853 16.2266 15.7146 15.6288 14.8415 14.7583 18.3972 23.629 14.5448 13.7033 13.6424 13.4405 12.5485 12.7528 11.918
threshold=0.4552139043807984 0.20722186565399173 0.75140449404716503 0.58428397774696361 0.015749008394777778 39079.500000000007 20.500000000000004 0.48149947822093969 4.5967032909393319 6.0050498984798084 17.500000000000004 5.5000000000000009 12.333328993828694 17.500000000000004 16.500000000000004 0.79679140448570263 0.9574275314807893 0.57294833660125744 1.0000000180025095e-35 5.6153833555229715 83472.000000000015 7.5000000000000009 4.5000000000000009 0.81119626760482799 0.21313631534576419 5343.0000000000009 20.500000000000004 28.500000000000004 185.50000000000003 0.23770491033792499
decision_type=2 2 2 2 2 2 2 2 2 2 2 2 2 2 2 2 2 2 2 2 2 2 2 2 2 2 2 2 2 2
left_child=1 4 3 19 18 11 7 -6 15 -7 17 24 26 14 27 20 25 -5 -1 29 21 22 -4 -11 -3 -10 -13 -9 -29 -2
right_child=2 5 8 10 6 9 -8 13 16 23 -12 12 -14 -15 -16 -17 -18 -19 -20 -21 -22 -23 -24 -25 -26 -27 -28 28 -30 -31
leaf_value=-0.081662753782763761 -0.072338563518815055 -0.029662589256210969 0.011276697780880102 0.0060717095285700807 -0.0088578932910593784 -0.0054176604161045652 0.022474718418563504 -0.0045107146563623446 0.0074015420046712049 0.0030846306767341449 0.0036871528531968183 0.0016140932852092109 -0.0031519175920388482 -0.0084248837850467197 0.014742245262699814 0.022877805410735631 0.038772986503420689 0.011951382533445536 -0.021740265022490629 -0.00082259252992430477 -0.0010778490776364137 0.0070861864692329983 0.027429262011786047 0.010845365503219779 -0.0037344720466636759 0.026347902249462641 0.044480367380976514 -0.028237711098249709 -0.00038812018837576604 0.011229419937118613
leaf_weight=30.066692709297058 11.056979754011989 131.97530017248755 1677.1854405774475 5432.1039068217451 8859.4343389997739 1968.6079496568273 225.77650604571681 27226.784615196691 392.495414113484 9388.3882228661678 8604.7758956093967 15044.708879488549 8239.9146329544019 5363.6005146629177 500.74829723719449 897.03120774714262 364.73695994301215 6263.9493141483454 378.95368120145577 5622.2651989926089 605.24015878661885 2375.5444323032734 885.71313223614743 1850.1214242043206 11328.027525111198 639.58806129905133 46.958943046629429 106.77728189033587 7271.1249435848149 895.13752750189451
leaf_count=144346 268 28877 23754 90833 2412108 29729 23063 3012250 6635 260197 131278 345149 375879 738304 55389 13731 6075 90881 339561 123017 8561 33541 11389 28209 536607 10865 799 12104 576343 10037
internal_value=4.83502e-14 -0.00263377 0.00744253 0.0053747 -0.0050147 -0.000155388 -0.00484029 -0.00496531 0.0145211 0.00290447 0.00687519 -0.00131693 1.71777e-05 -0.00411315 -0.00345437 0.0124071 0.0242686 0.00922063 -0.0261451 0.000708773 0.0107129 0.0121579 0.0168589 0.00436223 -0.00403306 0.0191427 0.00174748 -0.00371769 -0.000791176 0.0102098
internal_weight=132629 97962 34666.8 26829.3 49963.3 47998.7 49554.2 49328.5 7837.53 13207.1 20300.8 34791.6 23331.6 40469 35105.4 6440.71 1396.82 11696.1 409.02 6528.46 5543.68 4938.44 2562.9 11238.5 11460 1032.08 15091.7 34604.7 7377.9 906.195
internal_count=9479779 8918914 560865 446314 7313468 1605446 6829561 6806498 114551 318135 312992 1287311 721827 4394390 3656086 90976 23575 181714 483907 133322 77245 68684 35143 288406 565484 17500 345948 3600697 588447 10305
is_linear=0
shrinkage=0.08


Tree=48
num_leaves=31
num_cat=0
split_feature=2 2 2 0 12 3 5 0 7 4 5 4 0 5 3 7 6 9 5 8 8 4 5 6 6 6 4 4 8 6
split_gain=369.056 112.252 48.0813 32.1026 31.8044 31.2813 26.2592 23.894 23.5501 17.7092 17.5644 16.6871 20.3622 16.4638 15.6186 15.0963 14.939 20.485 14.8001 12.2273 11.0216 13.7011 12.1496 10.8975 35.1282 16.6293 10.6347 10.4898 10.5761 10.1161
threshold=0.54606062173843395 0.26713615655899053 0.8760964870452882 4.5000000000000009 0.15218123793601993 8.5000000000000018 0.76100599765777599 7.5000000000000009 1.0000000180025095e-35 30506.500000000004 0.72243767976760875 6573.5000000000009 1.5000000000000002 0.24477025121450427 18.500000000000004 20.500000000000004 122.50000000000001 2.5000000000000004 0.81119626760482799 3.3636350895321825 7.1249962890645113 80080.500000000015 0.63058349490165722 115.50000000000001 114.50000000000001 120.50000000000001 2912.5000000000005 3306.5000000000005 12.399994420002544 129.50000000000003
decision_type=2 2 2 2 2 2 2 2 2 2 2 2 2 2 2 2 2 2 2 2 2 2 2 2 2 2 2 2 2 2
left_child=1 4 5 -4 8 10 7 13 -1 15 -2 12 14 -3 -10 23 -12 -18 20 -20 21 -7 -22 24 -6 -25 -21 28 -24 -15
right_child=2 6 3 -5 9 18 -8 -9 11 -11 16 -13 -14 29 -16 -17 17 -19 19 26 22 -23 27 25 -26 -27 -28 -29 -30 -31
leaf_value=-0.08153966425869684 0.0086044600318743465 -0.02217794125172598 0.010393439540961547 0.024615439776046775 -0.0041331688584040748 0.010485953142295366 0.0054563242199977902 0.0042741067808034537 -0.013887727999334794 -0.00082372540815701695 0.018802474278740957 -0.0041655256454203324 -0.0003150653528133964 -0.00048958585085050296 -0.0060736802597515342 0.020310363438097105 -0.051485202350209591 0.012977448580258753 -0.026977630852919723 -0.056659249242262733 -0.0002711302351506932 -0.012375285485630222 0.021862074522020485 -0.011583018459491709 0.010661301786934653 -0.0032960276335222654 0.015125372911961742 0.0038763753203214404 0.0053504003137196943 -0.015261811824166208
leaf_weight=27.318393665125768 3921.3195108398668 229.21744124964243 2264.7886004777788 1841.8802979711295 27296.383178861623 2437.6128032657962 7502.1109245611369 7444.4888418296177 4732.7255984925514 14816.639496333213 2306.4365732405568 6574.4366917727166 1301.3507277136105 27448.759910644239 2502.8156691614249 161.03401132073486 46.429590024519712 98.447605502675287 47.29437361780947 13.340894801542161 4084.5452717350563 180.18010825003148 455.8761668613879 2982.359671291837 1067.3208025959611 3226.2021623782639 1327.0159206640674 4858.6382609830471 545.16545068658888 299.93015665165149
leaf_count=144346 63361 25437 28941 31062 2352855 27097 119150 169073 1855392 770598 31722 1307167 341022 818136 593460 7628 748 1538 667 227 78662 2199 5575 244397 48867 294309 17441 75549 9900 13253
internal_value=2.83586e-12 -0.00201512 0.00887687 0.0167721 -0.00411983 0.00728142 0.00115675 0.000246143 -0.00732903 -0.00313934 0.0119252 -0.00719487 -0.00952784 -0.000825636 -0.0111848 -0.00412714 0.0172372 -0.00768125 0.00516001 0.0130003 0.00429395 0.00891244 0.00307814 -0.00424097 -0.00357646 -0.00727679 0.0144109 0.00541278 0.0128698 -0.000649256
internal_weight=132042 107613 24429 4106.67 64688.6 20322.3 42924.5 35422.4 15138.6 49549.9 6372.63 15111.3 8536.89 27977.9 7235.54 34733.3 2451.31 144.877 13949.7 1387.65 12562 2617.79 9944.23 34572.3 28363.7 6208.56 1340.36 5859.68 1001.04 27748.7
internal_count=9479779 9105090 374689 60003 7960041 314686 1145049 1025899 4241387 3718654 97369 4097041 2789874 856826 2448852 2948056 34008 2286 217317 18335 198982 29296 169686 2940428 2401722 538706 17668 91024 15475 831389
is_linear=0
shrinkage=0.08


Tree=49
num_leaves=31
num_cat=0
split_feature=2 12 2 0 5 3 5 5 5 3 5 0 2 9 4 7 7 8 3 8 5 8 12 0 5 8 4 2 0 4
split_gain=338.259 73.5203 70.5233 29.2766 28.7865 25.2094 22.6168 20.4341 19.9345 17.4339 16.2963 16.0721 14.4797 14.4471 13.1999 13.933 19.1553 13.3857 13.2146 12.9736 12.3626 14.5118 11.9773 11.8244 11.592 11.042 10.6088 10.0327 9.9174 10.8141
threshold=0.4552139043807984 0.32739856839179998 0.6885775923728944 13.500000000000002 0.10704734176397325 28.500000000000004 0.79679140448570263 0.58428397774696361 0.39415359497070318 7.5000000000000009 0.75467449426651012 12.500000000000002 0.97086149454116832 42.500000000000007 83472.000000000015 7.5000000000000009 4.5000000000000009 7.6666475000532417 29.500000000000004 3.779513107271923 0.50258100032806408 7.9645968766239719 0.47751402854919439 1.5000000000000002 0.22132766991853717 17.599985333346051 3530.0000000000005 0.89564427733421337 1.5000000000000002 1033.5000000000002
decision_type=2 2 2 2 2 2 2 2 2 2 2 2 2 2 2 2 2 2 2 2 2 2 2 2 2 2 2 2 2 2
left_child=1 4 7 10 -1 8 11 24 28 25 14 13 -5 20 15 16 17 -4 -18 -8 21 -3 -22 -10 -2 -9 -26 -12 -6 -30
right_child=2 6 3 12 5 -7 19 9 23 -11 27 -13 -14 -15 -16 -17 18 -19 -20 -21 22 -23 -24 -25 26 -27 -28 -29 29 -31
leaf_value=-0.038090193903916096 -0.040219074839075095 0.00093911804462677728 0.019927374338866499 0.019222504782228457 -0.014981078506899422 -0.00146431278605093 -0.010467800226971176 0.011254940346668666 -0.0064994134115661083 0.0039629173934809655 0.011826111197620623 0.0039906366700187806 0.050289645873225729 -0.0081312728719020819 -0.005987734047415252 0.0052152885592757535 0.026996714609102915 0.005567539687849731 0.0080001418792994723 0.0070678593698285976 -0.002285967982284043 -0.0066748100787535425 0.00062361879781507067 -0.0030715250516843403 0.0031690739022624736 0.00076744804000518374 -0.0040180355725936952 0.022372421367676438 0.0026885088338218111 -0.015309746427326312
leaf_weight=166.77277403654443 45.44452621974051 2425.7906627512712 525.08688770586514 1847.8316603496296 2174.7001776962206 10837.819800820405 293.95842053522938 4143.8492951153385 18058.006596015621 11931.418969866656 1576.021383021598 3954.8628647567821 101.27698547422733 1911.1467176530568 397.42653289169539 3262.4932326616313 768.16829349704494 1989.7769708530977 337.25352909771209 3315.7397851819987 14482.392623823151 4717.9961303668388 24160.46338741784 10010.49597286011 3352.7687685425917 760.42147146456409 2162.0400471122157 910.98651194617378 506.74449416674906 369.39814161614049
leaf_count=268998 1568 81428 6112 31639 978381 1088011 3504 57712 3046176 191618 21739 102125 2172 162831 5777 48171 10054 30315 4485 63463 635170 366343 805866 1104996 69298 18956 48164 13085 112115 99507
internal_value=2.93437e-12 -0.00240138 0.00685563 0.0118847 -0.00491902 -0.00478717 -0.000482291 0.00422469 -0.00594441 0.00561341 0.0100983 -0.00091013 0.0208368 -0.00131648 0.00818837 0.00900693 0.0124238 0.00856578 0.021201 0.00563983 -0.00103203 -0.00408938 -0.000466823 -0.00527687 1.98339e-05 0.00962882 0.000351421 0.0156892 -0.012086 -0.00489989
internal_weight=131499 97386.3 34112.3 11716.3 42123.9 41957.2 55262.4 22395.9 31119.3 16835.7 9767.21 51652.7 1949.11 47697.8 7280.21 6882.78 3620.29 2514.86 1105.42 3609.7 45786.6 7143.79 38642.9 28068.5 5560.25 4904.27 5514.81 2487.01 3050.84 876.143
internal_count=9479779 8918914 560865 173549 6698184 6429186 2220730 387316 5341175 268286 139738 2153763 33811 2051638 104914 99137 50966 36427 14539 66967 1888807 447771 1441036 4151172 119030 76668 117462 34824 1190003 211622
is_linear=0
shrinkage=0.08


Tree=50
num_leaves=31
num_cat=0
split_feature=2 2 2 5 3 5 12 2 6 5 7 7 7 4 5 1 6 3 8 5 8 5 4 0 5 5 6 4 4 5
split_gain=309.655 90.8013 42.1348 25.8268 23.0878 21.9024 21.736 21.4235 18.6165 17.5288 16.8511 19.5097 18.3755 15.4159 14.2935 14.2029 13.8877 13.413 13.2658 13.2196 13.2699 11.8153 13.3074 11.7068 11.5048 29.9942 47.5447 20.4029 13.6144 12.5076
threshold=0.54606062173843395 0.26713615655899053 0.80178570747375499 0.47588364779949194 17.500000000000004 0.65798047184944164 4.5967032909393319 0.022347066551446918 118.50000000000001 0.46399958431720739 20.500000000000004 17.500000000000004 16.500000000000004 20245.000000000004 0.58592963218688976 16.500000000000004 121.50000000000001 12.500000000000002 14.69630551392285 0.75467449426651012 5.5192571333122062 0.35783077776432043 1707.5000000000002 1.0000000180025095e-35 0.60170263051986705 0.60048425197601329 26.500000000000004 72837.500000000015 18390.000000000004 0.6156316101551057
decision_type=2 2 2 2 2 2 2 2 2 2 2 2 2 2 2 2 2 2 2 2 2 2 2 2 2 2 2 2 2 2
left_child=1 3 4 7 9 15 19 23 17 -2 11 12 14 -8 -5 21 -10 -7 -11 20 -4 -3 -23 -1 25 27 28 -16 -27 -26
right_child=2 5 6 10 -6 8 13 -9 16 18 -12 -13 -14 -15 24 -17 -18 -19 -20 -21 -22 22 -24 -25 29 26 -28 -29 -30 -31
leaf_value=-0.081378546380502903 -0.0057294950850546242 -0.010554041974500907 0.02432935293848951 -0.0050878479370453956 0.0031901629810180631 0.0061248596871715877 0.017760395663668535 -0.0067363808860921035 -0.0085205687060762904 0.011721587240934105 0.024644713744083196 -0.0070588565125883473 0.010443206124801102 0.038449868167054008 -0.0029035555373897403 0.0029922107966952028 0.0026747730711544292 0.0017253334214499736 0.0053548921720160125 0.01874157872532441 0.0075859504896769493 0.0020660799490966704 -0.0028913534046124353 -0.023141310866043884 -0.0080486399523198165 0.0014133846332928912 0.0097485362770205683 0.022119181479092375 0.10203076794614548 -0.0018367418509492798
leaf_weight=23.768934105279186 497.9968674368447 940.61237166626779 336.41128859219498 12038.690832282213 8217.4197283983922 8605.1973060040036 686.48707334170922 9996.3911254902632 1469.6176833129284 6483.4895656522003 140.35131883819122 6975.6025825923134 689.10490523456247 346.99353067888387 1718.1097946629598 5050.6550104198977 1370.4280326162116 9151.6857692708836 3094.0884567169705 1300.9170657603263 3044.9101882609593 5060.2078115154291 10995.869888730527 312.96337724915429 2230.3699247239419 10.139261355885536 216.73716218025947 237.35669630626217 56.938234897126677 29675.81237886368
leaf_count=144346 10548 71534 4333 1670281 127768 162780 12546 2297487 36238 85354 8207 857859 70071 6473 190938 133161 27429 182062 63754 19994 43919 166867 364978 351807 243660 951 21634 16545 4081 2082174
internal_value=-3.13768e-11 -0.00184287 0.00821058 -0.00374072 0.00633723 0.00101974 0.0142062 -0.00740494 0.00289553 0.00890391 -0.00303941 -0.00311157 -0.00252414 0.0247069 -0.00271762 -0.000732641 -0.0031184 0.0038574 0.00966479 0.0118884 0.00925177 -0.0018395 -0.00132898 -0.0272521 -0.00188195 0.00366107 0.0279642 0.000133732 0.0868217 -0.00227098
internal_weight=130975 106967 24008.7 64322.3 18293 42644.3 5715.72 10333.1 20596.9 10075.6 53989.2 53848.9 46873.3 1033.48 46184.2 22047.3 2840.05 17756.9 9577.58 4682.24 3381.32 16996.7 16056.1 336.732 34145.5 2239.28 283.815 1955.47 67.0775 31906.2
internal_count=9479779 9105090 374689 7960041 287424 1145049 87265 2793640 408509 159656 5166401 5158194 4300335 19019 4230264 736540 63667 344842 149108 68246 48252 603379 531845 496153 2559983 234149 26666 207483 5032 2325834
is_linear=0
shrinkage=0.08


Tree=51
num_leaves=31
num_cat=0
split_feature=2 12 2 0 2 5 3 5 0 0 5 5 8 7 0 7 7 4 4 4 5 4 9 3 6 3 7 7 8 6
split_gain=281.929 61.5989 58.169 26.0755 27.9283 23.1485 22.2457 18.6758 17.8094 16.3843 17.1882 15.29 14.0322 15.1172 12.9317 12.8384 13.7536 12.49 23.5828 16.5131 20.2748 13.3287 12.284 11.3932 11.8174 10.8039 10.5458 27.3433 16.6672 13.5805
threshold=0.4552139043807984 0.32739856839179998 0.6885775923728944 4.5000000000000009 0.92365968227386486 0.10704734176397325 28.500000000000004 0.79679140448570263 2.5000000000000004 1.5000000000000002 0.4206009060144425 0.83056166768074047 10.266661533336187 4.5000000000000009 12.500000000000002 8.5000000000000018 15.500000000000002 137481.00000000003 83472.000000000015 102441.50000000001 0.69076326489448558 93473.500000000015 40.500000000000007 9.5000000000000018 16.500000000000004 7.5000000000000009 8.5000000000000018 6.5000000000000009 9.5999856000240023 39.500000000000007
decision_type=2 2 2 2 2 2 2 2 2 2 2 2 2 2 2 2 2 2 2 2 2 2 2 2 2 2 2 2 2 2
left_child=1 5 8 -4 11 -1 9 14 15 10 -7 23 13 25 22 -2 -17 18 -14 20 -20 -22 26 24 -5 -10 27 -3 29 -29
right_child=2 7 3 4 -6 6 -8 -9 12 -11 -12 -13 17 -15 -16 16 -18 -19 19 -21 21 -23 -24 -25 -26 -27 -28 28 -30 -31
leaf_value=-0.035187836903760351 0.0035027840512839546 -0.0010932526084117963 0.006354285416739618 -0.015725086701196045 0.024708542526409742 -0.012802106017853093 -0.0012629164472475335 0.0051515123833282507 0.010925301441683539 -0.0029745692704197984 -0.0059147007204569373 0.023630635701459544 0.0029849095711489181 0.011358195742261757 0.0035942907882728892 -0.012951360949318718 -0.00030874551327323687 0.010256501547251136 -0.0030669202282204073 -0.0011057777142625352 -0.03624929326645443 -0.096696479466627211 -0.0070689228615266947 0.0070889782428958294 0.016330401058233801 0.0001060555854331518 -0.0022844963122404045 -0.0003763916762218557 0.00027155229350794336 0.012923620757635611
leaf_weight=156.75023474836053 3839.8722400213828 20586.119412564061 4717.6175267993458 76.734416642400902 1286.6189488717082 2675.4284613551645 10809.592446176801 3586.3597231704189 870.90338133719342 10854.611129266828 17406.069390655888 603.52750185818877 7063.6378286865074 3925.3321705916842 3923.3231400782824 741.52287131211779 2140.0999175379984 1394.7903725283104 67.772446234012023 167.97120488050859 59.44368289259728 38.445553734898567 2166.9778317170858 3016.9253650325027 1803.94518466507 1835.9362047824579 19853.896653216114 644.98709762515682 2110.1184424255043 2062.7572022424629
leaf_count=268998 65631 823265 63979 1208 21869 1154116 1088011 66967 11173 1316618 2870441 9685 151466 48184 102125 18535 39335 22098 1574 3353 1348 950 182800 47741 29067 23669 887999 15776 97902 43896
internal_value=-4.34025e-12 -0.00219206 0.00630805 0.0109226 0.0140977 -0.00450231 -0.00438709 -0.000429874 0.00391065 -0.00547873 -0.0068323 0.011616 0.00540827 0.0081865 -0.0008197 0.000473967 -0.00356205 0.00331254 0.00200322 -0.0187809 -0.0367025 -0.0599897 -0.00118486 0.0101354 0.0150225 0.00358706 -0.000903123 0.000176457 0.00560176 0.00975555
internal_weight=130488 96837 33651.1 11505.4 6787.75 41902.5 41745.7 54934.5 22145.7 30936.1 20081.5 5501.13 15424.2 6632.17 51348.2 6721.5 2881.62 8792.06 7397.27 333.633 165.662 97.8892 47424.9 4897.6 1880.68 2706.84 45257.9 25404 4817.86 2707.74
internal_count=9479779 8918914 560865 173549 109570 6698184 6429186 2220730 387316 5341175 4024557 87701 263815 83026 2153763 123501 57870 180789 158691 7225 3872 2298 2051638 78016 30275 34842 1868838 980839 157574 59672
is_linear=0
shrinkage=0.08


Tree=52
num_leaves=31
num_cat=0
split_feature=2 12 12 5 2 5 3 5 12 2 12 0 7 4 12 5 0 7 12 7 8 8 4 5 5 5 7 7 7 5
split_gain=259.539 76.0653 37.3334 22.8142 22.6284 22.3932 21.949 20.7914 17.5979 16.6131 16.5803 14.7565 13.7747 13.7272 18.0938 13.6234 12.1077 11.3831 11.6505 10.6197 10.5969 10.3106 9.99816 12.593 12.2821 14.2622 9.96804 9.91952 9.88673 11.7398
threshold=0.54606062173843395 0.47751402854919439 1.8400000929832461 0.17647051066160205 0.8760964870452882 0.54349327087402355 28.500000000000004 0.81119626760482799 0.20835042744874957 0.30094340443611151 4.5967032909393319 38.500000000000007 17.500000000000004 320.50000000000006 0.015170694794505836 0.79679140448570263 28.500000000000004 20.500000000000004 0.037239471450448043 13.500000000000002 5.2307662130196872 2.8523955664906531 6257.5000000000009 0.37723660469055181 0.69174146652221691 0.69076326489448558 20.500000000000004 16.500000000000004 6.5000000000000009 0.81396234035491954
decision_type=2 2 2 2 2 2 2 2 2 2 2 2 2 2 2 2 2 2 2 2 2 2 2 2 2 2 2 2 2 2
left_child=1 3 7 13 11 -3 8 22 17 -7 -6 19 16 14 -1 26 27 18 -5 28 -16 -17 23 -2 25 -24 -8 -11 -4 -30
right_child=2 5 4 6 10 9 15 -9 -10 12 -12 -13 -14 -15 20 21 -18 -19 -20 -21 -22 -23 24 -25 -26 -27 -28 -29 29 -31
leaf_value=-0.080168229445320635 -0.010617949399567204 -0.002981610204395615 0.0076678920780454901 -0.016671697717764708 0.013756248698472565 -0.00066587036934689166 -0.0015588589182143552 0.014342859340999997 -0.0029345548316541525 0.0031056999876633178 0.028405679418254341 0.023998580059076634 -0.0025889297750471218 -0.037383355411942647 0.029444010016431738 -0.027294900467286744 0.01533274913897311 0.017317625833497094 -0.0059501228328814092 0.0044087628892331386 -0.011691899590478113 0.010977154905020579 -0.0012851281135276688 0.007194396972417162 0.0049693457313186038 -0.034920133135894024 0.03908613511480824 0.024472528435437284 0.015554770513626649 -0.091227301217947726
leaf_weight=21.618292199924326 269.6446061818915 8195.2227585241199 3188.5196122606167 672.72536613807461 2411.7619030373298 12979.721537055259 15905.420291536429 1226.8315108524475 24936.208752614242 20716.499481923001 621.97802940280053 386.04909312885138 2620.0132211511991 193.19119432856314 49.218394920870196 47.686476601287723 544.5518604288809 131.14226748840883 18119.634476121348 3209.3565215588096 215.83459384229354 814.98105067183496 3164.7789660005146 4383.8316127135586 2980.2254761536406 82.794122059829533 38.710729629674461 139.99595408514142 1743.4844214467421 6.6143762134015551
leaf_count=147027 6085 345515 53678 455508 35162 555421 1309516 16203 1689740 434367 12229 5986 65952 154130 12385 746 8843 16995 3741766 53576 143329 18934 53063 69442 41338 1377 2091 2825 26422 128
internal_value=1.38311e-11 -0.00168651 0.00757511 -0.00352599 0.0108252 0.00080215 -0.00338855 0.00447004 -0.00433051 0.00164021 0.0167597 0.00871561 0.00288629 -0.0209009 -0.0097932 -0.000930378 0.00355659 -0.00617002 -0.00633393 0.00799151 -0.00405326 0.00886155 0.0033569 0.00616226 0.00126071 -0.00214262 -0.00146018 0.00324912 0.0103198 0.0151512
internal_weight=130018 106342 23675.9 61146.4 11567.8 45196 60666.5 12108.1 43859.7 37000.8 3033.74 8534.02 24021.1 479.862 286.671 16806.8 21401 18923.5 18792.4 8147.97 265.053 862.668 10881.3 4653.48 6227.8 3247.57 15944.1 20856.5 4938.62 1750.1
internal_count=9479779 9105090 374689 7692167 187181 1412923 7235296 187508 5904009 1067408 47391 139790 511987 456871 302741 1331287 446035 4214269 4197274 133804 155714 19680 171305 75527 95778 54440 1311607 437192 80228 26550
is_linear=0
shrinkage=0.08


Tree=53
num_leaves=31
num_cat=0
split_feature=2 2 0 2 7 4 2 5 3 6 1 5 4 0 6 8 4 0 3 5 5 6 5 8 5 6 5 4 4 5
split_gain=239.05 72.624 38.6073 32.5488 22.8139 24.1436 23.5961 18.3808 17.908 16.3185 15.1952 13.8976 14.1187 13.4419 13.1026 12.616 14.9174 12.6055 13.7223 15.2964 11.5741 11.4792 11.4411 11.1496 11.1276 11.0351 13.8825 36.6212 11.0318 10.9994
threshold=0.57294833660125744 0.27334994077682501 3.5000000000000004 0.8896499276161195 20.500000000000004 15436.500000000002 0.031088917516171936 0.74265706539154064 4.5000000000000009 117.50000000000001 5.5000000000000009 0.71551167964935314 6257.5000000000009 1.0000000180025095e-35 122.50000000000001 10.044946095843548 253302.00000000003 1.5000000000000002 19.500000000000004 0.29576784372329717 0.7119525969028474 83.500000000000014 0.37723660469055181 14.249989609382732 0.62306672334671032 51.500000000000007 0.63058349490165722 63017.500000000007 572.50000000000011 0.79679140448570263
decision_type=2 2 2 2 2 2 2 2 2 2 2 2 2 2 2 2 2 2 2 2 2 2 2 2 2 2 2 2 2 2
left_child=1 4 11 8 5 6 13 10 -4 29 -3 12 22 -1 -13 21 -17 18 19 -8 -14 25 -2 -15 -5 -7 27 -27 -19 -10
right_child=2 7 3 24 -6 15 17 -9 9 -11 -12 14 20 23 -16 16 -18 28 -20 -21 -22 -23 -24 -25 -26 26 -28 -29 -30 -31
leaf_value=-0.081145307588164184 -0.0125380123789775 -0.0023818709318714571 0.017767932866019236 0.010235178893220561 0.019326147763972339 -0.0022891948265067459 -0.019521671585777504 0.004111019629926169 0.0075079253026885222 -0.00067931177677353356 0.001282509987861867 0.010137288121137223 -0.002135707788860752 -0.010388358700883281 -0.013683204208313305 -0.00014706577482748886 0.010893709800566956 0.001595168389469655 -0.0032466799485361226 -0.0067563104252464333 -0.037348014289371435 0.00045803673543640149 0.0063077135306210032 -0.029041259418859666 0.022600604335663025 -0.0085181030146827749 -0.012196903444016883 0.021236664597443205 -0.0035403105346715619 0.01547394083440373
leaf_weight=18.89965236124408 221.98011133607542 10555.155948105392 1206.2690289892435 651.93274249384149 285.91552611999941 5634.3345205334226 639.79979048647147 9539.7830036754385 7099.2706721680952 1364.3049805201881 23076.073661710318 2219.0954262334635 2649.1522719607492 1326.2224090494274 158.33164446981391 9776.5865140548412 851.4110294028942 3203.5683922734424 8768.1596320194076 9846.5699460322503 61.120148516693007 4349.1749497280434 2894.5079786265032 242.60992655990412 1630.9974161793093 1268.3059350291151 2097.0141487321234 334.55802807616419 16290.331843137319 1314.8037743412933
leaf_count=144346 5235 395361 18080 10238 26289 268922 321987 157039 113788 23114 594185 27865 43590 863288 2398 1069742 34700 307911 1181958 1634163 1080 232357 47162 303112 27265 111261 119341 17816 1356403 19783
internal_value=2.30083e-12 -0.00153138 0.0077101 0.0103776 -0.0032221 -0.00332182 -0.00452207 0.00101162 0.00857124 0.00743673 0.000132445 0.00339621 0.001293 -0.0140808 0.00855089 -0.00133043 0.000737413 -0.0041304 -0.00558226 -0.00753516 -0.00292979 -0.00293654 0.00496538 -0.0132729 0.0190694 -0.0045182 -0.00791262 -0.00230753 -0.00269636 0.00875271
internal_weight=129576 108104 21471.8 13267.6 64933.5 64647.5 40336.2 43171 10984.6 9778.38 33631.2 8204.19 5826.76 1587.73 2377.43 24311.4 10628 38748.4 19254.5 10486.4 2710.27 13683.4 3116.49 1568.83 2282.93 9334.21 3699.88 1602.86 19493.9 8414.07
internal_count=9479779 9140181 339598 212268 7993596 7967307 6113168 1146585 174765 156685 989546 127330 97067 1310746 30263 1854139 1104442 4802422 3138108 1956150 44670 749697 52397 1166400 37503 517340 248418 129077 1664314 133571
is_linear=0
shrinkage=0.08


Tree=54
num_leaves=31
num_cat=0
split_feature=2 2 12 0 2 3 5 3 4 8 4 5 3 8 5 5 12 5 7 7 6 8 4 6 5 8 12 7 0 5
split_gain=216.668 45.7803 45.5691 21.8034 21.4583 20.3273 17.2576 17.1581 12.7745 15.3976 16.5239 12.0475 11.5314 11.4916 11.3707 11.2306 10.8144 9.43125 9.2834 8.99192 8.95305 8.86972 14.4885 14.4544 8.84264 14.781 11.2516 8.83563 8.78402 8.65366
threshold=0.46720430254936224 0.6885775923728944 0.41761474311351782 4.5000000000000009 0.92980295419693004 28.500000000000004 0.4206009060144425 8.5000000000000018 39079.500000000007 9.1333287666692051 148.50000000000003 0.38895379006862646 9.5000000000000018 5.2307662130196872 0.71393844485282909 0.83056166768074047 0.037239471450448043 0.41055466234683996 20.500000000000004 18.500000000000004 12.500000000000002 10.217667134980589 147804.00000000003 25.500000000000004 0.76478019356727611 5.2307662130196872 0.069236963987350478 12.500000000000002 15.500000000000002 0.15310718119144442
decision_type=2 2 2 2 2 2 2 2 2 2 2 2 2 2 2 2 2 2 2 2 2 2 2 2 2 2 2 2 2 2
left_child=2 7 5 17 12 6 16 14 9 10 -4 -9 19 28 -2 29 -1 27 20 -5 -12 23 -23 -13 -8 -26 -27 -3 -10 -7
right_child=1 3 8 4 -6 15 24 11 13 -11 18 21 -14 -15 -16 -17 -18 -19 -20 -21 -22 22 -24 -25 25 26 -28 -29 -30 -31
leaf_value=-0.025175011566448156 0.004241307486663291 0.0053631423684662232 0.015547149154406217 0.017006653446860837 0.022446689910001569 -0.028226617415991462 -0.0041737760457470751 -0.012240403657337858 -0.0074378579171522708 -0.0023301484904062757 -0.01165558419089789 -0.0028077199295918637 0.0076627192170729795 0.003129379731564322 0.011006307705492395 0.01034935066134368 -0.0080259789930247714 0.0062257504907258935 0.041350063962264053 -0.00066367671004543855 0.0010473813696651865 -0.00078779349639464236 0.0096365996022151415 0.0066324109837159907 -0.0099856052754247731 0.03493776118991998 0.0017034264228200447 -0.036030134310020237 0.023583063518128781 -0.0011978820797449116
leaf_weight=248.89106538183478 4203.5498125930626 65.581569659406341 505.42393451806856 1877.0969575621339 1199.5129316632383 76.197824962597224 31816.29800511014 374.98703989489695 994.17557764029698 16989.481376444484 366.45337136473972 1326.7222332375213 3288.8338009047866 10761.79199357485 2557.614693861291 545.60943866198068 4324.1025321646848 4505.489627349556 35.982589418999851 204.37455100532679 11453.278309674668 6857.2327816535253 974.57582308922429 4771.0761538901124 769.12625358160585 66.668343965633539 2952.3227279132116 66.437354295951081 62.067569090053439 14907.161383989471
leaf_count=361191 79572 1174 12311 31513 21160 78286 4184817 10828 16279 853371 10153 17051 53440 331430 36860 10737 1344257 61541 536 3457 268037 153684 14823 60540 23506 15752 146546 1264 791 1274872
internal_value=-5.2345e-12 0.00567714 -0.00189129 0.00980805 0.0127727 -0.00338288 -0.00433296 0.00347942 0.000127025 -0.00076719 0.00138098 0.00190975 0.0106119 0.00234785 0.00680037 -0.000924796 -0.00895934 0.00560819 0.00077706 0.0152716 0.000653545 0.00229067 0.000509399 0.00457848 -0.00373875 -8.4972e-05 0.00243734 -0.0154677 -0.00561499 -0.00133534
internal_weight=129148 32273.1 96875 11207.3 6569.82 55706.4 40177.4 21065.8 41168.7 29350.6 12361.1 14304.6 5370.31 11818 6761.16 15529 4572.99 4637.51 11855.7 2081.47 11819.7 13929.6 7831.81 6097.8 35604.4 3788.12 3018.99 132.019 1056.24 14983.4
internal_count=9479779 546907 8932872 173549 109570 7439964 6076069 373358 1492908 1144408 291037 256926 88410 348500 116432 1363895 1705448 63979 278726 34970 278190 246098 168507 77591 4370621 185804 162298 2438 17070 1353158
is_linear=0
shrinkage=0.08


Tree=55
num_leaves=31
num_cat=0
split_feature=2 2 12 5 0 2 5 0 3 0 4 4 7 7 6 7 6 4 5 4 3 5 6 2 7 8 4 0 8 6
split_gain=200.209 55.8863 28.3616 20.079 17.7185 16.6056 16.1304 15.9792 15.9151 16.2376 14.5841 14.357 13.1822 17.1789 13.7967 20.947 20.9095 15.905 17.8259 14.3793 20.7669 13.1501 12.8664 12.659 12.3578 11.8016 11.6283 11.3644 11.319 11.0281
threshold=0.54606062173843395 0.20722186565399173 1.6666666865348818 0.51803904771804821 38.500000000000007 0.8760964870452882 0.70135679841041576 15.500000000000002 28.500000000000004 1.5000000000000002 6740.5000000000009 1671.5000000000002 17.500000000000004 18.500000000000004 115.50000000000001 6.5000000000000009 120.50000000000001 147804.00000000003 0.73315289616584789 83472.000000000015 28.500000000000004 0.7187756896018983 35.500000000000007 0.015749008394777778 20.500000000000004 11.124989570323367 14682.500000000002 4.5000000000000009 4.7886747338454745 17.500000000000004
decision_type=2 2 2 2 2 2 2 2 2 2 2 2 2 2 2 2 2 2 2 2 2 2 2 2 2 2 2 2 2 2
left_child=1 8 6 11 5 25 -2 12 9 10 23 -3 14 -14 15 17 -16 18 -5 -20 -21 26 28 -1 -13 -4 -7 -28 29 -17
right_child=2 3 4 7 -6 21 -8 -9 -10 -11 -12 24 13 -15 16 22 -18 -19 19 20 -22 -23 -24 -25 -26 -27 27 -29 -30 -31
leaf_value=-0.026880650465561668 0.0012391864013091109 -0.00025556170384253315 0.0099842251518257961 -0.00076545708764494413 0.025155415549991719 0.013347058254913145 0.0077997717680106495 0.0061888097639678057 -0.00067876760383031034 -0.0026239803677420011 -0.0035977261258816392 -0.0069880571610855318 -0.021172806982346078 -0.0021286105046294888 -0.0076201482094013584 -0.031919805629241814 0.0013193191160203292 0.0040924429840505459 -0.0081689032408006693 -0.056897540936153367 0.011128093115013062 0.020550852094158936 0.0051736732715517595 -0.0076324266961859035 0.044370958545163 0.0042647909254181623 -0.012453370925742424 0.011619329016622255 -0.0022834940157182059 0.017206429631486449
leaf_weight=223.90934985372223 6611.2107173560871 4892.4777821214593 4403.7611584871811 12309.616399259841 432.84820128633146 1485.8139940499136 3764.0894168234008 3385.828974397853 10384.121943122213 19976.811564028321 9002.8748436186142 4196.492717921712 323.64448586827893 4786.10113539146 2778.6868902503411 32.122343801427633 4214.238332674664 4215.3081683111741 745.04122114552592 95.385627722600475 41.095783408964053 1145.3998593727092 11436.984994853421 9354.6146992780159 30.199699914082885 4853.9332901162561 257.76817509180546 244.61469959471879 2819.2264102680492 326.49833176808897
leaf_count=342327 112385 268771 58828 368059 7415 22590 51030 69949 1154584 1978078 1400597 226388 13361 158153 88199 647 125470 73078 16038 3121 1056 19230 281114 2437882 643 95444 3504 4263 92890 4685
internal_value=-2.33962e-11 -0.00147873 0.00672911 0.000232438 0.00924506 0.00868929 0.00361932 0.000892414 -0.00345865 -0.0042073 -0.00590952 -0.00320596 0.000485998 -0.00333484 0.000986419 0.00168945 -0.00223284 -0.000185428 -0.00155245 -0.012542 -0.0364144 0.013723 0.00392246 -0.00808238 -0.0066211 0.00698545 0.00978948 -0.000732159 -0.000580631 0.0128061
internal_weight=128771 105571 23199.4 56628.9 12824.1 12391.3 10375.3 47509.8 48942.3 38558.2 18581.4 9119.17 44124 5109.75 39014.2 32021.3 6992.93 17406.4 13191.1 881.523 136.481 3133.6 14614.8 9578.52 4226.69 9257.69 1988.2 502.383 3177.85 358.621
internal_count=9479779 9105090 374689 1791622 211274 203859 163415 1295820 7313468 6158884 4180806 495802 1225871 171514 1054357 840688 213669 461352 388274 20215 4177 49587 379336 2780209 227031 154272 30357 7767 98222 5332
is_linear=0
shrinkage=0.08


Tree=56
num_leaves=31
num_cat=0
split_feature=2 2 0 2 7 4 5 2 8 4 3 0 6 5 6 6 6 5 4 0 3 5 4 5 4 6 5 8 5 8
split_gain=182.975 55.8738 29.24 26.4774 18.2799 18.043 16.5008 16.4599 15.4399 14.9881 14.3266 13.5654 12.8913 11.7777 10.7709 41.7462 17.9814 12.0521 11.7141 10.4193 12.3413 12.4777 11.005 10.1634 11.1676 9.8583 9.74377 9.62705 9.553 25.2156
threshold=0.57294833660125744 0.28292356431484228 3.5000000000000004 0.8896499276161195 20.500000000000004 30506.500000000004 0.47666649520397192 0.015749008394777778 7.4285634693972318 1033.5000000000002 4.5000000000000009 15.500000000000002 117.50000000000001 0.23770491033792499 115.50000000000001 114.50000000000001 120.50000000000001 0.63058349490165722 25204.500000000004 1.5000000000000002 29.500000000000004 0.30066822469234472 3306.5000000000005 0.71551167964935314 3383.0000000000005 122.50000000000001 0.62306672334671032 5.2307662130196872 0.50011590123176586 2.4999980654776968
decision_type=2 2 2 2 2 2 2 2 2 2 2 2 2 2 2 2 2 2 2 2 2 2 2 2 2 2 2 2 2 2
left_child=1 4 23 10 5 7 9 -1 -7 -3 -4 -8 -12 -11 15 19 -16 -18 -19 20 21 -9 -21 24 -2 -25 -5 -15 29 -26
right_child=2 6 3 26 -6 8 11 14 -10 13 12 -13 -14 27 16 -17 17 18 -20 22 -22 -23 -24 25 28 -27 -28 -29 -30 -31
leaf_value=-0.022077242736914998 0.0054836797052982425 0.00094687862938005497 0.015897612305791821 0.0087653211230086774 0.017224332677984452 -0.0042081101901865169 0.00098861937771676785 -0.015523769905965185 0.00084415544594140161 -0.049695299427554643 0.0076972810695207011 0.0063779619597026521 -0.00078688473653705125 0.0060567204429079749 -0.010283475890827991 0.010880430878260763 -0.0046234840544697661 0.0034967779558392545 0.039249163158088428 -0.00010962469334422999 -0.0017551507997570423 -0.0055762537529959969 -0.0040210536085472544 0.0088855002761262149 0.11531587427934112 -0.012215730771732259 0.020548280117688104 -0.0099817290994326773 -0.00052149521633092341 -0.022373676453368855
leaf_weight=310.67258494208363 2358.4784122895799 2072.5398486416379 1169.8803184094595 629.3459805531661 290.2394910324947 5643.5940715058387 34770.889534932154 864.87865213438636 12327.04751525115 43.847581168782199 8262.2741998577731 3270.2295454304258 1330.8113333085348 277.48052571094013 3779.8198144673988 1330.7584625173185 3638.4366059606218 661.39437043438375 64.358685831597541 8625.1347214127527 5633.7257409886442 12064.463725857546 9873.5755493829347 2175.4962942501434 8.8440097595885145 151.57137972907367 1568.7695519541735 1751.0145447388641 3182.2195087567775 226.96124355899656
leaf_count=454346 40112 101208 18080 10238 26311 231043 861141 516829 942322 6187 133571 64363 23114 6381 450839 80897 552500 53410 5159 819104 707548 2350927 819946 27865 66 2398 27265 89720 51327 5562
internal_value=-1.51694e-11 -0.00133833 0.00681684 0.00917362 -0.00280784 -0.00289754 0.000929656 -0.00372422 -0.000742484 -0.00386358 0.00753957 0.00145192 0.00652031 -0.00867451 -0.00360169 -0.00304114 -0.00624424 -0.00274587 0.00666725 -0.00354102 -0.00488005 -0.00624167 -0.00219733 0.00304734 0.00124912 0.00751109 0.0171747 -0.00778781 -0.00167278 -0.0172096
internal_weight=128359 107294 21064.7 12961.1 65108.1 64817.9 42186 46847.2 17970.6 4144.88 10763 38041.1 9593.09 2072.34 46536.5 38392.5 8144.01 4364.19 725.753 37061.8 18563.1 12929.3 18498.7 8103.57 5776.5 2327.07 2198.12 2028.5 3418.02 235.805
internal_count=9479779 9140181 339598 212268 8011181 7984870 1129000 6811505 1173365 203496 174765 925504 156685 102288 6357159 5295251 1061908 611069 58569 5214354 3575304 2867756 1639050 127330 97067 30263 37503 96101 56955 5628
is_linear=0
shrinkage=0.08


Tree=57
num_leaves=31
num_cat=0
split_feature=2 12 0 2 5 5 3 3 2 5 4 0 8 0 8 4 8 7 0 5 4 8 8 5 5 9 4 2 4 5
split_gain=165.939 50.933 25.7243 24.3998 16.6643 16.1492 15.9421 12.6491 12.3368 11.7347 10.5129 10.4561 9.76414 9.35515 9.2982 9.24599 16.6714 12.8791 9.21183 9.17741 9.42927 9.15463 8.77076 8.99972 8.59835 8.3386 8.23062 7.89725 7.68532 7.39136
threshold=0.57294833660125744 0.47751402854919439 3.5000000000000004 0.8896499276161195 0.51416715979576122 0.83294382691383373 23.500000000000004 8.5000000000000018 0.30094340443611151 0.29576784372329717 1033.5000000000002 28.500000000000004 10.708814975921735 4.5000000000000009 9.1333287666692051 6147.0000000000009 6.4761884202578086 5.5000000000000009 1.0000000180025095e-35 0.7187756896018983 6257.5000000000009 2.8523955664906531 9.4429462866200904 0.36119444668293005 0.33895458281040197 14.500000000000002 6257.5000000000009 0.62563130259513866 28.500000000000004 0.50011590123176586
decision_type=2 2 2 2 2 2 2 2 2 2 2 2 2 2 2 2 2 2 2 2 2 2 2 2 2 2 2 2 2 2
left_child=1 5 19 7 22 6 9 -4 -6 10 18 12 -10 -11 -5 -8 17 -17 -1 20 21 -2 29 -24 -23 26 -19 -9 -20 -3
right_child=2 4 3 14 8 -7 15 27 11 13 -12 -13 -14 -15 -16 16 -18 25 28 -21 -22 24 23 -25 -26 -27 -28 -29 -30 -31
leaf_value=-0.080996854246190256 0.027992256032757928 0.0018252337027033546 0.010889133198339025 0.024788897484905047 -0.00065272735732771047 0.0068498892231391006 -0.0029868896873424633 -0.0002956792572448769 0.0035907231134290987 -0.0039707700294868715 -0.021899794318914551 0.012142006715582057 0.00049730013522469678 0.0011442539491306365 0.013171863128338302 -0.0099658812175335044 0.0023574537614994332 0.056472537954633813 0.012925111338205531 0.0072920950149244733 -0.0021652557782284383 -0.016335830786765988 -0.01622354794141076 -0.004238937372216629 0.004425006839849757 0.018226663118804803 -0.0022799770311061015 0.0064787386999550309 -0.0085700450682087113 -0.011228405592995535
leaf_weight=10.512788882169842 100.96123031170055 2331.9164447045769 3778.5349582571234 616.14976837474933 13682.574408739303 1088.8368656034436 9075.4333005848239 1373.9791265794993 13077.547426982805 36009.266597217516 411.9316195135907 673.44857326839701 13043.820206645411 2443.7196673630388 1550.7398086453904 1474.3267015285892 7852.9288033388148 15.488194658886639 122.98091257559281 2264.449917293492 2704.246757162507 133.62478067271877 463.58354129490908 2971.2204713875835 2867.3811681785164 159.27305284020258 1036.524950079438 5549.6606463604039 792.13537189409908 315.12978758581448
leaf_count=97476 1219 59277 62256 10925 603006 29048 1068556 23388 204872 4974113 233129 11481 364560 160163 26578 50470 590064 479 59653 29566 45078 3390 33365 163413 48077 10843 34285 89121 383888 8040
internal_value=2.98167e-11 -0.00127397 0.00651307 0.0087336 0.00071506 -0.00280485 -0.00298181 0.00716616 0.00130173 -0.00390193 -0.0112681 0.00229976 0.00204601 -0.00364571 0.0164751 -0.00111517 0.000496689 -0.00494433 -0.00653674 0.00297233 0.0012876 0.00429774 -0.00318947 -0.00585646 0.0035006 0.0011677 -0.001415 0.00513437 -0.00568135 0.000271203
internal_weight=127992 107053 20939.7 12869.1 46559.2 60493.4 59404.5 10702.2 40477.4 39790.5 1337.56 26794.8 26121.4 38453 2166.89 19614 10538.5 2685.61 925.629 8070.66 5806.21 3101.97 6081.85 3434.8 3001.01 1211.29 1052.01 6923.64 915.116 2647.05
internal_count=9479779 9140181 339598 212268 1448014 7692167 7663119 174765 1183919 5908422 774146 580913 569432 5134276 37503 1754697 686141 96077 541017 127330 97764 52686 264095 196778 51467 45607 34764 112509 443541 67317
is_linear=0
shrinkage=0.08


Tree=58
num_leaves=31
num_cat=0
split_feature=2 12 2 2 12 2 3 0 8 5 7 4 8 4 4 4 5 0 2 1 8 5 0 12 1 5 5 4 8 5
split_gain=150.525 34.8669 31.5983 18.8238 16.3983 14.2279 13.6571 13.7761 13.3748 13.1727 12.5404 12.4824 14.9428 11.5403 22.7536 30.4424 12.4978 12.9346 11.4703 11.9919 11.1195 10.3155 9.83528 9.89598 10.7549 9.47342 8.41833 15.3245 8.30529 7.57872
threshold=0.46720430254936224 1.1135624051094057 0.20722186565399173 0.8760964870452882 3.8344298601150517 1.0000000180025095e-35 18.500000000000004 1.5000000000000002 10.54544735537735 0.50829836726188671 7.5000000000000009 39079.500000000007 6.0050498984798084 137481.00000000003 93473.500000000015 102441.50000000001 0.69076326489448558 14.500000000000002 0.013423423748463394 77.500000000000014 14.481808194509096 0.83294382691383373 3.5000000000000004 0.33333332836627966 17.500000000000004 0.4206009060144425 0.66731697320938121 14682.500000000002 8.9999737500781265 0.35344369709491735
decision_type=2 2 2 2 2 2 2 2 2 2 2 2 2 2 2 2 2 2 2 2 2 2 2 2 2 2 2 2 2 2
left_child=2 9 5 8 26 -1 7 25 29 10 -2 20 -13 14 -10 16 -16 -18 19 -8 22 -11 -4 24 -24 -7 27 -5 -23 -3
right_child=1 3 11 4 -6 6 18 -9 13 21 -12 12 -14 -15 15 -17 17 -19 -20 -21 -22 28 23 -25 -26 -27 -28 -29 -30 -31
leaf_value=-0.080955518583821107 0.0031942802479387089 -0.014294466705370875 -0.0013900543910846264 0.0087518852362393606 0.021320471325814175 -0.010837681530375141 0.77027872335812164 -0.0024227024711712996 0.0030787420482959287 0.0011140436135205648 -0.013639557923166033 -0.0045184006855875395 0.0031154086336843702 0.009787634134462795 -0.014679904809063546 -0.0049615285919422719 -0.076457586734834534 -0.20128726273561617 -0.0011061831640306345 0.12633638083761869 -0.0035226948522023272 -0.0042856096414438096 -0.088744161388067497 0.0016091299328249314 0.053318362566432603 -0.0049284108752670145 0.012927508400164954 -0.011606373266377602 0.021417441273923119 0.0081032621507982523
leaf_weight=14.98243982286658 458.12371986138169 97.836281506784871 15650.128022645884 1063.3012693925625 865.43957297048337 2009.0721532863536 0.21045719645553518 17687.632438407036 8688.5933340645279 7455.0421345511641 741.8479106076411 1923.4557775043577 11178.632311207301 1607.9054137151106 17.701758789015003 167.37950698053464 36.512417817721143 6.217067605117335 16166.289849732755 1.5353636473009826 7986.2411408575717 111.37428809050471 3.7460294775664797 10598.151730675898 38.085248546907678 12787.270234973395 1479.8283245859075 304.37889536888906 289.83599466923624 8230.6973486505594
leaf_count=144346 11220 1736 566603 15001 17073 1059844 392 1794327 182939 123946 20291 29994 292182 27371 483 3539 846 199 1881432 1482 490514 1367 144 239213 754 2431645 23344 4576 3514 109462
internal_value=-1.02189e-11 0.00478738 -0.0015762 0.00647025 0.0116768 -0.00300792 -0.00298391 -0.00392952 0.00544486 0.000594108 -0.00721276 -0.000105545 0.00199473 0.00354932 0.00242436 -0.0225336 -0.0712037 -0.0946201 -0.00108404 0.203963 -0.00090837 0.00178654 -0.000114207 0.00176241 0.0405965 -0.00573078 0.00874577 0.00422113 0.0142824 0.00784015
internal_weight=127667 31622 96045.4 22565.8 3712.95 48667 48652 32484 18852.8 9056.22 1199.97 47378.4 13102.1 10524.3 8916.4 227.811 60.4312 42.7295 16168 1.74582 34276.4 7856.25 26290.1 10640 41.8313 14796.3 2847.51 1367.68 401.21 8328.53
internal_count=9479779 546907 8932872 386569 59994 7313468 7169122 5285816 326575 160338 31511 1619404 322176 215377 188006 5067 1528 1045 1883306 1874 1297228 128827 806714 240111 898 3491489 42921 19577 4881 111198
is_linear=0
shrinkage=0.08


Tree=59
num_leaves=31
num_cat=0
split_feature=2 12 0 2 8 3 0 5 4 4 5 4 0 4 4 8 1 5 8 12 0 5 2 7 12 5 4 7 5 4
split_gain=139.938 41.9464 22.1251 21.5095 15.1006 14.5107 14.3722 14.112 11.0175 15.8875 42.6712 28.9013 15.1219 13.9609 11.3495 10.9425 10.7187 10.6057 11.3992 10.9961 10.5594 9.83112 9.34392 9.32865 9.03108 8.55043 9.98399 8.31651 9.39041 8.0231
threshold=0.57294833660125744 0.46153847873210913 3.5000000000000004 0.92980295419693004 10.166653958350986 28.500000000000004 38.500000000000007 0.42292030155658727 125241.50000000001 83472.000000000015 0.69076326489448558 111602.00000000001 4.5000000000000009 93473.500000000015 80080.500000000015 10.428565221092279 29.500000000000004 0.76478019356727611 4.1220089995863107 0.076943926513195052 6.5000000000000009 0.79679140448570263 0.35781671106815344 20.500000000000004 0.068063884973526015 0.56322491168975841 3453.5000000000005 20.500000000000004 0.28976984322071081 1707.5000000000002
decision_type=2 2 2 2 2 2 2 2 2 2 2 2 2 2 2 2 2 2 2 2 2 2 2 2 2 2 2 2 2 2
left_child=1 5 25 6 22 17 15 -6 9 14 -11 12 -12 -14 -9 -4 -15 19 -19 27 -5 -17 23 -3 -20 -2 -27 28 -1 -26
right_child=2 4 3 20 7 -7 -8 8 -10 10 11 -13 13 16 -16 21 -18 18 24 -21 -22 -23 -24 -25 29 26 -28 -29 -30 -31
leaf_value=-0.021360013268045232 -0.0020780710184812009 0.00042094678985668077 0.0094281867762730318 0.011999536683153528 -0.0098283147854168178 -0.00057861436388278347 0.022576247704099658 -0.00072648604474786962 0.0040296503327470548 0.0033399191521873723 -0.026059375221012843 -0.0014850124325617123 -0.046461325945061319 -0.073207985541187556 0.0183282735485466 0.0028860406803312738 -0.15597048333369812 -0.011052725137964334 0.02866277458109899 -0.0033612179914463492 0.025084432412373056 0.011946094200063673 0.0038155397931601892 0.038749540455342471 -0.025530327070810623 0.010152615201902263 0.0024221101224607641 0.025029992195356017 -0.0071741106491428862 0.0019475587934061594
leaf_weight=330.51045493812853 1832.4357508475432 11796.679417345953 4111.2521585391423 1257.1781835537254 1050.6236445604591 16491.868271712279 354.7892557537416 19619.398473856418 3180.3989223423996 569.54510539164767 131.69017965474632 145.62125449406449 96.609973344486207 30.745252899825573 202.11557122005615 5529.4379203453427 14.853454428492112 484.47570291653392 79.577393110841513 34955.301384965795 575.35384220631977 889.87473330483772 10693.311260228624 40.780417437897995 69.355025259341346 1375.8871956927123 4797.2106148520134 47.884307558451837 3097.2175461153965 3499.6376638046349
leaf_count=456557 37034 320762 55800 18559 73588 1408875 6232 831447 76595 22278 5527 5285 3838 1088 6947 104403 945 13617 16667 4160846 12326 14948 158344 663 5036 19442 70854 11954 1398670 160652
internal_value=1.08317e-11 -0.00116909 0.00601534 0.00808925 0.000598795 -0.00259322 0.00673935 -0.000753173 -0.00035575 -0.00102595 -0.0109213 -0.0302826 -0.0455931 -0.0636819 -0.000532189 0.00620578 -0.100167 -0.0033738 0.000476943 -0.00378792 0.0161078 0.00414199 0.00210143 0.00055299 0.00200791 0.00272065 0.00414512 -0.00807942 -0.00854195 0.00141359
internal_weight=127352 106628 20723.4 12717.9 47572.4 59055.8 10885.4 25041.6 23991 20810.6 989.065 419.52 273.899 142.209 19821.5 10530.6 45.5987 42564 4133.05 38430.9 1832.53 6419.31 22530.8 11837.5 3648.57 8005.53 6173.1 3475.61 3427.73 3568.99
internal_count=9479779 9140181 339598 212268 1507307 7632874 181383 1027538 953950 877355 38961 16683 11398 5871 838394 175151 2033 6223999 195972 6028027 30885 119351 479769 321425 182355 127330 90296 1867181 1855227 165688
is_linear=0
shrinkage=0.08


Tree=60
num_leaves=31
num_cat=0
split_feature=12 2 5 12 5 8 2 5 4 7 7 0 5 4 1 7 7 5 5 3 3 3 4 4 6 4 6 8 5 3
split_gain=126.274 37.23 31.2467 17.2507 17.2242 16.2662 15.4505 14.9757 14.8499 20.4225 22.6193 12.3729 11.3482 34.1173 26.7507 14.2666 14.4288 11.9237 23.6862 11.2719 11.1428 9.69352 9.55189 54.243 13.3353 10.6343 9.35291 9.45406 9.25309 8.97119
threshold=1.1135624051094057 0.63762626051902782 0.69511905312538158 0.25009712576866155 0.69605797529220592 10.166653958350986 0.22287581861019137 0.81119626760482799 83472.000000000015 8.5000000000000018 4.5000000000000009 1.0000000180025095e-35 0.68990877270698558 93473.500000000015 17.500000000000004 8.5000000000000018 6.5000000000000009 0.59054526686668407 0.60266375541687023 17.500000000000004 26.500000000000004 29.500000000000004 10346.000000000002 19315.500000000004 82.500000000000014 18390.000000000004 39.500000000000007 8.7499908854265431 0.60048425197601329 16.500000000000004
decision_type=2 2 2 2 2 2 2 2 2 2 2 2 2 2 2 2 2 2 2 2 2 2 2 2 2 2 2 2 2 2
left_child=2 5 3 11 -4 -2 -6 8 9 10 28 -1 15 -14 20 16 17 -5 22 -13 -15 -12 -19 25 -25 -24 -18 -28 -3 -30
right_child=1 7 4 12 6 -7 -8 -9 -10 -11 21 19 13 14 -16 -17 26 18 -20 -21 -22 -23 23 24 -26 -27 27 -29 29 -31
leaf_value=-0.080873629139969608 0.0045888797046207529 0.0013437471063303366 0.011636037207183427 -0.0029214660976721071 -0.0016278752032248421 -0.00014570490456354787 0.0022980047832823897 0.015004840865265951 -0.0021551893200563348 0.0039787749249937648 0.021069959626190671 -0.0053353462929182143 -0.0027384020620344418 -0.039265334527337312 -0.092038013544352884 -0.0027764325158662808 -0.0011638149418096539 0.0019901115678272268 -0.00018052406579110243 -0.0019059678793653643 -0.0014192228851415676 0.0087565402478500115 0.03895488976556901 -0.051272103934274345 0.0083680263035377719 0.079470547307015818 0.013749699119360229 0.003120618003345775 0.014729185094857513 0.0045553991383467229
leaf_weight=13.398326315444136 8564.3814621983947 1209.355673385076 915.26715414028513 8173.9483634156586 12015.337441625725 10145.703633941157 13766.664532362949 1524.226290291941 1126.9066443142874 5347.5878608401363 1462.8323564021293 15472.438639740854 1181.8345552463579 117.2196905289311 43.900449568987824 18702.931584055972 995.85293212463239 418.40963436171296 9885.0088713355963 10163.209966472989 86.551228005904704 568.06408821545074 91.353330143261701 25.018983335001394 585.73858326289337 75.915919683175161 1028.9153263449507 1116.9273986277112 1201.6759848052734 1030.3149938428069
leaf_count=144346 144173 20923 36419 502453 800245 311110 269997 25941 18669 89553 22471 3840145 44686 4211 3202 1052509 44293 17742 407334 1506112 2515 7949 3158 2239 24293 2019 28527 66524 20096 15925
internal_value=-2.7895e-11 0.00433037 -0.00146882 -0.00237732 0.000851266 0.00202151 0.000468404 0.0075372 0.00658444 0.00749468 0.0109305 -0.00401594 -0.00138909 -0.00839616 -0.0353937 -0.00114537 0.000216658 -0.000603533 0.00110623 -0.00397577 -0.0231903 0.0176258 0.0117375 0.0169794 0.00592494 0.0573431 0.0052436 0.00821718 0.00697932 0.0100328
internal_weight=127057 32181 94875.8 68178.6 26697.3 18710.1 25782 13471 11946.7 10819.8 5472.24 25649 42529.5 1429.51 247.671 41100 22397.1 19255.4 11081.4 25635.6 203.771 2030.9 1196.44 778.027 610.758 167.269 3141.7 2145.84 3441.35 2231.99
internal_count=9479779 676810 8802969 7696308 1106661 455283 1070242 221527 195586 176917 87364 5490603 2205705 54614 9928 2151091 1098582 959238 456785 5346257 6726 30420 49451 31709 26532 5177 139344 95051 56944 36021
is_linear=0
shrinkage=0.08


Tree=61
num_leaves=31
num_cat=0
split_feature=2 2 12 5 12 5 4 3 3 8 0 2 8 5 6 6 5 3 12 4 8 4 6 8 4 4 5 5 8 8
split_gain=117.633 28.0362 23.7278 13.4523 12.6909 12.2388 11.882 11.4868 11.1125 9.36244 8.97912 8.57628 8.50445 13.1762 11.3378 11.2275 10.1749 8.61276 8.46358 8.23949 9.88878 8.20483 10.5456 8.1191 8.0645 7.54753 7.47664 9.58898 8.07794 7.49758
threshold=0.46720430254936224 0.75140449404716503 0.32739856839179998 0.5616184175014497 4.5967032909393319 0.10704734176397325 20245.000000000004 28.500000000000004 11.500000000000002 3.1249970703155525 24.500000000000004 0.025158228352665905 10.749996400670854 0.57653760910034191 31.500000000000004 39.500000000000007 0.758103907108307 9.5000000000000018 1.2273241877555849 322066.50000000006 5.4285681972809128 9739.5000000000018 119.50000000000001 8.1706312920276307 1671.5000000000002 322066.50000000006 0.79679140448570263 0.79430580139160167 6.6666574074207832 4.392079006272156
decision_type=2 2 2 2 2 2 2 2 2 2 2 2 2 2 2 2 2 2 2 2 2 2 2 2 2 2 2 2 2 2
left_child=2 3 5 9 12 -1 -6 -7 23 -2 26 -9 14 18 17 -16 -17 -3 -14 -10 -21 -18 -23 -5 -12 -13 27 -4 -29 -28
right_child=1 4 10 8 6 7 -8 11 19 -11 24 25 13 -15 15 16 21 -19 -20 20 -22 22 -24 -25 -26 -27 29 28 -30 -31
leaf_value=-0.027044356484425169 0.017163153956548088 0.015614688720373473 -0.00055159356893358413 0.010241112700464539 0.010795817077856183 -0.003565733097826442 0.028138837947588053 0.041240426565483407 0.0017329788888554036 -0.0015650539139271198 -0.015523768961483712 -0.0010102204928331387 -0.071006777589193576 0.0072410415411912846 0.033372558606747954 0.0085719285708287813 0.0026568425380467616 -0.0056409043646311087 -0.0038361649766551304 -0.01666425498661149 0.012857856867017523 0.040758583780399614 -0.0050838612312357383 0.0045988844939591437 0.011673268070942494 0.011591467543064414 -0.0073231693040089439 -0.036800773606851286 -0.0075637723503845398 0.0045111969816379396
leaf_weight=133.31812823672226 177.55574270710531 183.11402240351299 49871.942651417034 2278.3657569948409 776.15637903181891 30169.120896599481 374.96777527264635 31.38320529867633 10745.298154036742 4513.1685061798325 78.484578934148885 10394.672645078877 12.220914530567823 2943.5188421666389 184.33569663999515 1043.1881389216014 76.935597088669965 365.58516370387042 680.65590417059138 80.393348166178839 750.53928622929379 187.37924560394322 38.758541987721401 5755.7232484834385 628.9511257376289 313.34719535161275 385.76687540744024 70.255641437484883 434.6796683765715 3063.1816256071907
leaf_count=268998 1987 2823 2140881 27344 15653 5341175 7922 16747 180798 103185 1807 1064671 208 48619 2464 14527 1199 5615 12007 986 10038 2903 611 108018 11776 6593 5108 1366 12394 61356
internal_value=2.59489e-11 0.00426787 -0.00139179 0.00299242 0.00878155 -0.00284478 0.0164451 -0.00276592 0.00391299 -0.000856144 -0.000298262 -0.00051907 0.00723812 0.00490465 0.011319 0.014856 0.0123206 0.00145259 -0.00502092 0.00232649 0.0100016 0.0252238 0.0329015 0.00619895 0.00865596 -0.000641459 -0.000415948 -0.000662652 -0.0116317 0.00318752
internal_weight=126743 31167.9 95575.1 24301 6866.82 41041.8 1151.12 40908.5 19610.3 4690.72 54533.3 10739.4 5715.69 3636.4 2079.3 1530.6 1346.26 548.699 692.877 11576.2 830.933 303.073 226.138 8034.09 707.436 10708 53825.8 50376.9 504.935 3448.95
internal_count=9479779 546907 8932872 432356 114551 6698184 23575 6429186 327184 105172 2234688 1088011 90976 60834 30142 21704 19240 8438 12215 191822 11024 4713 3514 135362 13583 1071264 2221105 2154641 13760 66464
is_linear=0
shrinkage=0.08


Tree=62
num_leaves=31
num_cat=0
split_feature=2 2 3 7 5 2 12 4 5 4 4 4 6 5 6 7 6 2 8 2 5 4 12 5 4 3 0 5 4 0
split_gain=108.463 32.5691 18.4532 15.6485 14.202 15.4243 12.4565 12.4295 28.9773 27.8667 20.6848 16.8301 26.34 12.9885 14.2199 14.9065 12.6643 11.5204 11.4871 13.8333 11.1713 10.9412 10.489 10.4142 22.3581 9.64823 11.377 9.55385 9.30893 9.13507
threshold=0.57294833660125744 0.28292356431484228 28.500000000000004 20.500000000000004 0.5989007055759431 0.84654632210731517 2.7346117496490483 46038.000000000007 0.62886893749237072 63017.500000000007 53248.000000000007 125241.50000000001 114.50000000000001 0.71393844485282909 117.50000000000001 4.5000000000000009 85.500000000000014 0.022857889533042911 4.1220089995863107 0.033520599827170379 0.24477025121450427 4997.5000000000009 0.051295764744281776 0.68990877270698558 50268.000000000007 12.500000000000002 9.5000000000000018 0.60170263051986705 141789.00000000003 28.500000000000004
decision_type=2 2 2 2 2 2 2 2 2 2 2 2 2 2 2 2 2 2 2 2 2 2 2 2 2 2 2 2 2 2
left_child=1 3 4 7 -2 -6 27 13 9 -9 23 12 -12 17 15 -15 -17 -1 25 -20 -3 -18 -11 24 -10 26 28 -7 -13 -22
right_child=2 20 -4 -5 5 6 -8 8 10 22 11 18 -14 14 -16 16 21 -19 19 -21 29 -23 -24 -25 -26 -27 -28 -29 -30 -31
leaf_value=-0.012636464931750585 0.0025501888779639139 -0.017437832813981674 0.0016716075440239722 0.016271055796809507 0.0068266125306625201 0.067239892018875994 0.020270696118136006 -0.0038230537003641897 0.043184963947887879 0.10946588011209687 -0.0082115352122510196 -0.051173568970977294 0.0050721778692878108 -0.0087880144669035421 -0.0077321917134199284 -0.00022217246845610789 -0.00085374744340715666 -0.0031383115874860012 0.034345682729665636 0.0012324654478596184 0.0006571361461285601 0.011681492805572414 0.016563011960555402 0.0027929328110198304 0.0047557364412543386 -0.022667951293940166 -0.081766809569760984 0.0073594655098868913 0.0091031772819147611 0.0099087223924280831
leaf_weight=833.16290690692404 3558.8470390409639 215.77980572611705 6109.7940112106371 293.71160998898995 8460.0720616207509 17.323721642605506 1117.5953434266744 634.41066474106447 155.03673563041957 7.8334396056889082 4642.9536181438307 17.849891035002656 1202.8349856736895 674.03773352003191 1091.6692423611967 2287.3713947057695 614.13729687820887 42859.091734177484 82.062016700190725 5023.1297748073703 40736.898769622996 1624.1917558019413 1094.2272312765999 623.40146388461289 258.35749412715086 237.07003306443221 10.316011144779621 1089.3102954651476 201.53855817136537 694.70978201300022
leaf_count=911950 66678 25354 97940 26311 135518 268 22135 71338 8832 1874 336872 709 82944 41006 86038 133156 40035 5812943 21554 198595 1091387 87171 81374 38829 19274 5349 195 17059 4832 12259
internal_value=1.12219e-11 -0.00102604 0.00534952 -0.00215252 0.00692722 0.00838517 0.0143133 -0.00223684 -0.000147334 0.00953417 -0.00149717 -0.00247962 -0.00547827 -0.00283007 0.000568398 0.00231108 0.00396413 -0.00331943 0.000666391 0.00176473 0.000717707 0.00824216 0.0172234 0.00932204 0.019168 -0.0113464 0.000338223 0.00829686 0.00419894 0.000812263
internal_weight=126469 106116 20352.9 64468.4 14243.1 10684.3 2224.23 64174.7 14191 1736.47 12454.6 11417.8 5845.79 49983.7 6291.41 5199.74 4525.7 43692.3 5571.97 5105.19 41647.4 2238.33 1102.06 1036.8 413.394 466.774 229.704 1106.63 219.388 41431.6
internal_count=9479779 9140181 339598 8011181 241658 174980 39462 7984870 872571 154586 717985 651050 419816 7112299 387406 301368 260362 6724893 231234 220149 1129000 127206 83248 66935 28106 11085 5736 17327 5541 1103646
is_linear=0
shrinkage=0.08


Tree=63
num_leaves=31
num_cat=0
split_feature=2 12 2 2 0 7 7 12 7 5 3 8 4 8 4 8 5 0 4 8 0 5 4 2 7 8 5 6 3 7
split_gain=98.8071 24.4272 20.4137 12.9491 12.1802 11.2083 10.5765 10.4393 10.1852 9.84786 9.43932 9.43664 9.31107 9.90481 8.969 8.83751 8.74826 8.39526 9.55004 8.8756 8.21291 8.01985 9.30364 7.87402 8.18182 7.32623 9.50802 11.5472 12.3083 7.26133
threshold=0.46720430254936224 1.6666666865348818 0.22756041586399081 0.8760964870452882 13.500000000000002 1.0000000180025095e-35 20.500000000000004 4.5967032909393319 14.500000000000002 0.49782697856426245 28.500000000000004 6.4761884202578086 39079.500000000007 6.0050498984798084 3453.5000000000005 4.2543159174441891 0.71551167964935314 1.5000000000000002 6573.5000000000009 8.7999948666697243 27.500000000000004 0.21313631534576419 85.500000000000014 0.61577314138412487 5.5000000000000009 2.4999980654776968 0.72482028603553783 33.500000000000007 15.500000000000002 4.5000000000000009
decision_type=2 2 2 2 2 2 2 2 2 2 2 2 2 2 2 2 2 2 2 2 2 2 2 2 2 2 2 2 2 2
left_child=2 4 5 8 9 -1 10 -5 11 -2 17 23 21 -14 -11 -8 -16 18 -7 -20 -13 22 -4 24 25 26 27 -3 -29 -18
right_child=1 3 12 7 -6 6 15 -9 -10 14 -12 20 13 -15 16 -17 29 -19 19 -21 -22 -23 -24 -25 -26 -27 -28 28 -30 -31
leaf_value=-0.080779914857393303 -0.0039928184663679265 0.040806207849933149 0.0054005483695819612 0.0088343223569186842 0.021640012882581928 -0.0060710183976293479 0.063345164418512401 0.021196838196892689 0.0020157443413712532 0.0058366471962479627 -0.00032590260451557398 0.0045220325465318931 -0.0036359505580841269 0.0028489709146751079 -0.0007452129503158246 0.009408085793988729 0.00082044426821245868 -0.0019414883576713089 -0.0049187831156661766 0.00012788471570737833 0.014434643545108051 -0.0006240114746672087 -0.032220695251457779 0.018260132564600989 0.016024021303294743 0.0016022003922939734 -0.11634989566472421 -0.14032539083995071 0.0054132139016067893 0.0071331996010347244
leaf_weight=11.658054667073882 1794.6821377099222 12.695259601807267 68.570968531465041 2418.7911984621005 196.40868154237978 9158.723813451159 21.185920900432393 533.59294677065191 4238.7072415601415 3471.0766269433952 10950.55409212775 5184.7964170294581 1766.89203360588 10262.061485077662 6401.8330618957289 236.15073285301332 2465.7772352098873 22509.648745278599 4457.1248479511651 4464.1847587804878 596.47572927261353 31314.054249083172 108.85194058463094 773.2962667242864 282.90342625558151 288.60322218586225 7.5917195573056224 6.9939012452959997 7.895761331776157 2212.5663881958435
leaf_count=144346 45128 98 10952 38785 2733 2643625 637 12229 77313 59782 1140834 98285 27567 265020 117647 24211 35954 2086434 437536 977293 10998 1152685 21732 10578 3229 3740 100 76 66 30166
internal_value=-2.91693e-11 0.00393174 -0.00127421 0.00634677 0.00183643 -0.00234716 -0.00232951 0.0110686 0.00512389 0.00159848 -0.00241028 0.00696358 3.09485e-06 0.00189642 0.00228808 0.0138486 0.00117642 -0.00297262 -0.00425638 -0.00239345 0.00554475 -0.000720109 -0.0176807 0.0129076 0.00608509 -0.00259908 -0.0370681 -0.0152487 -0.0630424 0.00380599
internal_weight=126224 30894.7 95329.7 14352.3 16542.3 51809.2 51797.6 2952.38 11400 16345.9 51540.2 7161.25 43520.4 12029 14551.3 257.337 11080.2 40589.7 18080 8921.31 5781.27 31491.5 177.423 1379.98 606.683 323.78 35.1766 27.5849 14.8897 4678.34
internal_count=9479779 546907 8932872 255497 291410 7454916 7310570 51014 204483 288677 7285722 127170 1477956 292587 243549 24848 183767 6144888 4058454 1414829 109283 1185369 32684 17887 7309 4080 340 240 142 66120
is_linear=0
shrinkage=0.08


Tree=64
num_leaves=31
num_cat=0
split_feature=2 12 3 8 5 2 5 3 7 7 2 6 12 8 6 5 7 4 4 7 6 4 5 8 1 4 12 8 7 4
split_gain=92.0902 27.6577 17.2689 12.4502 12.1973 12.4315 11.299 11.2086 10.8457 19.7141 11.6879 10.4734 9.99323 8.30132 8.12733 7.97619 7.89737 7.79355 8.47337 7.76425 15.2449 7.6145 11.6621 9.69913 13.2397 9.86067 8.06604 12.3039 8.01212 7.77575
threshold=0.57294833660125744 0.47751402854919439 11.500000000000002 10.166653958350986 0.5989007055759431 0.82807883620262157 0.42292030155658727 28.500000000000004 8.5000000000000018 6.5000000000000009 0.9574275314807893 56.500000000000007 0.80787843465805065 13.545445309924354 3.5000000000000004 0.81396234035491954 17.500000000000004 72837.500000000015 76628.000000000015 18.500000000000004 91.500000000000014 686.50000000000011 0.59054526686668407 5.6153833555229715 85.500000000000014 55427.500000000007 0.92188096046447765 4.1220089995863107 17.500000000000004 775.50000000000011
decision_type=2 2 2 2 2 2 2 2 2 2 2 2 2 2 2 2 2 2 2 2 2 2 2 2 2 2 2 2 2 2
left_child=1 7 4 21 11 -6 -5 14 9 -4 13 -2 -10 15 -1 -11 -8 -9 -19 20 -18 26 23 24 25 -23 27 -3 -28 -24
right_child=2 3 8 6 5 -7 16 17 12 10 -12 -13 -14 -15 -16 -17 19 18 -20 -21 -22 22 29 -25 -26 -27 28 -29 -30 -31
leaf_value=-0.011339572377805186 0.0098632360222632321 -0.016855487149475698 0.0028164562452513255 -0.0090480141597185666 0.0077214064985544253 0.016523285702337437 0.00018360632041428604 -0.0010450853475012915 -0.020862005980936706 0.014029535676411728 0.026226757824450914 -0.0026810048405404292 0.00096164127657660261 5.2787896881447061e-05 -0.0026192683219243098 -0.08535960310407488 0.046534805908201894 0.018496455518634929 0.0023214401430709172 -0.0030871432637345469 -0.02475592846598175 0.0048903767132378604 -0.024942583188345475 -0.0046200040332884411 -0.069972792572281325 -0.06921761675140789 0.014862746069358704 0.0051329601222947939 -0.002434368064997148 0.0026043753783083
leaf_weight=695.22018389619188 696.29433602504696 189.29577859491474 5508.4920825937925 998.44889266387327 4489.9875742498516 1331.4987570604026 20476.405761695059 14230.850978386748 137.83847416564822 966.11446587006685 327.46071125991421 1097.2091915602882 5210.6604148595288 421.40838861581869 42433.015916767195 5.1954950559884301 21.10057694488205 228.02613110945094 2277.6655371215311 2512.0507989382895 212.82564881746657 1353.6698588127783 65.874492052476853 3139.7265097601048 15.551487521617672 11.589341127313672 848.71759201337409 1166.5529634187114 214.75493380427361 14696.135728692339
leaf_count=226917 12177 3634 90869 69074 73445 24246 789868 1333183 2518 12312 4952 21282 89717 7998 6043373 82 763 9228 79466 114691 12133 25084 1479 92786 584 303 15124 31378 4274 286839
internal_value=-2.48119e-11 -0.000944976 0.00495076 0.00053193 0.00795744 0.00973459 -0.000714931 -0.00207792 0.00313034 0.00515109 0.0126272 0.00218906 0.000399215 0.00942969 -0.00275984 0.0134979 -0.000356649 -0.000320694 0.00379342 -0.00438527 -0.0183254 0.00192352 0.00139272 -0.00216257 0.00342523 0.00426129 0.00615407 0.00206306 0.0113698 0.00248145
internal_weight=125980 105787 20192.2 45922.7 7614.99 5821.49 24220.8 59864.8 12577.2 7228.67 1720.18 1793.5 5348.5 1392.72 43128.2 971.31 23222.4 16736.5 2505.69 2745.98 233.926 21701.9 19282.5 4520.54 1380.81 1365.26 2419.32 1355.85 1063.47 14762
internal_count=9479779 9140181 339598 1448014 131150 97691 986529 7692167 208448 116213 25344 33459 92235 20392 6270290 12394 917455 1421877 88694 127587 12896 461485 407075 118757 25971 25387 54410 35012 19398 288318
is_linear=0
shrinkage=0.08


Tree=65
num_leaves=31
num_cat=0
split_feature=2 2 3 7 1 5 2 5 0 8 2 0 5 6 12 1 3 6 7 12 6 5 2 0 8 12 5 6 6 8
split_gain=83.7593 24.8813 15.9046 13.738 11.7051 10.5285 11.2722 10.2233 10.1606 10.0549 9.95686 11.1316 9.6321 9.55799 8.59215 8.10374 8.13353 7.88322 7.73354 8.34317 7.62892 8.0821 7.08587 7.04863 6.98419 7.31407 6.96153 7.67985 7.52254 7.9695
threshold=0.57294833660125744 0.3081014752388001 11.500000000000002 20.500000000000004 8.5000000000000018 0.5989007055759431 0.82807883620262157 0.81119626760482799 1.0000000180025095e-35 12.818173078519019 0.9574275314807893 9.5000000000000018 0.27558170258998876 56.500000000000007 0.15218123793601993 28.500000000000004 6.5000000000000009 29.500000000000004 8.5000000000000018 0.7500000298023225 119.50000000000001 0.69076326489448558 0.33514493703842169 29.500000000000004 14.333297500099539 0.92188096046447765 0.83294382691383373 30.500000000000004 54.500000000000007 5.6153833555229715
decision_type=2 2 2 2 2 2 2 2 2 2 2 2 2 2 2 2 2 2 2 2 2 2 2 2 2 2 2 2 2 2
left_child=1 3 5 7 12 13 -7 8 -1 -6 18 17 -3 24 -10 16 -5 -12 -4 -20 21 -21 -11 -8 25 -2 27 -14 29 -29
right_child=2 4 10 15 9 6 23 -9 14 22 11 -13 26 -15 -16 -17 -18 -19 19 20 -22 -23 -24 -25 -26 -27 -28 28 -30 -31
leaf_value=-0.080717010367597514 0.045364105234201695 -0.016460331047959197 0.0038557886775991189 -0.016579354448378516 0.0037273639891202597 0.007367687067021911 0.013884784997942047 0.0027828566845811021 -0.0038254634286796767 0.0055384234578576509 -0.0025581527853972431 0.035282064749306306 -0.003693003527124174 -0.0024490233811315766 -0.0015897506209609177 0.038250242426442753 0.016795769126304746 0.0095803983512083926 -0.043274326365688502 -0.0015191999555057279 -0.0074943858442188182 0.0063532800915209473 -0.0014763528849576146 0.033782036690104593 -0.0024496253060890183 0.011730411909035107 0.0086115479121481493 0.011936498221914827 -0.00065322346796621979 0.0016468079699735341
leaf_weight=10.513670324013217 45.739481194412974 241.47609756277598 6042.8346784723672 63.944228497559379 11136.14418579013 4464.3327703425593 1193.0254971405709 2891.0089682316029 13974.519659803467 1116.4314268361777 443.37823780729013 92.07853388951753 4105.4247133689678 1083.132523951557 51710.859873077701 73.237002544170537 173.60963463687222 1503.6693757936473 29.046881693881005 2357.0032708414001 770.02944913355168 1292.1489959272549 5281.2226165347965 125.97802707642609 213.74692575703375 434.15348587892686 535.37425925370189 626.87327622218072 11619.888308704885 2080.6446743985871
leaf_count=144346 583 30938 97773 4964 188042 73445 21129 91467 4053006 44165 7149 2506 121867 21282 3844407 10149 11492 22451 606 44112 13893 19958 152374 3117 5233 6361 6988 9976 357042 68958
internal_value=4.74395e-12 -0.000900453 0.00473487 -0.00179705 0.000780758 0.0076327 0.00928746 -0.00187309 -0.00207798 0.00227531 0.00298646 0.00810163 -0.000583404 0.0022465 -0.0020654 0.0149846 0.00781193 0.00681623 0.00199223 -0.000539374 -0.000258481 0.00126841 -0.00025223 0.0157852 0.00957864 0.0149361 -0.000381282 -0.000642475 0.000231634 0.00402919
internal_weight=125731 105641 20090.3 68897.7 36743.5 7560.11 5783.34 68586.9 65695.9 17533.8 12530.2 2039.13 19209.7 1776.77 65685.4 310.791 237.554 1947.05 10491.1 4448.23 4419.18 3649.15 6397.65 1319 693.64 479.893 18968.2 18432.8 14327.4 2707.52
internal_count=9479779 9140181 339598 8159831 980350 131150 97691 8133226 8041759 384581 208448 32106 595769 33459 7897413 26605 16456 29600 176342 78569 77963 64070 196539 24246 12177 6944 564831 557843 435976 78934
is_linear=0
shrinkage=0.08


Tree=66
num_leaves=31
num_cat=0
split_feature=12 2 5 5 9 4 6 6 4 4 8 4 6 4 8 5 8 5 4 4 2 2 4 5 5 12 4 0 2 7
split_gain=77.4918 24.1169 20.7601 30.755 30.5399 21.8848 16.3666 25.3945 24.4213 20.897 15.2455 15.0887 14.8652 13.6288 13.5708 12.247 12.3854 12.0868 13.181 11.6926 11.1954 11.0991 10.6733 17.0101 18.3905 10.7369 10.5647 10.4454 11.242 10.4153
threshold=1.1135624051094057 0.63762626051902782 0.69174146652221691 0.69076326489448558 9.5000000000000018 93473.500000000015 115.50000000000001 83.500000000000014 147804.00000000003 5708.5000000000009 10.378841169584149 72837.500000000015 120.50000000000001 70419.000000000015 10.166653958350986 0.65505805611610424 2.4999980654776968 0.17647051066160205 320.50000000000006 6906.5000000000009 0.28292356431484228 0.033520599827170379 46038.000000000007 0.66961058974266063 0.68444010615348827 0.29417420923709875 5527.0000000000009 4.5000000000000009 0.92980295419693004 6.5000000000000009
decision_type=2 2 2 2 2 2 2 2 2 2 2 2 2 2 2 2 2 2 2 2 2 2 2 2 2 2 2 2 2 2
left_child=2 14 3 11 -5 -6 7 8 19 -9 21 13 -8 17 -2 -13 20 18 -1 -4 -17 -10 25 -24 -25 -19 -27 -3 -29 -11
right_child=1 27 6 4 5 -7 12 9 10 29 -12 15 -14 -15 -16 16 -18 22 -20 -21 -22 -23 23 24 -26 26 -28 28 -30 -31
leaf_value=-0.004001001367240872 0.0039430908268956143 0.0034860076707030827 0.0017746542969612183 -0.0073290079249328311 -0.014718100509439599 -0.072181526517820893 -0.0091524042526549276 -0.0019863400614229913 0.039367031627089974 -0.0047182217129444889 0.0075460780979055642 0.012216657057740582 0.00091803997846863874 -0.012938756179932143 -0.00041350569230421666 -0.019644864074203003 0.0012905915831374023 -0.003338029349999301 -0.031347829909261576 -0.0052318827181575623 -0.1459363320543296 -0.00075283563509488715 -2.3269670774070342e-05 0.032024818364312119 0.003394777084912697 8.5207403256463892e-05 -0.0028533744639084148 0.0067815879503298343 0.01571430236380747 0.0078080794108403842
leaf_weight=290.09438440126178 8419.3997379609791 5656.2352334253992 2027.3180504459033 335.14415171113797 72.051112865898176 103.1301068435132 1911.5746837639672 2196.8725054317765 44.666056595277041 454.97172128563398 2788.6966078051482 780.53713281831369 1842.1419652917975 726.54243515565759 10024.422390432941 13.56561809545383 2614.3110289004399 25125.990815848167 184.56932734335351 6144.2407437129041 6.716542720761935 3687.3202524195967 3401.5411030672549 235.21376333787339 368.63344603894802 18895.962034636705 13370.265246200091 6316.5688995006194 1051.834548835378 6410.3090540752019
leaf_count=304617 144173 88894 107937 12031 7870 10878 121422 112616 7109 24890 90041 43497 70705 48210 311110 446 141115 5019658 155237 305860 72 80314 246425 10265 20235 953566 663058 111473 21160 244895
internal_value=-3.24349e-12 0.00343634 -0.00114999 -0.00191436 -0.0214781 -0.0485471 0.000698538 0.00147424 -0.000580035 0.0048048 0.00307117 -0.00176312 -0.00421032 -0.00204563 0.00157523 0.00341506 0.000807459 -0.00191771 -0.0146346 -0.0034936 -0.0614669 -0.000272663 -0.0018194 0.00217331 0.0145469 -0.00209805 -0.00113246 0.00607179 0.00805673 0.00697794
internal_weight=125501 31468.5 94032.4 66524.3 510.325 175.181 27508.1 23754.4 14692.2 9062.15 6520.68 66013.9 3753.72 62598.8 18443.8 3415.13 2634.59 61872.3 474.664 8171.56 20.2822 3731.99 61397.6 4005.39 603.847 57392.2 32266.2 13024.6 7368.4 6865.28
internal_count=9479779 676810 8802969 7637180 30779 18748 1165789 973662 591261 382401 177464 7606401 192127 7421271 455283 185130 141633 7373061 459854 413797 518 87423 6913207 276925 30500 6636282 1616624 221527 132633 269785
is_linear=0
shrinkage=0.08


Tree=67
num_leaves=31
num_cat=0
split_feature=2 2 8 7 4 8 12 5 6 6 6 6 5 3 5 5 7 5 4 6 7 7 7 6 6 5 6 5 8 4
split_gain=70.8375 23.3767 13.3 12.669 13.0109 14.0771 12.0637 11.5731 11.4406 41.0585 14.3755 10.5862 24.2292 10.4477 10.2816 10.3304 10.2658 12.491 11.8548 10.0084 13.6611 34.2756 14.3738 13.6765 11.1987 11.5099 10.857 10.6542 9.76 9.7236
threshold=0.38529014587402349 0.6885775923728944 10.166653958350986 20.500000000000004 40294.000000000007 6.0050498984798084 6.1023254394531259 0.75467449426651012 115.50000000000001 114.50000000000001 120.50000000000001 30.500000000000004 0.7725205421447755 28.500000000000004 0.63058349490165722 0.64612558484077465 3.5000000000000004 0.62886893749237072 93473.500000000015 91.500000000000014 18.500000000000004 15.500000000000002 13.500000000000002 70.500000000000014 92.500000000000014 0.22879571467638019 53.500000000000007 0.55035778880119335 7.7215731845472684 35143.500000000007
decision_type=2 2 2 2 2 2 2 2 2 2 2 2 2 2 2 2 2 2 2 2 2 2 2 2 2 2 2 2 2 2
left_child=3 2 13 4 8 16 7 28 9 11 -10 12 29 -2 -12 -16 -6 18 -18 20 21 22 -13 26 -21 -26 -23 -28 -3 -1
right_child=1 6 -4 -5 5 -7 -8 -9 10 -11 14 19 -14 -15 15 -17 17 -19 -20 24 -22 23 -24 -25 25 -27 27 -29 -30 -31
leaf_value=-0.0032576720380023678 0.0049708350782760547 0.0094094975127175916 0.0001161314019846385 0.013824089778464138 -0.037080151650128318 0.0013252705324587738 0.015676920197554033 0.0099236345256537972 -0.0073574631724407811 0.0096746952988140695 -0.0031585481893783734 -0.00094035939944372765 -0.050425027630589599 -5.2813743377573206e-06 0.01929835770078682 0.0010589337316765982 0.00087640210225404689 -0.0053160300163814954 0.031322716971974487 -0.01330703874146374 -0.00515807639035729 0.0048767157689634712 -0.0077001153601860611 0.0023371558535166294 -0.019084914279853621 -0.0022543478363022717 0.021563548670356144 0.0042182641938542662 0.0020784252060966619 -0.014884288425545686
leaf_weight=10609.071863421588 9352.3843375344804 1470.0498757107225 16341.710237790889 353.07623077546305 59.693060660735682 17240.011593455056 772.84058433970677 2530.6629072214591 5146.695097382104 2045.7078347714996 4781.6642896724916 16207.180546960579 71.676031368726399 3796.5130020049619 262.17529684497276 821.30061966081848 280.41393704287475 3134.6712979239737 115.58349273854401 687.2511792157311 3604.0978005048419 1333.8515921133112 2298.7511837949642 5432.6894298954721 267.61871331475777 9192.2835121187527 685.47915896236373 338.58932488736173 5550.6157732154534 481.24597564034048
leaf_count=1646958 133232 19843 397561 28059 2934 982444 16879 43178 530744 102399 634175 1888555 3332 54088 21684 52607 13324 91567 3558 104275 412920 114271 387803 399665 175863 986765 70915 27235 93649 39297
internal_value=-3.41747e-12 0.00278703 0.00164008 -0.00129858 -0.00136133 0.0003762 0.00606326 0.00528537 -0.0019245 -0.00143914 -0.00427181 -0.00188311 -0.00406183 0.00353407 -0.00156413 0.00547244 -0.004181 -0.00362477 0.00976305 -0.00127586 -0.000539117 9.39384e-05 -0.00178004 0.00454541 -0.00344682 -0.00273048 0.00963325 0.0158287 0.00361347 -0.00376219
internal_weight=125266 39814.8 29490.6 85450.8 85097.7 20830.4 10324.2 9551.33 64267.3 53255.5 11011.8 51209.8 11162 13148.9 5865.14 1083.48 3590.36 3530.67 395.997 40047.8 29900.6 26296.5 18505.9 7790.61 10147.2 9459.9 2357.92 1024.07 7020.67 11090.3
internal_count=9479779 758430 584881 8721349 8693290 1093827 173549 156670 7599463 6360253 1239210 6257854 1689587 187320 708466 74291 111383 108449 16882 4568267 3301364 2888444 2276358 612086 1266903 1162628 212421 98150 113492 1686255
is_linear=0
shrinkage=0.08


Tree=68
num_leaves=31
num_cat=0
split_feature=2 12 2 0 2 4 7 3 2 5 4 7 4 5 8 0 6 5 4 12 0 4 8 12 6 4 4 4 5 5
split_gain=64.4429 16.7568 13.7366 10.5047 10.4007 9.31859 9.21519 8.23245 8.38965 7.86879 8.7367 7.87038 11.8218 11.3932 7.85447 7.61832 7.43144 11.3795 11.2129 7.40729 7.28447 9.50469 6.85689 6.74548 6.5796 6.55007 6.67706 7.36605 11.6803 8.98987
threshold=0.46720430254936224 1.8400000929832461 0.22756041586399081 38.500000000000007 0.92365968227386486 19315.500000000004 1.0000000180025095e-35 17.500000000000004 0.013423423748463394 0.41619303822517401 105.50000000000001 17.500000000000004 6257.5000000000009 0.79679140448570263 13.473200971129126 6.5000000000000009 83.500000000000014 0.61021780967712413 6740.5000000000009 0.59090909361839306 1.5000000000000002 572.50000000000011 11.175335685850069 0.55565795302391063 114.50000000000001 141789.00000000003 83472.000000000015 125241.50000000001 0.69076326489448558 0.69605797529220592
decision_type=2 2 2 2 2 2 2 2 2 2 2 2 2 2 2 2 2 2 2 2 2 2 2 2 2 2 2 2 2 2
left_child=2 9 6 4 22 24 -1 20 -9 10 19 12 14 16 -11 -6 -14 18 -18 -2 -8 -22 -3 -16 -5 26 -24 28 -28 -30
right_child=1 3 -4 5 15 -7 7 8 -10 11 -12 -13 13 -15 23 -17 17 -19 -20 -21 21 -23 25 -25 -26 -27 27 -29 29 -31
leaf_value=-0.080661106812415451 -0.13522926026913915 0.0060969710604255592 2.350092291591241e-05 -0.0020638018360059022 0.0073897685391049323 0.028646158000700299 -0.0040175155122604547 0.14941203462332095 -0.00052622454308648208 0.0080224725292584228 -0.011202051919856591 -0.0029773597523306801 -0.0020674489303366458 0.0069387753213621933 -0.08914394137939595 0.018505916996671496 -0.083259326272366235 0.0045713375122712939 -0.0067925986674136664 0.013699310508506013 0.0036450514195540381 -0.0022223282531908645 0.0014359685598049651 0.0017948140086490843 0.028685674614378289 0.0094077292080146264 0.00052198106112892162 0.0016985169050133288 -0.099570298893076253 -0.031380142615297604
leaf_weight=9.5083389865467307 2.1717368690260619 4628.4339426588704 43184.907920690195 170.98382873427636 1711.2736736103743 231.71775034241273 14116.464764682081 2.3886751982136039 17813.368874818174 3323.6695960412599 553.11252941152634 1826.8838347558321 5230.8552305330086 1730.6059043126152 5.2349564498290411 512.81828494460024 12.612625320442474 2947.024811990158 455.88638679248515 135.13603696867358 1964.4454506152615 17577.649289316891 4112.7979548392468 1863.7058654234279 60.220563499402488 634.74103519495111 51.265989864477888 111.54929859703407 17.598011000314727 41.677562869852409
leaf_count=144346 89 68679 1477956 3290 25487 4398 3421321 2054 2023637 46728 16202 36783 92159 24378 141 12129 404 46609 10414 3358 243011 1620547 92535 44516 1118 12316 1302 2349 468 1055
internal_value=-3.98378e-11 0.00320641 -0.00102869 0.00548644 0.00502353 0.0173083 -0.00191128 -0.00189673 -0.000506121 0.00165775 -0.00671824 0.00199017 0.00257304 0.00101367 0.00568931 0.00995287 -0.000172263 0.0027302 -0.00885119 0.0113438 -0.00263279 -0.00163252 0.00388129 0.00154009 0.00594535 0.00181773 0.000706359 -0.0128049 -0.0274406 -0.0516248
internal_weight=125041 30372 94668.7 12285.1 11822.2 462.922 51483.8 51474.3 17815.8 18086.9 690.42 17396.5 15569.6 10377 5192.61 2224.09 8646.38 3415.52 468.499 137.308 33658.6 19542.1 9598.06 1868.94 231.204 4969.63 4334.89 222.091 110.542 59.2756
internal_count=9479779 546907 8932872 225126 216320 8806 7454916 7310570 2025691 321781 19649 302132 265349 173964 91385 37616 149586 57427 10818 3447 5284879 1863558 178704 44657 4408 110025 97709 5174 2825 1523
is_linear=0
shrinkage=0.08


Tree=69
num_leaves=31
num_cat=0
split_feature=12 2 5 4 4 4 5 4 8 7 7 8 3 12 1 3 2 3 5 4 0 12 12 5 6 5 4 12 4 4
split_gain=59.9509 18.821 16.9329 21.0697 20.4472 18.2331 13.9608 13.3263 11.3979 20.7139 15.1979 11.1477 10.9043 10.8303 10.3548 10.1686 9.65701 9.6289 9.57978 9.36258 12.3981 10.6484 9.0591 8.96234 8.45632 8.32523 8.17665 7.74637 9.51355 25.0002
threshold=1.1135624051094057 0.63762626051902782 0.6421831250190736 72837.500000000015 70419.000000000015 60148.500000000007 0.63058349490165722 160.50000000000003 5.4285681972809128 4.5000000000000009 10.500000000000002 10.166653958350986 17.500000000000004 0.24244058132171634 55.500000000000007 29.500000000000004 0.41223156452178961 10.500000000000002 0.10704734176397325 4578.5000000000009 1.5000000000000002 0.088583339005708708 0.04789411090314389 0.57653760910034191 57.500000000000007 0.81396234035491954 955.50000000000011 0.51452848315238964 83472.000000000015 102441.50000000001
decision_type=2 2 2 2 2 2 2 2 2 2 2 2 2 2 2 2 2 2 2 2 2 2 2 2 2 2 2 2 2 2
left_child=2 11 3 4 5 18 22 12 9 17 -11 -2 -4 -12 25 23 -8 24 -1 20 21 -20 -7 26 -9 27 -3 -10 -29 -30
right_child=1 15 7 -5 -6 6 16 8 14 10 13 -13 -14 -15 -16 -17 -18 -19 19 -21 -22 -23 -24 -25 -26 -27 -28 28 29 -31
leaf_value=-0.022225154147669412 0.0035486411468705461 0.0089109322937647121 -0.0054924181848417519 0.010955928372460597 -0.019489731691953015 0.12364881963276568 -0.017626408255679335 0.0025154635562237449 -0.00029756821679527201 0.0079325592601116809 -0.010530201015763472 -0.00041203844583393009 -0.037776346431723361 0.0012347138902687592 -0.0058342275427549833 0.0017602772854263039 0.037642364129929599 -0.011088216864474467 -0.0081480444100494893 -0.0035210267042366269 0.00026515828391104743 -0.0020566627819306673 0.010949039212113005 0.007982718282002586 -0.011514495986517182 0.0049358882644192489 -0.0024509992199322232 0.0036209236283827897 -0.018462124517080913 0.0015608406146392535
leaf_weight=153.63520793725183 8352.3478941531357 633.45971076658748 191.4140313810276 792.66311698534992 433.44628675718559 4.5854669128311789 181.47146235429682 846.6642434122914 18324.327309011274 1400.7004946111192 750.1314746949356 9985.3285182587861 102.98220565792872 1506.4762761760539 1413.04129091902 3577.3976660767948 22.772099626250565 1884.0065501719982 2212.1421283743766 20472.30115564659 15339.764721626747 10821.094603176592 1011.292525476063 7522.5585720557037 407.17202084524615 3358.0174653191789 1125.8065015543091 9000.041866870135 472.75266274868045 2561.0952127126511
leaf_count=275121 144173 11281 13991 43497 33713 1044 16033 25563 1318133 36924 42252 311110 6305 29845 195323 57703 393 46951 1222541 2298958 1136830 1574316 65579 130936 16116 77221 21607 250408 15566 60346
internal_value=-3.02788e-11 0.00303742 -0.00101168 -0.00198611 -0.00218864 -0.00203931 0.0076207 0.000175695 0.000294798 -0.00270439 0.00138686 0.00139195 -0.0167856 -0.00267613 0.000874939 0.00538392 -0.0114642 -0.00747294 -0.00227986 -0.00221712 -0.0012763 -0.00309056 0.0114577 0.00678055 -0.00204064 0.00115612 0.0016401 0.000738027 0.00231495 -0.00155926
internal_weight=124861 31196.9 93664 51445.2 50652.5 50219.1 1220.12 42218.8 41924.4 6795.15 3657.31 18337.7 294.396 2256.61 35129.3 12859.2 204.244 3137.84 48998.9 48845.3 28373 13033.2 1015.88 9281.82 1253.84 33716.2 1759.27 30358.2 12033.9 3033.85
internal_count=9479779 676810 8802969 6668025 6624528 6590815 83049 2134944 2114648 197651 109021 455283 20296 72097 1916997 221527 16426 88630 6507766 6232645 3933687 2796857 66623 163824 41679 1721674 32888 1644453 326320 75912
is_linear=0
shrinkage=0.08


Tree=70
num_leaves=31
num_cat=0
split_feature=2 2 3 0 7 3 5 4 8 8 5 12 4 2 1 3 1 7 7 12 12 5 5 4 4 4 5 1 4 8
split_gain=54.6183 17.0681 13.8807 10.6221 10.4689 8.6536 8.48256 8.62163 7.68105 7.51646 9.7793 11.5362 7.19147 7.2232 6.85336 7.03251 6.84044 8.93171 14.0732 8.62336 6.75216 6.3328 6.2278 6.24876 15.2377 10.5054 14.6906 8.55261 6.21588 6.77038
threshold=0.57294833660125744 0.3081014752388001 28.500000000000004 38.500000000000007 20.500000000000004 28.500000000000004 0.35783077776432043 1906.5000000000002 8.121210480563624 10.666640000074077 0.79679140448570263 0.85392311215400707 5708.5000000000009 0.0372685194015503 17.500000000000004 14.500000000000002 8.5000000000000018 17.500000000000004 16.500000000000004 0.50025278329849254 0.036358846351504333 0.81119626760482799 0.52732089161872875 83472.000000000015 102441.50000000001 93473.500000000015 0.73315289616584789 21.500000000000004 3383.0000000000005 16.623963656687327
decision_type=2 2 2 2 2 2 2 2 2 2 2 2 2 2 2 2 2 2 2 2 2 2 2 2 2 2 2 2 2 2
left_child=1 4 3 9 5 20 7 8 -3 -2 22 -12 -7 -14 15 -6 -8 18 19 -18 -1 28 -11 -24 25 26 -25 -27 29 -4
right_child=2 6 21 -5 14 12 16 -9 -10 10 11 -13 13 -15 -16 -17 17 -19 -20 -21 -22 -23 23 24 -26 27 -28 -29 -30 -31
leaf_value=-0.01049599229083662 0.0071500296702218472 0.0066608489381266688 0.0064432116204479872 0.01932634349132932 -0.010909102956339701 -0.0018362226111366716 -0.00020950233024427764 -0.023854590902547691 -0.010484882709908308 -0.0040963439290246919 0.054573704479864607 0.0091438104466296851 0.027049480913206473 0.001430228445050633 0.026596828737459128 0.021018126285636964 0.0190935017684335 -0.0030586441491109988 0.023547367784980632 0.0021627542273902813 -0.0019298518441627876 0.0086577777537258233 0.0042123800644482488 0.0060265259165597209 0.0015877470560518084 -0.047872080172992972 -0.069278701758314215 -0.17195087621800603 -0.0021104916859037491 -0.005025329246517345
leaf_weight=595.6528597060169 5596.4606183206088 287.24361048461287 1354.7079868963338 335.42757121169052 102.72616635923623 6759.3281820345219 18419.52498114741 161.63456873746327 400.19592467759503 863.53111783153145 37.239139697048813 908.80756374978228 71.009658449678682 8674.4809661253021 136.14104955407674 77.438261380244512 195.06937299785204 1969.8364470306005 203.80800231080502 14804.928746239631 52057.774598200944 571.03395861550143 5152.2361310462584 70.59642501315102 697.52740176295629 43.408335176995024 21.668162856483832 3.8725387314334503 3613.8175282555467 435.29625108803157
leaf_count=591766 80291 13319 19839 6903 7190 812655 535810 14731 38635 21563 413 16409 22431 551495 15231 4184 3834 50638 4181 319202 6154879 8679 100414 1435 12687 975 446 122 59313 10109
internal_value=-2.87239e-11 -0.000725828 0.00386446 0.00526506 -0.00147021 -0.0015376 0.000672865 -0.00722958 -0.00332061 0.00491296 0.00330765 0.0109321 0.000123551 0.00163825 0.0130503 0.00281386 0.000861378 0.00200995 0.00266664 0.00238293 -0.00202676 0.000645725 0.00225508 0.00317082 -0.00324001 -0.0273719 -0.0116588 -0.0580348 -0.000200926 0.00365427
internal_weight=124622 104917 19705.6 13730.8 68474.6 68158.2 36442.2 849.074 687.44 13395.3 7798.89 946.047 15504.8 8745.49 316.305 180.164 35593.2 17173.6 15203.8 15000 52653.4 5974.86 6852.84 5989.31 837.073 139.545 92.2646 47.2809 5403.82 1790
internal_count=9479779 9140181 339598 241658 8159831 8133226 980350 66685 51954 234755 154464 16822 1386581 573926 26605 11374 913665 377855 327217 323036 6746645 97940 137642 116079 15665 2978 1881 1097 89261 29948
is_linear=0
shrinkage=0.08


Tree=71
num_leaves=31
num_cat=0
split_feature=2 2 12 12 8 4 2 3 5 2 3 5 7 5 8 4 6 2 2 3 7 6 4 4 8 6 6 6 5 5
split_gain=49.9381 14.605 10.485 9.77041 8.26129 16.3902 11.9409 8.20292 8.38667 6.93568 6.8663 8.03611 7.97043 6.58487 6.56136 6.5773 6.52524 6.50143 6.45574 8.73626 6.25296 6.73733 9.62851 6.83638 6.15563 5.77423 11.8222 11.6935 11.1452 13.4967
threshold=0.46720430254936224 0.75140449404716503 0.32739856839179998 6.1023254394531259 10.166653958350986 12407.500000000002 0.029631255194544796 13.500000000000002 0.47666649520397192 0.97086149454116832 6.5000000000000009 0.35344369709491735 18.500000000000004 0.16254932433366778 8.7999948666697243 60148.500000000007 10.500000000000002 0.1155870445072651 0.082903780043125166 7.5000000000000009 7.5000000000000009 31.500000000000004 238.50000000000003 238.50000000000003 17.599985333346051 115.50000000000001 114.50000000000001 120.50000000000001 0.72761431336402904 0.72243767976760875
decision_type=2 2 2 2 2 2 2 2 2 2 2 2 2 2 2 2 2 2 2 2 2 2 2 2 2 2 2 2 2 2
left_child=2 7 4 10 -1 6 -6 8 -2 -5 12 -12 -3 -8 15 20 -4 -15 19 -7 21 22 -13 -23 -10 26 -18 -27 29 -28
right_child=1 3 16 9 5 18 13 -9 24 -11 11 14 -14 17 -16 -17 25 -19 -20 -21 -22 23 -24 -25 -26 27 28 -29 -30 -31
leaf_value=-0.0027576870512053416 -0.0050922606995019238 0.01482491280070899 -0.0055052845665540954 0.011986472144586336 -0.014611414439556981 0.00057882611448244908 -0.021534223386397346 0.00056333890807702756 0.00507256556572519 0.034689350856942948 -0.028618318661842449 0.086484487996160944 -0.010546521777906753 0.00089132814715154403 0.0027786097755161505 -0.0035652343071043329 6.335378892462249e-05 -0.003503261807840035 0.0014740086995063853 0.013528856346138589 0.0053887027639076537 -0.031011877472116183 -0.0091616663623913207 0.023577523211710697 -0.00011390775038861406 -0.0054922281944813243 0.0091929977689193341 0.00043554859795770458 0.0015511607898749803 0.037732601185428191
leaf_weight=25412.27796663417 671.58950131866004 723.48866941153574 1429.8859624307224 486.30748098953552 491.19475825526388 598.72286619388615 106.86431880528107 12966.852324704847 8180.2928756977417 104.6537793202948 47.521118177656717 7.3046639546532779 88.99247814570117 3871.1812274856129 3789.1227503187547 206.61733953564817 41463.151605492036 4858.628597676754 4437.1790216137015 752.33879480675387 481.84705699284768 15.179206097054701 86.531420048457221 448.36429055858707 1783.9556919682072 3493.3612387863686 661.01253766825175 5456.5112361300853 1214.1685951127256 126.31588854726579
leaf_count=2860863 16901 12469 78012 10949 641260 256785 112272 236804 129924 2795 875 80 1353 1559159 66311 3695 1703861 619047 382140 266658 7414 245 1407 6958 48727 160448 20273 240373 29254 2467
internal_value=-2.8793e-11 0.00283799 -0.000904829 0.00620027 -0.00187678 -0.00039584 -0.00247097 0.00191405 0.00356079 0.0160069 0.00521717 0.00412553 0.0120459 -0.00179613 0.00443457 0.00947104 -0.00017325 -0.00155451 0.00294827 0.00779005 0.0120629 0.0178326 -0.0017161 0.0217899 0.004144 -2.77906e-05 0.000353233 -0.00187821 0.00635838 0.0137718
internal_weight=124461 30088.6 94372.8 6485.93 40528.4 15116.1 9327.87 23602.7 10635.8 590.961 5894.97 5082.49 812.481 8836.67 5034.97 1245.84 53844.4 8729.81 5788.24 1351.06 1039.23 557.38 93.8361 463.543 9964.25 52414.5 43464.6 8949.87 2001.5 787.328
internal_count=9479779 546907 8932872 114551 6698184 3837321 2931738 432356 195552 13744 100807 86985 13822 2290478 86110 19799 2234688 2178206 905583 523443 16104 8690 1487 7203 178651 2156676 1755855 400821 51994 22740
is_linear=0
shrinkage=0.08


Tree=72
num_leaves=31
num_cat=0
split_feature=12 2 5 4 4 4 4 8 5 8 7 7 5 3 6 12 5 1 4 2 7 5 8 4 12 1 4 0 12 5
split_gain=46.4084 15.2038 13.3249 16.9575 15.7765 15.3597 11.0752 10.2842 9.72837 9.49315 16.0554 17.9882 11.4469 9.45193 9.31261 10.5745 10.7512 9.17459 9.42548 8.89768 8.69306 8.46317 8.66835 8.35075 8.01644 7.985 7.96479 10.5046 8.86279 7.83042
threshold=1.1135624051094057 0.6885775923728944 0.6421831250190736 72837.500000000015 70419.000000000015 60148.500000000007 160.50000000000003 10.166653958350986 0.63058349490165722 6.8651231523075404 4.5000000000000009 7.5000000000000009 0.65160736441612255 17.500000000000004 107.50000000000001 0.20333977788686755 0.77645063400268566 75.500000000000014 775.50000000000011 0.41223156452178961 15.500000000000002 0.75467449426651012 7.7215731845472684 322066.50000000006 1.0000000180025095e-35 8.5000000000000018 4578.5000000000009 1.5000000000000002 0.12496333941817285 0.73018604516983043
decision_type=2 2 2 2 2 2 2 2 2 2 2 2 2 2 2 2 2 2 2 2 2 2 2 2 2 2 2 2 2 2
left_child=2 7 3 4 5 24 13 -2 -7 10 23 -12 25 -4 15 16 29 18 -16 -10 -17 22 -3 -8 -1 -13 27 28 -26 -14
right_child=1 21 6 -5 -6 8 9 -9 19 -11 11 12 14 -15 17 20 -18 -19 -20 -21 -22 -23 -24 -25 26 -27 -28 -29 -30 -31
leaf_value=-0.080593609413892833 0.0034111485385428485 0.0091203389025841641 -0.0050151483598929857 0.0098088907664508184 -0.017277266037819851 0.010187062386090696 -0.0062744071630483327 -0.00013059411406932047 -0.015097720999817677 0.001011851498135079 0.0070847358259314474 -0.0035813125906874496 -0.0089529526321908987 -0.035544296821474738 0.033945141422467393 -0.017763192401451033 -0.028441291800529522 -0.075655154701826238 -0.0094852395177007394 0.038583321973705079 0.0051906654750265803 0.0091920716930071877 0.0024017032301687229 0.0020919468015215986 -0.0061550517516811521 -0.036595941687359315 -0.0032239854345883735 0.00026939934561656372 -0.0015185861565938264 0.0095719421314472558
leaf_weight=8.3109981980742287 9612.7102146129873 1573.5559025828643 189.7233893076118 798.7786357702571 425.5725506558083 1024.9908412234799 4493.9009580676866 11553.628982142516 177.37544861486822 30370.961676672152 2118.5979552964345 87.323577489005402 442.31997520578443 98.652924211899517 33.398934595985338 111.50674849632924 124.79098116664682 12.901530613075009 753.46313914560596 22.238879198674113 1991.5606880453379 2609.4035620178711 5612.8853196788696 919.82707937102896 3663.9546289494119 101.24805782933254 20388.009559389313 15330.605408896537 9428.869488029166 218.01115893817041
leaf_count=144346 162017 22897 13991 43497 33713 66623 154036 345562 16033 1742283 62940 2415 33137 6305 1102 2899 6893 2033 29234 393 41915 47200 99134 16085 1737271 7876 2298958 1143952 1183239 11800
internal_value=-3.00686e-12 0.00268389 -0.000890315 -0.00175617 -0.00193921 -0.00180878 0.000164909 0.00147789 0.00704042 0.000272751 -0.00169477 0.00115709 -0.00208248 -0.0154591 -0.00109947 0.00101597 -0.00690656 -0.00873897 -0.00764181 -0.00911716 0.00397363 0.00528976 0.00387283 -0.00485291 -0.00203075 -0.0213076 -0.00201737 -0.00115188 -0.00281608 -0.00283688
internal_weight=124299 30962.2 93336.9 51268.7 50469.9 50044.4 42068.2 21166.3 1224.61 41779.8 11408.9 5995.12 3876.52 288.376 3687.95 2888.19 785.122 799.764 786.862 199.614 2103.07 9795.84 7186.44 5413.73 48819.8 188.572 48811.4 28423.4 13092.8 660.331
internal_count=9479779 676810 8802969 6668025 6624528 6590815 2134944 507579 83049 2114648 372365 202244 139304 20296 129013 96644 51830 32369 30336 16426 44814 169231 122031 170121 6507766 10291 6363420 4064462 2920510 44937
is_linear=0
shrinkage=0.08


Tree=73
num_leaves=31
num_cat=0
split_feature=2 2 3 12 7 5 7 7 6 5 8 4 4 8 0 2 8 5 5 2 4 5 5 6 4 4 4 5 4 5
split_gain=42.4261 15.9128 12.7429 10.3844 10.3047 9.56518 8.92041 15.8351 20.1164 10.4444 9.31809 9.37266 8.38172 8.3094 8.90035 8.15097 7.66834 9.82599 8.03886 9.7523 9.29488 7.59152 18.2098 71.017 10.5549 8.17796 49.0174 15.1039 7.56067 7.46569
threshold=0.38529014587402349 0.81892696022987377 13.500000000000002 4.5967032909393319 20.500000000000004 0.47666649520397192 17.500000000000004 16.500000000000004 73.500000000000014 0.57317069172859203 5.2307662130196872 28.500000000000004 85.500000000000014 11.384608816572259 5.5000000000000009 0.35505092144012457 6.7999898000170012 0.31340929865837103 0.54690027236938488 0.35032467544078832 1498.5000000000002 0.60170263051986705 0.60048425197601329 26.500000000000004 72837.500000000015 18390.000000000004 15436.500000000002 0.59743008017539989 20245.000000000004 0.58592963218688976
decision_type=2 2 2 2 2 2 2 2 2 2 2 2 2 2 2 2 2 2 2 2 2 2 2 2 2 2 2 2 2 2
left_child=4 2 5 -3 6 -2 7 9 16 -1 -11 -12 -6 14 -7 29 17 -9 -19 20 -20 22 24 -24 25 26 -13 -27 -5 -10
right_child=1 3 -4 28 12 13 -8 8 15 10 11 21 -14 -15 -16 -17 -18 18 19 -21 -22 -23 23 -25 -26 27 -28 -29 -30 -31
leaf_value=-0.0023570013995182029 -0.0041484179484533503 0.0049314820158211569 0.0001508886447886671 0.0097160021434678397 -0.011623104646065812 0.002698780644465968 -0.00327329581659508 -0.032202295794065389 -0.002070589960814411 -0.0029535803174252761 -0.049128591156089862 0.00075808028606337856 0.018764195302921859 0.0018072149406919797 0.0081249630657685389 0.045122688682042819 0.008818985565527784 0.034216656294099666 -0.040992602589719526 0.098855060297836334 0.015516608942057822 -0.00018655735872851492 0.084064589777974541 -0.00052745192380476767 0.015721602187000007 -0.0024068487867446764 0.052574625370896994 -0.037141023256219624 0.027081270361734921 -0.063723174724291398
leaf_weight=22995.896638597878 1051.3443767498447 3903.4993194609638 18464.361166231829 499.9279498543408 73.018705618829699 3660.9577031970075 10265.232370562575 19.318583446711273 940.10635804478443 7192.7907163970522 24.675140540144639 2755.9013766897042 284.21615425827622 7304.5592388847144 4102.7000380801019 23.175222777761519 593.02490889278124 251.56551946731634 24.574557631509379 7.0953423946630201 76.995543233613716 37467.080969992254 85.617590865324019 246.04958187539887 324.68128779606195 1003.8489771385066 122.01335713200388 87.072056128759868 236.31492420864993 12.740713319508357
leaf_count=4061079 28506 65766 360778 11632 8637 53967 1182632 2940 203561 237503 2348 290569 19422 171676 60131 509 75483 12035 1398 52 3261 2448842 5056 22908 18160 104438 8049 11228 5974 1239
internal_value=-1.55732e-11 0.00217591 0.00158571 0.00657516 -0.00100554 0.00322924 -0.00106285 -0.000757267 0.00635921 -0.000949052 -0.000292446 0.000162027 0.012553 0.00374399 0.00556624 -0.0017548 0.014502 0.0233813 0.0263622 0.00817873 0.00184439 0.000190922 0.00324875 0.0213094 0.0018536 0.000719088 0.00295492 -0.00517916 0.0152898 -0.00289496
internal_weight=124100 39223.7 34583.9 4639.74 84876.7 16119.6 84519.5 74254.2 1948.6 72305.6 49309.7 42116.9 357.235 15068.2 7763.66 976.022 972.574 379.55 360.231 108.665 101.57 42092.3 4625.18 331.667 4293.52 3968.84 2877.91 1090.92 736.243 952.847
internal_count=9479779 758430 675058 83372 8721349 314280 8693290 7510658 300478 7210180 3149101 2911598 28059 285774 114098 205309 95169 19686 16746 4711 4659 2909250 460408 27964 432444 414284 298618 115666 17606 204800
is_linear=0
shrinkage=0.08


Tree=74
num_leaves=31
num_cat=0
split_feature=12 2 5 4 4 4 5 4 0 12 3 8 8 7 7 3 5 1 0 3 3 5 12 2 2 8 5 5 6 4
split_gain=38.4714 13.3966 11.1494 13.7508 14.0817 12.9736 9.5326 9.23438 9.14347 8.77402 8.44836 8.37376 8.37348 16.5159 11.7002 9.5898 11.4355 9.0148 8.16022 8.10556 8.0436 10.7406 9.99146 7.91899 7.74573 7.68571 7.48953 25.3564 55.4275 27.7476
threshold=1.1135624051094057 0.63762626051902782 0.6421831250190736 72837.500000000015 70419.000000000015 63017.500000000007 0.63058349490165722 160.50000000000003 28.500000000000004 0.04789411090314389 17.500000000000004 10.166653958350986 5.4285681972809128 4.5000000000000009 10.500000000000002 6.5000000000000009 0.83056166768074047 55.500000000000007 1.5000000000000002 29.500000000000004 12.500000000000002 0.7822885811328889 0.13335629552602771 0.42776885628700262 0.23132664710283282 7.3157865858738438 0.60266375541687023 0.60048425197601329 30.500000000000004 18390.000000000004
decision_type=2 2 2 2 2 2 2 2 2 2 2 2 2 2 2 2 2 2 2 2 2 2 2 2 2 2 2 2 2 2
left_child=2 8 3 4 5 26 9 10 11 -7 -4 -2 13 20 -15 16 -16 -14 -17 -3 21 -9 -23 -8 -18 -6 27 -1 29 -29
right_child=1 19 7 -5 25 6 23 12 -10 -11 -12 -13 17 14 15 18 24 -19 -20 -21 -22 22 -24 -25 -26 -27 -28 28 -30 -31
leaf_value=-0.0016460024045656262 0.0025875512477890046 0.0057135329467065659 -0.004384973521861916 0.0087607385590498781 -0.038516297937223755 0.12153004330770147 -0.014260738995065411 -0.0057661709359731776 0.0091202651202209415 0.010450293717364039 -0.033573532783506041 -0.00094412792972927524 0.0010125019727672928 0.0070755805933123772 -0.0096728013468486071 -0.0051577144395401533 -0.032925152043405216 -0.0055283379567000433 0.0059299197107807282 0.0012011807959339212 -0.010287515033379354 -0.034182787819872266 0.016115795513153557 0.036663160158748799 -0.14975348168501193 -0.011074461977157519 -0.0037751466882900327 0.011425397224308834 0.0023704842363898334 0.077957926546481982
leaf_weight=37880.158664630064 7873.9193923002058 9100.233900951649 188.34328555768298 806.24358289604424 81.097150887711905 4.5764878151239818 174.31524659482238 1090.4270033663815 858.11540518770926 817.82229753779393 95.716472770407563 9457.7428707533109 33580.774864465973 1396.3513941506826 511.92084588849684 810.29271936263467 8.9350125266937521 1404.9784222013841 893.00102854076613 3538.3741855306926 1712.5998401300967 27.894639422884211 269.17697252855214 22.011537794023752 6.1195417623966923 335.72136312851217 10096.093582655551 64.321237751471926 738.66318441701151 106.61441938069765
leaf_count=5606310 138313 163824 13991 43497 4739 797 16047 40146 15648 50193 6305 301322 1721674 36924 21778 31151 331 195323 18764 57703 42650 1598 4236 379 73 28974 847202 5615 59528 4744
internal_value=-2.56835e-11 0.00244955 -0.000810915 -0.00160426 -0.00177033 -0.00164802 0.00728735 0.000154925 0.00105945 0.0110684 -0.0142203 0.000660344 0.00025282 -0.00233214 0.00133288 -0.00226258 -0.0116937 0.000749831 0.000655299 0.00445023 -0.00661963 -0.00209233 0.0113928 -0.00855131 -0.0804148 -0.0164136 -0.00183423 -0.00132905 0.0118704 0.0529225
internal_weight=123953 30828.4 93124.2 51127.6 50321.4 49904.6 1018.73 41996.5 18189.8 822.399 284.06 17331.7 41712.5 6726.72 3626.62 2230.27 526.975 34985.8 1703.29 12638.6 3100.1 1387.5 297.072 196.327 15.0546 416.819 48885.9 38789.8 909.599 170.936
internal_count=9479779 676810 8802969 6668025 6624528 6590815 67416 2134944 455283 50990 20296 439635 2114648 197651 109021 72097 22182 1916997 49915 221527 88630 45980 5834 16426 404 33713 6523399 5676197 69887 10359
is_linear=0
shrinkage=0.08


Tree=75
num_leaves=31
num_cat=0
split_feature=2 2 3 12 8 7 7 7 6 5 6 6 6 5 8 4 8 2 2 3 7 6 6 4 8 6 12 0 4 5
split_gain=35.2949 12.168 10.4939 9.37983 9.65315 8.94523 8.48373 13.9772 18.02 12.0367 11.0752 20.3038 20.1818 11.0436 10.8231 12.4126 10.42 8.74454 8.76624 13.2311 8.16231 7.66396 14.9747 7.58822 7.57161 7.53239 7.51074 7.20993 7.45133 16.7542
threshold=0.46720430254936224 0.91042780876159679 8.5000000000000018 3.00000011920929 12.705395414455456 20.500000000000004 17.500000000000004 16.500000000000004 84.500000000000014 0.54942232370376598 115.50000000000001 120.50000000000001 114.50000000000001 0.72761431336402904 2.4999980654776968 15436.500000000002 7.0510632529149531 0.083771932870149626 0.035929432138800628 18.500000000000004 18.500000000000004 92.500000000000014 85.500000000000014 3383.0000000000005 2.8523955664906531 91.500000000000014 1.2727273106575014 1.0000000180025095e-35 95.500000000000014 0.17647051066160205
decision_type=2 2 2 2 2 2 2 2 2 2 2 2 2 2 2 2 2 2 2 2 2 2 2 2 2 2 2 2 2 2
left_child=5 2 -2 -3 -5 6 7 9 -9 27 12 -12 16 14 15 -14 17 18 19 -11 25 22 -18 -15 26 -8 -25 -1 -29 -30
right_child=1 3 -4 4 -6 -7 20 8 -10 10 11 -13 13 23 -16 -17 21 -19 -20 -21 -22 -23 -24 24 -26 -27 -28 28 29 -31
leaf_value=-0.080548513875366531 0.0042057513892385977 0.0044985764891251525 0.00078599420536642724 0.022287224032971224 0.004811378879613591 0.011552396297367025 0.010206355376577811 0.010369433010662225 -0.0065356613771998988 -0.0014055815522450198 -0.0065380532524705682 0.00040827436381682283 0.027086959198657952 -0.016669699198079476 0.010855419992307025 0.11481402538805638 0.00056911256875601427 -0.0010543977982713879 -0.0092746526611985243 0.044117911432467911 -0.0022595736690161701 -0.002817502904713175 0.0067580283071815728 -0.0093924781426825681 0.0054526553552833043 -0.013250102141023321 -0.078091685511459175 0.0039636800758106059 -0.024528434056951386 -0.0024672037337680587
leaf_weight=7.5490825497545293 8342.9929234672236 2237.2644033588849 18426.652071389079 454.27784782865911 364.68080447945977 376.08665776139242 99.411861887909254 1538.9182518155176 546.99008022417183 323.73084495054718 4518.0345547416437 6667.1344242167688 52.478678178820701 119.63488736821455 1134.1317579595834 12.849727740045635 26630.409889091381 10864.541342485241 1653.2001075336593 46.762921739718877 10414.010150424276 3484.3323456430735 2761.6060739686582 83.509376454632729 1623.7563964996134 738.46522042582365 11.599678680908253 1129.1427285165773 222.9084314024949 18937.740556926525
leaf_count=144346 154388 35282 339634 9621 7982 28400 10706 175949 127799 74941 356773 455829 959 5709 58237 135 1834097 275622 129325 7483 1088842 290998 165469 1570 62793 110584 172 263650 191480 3071004
internal_value=-6.82017e-12 0.00239777 0.00185179 0.00718001 0.0145053 -0.000760812 -0.000810275 -0.000528814 0.00593639 -0.000696788 -0.000126997 -0.00239756 0.000393398 0.00670766 0.0126793 0.0443424 -2.5757e-05 -0.00195375 -0.00678206 0.0043403 -0.00287075 0.000730057 0.00115061 0.0028117 0.00416762 -0.0104671 -0.0177712 -0.00238077 -0.00235169 -0.00272386
internal_weight=123825 29825.9 26769.6 3056.22 818.959 93998.9 93622.8 82371 2085.91 80285.1 59987.7 11185.2 48802.5 3037.96 1199.46 65.3284 45764.6 12888.2 2023.69 370.494 11251.9 32876.3 29392 1838.5 1718.87 837.877 95.1091 20297.3 20289.8 19160.6
internal_count=9479779 546907 494022 52885 17603 8932872 8904472 7694340 303748 7390592 3720112 812602 2907510 129575 59331 1094 2777935 487371 211749 82424 1210132 2290564 1999566 70244 64535 121290 1742 3670480 3526134 3262484
is_linear=0
shrinkage=0.08


Tree=76
num_leaves=31
num_cat=0
split_feature=2 2 3 5 4 3 3 4 0 7 4 6 6 5 6 5 7 4 5 0 5 4 5 12 4 8 7 7 12 8
split_gain=32.4881 15.2053 9.48343 11.4514 9.86996 7.82963 7.70762 7.40208 6.34691 7.58739 7.42551 6.10988 9.16488 10.777 7.50997 10.2607 7.66613 8.3447 7.65133 7.12547 6.46184 7.02503 8.50292 6.34188 6.03168 6.01512 9.15412 13.268 8.63627 7.73663
threshold=0.3081014752388001 0.75140449404716503 18.500000000000004 0.4829822331666947 1498.5000000000002 28.500000000000004 9.5000000000000018 227752.50000000003 4.5000000000000009 8.5000000000000018 9413.5000000000018 26.500000000000004 21.500000000000004 0.65261220932006847 79.500000000000014 0.23770491033792499 12.500000000000002 32837.500000000007 0.28331096470355993 1.5000000000000002 0.69605797529220592 147804.00000000003 0.68444010615348827 1.046521842479706 20.500000000000004 12.333328993828694 4.5000000000000009 8.5000000000000018 1.1481481194496157 2.0678155691506279
decision_type=2 2 2 2 2 2 2 2 2 2 2 2 2 2 2 2 2 2 2 2 2 2 2 2 2 2 2 2 2 2
left_child=5 2 3 4 -2 -1 8 11 -3 -10 -11 12 24 19 -13 -16 18 -18 -17 -14 21 22 -15 -19 -4 26 -5 28 29 -28
right_child=1 6 7 25 -6 -7 -8 -9 9 10 -12 14 13 20 15 16 17 23 -20 -21 -22 -23 -24 -25 -26 -27 27 -29 -30 -31
leaf_value=-0.0016356318127180355 0.00097415126407916785 0.0028498963625113831 0.065250648082879156 0.0012439828621482547 -0.0093221282157507062 0.00041158340183233832 0.0032200429698950516 0.00499325123770892 0.017343918064331162 -0.0028997038174610875 0.015980297951641801 0.0024705966901410873 -0.00091028071224651022 0.0040598141809617136 -0.039851443493229714 0.050395317462671473 -0.0047180410316585014 0.01287375642562404 0.00065168199177049275 -0.022355850602043311 -0.00777588173854654 0.016320779342169488 -0.023507012023613365 -0.0051166943948263545 0.00033096146136775743 0.00091587667442420359 -0.044959278181991129 0.0032044600901769637 0.014449687952492449 0.0056945851706964867
leaf_weight=52658.74163739349 1433.3333527849409 671.02295716285653 9.2093645733530121 6907.75992571797 1019.7753401738937 15468.323989246004 4349.2688452906768 1548.5094992518207 798.73374855393376 314.39155018196834 231.48771063354116 5071.6518457716611 131.71855631819926 275.69495192845352 43.939521483989665 19.857199385995955 4172.5103354307012 325.52022906916682 5832.8688896532594 401.09262431389652 959.1590225343316 175.30663353344426 96.737053105840459 203.9910182087915 1687.156000811272 10299.136066857842 19.672020925208471 6186.4838699163984 1348.1030245767856 1014.3139834784606
leaf_count=6770992 59367 10126 369 121158 44056 1388839 76316 22976 16698 6469 4942 134260 6382 5870 6103 922 110655 5277 147869 10452 18969 3196 2540 3427 55229 298234 296 111999 19448 16343
internal_value=-2.2861e-11 0.00143593 0.00095979 0.0019169 -0.00330609 -0.00117081 0.00511523 -0.00032954 0.0092046 0.0123759 0.00510662 -0.000754266 -0.0036614 -0.00727484 -6.11555e-05 -0.00127264 -0.00111204 -0.00351746 0.000820453 -0.0170542 -0.00381704 0.00311538 -0.00310051 0.00594304 0.000683403 0.00241398 0.00341094 0.00515788 0.0102311 0.00473087
internal_weight=123675 55548.4 49183.5 28228.6 2453.11 68127.1 6364.9 20954.9 2015.64 1344.61 545.879 19406.4 3736.07 2039.71 15670.3 10598.7 10554.7 4702.02 5852.73 532.811 1506.9 547.739 372.432 529.511 1696.37 25775.5 15476.3 8568.57 2382.09 1033.99
internal_count=9479779 1319948 1205397 670901 103423 8159831 114551 534496 38235 28109 11411 511520 103007 47409 408513 274253 268150 119359 148791 16834 30575 11606 8410 8704 55598 567478 269244 148086 36087 16639
is_linear=0
shrinkage=0.08


Tree=77
num_leaves=31
num_cat=0
split_feature=2 4 2 3 2 8 3 2 2 2 12 4 4 6 4 7 5 12 8 2 4 4 8 12 5 6 9 5 7 7
split_gain=30.0886 10.9182 11.9249 9.40441 9.10782 8.34502 8.21902 7.25464 7.10491 6.74449 7.02908 6.58559 6.96819 6.38187 6.35925 5.99117 5.94075 5.91778 5.88122 11.5231 7.34927 5.87617 7.09831 9.01334 5.77737 6.88827 19.2393 5.61976 7.57136 9.66463
threshold=0.54606062173843395 253302.00000000003 0.035929432138800628 8.5000000000000018 0.17262665182352069 2.0678155691506279 21.500000000000004 0.046693313866853721 0.91833335161209118 0.82807883620262157 3.8344298601150517 164736.00000000003 147804.00000000003 12.500000000000002 18390.000000000004 12.500000000000002 0.22132766991853717 0.16671891510486606 11.610428963205626 0.030457638204097751 28.500000000000004 137.50000000000003 6.3333245370497444 2.1823177337646489 0.72243767976760875 122.50000000000001 2.5000000000000004 0.5070902705192567 6.5000000000000009 7.5000000000000009
decision_type=2 2 2 2 2 2 2 2 2 2 2 2 2 2 2 2 2 2 2 2 2 2 2 2 2 2 2 2 2 2
left_child=1 4 -3 9 6 -4 18 -8 -5 16 -11 12 -9 -6 -12 -16 -2 -13 20 -20 -1 22 23 -18 -23 -26 -27 -10 -29 -30
right_child=3 2 5 8 13 -7 7 11 27 10 14 17 -14 -15 15 -17 21 -19 19 -21 -22 24 -24 -25 25 26 -28 28 29 -31
leaf_value=0.015176347833539284 -0.080144176849926294 0.045934332873296305 -0.029535225378873011 0.00091416990115503302 -0.0047680767643227366 0.00318413674159806 0.009621201652383107 -0.00016924312542115907 -0.0067888561155672765 0.0065125684834284629 0.011364095720949817 -0.034738558897049569 0.023546639367133321 -1.8241445837556007e-06 0.04190206387971783 0.0059340054377187059 0.082904432720906723 -0.005089668410515712 -0.012203996953888147 0.00023514205221643761 -0.0033431690960563261 0.0015921814279524008 0.010903482985596258 -0.020806886069900714 0.008479408153842705 -0.062066218108162138 0.0096884934960059926 0.0013960281499917088 0.022701186976779742 0.0066586958266458707
leaf_weight=138.12885103980079 5.3572483109237501 41.439495206254833 50.437961404530142 12720.076117383278 1854.5962579578918 4576.9193845412128 499.53721014569601 9161.1986759302818 206.72496260304843 822.28301276370485 236.29355264191997 64.051834208192304 79.982810778659768 58847.009742737981 111.5374131167606 40.364623363608644 21.121400180272762 131.61675280984491 510.58426531224541 7164.0530298428748 19159.571816335916 3085.6157978943011 94.496919638477266 7.1882951227016738 1746.681352353804 34.154297609813511 79.769931886461563 871.79369337931644 336.02319865758909 844.00196714324397
leaf_count=103367 207 6784 808 222537 95485 101534 246526 1135916 3606 14063 5537 2989 3441 2186545 2792 974 201 5887 600433 1907394 2707981 57333 1746 114 28740 645 1476 14904 5716 14098
internal_value=-9.33253e-13 -0.000569254 0.00321011 0.00273816 -0.000750025 0.0028275 -0.00174105 0.000225842 0.00164835 0.00533549 0.0107012 -0.000271499 3.60188e-05 -0.000147446 0.0195737 0.0323443 0.0040555 -0.0147952 -0.00246564 -0.000592419 -0.00321061 0.00414449 0.0214307 0.0565704 0.0037153 0.00723627 -0.0118235 0.00578324 0.0070499 0.0112269
internal_weight=123543 102279 4668.8 21263.5 97610.3 4627.36 36908.7 9936.39 14978.6 6284.86 1210.48 9436.85 9241.18 60701.6 388.196 151.902 5074.39 195.669 26972.3 7674.64 19297.7 5069.03 122.807 28.3097 4946.22 1860.61 113.924 2258.54 2051.82 1180.03
internal_count=9479779 9105090 109126 374689 8995964 102342 6713934 1394759 260861 113828 23366 1148233 1139357 2282030 9303 3766 90462 8876 5319175 2507827 2811348 90255 2061 315 88194 30861 2121 38324 34718 19814
is_linear=0
shrinkage=0.08


Tree=78
num_leaves=31
num_cat=0
split_feature=2 2 3 6 6 1 7 0 7 4 4 5 0 12 3 1 6 2 8 8 12 5 2 3 6 4 8 7 7 5
split_gain=28.1708 13.1924 10.2904 9.1714 8.13608 9.32558 8.49241 7.78463 7.40456 7.05407 12.3605 40.5432 18.9453 7.73333 7.01681 6.733 6.70464 6.56306 6.14771 7.4886 7.40605 8.32545 7.59677 7.14643 6.64499 6.54418 6.06508 5.84546 7.04714 11.1729
threshold=0.3081014752388001 0.91042780876159679 14.500000000000002 23.500000000000004 77.500000000000014 57.500000000000007 12.500000000000002 5.5000000000000009 20.500000000000004 83472.000000000015 102441.50000000001 0.69076326489448558 14.500000000000002 1.1481481194496157 28.500000000000004 20.500000000000004 63.500000000000007 0.37602458894252783 2.8523955664906531 5.5192571333122062 3.00000011920929 0.7822885811328889 0.44543650746345526 9.5000000000000018 33.500000000000007 322066.50000000006 4.5298557221205868 17.500000000000004 16.500000000000004 0.33242595195770269
decision_type=2 2 2 2 2 2 2 2 2 2 2 2 2 2 2 2 2 2 2 2 2 2 2 2 2 2 2 2 2 2
left_child=8 2 3 -2 5 6 16 -3 14 -6 11 15 13 -13 -1 -11 18 -18 20 -20 21 22 24 -24 -5 -23 -10 28 -16 -30
right_child=1 7 -4 4 9 -7 -8 -9 26 10 -12 12 -14 -15 27 -17 17 -19 19 -21 -22 25 23 -25 -26 -27 -28 -29 29 -31
leaf_value=-0.0015900365957002209 -0.0030643082611868213 0.0041177439323741441 -7.6011570074302286e-05 -0.049355606280033437 0.0019267206300655894 0.015022246665830628 -0.00091218430015673369 0.013464672113619023 0.044608709277312988 -0.0065377264421390456 -0.00055117228635589944 -0.03228392066732317 -0.16891513758856366 -0.086662096799134641 0.00059541579480068823 0.031428037689526574 -0.00070391268567488688 0.01717720839519609 0.011903506163894998 0.0036411852072671985 -0.061335632212395054 0.092741865624160522 0.022440667790379187 -0.041640223912200923 0.012707607000844057 0.009197033155217393 0.0074106131163793575 -0.0039095959192281884 -0.013697789559482179 0.017993896738205634
leaf_weight=52305.233327806782 1981.9143343314536 2249.3145270293553 26214.779356369261 46.2722005152973 12939.807418987511 497.97829442610964 1950.6879455320523 763.95593258643021 31.01833943388192 112.12586150993593 1033.212190854596 46.89668066217564 10.038416623603551 26.026960828108713 13198.862886626106 40.764025620999746 177.16123283241177 508.25750459076426 797.94602907817534 5842.6586755950511 16.791842836219075 8.3209750540554541 43.149951731204055 15.013496389612554 14.500980742275713 21.518627433924848 293.41314708073332 1818.139958225358 90.886864671228977 328.61404847486847
leaf_count=6746645 59171 34378 653777 683 311401 9068 53663 18507 872 2803 19879 1237 334 742 1155853 878 5243 8384 11060 127297 307 62 413 162 254 245 25733 178788 22775 29165
internal_value=-1.50092e-12 0.00134017 0.00104386 0.00216733 0.00259669 0.0043523 0.00378957 0.00648748 -0.00108998 0.0013685 -0.00432334 -0.0208483 -0.0658759 -0.0516919 -0.00114772 0.00358484 0.00501383 0.0125554 0.00425435 0.004634 -0.0109725 -0.00528822 -0.0147673 0.00589973 -0.0345468 0.0324941 0.0109671 0.000351033 0.000919854 0.0111277
internal_weight=123425 55359.1 52345.8 26131 24149.1 9940.26 9442.28 3013.27 68066.2 14208.9 1269.06 235.852 82.9621 72.9236 67741.7 152.89 7491.59 685.419 6806.17 6640.6 165.568 148.776 118.937 58.1634 60.7732 29.8396 324.431 15436.5 13618.4 419.501
internal_count=9479779 1319948 1267063 613286 554115 216841 207773 52885 8159831 337274 25873 5994 2313 1979 8133226 3681 154110 13627 140483 138357 2126 1819 1512 575 937 307 26605 1386581 1207793 51940
is_linear=0
shrinkage=0.08


Tree=79
num_leaves=31
num_cat=0
split_feature=2 0 2 8 2 6 3 12 5 4 3 7 4 6 6 0 5 6 8 12 4 5 8 8 4 7 6 6 4 2
split_gain=26.933 10.221 10.1791 8.17702 8.21544 6.85372 6.64032 6.97865 6.43956 6.27806 6.07914 6.09956 6.25064 5.90882 6.52729 5.52088 5.21239 8.02007 7.48501 8.31141 7.46552 5.4787 8.09791 5.40899 6.33112 9.40975 7.09654 6.99316 5.73143 5.49178
threshold=0.62563130259513866 3.5000000000000004 0.3081014752388001 10.54544735537735 0.94868421554565441 1.0000000180025095e-35 28.500000000000004 0.023809525184333328 0.35783077776432043 1950.5000000000002 10.500000000000002 20.500000000000004 137.50000000000003 23.500000000000004 95.500000000000014 10.500000000000002 0.71393844485282909 85.500000000000014 9.9746769615411566 0.66671591997146618 137.50000000000003 0.75467449426651012 6.5999970300013535 3.5999946000090008 3530.0000000000005 15.500000000000002 92.500000000000014 49.500000000000007 6740.5000000000009 0.3464102596044541
decision_type=2 2 2 2 2 2 2 2 2 2 2 2 2 2 2 2 2 2 2 2 2 2 2 2 2 2 2 2 2 2
left_child=2 -2 5 4 -3 -1 -7 -8 9 -4 13 -12 -13 -10 16 -6 23 20 19 21 -18 -19 -23 24 -15 26 -26 -27 -29 -30
right_child=1 3 8 -5 15 6 7 -9 10 -11 11 12 -14 14 -16 -17 17 18 -20 -21 -22 22 -24 -25 25 27 -28 28 29 -31
leaf_value=-0.080513456738894651 0.00055959548141632442 0.0061126307316295347 -0.0029725550614593007 0.0028958287996374696 0.014070470157682327 -0.0014660239407597196 0.1054164141527754 0.00039192087079582485 -0.0036166539443625899 -0.020347872369995905 -0.00013115276404669955 -0.052749574761172612 0.056387892601367 0.0056245010704849075 -9.7309767740799672e-05 0.040939339274939111 -0.062331759267010095 0.065780141827280564 0.0060470336184450116 0.015845071718436826 0.0045745550167611542 -0.038010918898609358 0.050414865300730555 0.0026699860765533505 -0.013624398198543808 0.016543806073771445 0.093057820764306437 -0.14476863950129093 0.022362385801998366 -0.084847930439552965
leaf_weight=6.9450539531680979 6184.324223865684 3087.7273075995718 718.15842493638957 5900.3345089163631 496.34805369573974 52556.816217595173 4.0502713755304276 15470.919626633065 1125.5548000656399 163.36236787464259 23359.849621183861 3.9872713573277023 21.300997904501855 111.62352335281957 4535.0491663203775 54.296883817571825 10.711860032286493 42.761388678569347 308.28340103966184 201.26369939721189 2978.0793459407942 9.9056796552613395 20.032663254998624 5798.2245263680816 125.15073077019406 5.8021707413718131 4.1220794944092622 6.5684076779334672 4.2106253458186975 11.169431630522011
leaf_count=144346 102244 47312 52990 115641 8721 6665655 1801 1348029 33612 14773 611966 139 490 1554 112182 1976 251 503 6483 2637 49560 133 246 154451 1642 80 31 108 84 139
internal_value=4.83452e-11 0.00309278 -0.000451916 0.00473515 0.00771797 -0.00104526 -0.00103715 0.000419409 0.00056844 -0.00619253 0.000722509 -8.86425e-05 0.0391799 0.00196243 0.00240549 0.0167199 0.00358317 0.00600811 0.0145978 0.0242197 0.00433476 0.0474042 0.0211575 0.00215581 -0.00894162 -0.0192963 -0.0102227 -0.0615645 -0.0822127 -0.0554968
internal_weight=123327 15723 107604 9538.71 3638.37 68038.7 68031.8 15475 39565.2 881.521 38683.7 23385.1 25.2883 15298.5 14173 550.645 9637.91 3571.04 582.247 273.963 2988.79 72.6997 29.9383 6066.87 268.647 157.023 129.273 27.7506 21.9485 15.3801
internal_count=9479779 275894 9203885 173650 58009 8159831 8015485 1349830 1044054 67763 976291 612595 629 363696 330084 10697 217902 59813 10002 3519 49811 882 379 158089 3638 2084 1673 411 331 223
is_linear=0
shrinkage=0.08


Tree=80
num_leaves=31
num_cat=0
split_feature=2 2 0 8 2 3 0 5 12 4 2 8 4 8 5 5 4 6 5 4 6 6 6 8 5 4 12 7 5 4
split_gain=24.4127 9.41186 9.166 7.57224 7.67628 6.55336 6.4881 5.44285 5.09488 5.06276 5.67273 6.73738 4.89235 14.6419 5.13998 4.8635 5.48337 6.91375 5.12506 5.10292 4.78422 15.1831 10.5154 5.86439 5.32482 5.69084 4.91969 4.97039 4.69855 9.41558
threshold=0.62563130259513866 0.30094340443611151 3.5000000000000004 10.54544735537735 0.94868421554565441 28.500000000000004 28.500000000000004 0.35783077776432043 6.1023254394531259 5708.5000000000009 0.025158228352665905 6.8651231523075404 55.500000000000007 2.4999980654776968 0.17647051066160205 0.49782697856426245 1061.5000000000002 123.50000000000001 0.79679140448570263 19315.500000000004 121.50000000000001 115.50000000000001 114.50000000000001 11.228866273833257 0.62306672334671032 227752.50000000003 0.040552457794547088 20.500000000000004 0.49782697856426245 148.50000000000003
decision_type=2 2 2 2 2 2 2 2 2 2 2 2 2 2 2 2 2 2 2 2 2 2 2 2 2 2 2 2 2 2
left_child=1 5 28 4 -4 20 7 12 -6 -7 11 -11 13 -3 -14 19 17 -17 -18 -5 21 22 26 -24 -22 -26 27 -1 29 -2
right_child=2 6 3 15 8 9 -8 -9 -10 10 -12 -13 14 -15 -16 16 18 -19 -20 -21 24 -23 23 -25 25 -27 -28 -29 -30 -31
leaf_value=-0.0093708444437136801 0.015353417713587968 0.16778397487960156 0.0058366517180094783 -0.0072304756753701974 0.013506287595538444 -0.0012104968140392979 0.0076903685017401741 0.00053570066762005577 0.038858234562357825 0.10305147762645042 0.00162978287905021 -1.2867215465723614e-05 -0.036346405241293026 0.0043481370344702602 -0.0066160735056083365 0.012146388649615694 0.0013548980791748967 -0.052392134537191944 0.0083024253989260489 0.074693383114167886 -0.0016644786645590545 -0.0065456789523636099 0.0081353850928513067 -0.0029955667321347875 0.0056665388701669711 -0.0041113720502258325 -0.0013878060007326476 0.033203146135793261 0.0013504285586473932 -0.0095379387941477139
leaf_weight=662.92384299995319 115.94240044731828 3.6191271319894431 3072.2002831638874 365.24285169981886 487.9898738423849 6692.4079760148816 795.54182264121482 38569.975840917825 56.619416071353498 7.7257585388142642 8652.4314385589023 8.5536523559567268 39.218276866711676 114.44480608246522 729.3403264534154 542.98379098629812 4154.3364527868107 10.835191889666019 812.44059260879294 4.9317661346867672 2413.7191913810675 3779.7703049804841 1146.360944805594 411.72613569923851 1877.2615907786821 477.9319727334514 41127.753706675008 18.027449617613456 5464.1475415142813 603.55686299343165
leaf_count=638619 2360 93 47312 7851 8778 813175 14851 982129 1919 1421 566345 4482 8093 9060 51018 10228 80897 207 16372 86 415011 503178 55062 40960 147257 20638 4925925 6568 85544 14340
internal_value=-1.24192e-11 -0.000430153 0.00294775 0.00450708 0.0073884 -0.00100909 0.000537462 0.000393242 0.016142 0.000442447 0.00171855 0.0488986 -0.005804 0.00935809 -0.00813316 0.00273802 0.00333325 0.0108837 0.00249134 -0.00613902 -0.00143858 -0.00168282 -0.00125899 0.00519402 0.000976121 0.00368234 -0.00149947 -0.00824374 0.00055022 -0.00552687
internal_weight=123220 107529 15691.2 9507.58 3616.81 67276.6 40252.1 39456.6 544.609 15361.1 8668.71 16.2794 886.623 118.064 768.559 5890.77 5520.6 553.819 4966.78 370.175 51915.5 47146.6 43366.8 1558.09 4768.91 2355.19 41808.7 680.951 6183.65 719.499
internal_count=9479779 9203885 275894 173650 58009 8138641 1065244 1050393 10697 1385423 572248 5903 68264 9153 59111 115641 107704 10435 97269 7937 6753218 6170312 5667134 96022 582906 167895 5571112 645187 102244 16700
is_linear=0
shrinkage=0.08


Tree=81
num_leaves=31
num_cat=0
split_feature=2 4 2 3 12 8 2 2 12 2 12 8 5 6 4 4 0 4 6 4 5 1 4 4 9 8 3 8 8 8
split_gain=22.3831 8.50353 10.3754 8.26405 7.3615 6.1144 6.02117 5.54376 5.65102 5.47679 5.75842 5.36977 5.47923 5.07564 5.11625 10.5256 9.16225 7.97943 20.6539 28.3363 27.0302 29.4348 22.1601 15.5698 13.0848 13.9951 12.1816 10.2658 8.49807 7.86768
threshold=0.54606062173843395 253302.00000000003 0.038218110799789436 8.5000000000000018 0.17805711925029757 2.0678155691506279 1.0000000180025095e-35 0.82807883620262157 3.8344298601150517 0.91833335161209118 1.2273241877555849 17.714266734716478 0.22132766991853717 129.50000000000003 195199.50000000003 147804.00000000003 3.5000000000000004 83472.000000000015 83.500000000000014 102441.50000000001 0.69076326489448558 15.500000000000002 93473.500000000015 76628.000000000015 7.5000000000000009 3.3636350895321825 29.500000000000004 3.3636350895321825 6.1121584437809338 4.392079006272156
decision_type=2 2 2 2 2 2 2 2 2 2 2 2 2 2 2 2 2 2 2 2 2 2 2 2 2 2 2 2 2 2
left_child=1 4 -3 7 6 -4 -1 11 -9 -5 -11 12 -2 14 15 17 -16 23 19 20 -19 26 -23 -6 25 -25 28 -28 -22 -17
right_child=3 2 5 9 13 -7 -8 8 -10 10 -12 -13 -14 -15 16 29 -18 18 -20 -21 21 22 -24 24 -26 -27 27 -29 -30 -31
leaf_value=-0.080471351190698856 -0.080988499782725584 0.039786824464996984 -0.025350529160509391 0.00070563746830319121 -0.00022303596367101872 0.0027698745609602464 -0.0020817106094825296 0.0059817499759340148 0.017838162862663761 -0.050550720875803784 0.0053172490272958908 -0.0017755272078146258 0.0050168484918475011 -0.006914946124023328 0.00073834697340366016 -0.02943592049149487 -0.011142941370342144 0.0029451461752872487 0.0043660163589803918 -0.0018676130802238338 0.0089553007390691369 -0.032402474892600737 -0.082971190419631802 -0.074439049791278564 0.017052315396023955 0.002050167465693772 0.10589723383957661 -0.00085723426960047618 -0.02855466634969139 0.0076773908135879055
leaf_weight=6.2732799626683109 4.746277376082161 48.168574701816397 50.030577139021261 12646.622166637655 69498.005021694815 4554.5852673783174 18029.385836501722 813.17110086954199 376.34769255209721 11.871108450925929 2203.2716520977365 944.72744805214461 4080.7399119559809 739.54961723224551 919.80864332983037 37.55743714608252 757.4619306413224 297.30500705263694 1508.0135043103073 2294.2159813900944 45.003802416962571 203.14932308121934 76.288057340600062 15.815000577946192 619.80324428903987 478.76434458279982 5.958604058250784 177.43888590740971 274.01370989292627 1371.9858011950855
leaf_count=144346 161 7273 802 222537 3839257 101051 4625745 14063 9303 237 38087 24677 65624 61014 27564 758 19481 12380 54069 89542 976 10690 5711 316 28683 16225 61 6233 12185 40728
internal_value=4.01347e-11 -0.000490423 0.00285072 0.00237305 -0.000650102 0.00246434 -0.00210898 0.00482146 0.00973296 0.00134837 0.00501785 0.00366002 0.00491693 -0.000318386 -0.000256303 -0.000160972 -0.00462729 -0.000288858 -0.00341702 -0.0068963 -0.017587 -0.0253944 -0.046208 -7.26102e-05 0.00930863 -0.000395703 -0.0138182 0.00261123 -0.0232631 0.0066885
internal_weight=123090 102009 4652.78 21081.5 97355.8 4604.62 18035.7 6219.73 1189.52 14861.8 2215.14 5030.21 4085.49 79320.1 78580.6 76903.3 1677.27 75493.8 4881.39 3373.37 1079.16 781.852 279.437 70612.4 1114.38 494.579 502.415 183.397 319.018 1409.54
internal_count=9479779 9105090 109126 374689 8995964 101853 4770091 113828 23366 260861 38324 90462 65785 4225873 4164859 4117814 47045 4076328 191847 137778 48236 35856 16401 3884481 45224 16541 19455 6294 13161 41486
is_linear=0
shrinkage=0.08


Tree=82
num_leaves=31
num_cat=0
split_feature=2 2 3 5 4 7 0 8 7 7 8 5 4 2 5 5 9 3 5 5 5 6 12 8 4 3 6 6 5 5
split_gain=20.9074 9.65002 8.60799 9.25938 9.55417 7.16483 7.02065 6.65721 7.59364 20.6756 12.6277 7.92583 11.4681 7.64017 6.73653 16.7971 8.19894 14.5502 6.56857 6.56088 8.88388 6.55017 8.51631 10.9188 8.93892 7.15251 7.43527 7.26179 6.97368 17.0856
threshold=0.31866537034511572 0.92365968227386486 28.500000000000004 0.47666649520397192 1536.5000000000002 20.500000000000004 6.5000000000000009 14.69630551392285 4.5000000000000009 8.5000000000000018 2.4999980654776968 0.81396234035491954 2237.5000000000005 0.64747309684753429 0.62886893749237072 0.61995989084243786 4.5000000000000009 12.500000000000002 0.51803904771804821 0.53195041418075573 0.54509595036506664 82.500000000000014 0.34705187380313879 2.8523955664906531 426007.50000000006 7.5000000000000009 36.500000000000007 57.500000000000007 0.68990877270698558 0.69174146652221691
decision_type=2 2 2 2 2 2 2 2 2 2 2 2 2 2 2 2 2 2 2 2 2 2 2 2 2 2 2 2 2 2
left_child=-1 2 3 4 -2 -4 -3 8 10 11 14 13 -13 -10 15 18 -16 -18 -5 -20 -21 22 23 -12 25 27 -27 -25 -23 -30
right_child=1 6 5 7 -6 -7 -8 -9 9 -11 21 12 -14 -15 16 -17 17 -19 19 20 -22 28 -24 24 -26 26 -28 -29 29 -31
leaf_value=-0.00092756786645809832 0.0009656564852309217 0.0038926666377706205 -0.00073881691785970067 -0.11405691041754806 -0.0083637986888444645 0.058060065393664012 0.01441570758013099 0.00016827358386708958 0.0073578966424265816 0.0020389520894609041 -0.12355928576044249 -0.0087226766267317641 -0.15481287258059812 0.01603991553240635 -0.012429023170218205 0.070232056875103921 -0.01956677160412636 -0.10294894034444217 0.051694113675868958 -0.133040591703185 -0.011897137541107567 0.0011768667078059082 0.0039650120607775657 0.0081620868552066544 0.028781191722532504 -0.04252072736590199 -0.0021534272656583107 -0.10932125068017054 -0.03537189741799128 -0.0028624744621175342
leaf_weight=68676.626050981155 1779.6403384659588 2413.4598028230448 15067.637399859806 4.5257274024124845 1160.7248486194712 13.274861173937095 487.77194225556923 9454.0903109659557 2676.0164147367223 9640.3708571188981 5.4157663322994258 15.492439295165243 4.4201340693980447 856.26420557205984 80.291321982028421 17.185688581317663 34.147386751603335 22.037700228393078 8.161580794490872 4.4874799298122516 28.348518139020598 3503.5498382224841 5462.4750479386512 79.35638883151114 34.847416109405458 76.852320546517149 47.099008800694719 3.5164255630224934 113.09483241080306 1215.0581591196242
leaf_count=8180720 75337 37775 380496 107 52507 374 13035 293341 44691 187327 113 214 68 12626 1123 161 369 257 80 60 418 75220 93752 1852 358 1835 1636 132 2503 21292
internal_value=3.79931e-12 0.00117295 0.000919614 0.00158661 -0.0027172 -0.00068706 0.00566186 0.00196564 0.00267564 0.0039614 0.00109632 0.00917879 -0.0411513 0.00946251 -0.018859 0.00284518 -0.0288318 -0.0522721 -0.0225943 -0.0124978 -0.028453 0.00147339 0.00330789 -0.0112194 -0.00870188 -0.0150173 -0.027182 0.00317708 -0.000694422 -0.00563072
internal_weight=122986 54309.6 51408.4 36327.5 2940.37 15080.9 2901.23 33387.1 23933 13192.6 10740.5 3552.19 19.9126 3532.28 199.185 62.709 136.476 56.1851 45.5233 40.9976 32.836 10541.3 5709.56 247.087 241.672 206.824 123.951 82.8728 4831.7 1328.15
internal_count=9479779 1299059 1248249 867379 127844 380870 50810 739535 446194 244926 201268 57599 282 57317 2575 826 1749 626 665 558 478 198693 99678 5926 5813 5455 3471 1984 99015 23795
is_linear=0
shrinkage=0.08


Tree=83
num_leaves=31
num_cat=0
split_feature=12 7 7 2 8 5 5 4 4 5 4 1 4 8 4 5 6 3 3 6 5 5 5 4 4 8 6 4 5 4
split_gain=19.4381 10.1822 28.8812 9.5258 10.0883 8.78528 8.54515 10.374 18.0753 62.9461 17.4473 18.0669 17.8973 13.8373 13.8098 10.1057 21.3218 8.55376 8.50773 10.1247 10.8162 10.3647 12.9245 9.37532 12.0473 8.69353 8.43679 12.4374 10.4939 8.42348
threshold=0.64757999777793895 8.5000000000000018 4.5000000000000009 0.97086149454116832 13.545445309924354 0.81396234035491954 0.79679140448570263 83472.000000000015 102441.50000000001 0.69076326489448558 93473.500000000015 39.500000000000007 86383.000000000015 9.7499817187880886 76628.000000000015 0.77645063400268566 31.500000000000004 27.500000000000004 15.500000000000002 33.500000000000007 0.5673828423023225 0.68990877270698558 0.68444010615348827 3984.5000000000005 7345.0000000000009 9.2346646368131537 91.500000000000014 3678.5000000000005 0.48149947822093969 19315.500000000004
decision_type=2 2 2 2 2 2 2 2 2 2 2 2 2 2 2 2 2 2 2 2 2 2 2 2 2 2 2 2 2 2
left_child=-1 2 6 4 5 -4 7 14 9 -9 12 13 17 -12 15 18 -17 -11 19 20 23 22 -22 -2 25 -25 28 -28 -3 -5
right_child=1 26 3 29 -6 -7 -8 8 -10 10 11 -13 -14 -15 -16 16 -18 -19 -20 -21 21 -23 -24 24 -26 -27 27 -29 -30 -31
leaf_value=-0.00086551165662729595 0.0093822594882323924 -0.0047960900614186473 0.0079036983168427506 0.011922558628003571 0.00052330987526094501 -0.03905508208520854 0.0048879248746368613 0.0077114911267052305 -0.00067858478327818134 -0.053895751555950805 -0.011189976506813706 -0.151615737076183 -0.0051827781591210296 -0.063097245279816208 0.012687628817719841 -0.08102090566095034 -0.0022892692708533745 -0.003164866762755653 -0.0014554636421705066 0.00093845792590590399 0.011738720786160584 0.002226005679638017 0.040268796168188736 -0.11699431603181286 -0.0076440846579785681 -0.033079073905776753 0.0012524649220446 -0.0052166978674567975 0.0017923619137157636 0.038105603130769571
leaf_weight=70620.74420478844 140.82647955167499 1758.1514217680924 4923.5831937382281 343.55398461767891 1703.8177749013703 25.63048727507703 2800.1725232922472 475.27878907468403 4302.2581811858399 109.05152030615136 47.357855075970292 11.389307647128588 173.19967475626618 107.42627363197971 646.63777566585304 29.902544656768441 83.451006913557649 26.425700088613667 5702.1513958324613 6222.7742603482611 959.07377421463434 695.99604258986142 113.6660018551629 11.366438355529679 144.17255694826599 25.917209475184791 3490.2505243595351 4179.7863207426544 12896.111712731323 101.98059592173831
leaf_count=8166083 4827 59712 88624 5706 53829 439 46852 13216 93525 3590 943 751 4562 3575 16094 654 1387 638 140890 186315 26699 17355 2006 400 5831 1525 98557 119443 313773 1978
internal_value=1.30981e-11 0.00116979 0.00213433 0.00659108 0.0058327 0.00766051 0.000748489 0.000169752 -0.00288404 -0.0128705 -0.033471 -0.0543711 -0.0222197 -0.0472157 0.00125528 0.000732069 -0.0230586 -0.0440004 0.000924476 0.0025568 0.0073729 0.00982893 0.0147617 -0.0061062 -0.0181267 -0.0586618 -0.00012323 -0.00227291 0.00100191 0.0179157
internal_weight=122872 52251.4 29927.1 7098.57 6653.03 4949.21 22828.5 20028.3 5252.39 950.129 474.85 166.173 308.677 154.784 14775.9 14129.3 113.354 135.477 14015.9 8313.79 2091.02 1768.74 1072.74 322.283 181.456 37.2836 22324.3 7670.04 14654.3 445.535
internal_count=9479779 1313696 722211 150576 142892 89063 571635 524783 120800 27275 14059 5269 8790 4518 403983 387889 2041 4228 385848 244958 58643 46060 28705 12583 7756 1925 591485 218000 373485 7684
is_linear=0
shrinkage=0.08


Tree=84
num_leaves=31
num_cat=0
split_feature=2 3 2 6 6 3 8 4 4 5 1 5 4 9 4 9 5 7 1 4 7 9 12 12 2 6 12 5 6 5
split_gain=18.2644 7.91848 7.59741 7.47605 7.53469 5.96752 5.85158 7.22604 18.3631 11.9562 12.7634 7.21928 8.79675 6.25836 6.23852 9.65567 7.44919 7.47463 7.48159 7.22527 6.28019 5.73198 5.66614 5.4739 7.89968 8.08629 5.46523 6.77378 6.00225 5.43941
threshold=0.63762626051902782 28.500000000000004 0.28292356431484228 10.500000000000002 13.500000000000002 29.500000000000004 10.166653958350986 102441.50000000001 83472.000000000015 0.69076326489448558 8.5000000000000018 0.77645063400268566 7032.0000000000009 8.5000000000000018 1671.5000000000002 57.500000000000007 0.76100599765777599 20.500000000000004 69.500000000000014 1456.5000000000002 15.500000000000002 42.500000000000007 0.50025278329849254 6.1023254394531259 0.97086149454116832 2.5000000000000004 1.0003861188888552 0.22132766991853717 13.500000000000002 0.36119444668293005
decision_type=2 2 2 2 2 2 2 2 2 2 2 2 2 2 2 2 2 2 2 2 2 2 2 2 2 2 2 2 2 2
left_child=2 23 5 -3 -5 -1 14 8 11 13 -11 29 -13 -10 15 19 17 18 21 -4 -17 26 -9 -2 25 -25 27 -16 -29 -8
right_child=1 3 6 4 -6 -7 7 22 9 10 -12 12 -14 -15 16 20 -18 -19 -20 -21 -22 -23 -24 24 -26 -27 -28 28 -30 -31
leaf_value=-0.0013384877152766643 0.0033417281832641412 -0.020318797395873403 0.0032277319146850822 0.044735979831073018 0.00017959654302247493 0.00054334187579095465 -0.0087605270558491419 0.010925683274103514 -0.013480521712322622 -0.010295079002683335 -0.047512254595835107 -0.023210872699744867 -0.0035653849060629512 0.014568476583372377 -0.072324525787523908 -0.029499938111665468 0.003726198279675995 0.064178239646314778 0.015446197066257628 0.014593624205190163 -0.16436766567486225 -0.040714382701591535 0.0016209075840506659 -0.1351954526210063 0.035154801641542444 0.0082718629066364322 0.0017769108502785338 -0.016796331346174427 -0.0013305421769446953 -9.6280274987990406e-05
leaf_weight=49513.850406529287 9616.6867889900677 114.04361302818779 4075.9737090054368 24.41671635909006 4676.5975468226379 13788.058822050458 476.04816601955099 487.58981578447856 143.81655444204807 114.91617520898581 121.14265192113817 186.20991685229819 673.4151231989963 78.807952361414209 8.6876818631999395 6.5676354791503382 3940.1653236143466 11.511985483579336 189.89329311001347 392.41583376071139 3.3301738011650741 22.703060453757644 2970.8511264342815 2.5241166664051198 74.870428751511781 648.81219111953089 4428.6683228636866 163.94479347938614 7875.7808020534039 17929.724754104216
leaf_count=6720747 172164 2285 96783 345 77306 1290434 48839 11022 4944 3819 4439 4541 13985 2237 1296 148 53575 159 3104 7497 110 522 61324 75 2362 14938 73948 4664 169160 633007
internal_value=-8.76261e-12 0.00259989 -0.000366241 -7.99622e-05 0.000411019 -0.000928598 0.000437293 -0.000440267 -0.00103169 -0.0168514 -0.0293945 -0.00065505 -0.00782094 -0.00355132 0.00140057 0.00405106 0.000687308 -0.000255418 -0.000313871 0.00422589 -0.0748769 -0.000553294 0.00293275 0.00384748 0.0105448 0.00771589 -0.000480218 -0.00172221 -0.00164592 -0.000320373
internal_weight=122762 15158 107604 4815.06 4701.01 63301.9 44302.2 23182.5 19724.1 458.683 236.059 19265.4 859.625 222.625 21119.6 4478.29 16641.4 12701.2 12689.7 4468.39 9.89781 12499.8 3458.44 10342.9 726.207 651.336 12477.1 8048.41 8039.73 18405.8
internal_count=9479779 269475 9210304 79936 77651 8011181 1199123 788157 715811 15439 8258 700372 18526 7181 410966 104538 306428 252853 252694 104280 258 249590 72346 189539 17375 15013 249068 175120 173824 681846
is_linear=0
shrinkage=0.08


Tree=85
num_leaves=31
num_cat=0
split_feature=2 0 9 0 4 3 8 4 6 2 4 12 7 5 7 8 8 1 3 8 3 2 8 3 3 7 5 4 4 5
split_gain=16.9142 9.13226 7.62685 6.49909 6.26166 6.08522 6.39379 8.37712 9.10357 6.49365 5.91253 5.64895 5.56987 5.56903 5.53379 6.27618 6.62488 6.556 8.59964 5.41669 5.34612 6.09898 5.44848 5.25672 9.66505 4.98624 10.9195 6.44856 6.34704 6.62744
threshold=0.31866537034511572 26.500000000000004 1.0000000180025095e-35 6.5000000000000009 15903.000000000002 28.500000000000004 10.107623515049722 686.50000000000011 11.500000000000002 0.35781671106815344 7641.0000000000009 1.0000000180025095e-35 20.500000000000004 0.36119444668293005 20.500000000000004 2.0678155691506279 2.8523955664906531 17.500000000000004 6.5000000000000009 4.5298557221205868 28.500000000000004 0.025158228352665905 7.3670048231737786 1.0000000180025095e-35 1.5000000000000002 6.5000000000000009 0.7119525969028474 1090.0000000000002 9975.0000000000018 0.60266375541687023
decision_type=2 2 2 2 2 2 2 2 2 2 2 2 2 2 2 2 2 2 2 2 2 2 2 2 2 2 2 2 2 2
left_child=11 2 3 -2 -3 6 7 -4 10 25 23 -1 -7 -8 20 -16 -17 18 -18 -19 -13 22 -22 -9 -25 28 -27 -28 -10 -30
right_child=1 4 5 -5 -6 12 13 8 9 -11 -12 14 -14 -15 15 16 17 19 -20 -21 21 -23 -24 24 -26 26 27 -29 29 -31
leaf_value=-0.080435183332999607 0.0035201547051312183 0.0017911791701026311 0.0075541899153923932 0.015343258679244815 0.011742485559892421 -0.00074028060463383753 -0.0099664619831557801 -0.093675644011664935 -0.012325614681851324 0.0031178536661398367 -0.039393764415729303 -0.0012605652966304168 0.050580164784527093 0.00044750301635574204 0.11689385542560693 -0.083450550250616914 -0.031520081306879971 0.075657761127134446 0.0094850851254460553 0.018091667170841551 0.065768672040808496 0.00035334423643669028 0.0027655462115339403 0.072293123369829612 -0.0095624725644159348 -0.0024578750359482409 -0.06028839325279331 0.011445800599148266 0.012148057850971313 -0.0037970499885151558
leaf_weight=5.7051753861887837 2393.0060444971232 777.36391967900659 1817.7146859649474 339.81020162926961 844.09175763164581 15031.673495329342 334.41812272742391 4.4376097512440529 441.87159000567999 9722.3136541322128 45.451163472416738 52783.228678855419 13.546769741224123 19037.477476208936 3.4476191075518718 4.9508796562440684 42.989850220998051 11.383303830109069 137.19155780400615 129.1386502351088 17.267003644170472 15472.955975217454 17.882897103365394 9.6940181727986765 193.62594487188017 1229.1638342497872 8.1256071324460191 618.82659730815794 200.95643778209342 982.35166463528594
leaf_count=144346 37775 16352 38012 8659 17267 380466 29196 114 12922 146341 1120 6659785 374 535884 34 117 3114 402 8193 14776 5358 1332781 11814 116 4329 36054 166 9537 5457 18918
internal_value=-2.13817e-11 0.00105854 0.000875649 0.00499029 0.0069716 0.000649363 0.00123275 0.00245664 0.00176807 0.00205622 -0.0132575 -0.000833641 -0.000694071 0.000267726 -0.000827023 0.00952183 0.00838511 0.00980282 -0.000298421 0.0227549 -0.000876895 0.00042896 0.0337151 -0.00753969 -0.00565971 -0.000908625 0.00192442 0.0105161 -0.00414425 -0.00108916
internal_weight=122672 54045.9 52424.5 2732.82 1621.46 49691.6 34646.4 15274.5 13456.8 13203.6 253.209 68626.1 15045.2 19371.9 68620.4 329.102 325.654 320.703 180.181 140.522 68291.3 15508.1 35.1499 207.758 203.32 3481.3 1856.12 626.952 1625.18 1183.31
internal_count=9479779 1299059 1265440 46434 33619 1219006 838166 273086 235074 229395 5679 8180720 380840 565080 8036374 26636 26602 26485 11307 15178 8009738 1349953 17172 4559 4445 83054 45757 9703 37297 24375
is_linear=0
shrinkage=0.08


Tree=86
num_leaves=31
num_cat=0
split_feature=12 7 7 2 4 5 5 5 8 8 3 4 4 5 4 4 1 4 8 3 5 6 5 5 1 5 4 12 5 0
split_gain=15.5867 9.56659 24.7619 7.87955 7.79214 7.62891 9.4709 14.4938 7.27649 7.13601 9.63982 6.92145 14.2674 46.2578 12.191 14.0214 13.1842 10.743 8.62025 7.34029 7.08314 7.08745 11.2334 18.0978 11.6961 11.0842 14.5474 8.54878 6.9578 6.83695
threshold=0.63157895207405101 8.5000000000000018 4.5000000000000009 0.64747309684753429 67770.000000000015 0.79679140448570263 0.77774071693420421 0.7822885811328889 3.5999946000090008 3.1249970703155525 11.500000000000002 83472.000000000015 102441.50000000001 0.69076326489448558 93473.500000000015 86383.000000000015 40.500000000000007 76628.000000000015 9.7499817187880886 27.500000000000004 0.59640088677406322 51.500000000000007 0.60048425197601329 0.60170263051986705 5.5000000000000009 0.61147069931030285 12877.000000000002 1.4109039902687075 0.59743008017539989 29.500000000000004
decision_type=2 2 2 2 2 2 2 2 2 2 2 2 2 2 2 2 2 2 2 2 2 2 2 2 2 2 2 2 2 2
left_child=-1 2 5 -4 -3 6 11 8 -8 10 -7 17 13 -13 15 19 18 20 -16 -15 -2 22 -22 -24 27 26 -26 -25 -23 -9
right_child=1 4 3 -5 -6 9 7 29 -10 -11 -12 12 -14 14 16 -17 -18 -19 -20 -21 21 28 23 24 25 -27 -28 -29 -30 -31
leaf_value=-0.00078560556612794377 -0.0014628996350384777 -0.00052405895967600922 0.00431085499277484 0.010067746248224419 0.006838199059623744 0.0087451998655562069 -0.13270956711657195 -0.0084388230023270134 -0.041278845514507348 0.0052118778787776385 -0.052522324481849861 0.0063683773178802496 -5.1569392086440439e-07 -0.048639397880096413 -0.013618586619931714 -0.0047829619483155741 -0.14189667127032923 0.011321747840708288 -0.054459293244456836 -0.0019009420465591813 -0.039348618179840769 0.023047300812272214 0.047630934829713596 -0.01013181968781212 -0.0050928959219627926 0.008497012232817831 -0.091871107737426336 0.0097801661686398728 0.00021127268681533581 0.034128722099704849
leaf_weight=69713.634064136204 5294.5044176819465 21616.626232584935 4941.6981555339353 2198.5931288630327 960.9573089067926 33.343730824643899 7.285156425554308 588.79659484967124 23.673128799593542 2758.2647941326268 32.412253500567203 486.29896656336496 3841.477073002161 106.17300036351662 48.924285619985312 176.42446504760301 8.8122542414348555 656.67498800215435 102.10709252394736 26.967485645785928 35.722339780767925 86.696225304796826 64.728761677746661 481.1676046613502 63.364275313331746 2326.7696073165184 15.360692385234868 193.47980239976914 5670.7549088782816 25.180980332428589
leaf_count=8135095 168578 586589 116811 36316 18459 432 146 12022 558 46500 562 13620 84679 3688 982 4667 729 16528 3694 662 1392 1954 1287 9220 1743 59723 977 3115 148582 469
internal_value=-5.17529e-11 0.00103582 0.00196479 0.00608348 -0.000210703 0.000694731 0.000153546 -0.009386 -0.0627945 0.00459096 -0.0214546 0.000466065 -0.00217664 -0.0109236 -0.0288377 -0.0195736 -0.0467794 0.00131752 -0.0412296 -0.0391726 0.000855937 0.00222951 0.00526044 0.00576715 0.00488738 0.00749812 -0.0220249 -0.00442133 0.00055514 -0.00669301
internal_weight=122587 52873.2 30295.7 7140.29 22577.6 23155.4 20331.3 644.936 30.9583 2824.02 65.756 19686.4 4797.18 955.708 469.409 309.565 159.844 14889.2 151.031 133.14 14232.5 8938.04 3180.59 3144.87 3080.14 2405.49 78.725 674.647 5757.45 613.978
internal_count=9479779 1344684 739636 153127 605048 586509 539015 13195 704 47494 994 525820 112721 28042 14422 9017 5405 413099 4676 4350 396571 227993 77457 76065 74778 62443 2720 12335 150536 12491
is_linear=0
shrinkage=0.08


Tree=87
num_leaves=31
num_cat=0
split_feature=2 3 6 12 8 4 5 2 6 2 2 3 0 8 8 4 8 4 0 2 7 5 8 3 8 4 4 8 4 5
split_gain=14.5378 7.2195 6.63665 6.49734 9.45543 10.8777 7.79401 6.66423 6.40977 6.16343 5.83613 7.13358 5.59717 6.96125 5.37153 5.62449 7.8397 5.31321 5.20368 5.17553 8.03259 5.79577 6.57929 5.5682 5.99113 7.23558 6.79087 4.96517 8.17776 6.31578
threshold=0.63762626051902782 28.500000000000004 10.500000000000002 0.29417420923709875 10.166653958350986 10984.000000000002 0.16254932433366778 0.029631255194544796 13.500000000000002 0.1155870445072651 0.082903780043125166 7.5000000000000009 2.5000000000000004 4.9175158220584239 9.5384593984225816 2848.5000000000005 18.999970595283873 8133.0000000000009 28.500000000000004 0.036811200901865966 12.500000000000002 0.75106957554817211 5.6999957250035633 18.500000000000004 7.4285634693972318 387.50000000000006 93473.500000000015 10.166653958350986 105.50000000000001 0.70438358187675487
decision_type=2 2 2 2 2 2 2 2 2 2 2 2 2 2 2 2 2 2 2 2 2 2 2 2 2 2 2 2 2 2
left_child=3 -2 12 4 19 6 -6 -8 -4 -9 11 -7 13 -3 -14 -16 17 -17 27 20 21 23 -23 -1 25 -25 -27 28 29 -5
right_child=1 2 8 18 5 10 7 9 -10 -11 -12 -13 14 -15 15 16 -18 -19 -20 -21 -22 22 -24 24 -26 26 -28 -29 -30 -31
leaf_value=0.0024943485895553021 0.0035231904871075928 0.075856907199226567 0.040287458221789287 0.010772517944836657 -0.022280032521454839 0.0012455742286898452 -0.010620424884708558 0.0019033525195924783 8.3274049089499463e-06 -0.0026913710391102868 0.0017139438500951365 0.012677013793166927 -0.069156366590871016 -0.011036078850289002 0.0023335513808042346 -0.1213372750212055 0.0096526134832480015 -0.019781653782311222 0.006443677857292625 -0.0025011091445267465 -0.0041432332895704541 -0.0017200164165996434 0.041843782498550974 -0.041773995115243386 -0.0046012571384610483 0.050111338245770812 -0.083420461850590474 -0.00061049325527224078 0.00055539891023983384 -0.02463181102315316
leaf_weight=793.34254300875114 10274.184658158127 7.2464263299480072 25.422825543908402 693.99911770007748 112.26692920092319 618.49460207606171 440.04399224201916 3586.7247130336618 4662.3193067066532 3900.2416978102992 3894.9440513685113 802.913688543631 18.891992955468595 31.771628773771226 31.550229041837156 9.4083973309025186 8.9004443096928281 5.0758629217743865 823.57677076806431 21590.08314826393 765.6183846729582 35.41405933490023 59.406619899265934 6.896726625558812 35.309061335995011 59.259820505452808 2.5420075830770648 35814.326764473968 33353.100510161021 33.818776084342971
leaf_count=404912 189539 48 345 24345 213505 276479 521919 1477440 77306 527400 358765 288590 347 764 651 206 193 76 15713 1892364 397209 4224 11427 26741 27203 12695 460 1843795 884347 771
internal_value=-1.02868e-11 0.00232647 -0.000234734 -0.000326478 -0.0011901 0.000507627 -0.001349 -0.00105256 0.000226771 -0.000490211 0.00331518 0.00770287 -0.0194063 0.00510167 -0.032359 -0.0197044 -0.0494377 -0.0857481 0.000121747 -0.00216125 0.00201309 0.00676368 0.0255734 0.0047761 0.0221807 0.0359459 0.044619 4.7256e-05 0.000738459 0.00912742
internal_weight=122497 15074.8 4800.59 107422 36703.5 13355.6 8039.28 7927.01 4687.74 7486.97 5316.35 1421.41 112.845 39.0181 73.8269 54.9349 23.3847 14.4843 70718.8 23347.9 1757.79 992.171 94.8207 897.35 104.008 68.6986 61.8018 69895.2 34080.9 727.818
internal_count=9479779 269475 79936 9210304 6441333 3664098 2740264 2526759 77651 2004840 923834 565069 2285 812 1473 1126 475 282 2768971 2777235 884871 487662 15651 472011 67099 39896 13155 2753258 909463 25116
is_linear=0
shrinkage=0.08


Tree=88
num_leaves=31
num_cat=0
split_feature=2 0 2 0 7 1 3 3 7 5 4 8 4 4 2 5 4 5 8 5 7 8 12 5 12 0 3 2 5 4
split_gain=13.4373 7.10749 6.54658 5.98692 5.47682 5.33392 6.45006 5.31496 5.92518 5.82735 7.48314 5.78986 6.73765 5.06449 5.04881 4.91329 4.84433 11.0919 6.03991 5.62121 5.53913 6.87982 5.88026 6.17571 4.93191 4.78612 4.78162 5.00862 4.74968 9.59408
threshold=0.3081014752388001 26.500000000000004 0.99375000596046459 6.5000000000000009 20.500000000000004 28.500000000000004 6.5000000000000009 28.500000000000004 20.500000000000004 0.47666649520397192 1033.5000000000002 14.69630551392285 686.50000000000011 15903.000000000002 1.0000000180025095e-35 0.31340929865837103 21524.500000000004 0.66731697320938121 13.473200971129126 0.59054526686668407 6.5000000000000009 9.9746769615411566 2.5002170801162724 0.7725205421447755 1.6666666865348818 4.5000000000000009 28.500000000000004 0.027212143875658516 0.56591099500656139 533.50000000000011
decision_type=2 2 2 2 2 2 2 2 2 2 2 2 2 2 2 2 2 2 2 2 2 2 2 2 2 2 2 2 2 2
left_child=4 2 7 16 14 6 -6 9 -9 10 -2 12 28 -3 -1 -12 -4 18 25 -20 -19 22 23 -22 -23 -18 -16 -28 29 -11
right_child=1 13 3 -5 5 -7 -8 8 -10 11 15 -13 -14 -15 26 -17 17 20 19 -21 21 24 -24 -25 -26 -27 27 -29 -30 -31
leaf_value=-0.080395812665503316 0.0015537122392318733 0.0014972021015832366 0.0058187208658737445 0.014629549778115578 -0.018183711028314731 0.027436480369688345 0.011380259097493375 -0.0007361849344297214 0.04981337776163737 -0.0034207188037029602 -0.025252355721579873 -0.00029139381124546472 0.0016856111912957694 0.010453083684257451 -0.0011624655391155761 -0.005332712866483718 -0.0423822126706314 -0.0016581176236567547 -0.044117882208254036 0.0051247774713004627 -0.02193529621102195 0.031411489727338336 0.059900213128125372 0.050510261498281715 -0.0046158712636795111 0.00045093531723146377 0.025662442568968224 0.00035901002652347259 0.0098459032795026585 0.018955749277307359
leaf_weight=5.1000918533973154 1535.387112332779 776.95307729237334 1556.7754936549557 334.10835956571418 63.717551590976655 80.635521050833631 182.52495794088463 15103.082195281357 14.85504346329253 553.00281193875526 84.321914935144378 9098.7072713229572 21251.954115211389 842.10497550098285 52073.159674606242 1317.0473171657759 74.582709529415297 437.35047882752588 18.381083639105782 76.932972393231466 16.573866445571188 32.161295323632658 32.610953166043828 13.802368439617565 99.717679196270183 21.510963970100875 50.229234863982128 15367.785274379283 1160.8481147957227 157.57380412600469
leaf_count=144346 65185 16569 24142 8659 4964 10149 11492 382845 377 12442 8424 288769 402648 17489 6641308 55474 1055 7312 378 1348 239 515 661 278 1562 285 22680 1324892 20094 3198
internal_value=-3.36964e-12 0.000934002 0.000774473 0.00460125 -0.000752047 0.00957824 0.00373031 0.00056786 -0.000686514 0.00110723 -0.00230432 0.00141816 0.00209084 0.00615534 -0.000802075 -0.0065313 0.0031937 -0.001768 -0.0186406 -0.00437155 0.00334028 0.0145585 0.0363092 0.0109826 0.00417011 -0.0327938 -0.000796061 0.000441444 0.00669269 0.00154137
internal_weight=122433 54610.3 52991.3 2714.51 67823.2 326.878 246.243 50276.8 15117.9 35158.8 2936.76 32222.1 23123.4 1619.06 67496.3 1401.37 2380.4 823.624 191.408 95.3141 632.217 194.866 62.9872 30.3762 131.879 96.0937 67491.2 15418 1871.42 710.577
internal_count=9479779 1319948 1285890 46434 8159831 26605 16456 1239456 383222 856234 129083 727151 438382 34058 8133226 63898 37775 13633 3066 1726 10567 3255 1178 517 2077 1340 7988880 1347572 35734 15640
is_linear=0
shrinkage=0.08


Tree=89
num_leaves=31
num_cat=0
split_feature=2 3 12 4 8 5 2 5 4 8 4 3 3 7 7 5 12 8 2 5 12 8 6 6 9 5 4 4 8 7
split_gain=12.7536 6.83654 6.02027 7.67173 6.65287 9.65495 7.31892 6.93453 6.75654 8.58513 10.3532 6.461 6.26443 6.87399 6.40921 6.2885 6.21665 6.00358 5.94161 5.8042 6.73342 5.64851 6.93293 5.99913 5.47236 5.34924 7.51578 7.37563 10.006 6.90193
threshold=0.64747309684753429 22.500000000000004 0.20589158684015277 426007.50000000006 9.1333287666692051 0.39842276275157934 0.036811200901865966 0.75106957554817211 26706.000000000004 2.0678155691506279 35143.500000000007 25.500000000000004 2.5000000000000004 17.500000000000004 16.500000000000004 0.66731697320938121 0.20333977788686755 3.3636350895321825 0.125657893717289 0.57317069172859203 0.11108294129371644 4.6666550000324083 100.50000000000001 59.500000000000007 90.500000000000014 0.79679140448570263 83472.000000000015 141789.00000000003 4.6666550000324083 7.5000000000000009
decision_type=2 2 2 2 2 2 2 2 2 2 2 2 2 2 2 2 2 2 2 2 2 2 2 2 2 2 2 2 2 2
left_child=2 25 3 4 6 -6 7 11 12 10 -10 -1 24 14 16 -15 -14 -5 -18 20 -11 22 -16 -23 -8 26 29 28 -28 -2
right_child=1 -3 -4 17 5 -7 8 -9 9 19 -12 -13 13 15 21 -17 18 -19 -20 -21 -22 23 -24 -25 -26 -27 27 -29 -30 -31
leaf_value=-0.00059928013566873124 0.0061712636660267699 6.492932821444255e-05 1.5321580613473889e-05 -0.053574756838368674 -0.0063089860699077228 0.000982975148528465 -0.010403299691189929 0.020805933072531327 0.033029783186715594 0.034691380846104833 -0.053595156000909396 0.020871212539774604 -0.0010065459783412355 -0.0088115854590996856 0.032094437231735322 0.005495773880943803 -0.0050285628394005025 0.014178524574090757 -0.05675835075641697 -0.0070290820774212949 -0.001785109348734484 0.015596181267628833 -0.011896905079735594 -0.0076459233129004501 0.027540995739648532 0.0089174657711316319 0.050873965151433852 0.0013666533540699643 -0.017401922914876255 0.001166110366742551
leaf_weight=1263.6681241831056 3610.294004881302 5802.5816291087558 83898.89373937028 8.6479839877356408 1344.8004715559073 8553.5502852139616 755.59907143225428 122.38568694979767 10.877130010689141 45.594591463916004 46.921507488186762 96.554546921976907 6391.0137934366721 1268.2909705400234 104.92040287688724 232.68133148062043 32.962540193460882 260.46583042724524 24.978684335248545 2662.7244700789161 111.82144264742965 127.25476251315558 29.339158478163881 160.99500997838913 25.134672432090156 1062.9123792074861 14.417332161217926 540.22099599176545 291.32364234171109 3446.5322083548504
leaf_count=628271 65450 98033 3883906 230 997887 2420468 94459 22003 278 5530 1336 53081 722030 134636 7649 14498 2948 9087 1574 155371 8447 11364 3609 32921 3497 21234 177 9193 5641 64971
internal_value=1.54502e-11 0.00220449 -0.000302626 -0.00142907 -0.00158344 -7.71847e-06 -0.00273761 0.00256593 -0.00339117 -0.00677217 -0.0372932 0.000924789 -0.00232812 -0.00168902 -0.000617671 -0.00659365 -0.00124305 0.0120013 -0.0273295 -0.00614664 0.00878008 0.00892773 0.0224812 0.00261486 -0.00918173 0.00358921 0.00287257 -0.00425295 -0.0141823 0.00372676
internal_weight=122348 14768.3 107580 23681.2 23412.1 9898.35 13513.7 1482.61 12031.1 2877.94 57.7986 1360.22 9153.17 8372.44 6871.46 1500.97 6448.96 269.114 57.9412 2820.14 157.416 422.509 134.26 288.25 780.734 8965.7 7902.79 845.962 305.741 7056.83
internal_count=9479779 264699 9215080 5331174 5321857 3418355 1903502 703355 1200147 170962 1614 681352 1029185 931229 782095 149134 726552 9317 4522 169348 13977 55543 11258 44285 97956 166666 145432 15011 5818 130421
is_linear=0
shrinkage=0.08


Tree=90
num_leaves=31
num_cat=0
split_feature=12 8 5 7 6 7 3 2 5 3 4 7 7 9 6 4 4 5 3 8 12 8 1 5 6 5 5 6 5 8
split_gain=11.8285 7.46776 8.80303 6.8037 7.41287 7.28342 7.41887 6.73813 6.46755 6.3723 6.46864 6.16902 8.31033 8.11889 6.51611 6.24966 7.3107 10.5687 7.06844 6.31425 7.35784 7.01855 6.83456 6.58936 7.52153 6.39064 6.105 10.1278 9.31184 7.11845
threshold=0.64757999777793895 10.107623515049722 0.49782697856426245 17.500000000000004 115.50000000000001 18.500000000000004 7.5000000000000009 0.91042780876159679 0.66731697320938121 18.500000000000004 55.500000000000007 8.5000000000000018 4.5000000000000009 46.500000000000007 114.50000000000001 3595.0000000000005 2148.5000000000005 0.7822885811328889 7.5000000000000009 3.3636350895321825 0.97507765889167797 6.4761884202578086 9.5000000000000018 0.7187756896018983 27.500000000000004 0.59640088677406322 0.6866402029991151 82.500000000000014 0.68444010615348827 6.4761884202578086
decision_type=2 2 2 2 2 2 2 2 2 2 2 2 2 2 2 2 2 2 2 2 2 2 2 2 2 2 2 2 2 2
left_child=-1 7 -3 4 -4 6 -5 9 -6 10 -2 12 26 15 -15 16 -14 19 -17 20 -18 25 -22 24 -23 -21 28 29 -12 -28
right_child=1 2 3 5 8 -7 -8 -9 -10 -11 11 -13 13 14 -16 18 17 -19 -20 21 22 23 -24 -25 -26 -27 27 -29 -30 -31
leaf_value=-0.00067457920838226719 0.020455575857949874 -0.0043382315382767952 0.0016575920626046568 0.00090159343114340886 0.00096607373819062681 -0.00186149164340162 -0.027221571764861945 0.0085080817114676684 -0.0050922670618028191 -0.00013253320589260521 0.0040398055961543443 0.00057910683570204502 0.007919528909113167 -0.025777393153465954 0.010548909468660635 0.0071022976563846511 0.037247687697184666 -0.14071750232458954 0.019167872599547137 -0.035192703115799515 -0.1628429827100297 -0.096111047283629292 -0.041721771721807771 -0.061217424826051074 0.0011009626201935502 0.028902827781253634 -0.0036311919137741455 -0.0087637643902355594 0.029610397203016014 0.0064077385095233043
leaf_weight=70479.996352829752 130.85854867361559 2626.3098429042002 19262.267213277577 99.423518182826228 2348.7021000129171 2842.3193182233081 151.52543912595138 980.07026334299007 2169.4069350559148 7610.1339267354579 2963.9202172858877 5703.1627084389711 674.56768323327765 78.353605916025117 52.965889805927873 636.02794837511374 4.4116341806948212 3.8887404394336036 607.61150340561312 12.153897899668662 4.4556693667927894 5.5128529113717368 9.0125446300953609 17.312771284719929 67.020941950380802 55.043219854000654 734.06914985715594 688.81471742106805 94.037047632038593 1176.6729330914095
leaf_count=8166083 2432 117033 535777 4298 82208 95150 6138 17950 61417 127550 63641 113929 12080 2480 1124 10367 66 81 9635 292 55 129 141 384 1335 741 11837 13096 1422 20908
internal_value=-2.41988e-11 0.000917667 8.24132e-05 0.000514434 0.000973525 -0.00301496 -0.0160794 0.0020221 -0.00194289 0.00172408 0.0027539 0.00258344 0.00403301 0.00817107 -0.0111257 0.00937947 0.00410725 -0.0102745 0.0129972 -0.00737463 -0.0524205 -0.00224603 -0.0817921 -0.0168721 -0.00628753 0.0173099 0.00240314 -0.000447131 0.00482614 0.00255098
internal_weight=122290 51810 29500 26873.6 23780.4 3093.27 250.949 22310.1 4518.11 21330 13719.9 13589 7885.85 2228.34 131.319 2097.02 853.38 178.812 1243.64 174.924 17.8798 157.044 13.4682 89.8466 72.5338 67.1971 5657.51 2599.56 3057.96 1910.74
internal_count=9479779 1313696 902021 784988 679402 105586 10436 411675 143625 393725 266175 263743 149814 38910 3604 35306 15304 3224 20002 3143 262 2881 196 1848 1464 1033 110904 45841 65063 32745
is_linear=0
shrinkage=0.08


Tree=91
num_leaves=31
num_cat=0
split_feature=12 0 6 7 7 8 6 6 0 4 5 9 4 3 2 2 8 12 2 7 7 3 2 7 6 5 5 4 1 5
split_gain=11.3515 7.98146 6.5304 6.26315 6.08376 8.26582 7.02508 6.42754 6.81032 6.49103 12.2705 7.58232 7.57574 5.88618 8.68255 7.82185 18.4632 8.93666 5.83407 5.674 11.1457 9.47867 12.6658 8.33672 15.8918 10.3378 10.5231 9.88148 9.7501 7.70744
threshold=1.8400000929832461 12.500000000000002 129.50000000000003 13.500000000000002 6.5000000000000009 6.6666574074207832 42.500000000000007 16.500000000000004 14.500000000000002 369.50000000000006 0.81396234035491954 5.5000000000000009 3595.0000000000005 12.500000000000002 0.84654632210731517 0.63762626051902782 3.1249970703155525 2.3269017934799199 0.54606062173843395 17.500000000000004 18.500000000000004 13.500000000000002 0.38529014587402349 16.500000000000004 59.500000000000007 0.55035778880119335 0.54509595036506664 3984.5000000000005 4.5000000000000009 0.56322491168975841
decision_type=2 2 2 2 2 2 2 2 2 2 2 2 2 2 2 2 2 2 2 2 2 2 2 2 2 2 2 2 2 2
left_child=1 2 19 4 6 7 13 8 -6 -9 12 -12 -11 14 -2 16 17 -15 -19 23 21 -21 -23 29 25 26 -25 28 -26 -1
right_child=3 -3 -4 -5 5 -7 -8 9 -10 10 11 -13 -14 15 -16 -17 -18 18 -20 20 -22 22 -24 24 27 -27 -28 -29 -30 -31
leaf_value=-0.0014630973694812631 0.0052637868957092163 0.0039423036501499602 -0.0066973056263720564 6.0874792288056824e-05 -0.054359692725251006 0.0038338568650957668 -0.00091132712634970671 0.038809909526185536 0.042672258025597966 0.00086697328681668438 -0.017773272311503639 -0.21384337091920461 0.01867598257110532 -0.030695909717933439 0.021208584722261555 0.0048878615819812369 -0.0049799746608509173 -0.065843490207914274 -0.1887135571313194 -0.0032720976396805857 -0.0012793188860129559 -0.01282298109498373 -0.049267039136157431 0.013878055690829673 -0.016838561794756061 0.00096102229018490222 0.044722512816356697 -0.027784387521068567 0.0036808226774725111 0.00021692218207015947
leaf_weight=23915.125093137452 1460.4800953195468 2784.5520374052576 1042.5437949371844 5867.9671459988058 17.075824811252009 2294.6839713102963 2865.9196312436306 64.376529228792151 6.351149817230179 221.20725025918847 2.6300354092381886 2.4272560183890164 494.85171565698846 10.27746847830713 257.03621581556718 758.32977020957605 353.31475867179688 4.2953410117188451 5.8300925868097693 483.81104940807563 11763.553266891744 303.1393423146219 76.417332449695095 628.93023146668565 177.56710252894118 377.56622152228374 79.76759385690093 86.733524880815821 896.23916035906586 64917.284788778328
leaf_count=3812044 31833 68726 171190 129808 317 49137 65574 938 67 3685 62 59 7995 136 5602 14343 8006 91 74 79902 1133118 39106 2405 54204 14855 26231 3281 22856 185113 3549021
internal_value=2.98214e-11 -0.000284931 -0.000397305 0.00208616 0.00343373 0.00628513 0.00188538 0.0132387 -0.0280539 0.0144702 0.0122974 -0.111877 0.0131744 0.00469813 0.00765002 0.000219601 -0.00925301 -0.0832486 -0.13659 -0.000333972 -0.00192323 -0.0106966 -0.0201604 -0.000113643 0.00469897 0.0116533 0.0173498 -0.00181029 0.00028769 -0.000235366
internal_weight=122220 107533 104749 14687.1 8819.09 3103.6 5715.48 808.92 23.427 785.493 721.116 5.05729 716.059 2849.56 1717.52 1132.05 373.718 20.4029 10.1254 103706 12626.9 863.368 379.557 91079.2 2246.8 1086.26 708.698 1160.54 1073.81 88832.4
internal_count=9479779 9162052 9093326 317727 187919 62260 125659 13123 384 12739 11801 121 11680 60085 37435 22650 8307 301 165 8922136 1254531 121413 41511 7667605 306540 83716 57485 222824 199968 7361065
is_linear=0
shrinkage=0.08


Tree=92
num_leaves=31
num_cat=0
split_feature=12 8 4 4 5 3 4 8 4 8 1 8 7 7 4 4 8 4 8 8 5 4 8 12 8 2 1 8 3 4
split_gain=10.4522 8.94636 6.65609 8.62431 28.8853 12.1058 11.7669 12.3594 11.3792 8.05765 6.9633 7.08087 5.79262 7.44565 7.19009 26.1364 29.0714 12.6504 8.91071 7.90245 6.56352 12.269 8.70529 6.52149 5.98781 8.33874 6.10659 5.98462 6.32452 8.12644
threshold=1.1135624051094057 10.428565221092279 125241.50000000001 83472.000000000015 0.69076326489448558 18.500000000000004 80080.500000000015 3.779513107271923 111602.00000000001 9.4999802083762166 4.5000000000000009 4.1220089995863107 4.5000000000000009 11.500000000000002 12147.000000000002 11350.500000000002 3.1249970703155525 16580.500000000004 8.8571375850372789 3.3636350895321825 0.81396234035491954 2237.5000000000005 5.5192571333122062 3.3390935659408574 9.2346646368131537 0.4552139043807984 10.500000000000002 5.6153833555229715 27.500000000000004 10702.500000000002
decision_type=2 2 2 2 2 2 2 2 2 2 2 2 2 2 2 2 2 2 2 2 2 2 2 2 2 2 2 2 2 2
left_child=2 12 3 6 -5 8 -1 -8 -6 -4 11 -7 -2 14 15 20 -17 19 23 -16 27 22 -22 -18 25 26 -19 28 -14 -30
right_child=1 -3 9 4 5 10 7 -9 -10 -11 -12 -13 13 -15 17 16 18 24 -20 -21 21 -23 -24 -25 -26 -27 -28 -29 29 -31
leaf_value=-0.00057515764340089286 0.00071720486394679023 7.3956563141921951e-05 -0.00080340321698095995 0.0015440180221339226 -0.028963427320667371 0.071239248824050985 -0.046285891424298758 0.012904340574038782 -0.0080410855359830495 0.0038806715369133675 -0.011130143710644379 0.004364680485075368 0.017761010329264897 0.0024917793099984145 0.075044480688268023 -0.15030407644437976 -0.059477400940933012 -0.047049181727804895 0.051023452370070575 0.026635846827936297 0.079873158501765101 -0.13435208230132056 -0.056147705921888849 0.0240324936858657 -0.0083074283428362546 0.019130646102860943 0.003084697197386924 0.0036060678112928009 -0.0042024261904199441 0.09357393926221326
leaf_weight=79160.940341723326 4993.6786236941607 16742.630906864564 4589.6806528106099 1837.4562160969072 442.53646299874526 10.88196907378733 23.487354687880725 582.88763806238421 266.5930172195076 4817.4085682031582 365.09489586367272 147.25612057000399 484.99269316839604 5483.3834396707925 27.77896236982906 13.763231716398421 22.15151587116998 17.324458180912131 9.7413786705583316 96.749668907898013 5.4758415604010242 6.0469838441349557 6.6905897813849151 8.2003583237528783 100.75947056279983 401.01386238498327 151.76939153597687 1154.599881720304 151.72021001729991 5.6424877233803263
leaf_count=8304617 87191 450106 119170 102913 32157 94 848 31505 15046 174299 18552 3768 7226 95393 428 226 402 309 138 1587 82 96 125 122 1842 6163 2517 20520 2287 50
internal_value=-1.4788e-11 0.00130028 -0.000421247 -0.000650252 -0.00481123 -0.0142869 -0.000490118 0.0106117 -0.0210978 0.00159533 -0.00505627 0.00896653 0.00286264 0.00417755 0.00764687 0.0049358 -0.049986 0.0140173 -0.0155488 0.0374345 0.00656535 -0.0412176 0.00507228 -0.036915 0.00967056 0.0128479 -0.00205175 0.00704966 0.0132393 -0.0006965
internal_weight=122128 29884.1 92244.2 82837.1 3069.82 1232.36 79767.3 606.375 709.129 9407.09 523.233 158.138 13141.5 8147.8 2664.42 1869.03 53.8565 795.396 40.0933 124.529 1815.17 18.2134 12.1664 30.3519 670.867 570.108 169.094 1796.96 642.355 157.363
internal_count=9479779 676810 8802969 8509500 172530 69617 8336970 32353 47203 293469 22414 3862 226704 139513 44120 31274 888 12846 662 2015 30386 303 207 524 10831 8989 2826 30083 9563 2337
is_linear=0
shrinkage=0.08


Tree=93
num_leaves=31
num_cat=0
split_feature=2 3 6 0 7 4 5 1 6 12 6 8 5 4 8 5 8 5 9 2 3 4 3 12 1 4 2 5 7 8
split_gain=9.81426 5.98866 5.52826 5.41314 5.2253 7.29289 5.57334 7.47183 5.07606 5.5302 4.81431 4.6541 5.42839 4.58361 12.008 9.03567 7.00138 5.07002 4.70583 4.58281 4.5425 4.42898 4.42378 4.36779 4.29994 6.51314 4.64236 4.27481 5.11056 8.51636
threshold=0.64747309684753429 22.500000000000004 131.50000000000003 24.500000000000004 20.500000000000004 85.500000000000014 0.23770491033792499 41.500000000000007 3.5000000000000004 0.022011073306202892 129.50000000000003 6.5421082182232491 0.62627032399177562 20.500000000000004 2.0678155691506279 0.25077867507934576 7.9645968766239719 0.45988053083419805 10.500000000000002 0.66069716215133678 29.500000000000004 95.500000000000014 1.5000000000000002 0.020053773187100891 17.500000000000004 8214.0000000000018 0.26344709098339086 0.42745010554790502 5.5000000000000009 8.9090897842058432
decision_type=2 2 2 2 2 2 2 2 2 2 2 2 2 2 2 2 2 2 2 2 2 2 2 2 2 2 2 2 2 2
left_child=3 11 -3 4 8 6 -6 -8 9 -1 13 19 -13 14 -10 16 -15 23 -19 -2 24 -18 -9 27 -7 26 -26 28 29 -16
right_child=1 2 -4 -5 5 20 7 22 10 -11 -12 12 -14 15 17 -17 21 18 -20 -21 -22 -23 -24 -25 25 -27 -28 -29 -30 -31
leaf_value=-0.078981051743205646 0.044049456789916307 -0.00015104770916325689 0.070548377266174578 0.0047072220931858927 0.023974453299604778 0.0016107266952926683 -0.034454341180854511 -0.156228625793221 0.15438325521775573 -0.0045405759720050396 -0.0056747898175180519 -0.00055740970016771778 0.0039910842073982034 6.5054906008489672e-05 -0.086219098023497476 -0.00019171253312715887 -0.00049033854867952661 -0.03009524453157399 0.011490343926929953 0.0069427919334162126 0.037464453986156714 -0.016714903262592781 0.075861762743698075 0.013676583609985618 0.024231853007504738 -0.019126956092364655 0.079593749220372129 0.54352618300517908 0.029521116399451687 1.1561522915497404
leaf_weight=6.4128128392394492 21.642808397533827 5773.2721840874165 7.0871179997920981 1383.1504043666646 19.992272119648987 156.97330219548894 54.396599170460831 0.57577877206494932 3.6410615303193472 1591.5876094732021 1054.1801907925692 2529.9283101466426 4994.1383407926478 444.46695488564001 0.068901057675246902 101618.67633277758 138.67120152082134 36.852730307145976 33.018777568024234 1350.3481523320493 45.946399866312277 481.82897214735931 6.0315794063208159 200.83542337236759 86.913793271800387 20.559727942454629 10.910783883184193 0.16826498130103573 0.81726328935837955 0.072438336610503029
leaf_count=146036 275 97955 78 27983 4289 7590 3755 125 142 171702 172345 51654 93448 127278 107 8047385 79027 1910 3645 21289 1670 345907 680 60973 9038 1555 137 32 1667 102
internal_value=-1.85677e-11 0.00194041 -6.43654e-05 -0.000265169 -0.000330044 0.00877003 -0.0126831 -0.0246965 -0.000364708 -0.00483931 -0.000295963 0.00324305 0.00246168 -0.00024089 0.0100647 -0.000268537 -0.00759911 0.00813159 -0.0104434 0.00752814 0.0141781 -0.013089 0.0556369 0.0145578 0.0102925 0.0218041 0.0304066 0.171619 0.106338 0.550513
internal_weight=122073 14676.4 5780.36 107397 106014 402.3 80.9962 61.004 105611 1598 104013 8896.06 7524.07 102959 275.475 102684 1064.97 271.834 69.8715 1371.99 321.304 620.5 6.60736 201.962 275.358 118.384 97.8246 1.12687 0.958603 0.141339
internal_count=9479779 264699 98033 9215080 9187097 28839 8849 4560 9158258 317738 8840520 166666 145102 8668175 68578 8599597 552212 68436 5555 21564 19990 424934 805 62881 18320 10730 9175 1908 1876 209
is_linear=0
shrinkage=0.08


Tree=94
num_leaves=31
num_cat=0
split_feature=2 3 5 2 12 4 7 8 4 6 4 0 12 6 4 5 7 0 8 7 7 8 5 5 5 5 8 5 2 5
split_gain=9.40143 5.97542 6.00715 5.93451 6.4704 5.61296 5.5424 10.9611 8.06562 5.77344 5.31209 6.2441 6.09385 8.54909 7.03549 6.20361 5.19828 4.99841 4.98837 7.00754 7.16838 6.61779 9.72654 8.16605 9.14645 7.63713 8.58123 6.45381 13.6355 7.16935
threshold=0.31866537034511572 28.500000000000004 0.47666649520397192 0.84654632210731517 2.3269017934799199 1536.5000000000002 3.5000000000000004 4.6666550000324083 55427.500000000007 128.50000000000003 637.50000000000011 2.5000000000000004 3.3390935659408574 57.500000000000007 1295.5000000000002 0.46835438907146459 2.5000000000000004 2.5000000000000004 12.653449964608527 4.5000000000000009 8.5000000000000018 2.8523955664906531 0.62886893749237072 0.65999040007591259 0.66562321782112133 0.61807408928871166 2.0678155691506279 0.81396234035491954 0.61577314138412487 0.83294382691383373
decision_type=2 2 2 2 2 2 2 2 2 2 2 2 2 2 2 2 2 2 2 2 2 2 2 2 2 2 2 2 2 2
left_child=-1 2 5 18 -5 -2 7 8 9 10 11 -3 13 14 -12 17 -13 -16 19 21 27 22 25 -24 -25 -4 -27 -21 29 -29
right_child=1 6 3 4 -6 -7 -8 -9 -10 -11 12 16 -14 -15 15 -17 -18 -19 -20 20 -22 -23 23 24 -26 26 -28 28 -30 -31
leaf_value=-0.00062129230903167304 0.00067016225089372731 0.080377434772846715 -0.0039282588460139694 0.00026920717838730069 0.0087720686581157625 -0.0064283137867441453 -0.0010314674191992965 0.0016415867621283793 -0.09009596791714268 -0.070250081668407877 -0.01853150162447615 -0.047500883109929858 0.077170603939312882 -0.0087550124190568894 -0.074241646188563479 0.058866491052009938 0.056648576904189507 0.05134909051040025 0.00011430975798121744 0.0071060380839184671 0.0022382814095674454 0.00086904862196803174 -0.059567898269171471 0.099148864547376855 -0.017556476974518117 0.10384397491738083 0.008606405863414511 -0.060262681875608452 -0.15201096434894062 0.06398767822996182
leaf_weight=68441.102736624976 1832.7683006500083 22.644493742145187 68.231899755674931 936.58240953394807 1474.5188029529677 1166.7860064445413 14168.594557471064 1591.7038023796631 3.9561065956950179 3.9400076789606819 12.967520731035618 5.5808477005921286 11.042022497347714 53.382719337889284 4.4423449058085662 44.910821834132093 6.8092689868062735 3.7319353800266981 12626.168912996072 2990.5186450035471 7911.2971075147107 8391.4536225935553 30.368367390909043 4.4135462269186965 163.95010958267721 10.27997867902741 14.732597310096024 5.703273565508427 5.0842748626600942 6.2064023022539914
leaf_count=8180720 76709 351 961 15804 32381 53228 351035 42912 86 94 260 92 135 865 86 656 48 32 372349 47139 147330 153418 446 46 2097 80 178 82 88 71
internal_value=-3.9888e-11 0.000793723 0.00134344 0.00164085 0.00546917 -0.00209105 -0.00050484 0.00372241 0.0228221 0.0254584 0.0277367 0.0553951 0.0203101 0.0150533 0.0342948 0.0471991 0.00973681 -0.0169037 0.00135444 0.00215323 0.00350212 0.000457088 -0.0113827 -0.0213844 -0.0144971 0.00993384 0.0477483 0.00682668 -0.0423343 0.004487
internal_weight=122014 53572.8 37639.1 34639.5 2411.1 2999.55 15933.7 1765.11 173.408 169.452 165.512 35.0346 130.477 119.435 66.0526 53.0851 12.3901 8.17428 32228.4 19602.2 10918.8 8683.43 291.976 198.732 168.364 93.2445 25.0126 3007.51 16.994 11.9097
internal_count=9479779 1299059 902407 772470 48185 129937 396652 45617 2705 2619 2525 491 2034 1899 1034 774 140 118 724285 351936 194710 157226 3808 2589 2143 1219 258 47380 241 153
is_linear=0
shrinkage=0.08


Tree=95
num_leaves=31
num_cat=0
split_feature=12 8 5 6 7 5 8 5 6 8 4 4 12 2 4 7 8 4 5 4 7 4 0 12 0 5 8 9 6 6
split_gain=8.65302 8.40639 7.11575 6.98423 14.5697 6.71118 16.4066 45.9437 10.8456 9.52453 12.9062 9.80365 7.36896 7.07171 6.58911 6.75025 6.41207 8.56359 6.91563 8.24074 7.74437 9.59498 7.69305 9.16624 6.54876 6.34586 11.2229 9.98722 7.51238 9.21819
threshold=0.47751402854919439 10.166653958350986 0.50258100032806408 112.50000000000001 13.500000000000002 0.73315289616584789 3.3636350895321825 0.7466147541999818 115.50000000000001 2.4999980654776968 14682.500000000002 3094.5000000000005 0.79514005780220043 0.22287581861019137 686.50000000000011 20.500000000000004 6.6666574074207832 29329.000000000004 0.22132766991853717 1950.5000000000002 18.500000000000004 22137.000000000004 17.500000000000004 0.51452848315238964 3.5000000000000004 0.5616184175014497 5.8749944921932391 54.500000000000007 77.500000000000014 11.500000000000002
decision_type=2 2 2 2 2 2 2 2 2 2 2 2 2 2 2 2 2 2 2 2 2 2 2 2 2 2 2 2 2 2
left_child=-1 3 -3 14 5 8 7 13 9 10 11 -5 -9 -7 -2 25 17 18 -6 24 21 -21 23 -22 -20 26 27 28 29 -16
right_child=1 2 -4 4 16 6 -8 12 -10 -11 -12 -13 -14 -15 15 -17 -18 -19 19 20 22 -23 -24 -25 -26 -27 -28 -29 -30 -31
leaf_value=-0.00069862497961405568 0.0047736002645099411 -0.0035469273247024403 0.00020997409964673773 -0.096967545396791324 -0.11650233118893548 0.0074006832444391277 0.0055902974845073736 0.035711021321373645 0.0062860655479064454 0.0153597104243714 0.11872823624624687 0.040498314137803457 -0.0081825960698195775 -0.10225528528767708 -0.024584082339437163 0.037049043862797094 0.002345632321221786 -0.091964054173523893 -0.008968622279964554 -0.019219362978832942 0.087444059067519522 0.020582755189246963 0.061159515501059289 -0.0067999841225688407 0.01857425090678004 0.0011295561366519932 -0.0060363343513885085 -0.053468531178805422 -0.0044759701172118064 0.011157037092598708
leaf_weight=58777.433666849713 2647.0189941735662 3594.2183457668871 31543.678588255047 3.6575715533558641 3.6208578415680668 4.16206331489684 1274.7515567354058 33.818362093064934 1905.1950946305969 600.39313896226849 13.362567297844178 36.008143253684466 88.632086706613109 39.346341258438997 49.230334715922936 32.321032597450539 1121.0930706067011 7.5189226912334552 94.203477534999365 414.78883256244535 7.0951406210660926 42.758286432052046 14.936953600961713 95.581454937861508 133.60572519779817 15980.973410188759 2224.5881916035619 19.367659363953862 401.69311617487051 746.29405684641461
leaf_count=7692167 55381 190770 1027729 62 128 101 21920 436 42674 10825 120 510 1501 588 942 495 27426 160 1879 8170 151 792 155 1797 2275 305526 62948 840 7678 13633
internal_value=-5.83188e-12 0.000650005 -0.000174315 0.00168314 0.00411987 0.00687723 0.00250996 -0.0211506 0.00933636 0.0182302 0.0507299 0.0278226 0.00393994 -0.0917655 0.00102884 0.000519322 -0.00157853 -0.0069824 -0.00619021 -0.00569278 -0.0107933 -0.0154998 0.00751625 -0.000287548 0.00718474 0.000458532 -0.00265774 0.0035202 0.00444212 0.00894523
internal_weight=121951 63173.9 35137.9 28036 5934.53 3999.33 1440.71 165.959 2558.62 653.421 53.0283 39.6657 122.45 43.5084 22101.5 19454.5 1935.2 814.11 806.591 802.97 575.161 457.547 117.614 102.677 227.809 19422.1 3441.17 1216.59 1197.22 795.524
internal_count=9479779 1787612 1218499 569113 121670 78737 24546 2626 54191 11517 692 572 1937 689 447443 392062 42933 15507 15347 15219 11065 8962 2103 1948 4154 391567 86041 23093 22253 14575
is_linear=0
shrinkage=0.08


Tree=96
num_leaves=31
num_cat=0
split_feature=2 3 4 2 4 4 4 3 2 9 8 8 4 6 4 5 1 4 4 5 8 8 3 12 6 6 5 8 4 6
split_gain=8.14556 5.19818 5.18712 8.04692 5.38022 8.90078 7.39194 8.68287 7.76031 6.12425 5.93616 6.02745 5.85655 18.1789 20.7649 17.0678 17.6983 19.4055 15.3124 13.536 9.49133 8.15965 7.8814 8.25906 7.17584 15.5391 16.4282 13.1349 13.4904 12.4146
threshold=0.62563130259513866 22.500000000000004 253302.00000000003 0.039736840873956687 195199.50000000003 147804.00000000003 164736.00000000003 19.500000000000004 0.1366749703884125 5.5000000000000009 4.5298557221205868 3.9999883333680564 83472.000000000015 83.500000000000014 102441.50000000001 0.69076326489448558 15.500000000000002 93473.500000000015 72837.500000000015 0.77774071693420421 7.0510632529149531 3.779513107271923 1.5000000000000002 1.8400000929832461 115.50000000000001 114.50000000000001 0.72761431336402904 2.4999980654776968 15436.500000000002 120.50000000000001
decision_type=2 2 2 2 2 2 2 2 2 2 2 2 2 2 2 2 2 2 2 2 2 2 2 2 2 2 2 2 2 2
left_child=2 -2 4 -4 5 12 7 -7 -8 -6 11 -10 18 14 15 -14 -17 -18 24 21 -16 22 -20 -24 25 -1 27 28 -27 -26
right_child=1 -3 3 -5 9 6 8 -9 10 -11 -12 -13 13 -15 20 16 17 -19 19 -21 -22 -23 23 -25 29 26 -28 -29 -30 -31
leaf_value=-0.00035641152264006512 0.0029110291548193963 -0.00012167902273377874 0.031777593327715542 0.0019144027252214993 0.0016240764987508662 0.0042472652970884832 -0.017396289060094036 0.020822913582403277 -0.0043972825653347657 -0.0077373341166396001 0.0047302360453143249 -0.094445271012836202 0.00036798401102692993 0.0037531749164535027 -0.011078866585225496 -0.011918598777718642 -0.023632370049308134 -0.068343996553767106 -0.12749249103504892 -0.010632349310813203 0.00047898858032884408 0.00814495982699826 -0.01873076533450653 0.086991949456132409 -0.0045739863895579201 0.026906340273569102 0.00028304710290116695 0.0098310782026896169 0.11118885711867856 0.00016160916864354155
leaf_weight=71695.305875825783 9299.3000482403313 5919.8476003900269 58.427141553457659 4968.5286341558995 683.3627902154185 517.23970385099528 135.20619998115581 332.12903212057427 12.215652010636406 1294.4416768631418 697.4476902737515 7.7918783905915907 355.90294060693122 1823.9971501424588 577.34100289508933 571.39557449735003 235.73708432039712 84.35483303865476 3.9661535229552092 299.13448873488232 2141.1723137695517 2521.2700473953737 73.130550119049076 5.056004303507506 6693.4940743242514 58.097082754991334 1888.6065873819243 1391.8693350937888 15.369767323601989 7527.0803853297366
leaf_count=7069640 175464 100430 7760 107818 14350 21356 10938 9528 224 48411 15484 155 18398 79595 19551 24408 17762 9819 170 10655 108663 120737 2258 68 581666 1068 65658 68064 155 769526
internal_value=-1.67883e-11 0.00173139 -0.000247028 0.0022615 -0.000371093 -0.0002891 0.00544651 0.0107288 0.00018458 -0.00450282 0.00349774 -0.0394662 -0.000388753 -0.00285676 -0.0058968 -0.0144425 -0.0203552 -0.0354154 -0.000233722 0.00548466 -0.0019756 0.00733651 -0.0174749 -0.0118941 -0.000419652 -0.000107433 0.00521484 0.0115712 0.0445388 -0.00206739
internal_weight=121888 15219.1 106669 5026.96 101642 99664.3 1702.03 849.369 852.661 1977.8 717.455 20.0075 97962.3 5789.9 3965.9 1247.39 891.487 320.092 92172.4 2902.56 2718.51 2603.42 82.1527 78.1866 89269.8 75049.2 3353.94 1465.34 73.4669 14220.6
internal_count=9479779 275894 9203885 115578 9088307 9025546 57685 30884 26801 62761 15863 379 8967861 278196 198601 70387 51989 27581 8689665 133888 128214 123233 2496 2326 8555777 7204585 134945 69287 1223 1351192
is_linear=0
shrinkage=0.08


Tree=97
num_leaves=31
num_cat=0
split_feature=2 3 2 6 12 8 5 5 5 7 6 3 5 9 1 5 8 8 6 6 9 5 7 7 9 8 3 12 0 8
split_gain=8.05534 5.76656 6.19172 5.14658 5.85272 4.85815 4.73483 4.69617 4.78102 5.65938 4.66504 5.09547 5.99498 4.5462 5.13 4.43397 4.95859 4.63241 4.24753 6.32237 5.01739 10.5958 4.70865 4.21938 4.54796 4.83764 4.53078 4.20852 4.1847 5.68736
threshold=0.3081014752388001 10.500000000000002 0.84654632210731517 38.500000000000007 2.3269017934799199 2.4999980654776968 0.20009532570838931 0.67732045054435741 0.66069462895393383 2.5000000000000004 111.50000000000001 7.5000000000000009 0.69076326489448558 50.500000000000007 98.500000000000014 0.79430580139160167 7.7215731845472684 12.166658217598696 10.500000000000002 13.500000000000002 7.5000000000000009 0.5616184175014497 10.500000000000002 20.500000000000004 41.500000000000007 2.0678155691506279 6.5000000000000009 1.0000000180025095e-35 5.5000000000000009 6.3999986666669555
decision_type=2 2 2 2 2 2 2 2 2 2 2 2 2 2 2 2 2 2 2 2 2 2 2 2 2 2 2 2 2 2
left_child=23 2 6 4 15 -6 -2 8 28 -10 -9 -12 -13 18 -15 17 -17 -4 -3 20 22 -22 -20 27 25 -25 -27 -1 -5 -30
right_child=1 13 3 7 5 -7 -8 10 9 -11 11 12 -14 14 -16 16 -18 -19 19 -21 21 -23 -24 24 -26 26 -28 -29 29 -31
leaf_value=-0.080339054039988311 -0.030159064526261714 -0.0053388985669808884 0.027335489213380717 -0.0077212776586470687 -0.062561139431100546 0.023258715461914537 0.0014956239412055106 0.0020784566271196741 -0.14296892315761442 -0.021531650278348885 0.029931849378417509 -0.085966863447549044 0.0081014456958145385 -0.14893109947732139 0.028975738050538324 -0.12496533554119982 -0.013206145040508575 -0.0035610976793807973 -0.0069513543592745284 0.00016781607222080959 0.052283434001714695 -0.067622649125921794 0.02913905281590053 0.10560937111486673 0.035892015410979333 -0.011393844485300609 0.010552949529116583 -0.00062126862724177319 0.05418556923092005 0.0045692390801421925
leaf_weight=4.2386389419989419 30.289689118566457 895.54951651280862 54.918777231591434 188.32048983620211 4.2917813894952124 258.11019168145333 19155.018236711316 220.74452734040568 2.6408841921947888 35.100342535831658 108.11797126738963 4.7679036224726579 47.856078388444985 2.7256385236978522 1.6746565196663139 2.735072871670126 35.772402305155993 71.481212039478123 29.313059719981538 32765.360637910908 7.6751715224236277 12.236059499904512 109.79712942172773 3.0410249661654225 34.582526999045513 84.812740963869146 207.46624926914228 67330.59460360244 16.829424469813944 121.75389103306225
leaf_count=144346 4289 29542 779 3088 173 5619 451999 4828 39 715 2459 103 1068 118 30 93 880 1179 858 805654 168 408 2563 30 5761 6899 13915 7988880 432 2864
internal_value=-1.59267e-11 0.000726896 0.00179069 0.00743192 0.0144328 0.0218551 0.00144565 0.00342249 -0.00306921 -0.030029 0.0096276 0.0199947 -0.000421449 8.66053e-05 -0.0812236 0.00262253 -0.0211441 0.00986298 9.71845e-05 0.000245047 0.016158 -0.0214025 0.0215341 -0.000582068 0.00844321 0.0052289 0.00418449 -0.000626287 4.33149e-05 0.0105946
internal_weight=121848 54183.1 20358.7 1173.44 427.309 262.402 19185.3 746.132 364.645 37.7412 381.486 160.742 52.624 33824.3 4.4003 164.907 38.5075 126.4 33819.9 32924.4 159.021 19.9112 139.11 67664.7 329.903 295.32 292.279 67334.8 326.904 138.583
internal_count=9479779 1319948 480607 24319 8723 5792 456288 15596 7138 754 8458 3630 1171 839341 148 2931 973 1958 839193 809651 3997 576 3421 8159831 26605 20844 20814 8133226 6384 3296
is_linear=0
shrinkage=0.08


Tree=98
num_leaves=31
num_cat=0
split_feature=12 8 8 0 5 2 2 8 2 6 7 1 4 5 4 5 2 5 3 12 4 5 3 6 5 7 6 2 9 5
split_gain=7.48717 8.62747 6.31633 7.57265 7.49851 7.24343 15.4427 6.39307 6.18161 6.06537 10.327 6.69296 6.99192 10.5042 9.09619 6.93633 8.59666 5.98492 5.639 12.0591 5.56125 10.014 8.14062 6.46362 8.2041 10.0034 7.12332 5.81277 5.72854 5.45375
threshold=0.46153847873210913 10.166653958350986 10.166653958350986 6.5000000000000009 0.16254932433366778 0.082903780043125166 0.034683240577578552 14.249989609382732 0.1741658225655556 112.50000000000001 13.500000000000002 3.5000000000000004 5527.0000000000009 0.54942232370376598 2101.5000000000005 0.81396234035491954 0.49725274741649633 0.59054526686668407 14.500000000000002 1.6666666865348818 115.50000000000001 0.64612558484077465 23.500000000000004 40.500000000000007 0.38166807591915136 6.5000000000000009 43.500000000000007 0.085867896676063551 14.500000000000002 0.49782697856426245
decision_type=2 2 2 2 2 2 2 2 2 2 2 2 2 2 2 2 2 2 2 2 2 2 2 2 2 2 2 2 2 2
left_child=2 9 3 -1 -4 6 7 -6 -5 20 11 12 14 -14 -11 -13 -17 -8 19 -15 21 23 -23 24 25 -2 -25 -22 -26 -3
right_child=1 29 4 8 5 -7 17 -9 -10 10 -12 15 13 18 -16 16 -18 -19 -20 -21 27 22 -24 26 28 -27 -28 -29 -30 -31
leaf_value=-0.0014907926543721401 -0.05777356906507803 -0.0032358293987060399 -0.01876151140953727 0.0036285468896069353 -0.00010948614174872719 -0.00018940475356927345 0.0028577787768123697 -0.013613809546770885 0.024807558995944206 0.013092664090911711 -0.0008854487061878912 0.0054243263130023664 -0.072858853781462313 0.0095400692323694171 0.059209164746772583 0.0039087180375803089 -0.11104699162561488 0.0098449999303034889 0.022168134417058151 -0.072742627008823182 -0.018110450512245524 -0.0060630555623808393 -0.075571860295756216 -0.048232018140878033 0.042588251928063592 0.019837604830523974 0.0083940885432596136 0.0009161148067290129 0.0032725274414908607 9.0510596798950983e-05
leaf_weight=34075.256039901062 15.10798627837289 3497.1421632168058 130.42816932039204 399.37527073093224 563.22636222597021 18754.728351231533 1632.0213120096455 372.90397990084966 113.200159762986 62.275217676592888 1964.0121612434509 3718.0123439527165 9.6235578060150129 68.263933919370174 48.841866343537617 9.6176008842885512 7.3414908980485043 1510.9104912020557 141.58563814747572 13.684455176118716 103.25000801559872 54.943349277367815 13.416669020894913 14.99014632264152 111.81656326726079 35.84876842959784 275.90347202966291 21848.004614389356 30.104558037477545 32204.63739701538
leaf_count=3170078 610 191504 222226 18803 463768 1987838 877429 418572 2256 1084 44212 75265 228 1111 739 176 148 471904 2193 208 8380 1046 280 354 1697 942 6062 441822 840 1068004
internal_value=-2.77629e-12 0.000593641 -0.000662713 -0.00134561 0.000365843 0.0004751 0.00353036 -0.00548888 0.00830584 0.00163038 0.00388062 0.00617531 0.0168486 0.00897817 0.0333633 0.00519149 -0.0458549 0.00621677 0.0125014 -0.00420021 0.00102608 0.00895585 -0.0197052 0.0130058 0.0243621 -0.00317306 0.00547607 0.000826621 0.0342485 -0.000235319
internal_weight=121800 64248.4 57552.1 34587.8 22964.2 22833.8 4079.06 936.13 512.575 28546.6 6043.26 4079.25 344.275 233.158 111.117 3734.97 16.9591 3142.93 223.534 81.9484 22503.4 552.132 68.36 483.771 192.878 50.9568 290.894 21951.3 141.921 35701.8
internal_count=9479779 1846905 7632874 3191137 4441737 4219511 2231673 882340 21059 587397 125364 81152 5563 3740 1823 75589 324 1349333 3512 1319 462033 11831 1326 10505 4089 1552 6416 450202 2537 1259508
is_linear=0
shrinkage=0.08


Tree=99
num_leaves=31
num_cat=0
split_feature=0 2 12 4 0 12 3 4 5 7 7 8 5 9 5 5 0 6 7 6 5 8 5 12 4 7 3 4 4 8
split_gain=7.4346 6.38642 5.28271 5.1938 5.05841 4.90122 4.88384 4.75888 10.1332 4.72488 6.02186 5.8161 8.36417 9.21951 6.98961 6.4164 6.63892 5.32841 13.5429 11.6056 15.2747 13.7121 20.3044 21.7172 11.2527 10.4457 10.4254 10.0949 9.1727 9.25627
threshold=26.500000000000004 0.99375000596046459 1.2273241877555849 322066.50000000006 10.500000000000002 0.17805711925029757 6.5000000000000009 3453.5000000000005 0.51615241169929515 17.500000000000004 18.500000000000004 6.9333298666685934 0.7466147541999818 3.5000000000000004 0.76968595385551464 0.73018604516983043 2.5000000000000004 115.50000000000001 13.500000000000002 114.50000000000001 0.72761431336402904 3.3636350895321825 0.75467449426651012 0.77337691187858593 4229.5000000000009 15.500000000000002 3.5000000000000004 6906.5000000000009 3927.5000000000005 6.3333245370497444
decision_type=2 2 2 2 2 2 2 2 2 2 2 2 2 2 2 2 2 2 2 2 2 2 2 2 2 2 2 2 2 2
left_child=1 3 6 5 -4 -1 -3 -7 -9 17 -11 12 15 14 -14 -12 -17 19 -19 25 24 22 23 -22 -21 27 -24 28 -10 -30
right_child=-2 2 4 -5 -6 7 -8 8 9 10 11 -13 13 -15 -16 16 -18 18 -20 20 21 -23 26 -25 -26 -27 -28 -29 29 -31
leaf_value=-0.0014728522546864865 0.0053136297098188134 0.048617825951754956 0.0034334398341141254 0.0025285958840887373 0.022828432687676724 0.00078122838674797752 -0.061501092886167515 -0.0039787552149258207 -0.0066756072251408019 -0.017005268988803609 0.0018319579415150098 -0.0036550887886932859 0.036247491196084482 0.029989676904941281 -0.030832858277013941 -0.051155200167518115 -0.0038456064987285993 0.00055264347995838696 -0.0055076230219791656 -0.034738137765426745 -0.0064927030689361318 0.0030841924167912928 -0.076841259384368352 -0.099100843145447898 0.014494531610265165 0.0022163117685050858 0.010345888722978874 -0.0012706757238888859 0.011243644622293858 0.0020348001395678792
leaf_weight=18104.199054512428 1662.2073415759514 3.1743081081704103 2555.2370762294072 4420.8831266216876 89.062448914152355 30777.866048847856 13.712327511981128 4764.1640433754073 549.73243214032664 177.12771026932842 981.52358311262606 3483.1597542368545 14.078979327576233 128.7810081075836 33.826252698614553 30.38535832432899 50.590872797882184 6771.7943364801449 3622.377671022552 30.611310538256248 30.509507608017998 1996.2417234559816 9.7307445793994685 34.569019187983031 1011.2921426827572 10864.591491820109 89.597152593482747 25806.982207225912 941.23230263446203 2709.4921240994736
leaf_count=4778688 35545 43 43087 88755 3039 1741735 265 401786 21799 10988 26399 188499 188 2431 473 874 1095 290312 164165 1113 594 49418 181 492 28370 387138 1329 1064614 21512 124852
internal_value=1.60374e-11 -7.35438e-05 0.00380184 -0.000161363 0.00408668 -0.000266589 -0.0408012 -3.64932e-05 -0.000428927 -0.000144062 -0.00252368 -0.0019805 0.00272651 0.018844 -0.0111185 4.62948e-05 -0.021598 6.99855e-05 -0.00155936 0.000454237 0.00509186 0.00125524 -0.0209522 -0.0556852 0.0130481 9.08537e-05 0.00180452 -0.000678697 0.00295834 0.00440903
internal_weight=121759 120097 2661.19 117435 2644.3 113014 16.8866 94910.3 64132.4 59368.2 4899.47 4722.35 1239.19 176.686 47.9052 1062.5 80.9762 54468.8 10394.2 44074.6 3202.55 2160.65 164.406 65.0785 1041.9 40872 99.3279 30007.4 4200.46 3650.72
internal_count=9479779 9444234 46434 9397800 46126 9309045 308 4530357 2788622 2386836 230947 219959 31460 3092 661 28368 1969 2155889 454477 1701412 81497 52014 2596 1086 29483 1619915 1510 1232777 168163 146364
is_linear=0
shrinkage=0.08


Tree=100
num_leaves=31
num_cat=0
split_feature=0 2 12 4 3 12 8 5 4 6 5 6 6 6 5 5 6 6 1 4 4 3 4 1 8 2 5 4 9 6
split_gain=6.74146 5.53163 5.82628 5.2556 4.92402 4.54057 5.62862 4.48261 5.51956 8.79957 7.40338 6.99808 4.38993 4.53548 12.6128 11.7574 9.03416 17.7998 8.61737 8.14034 12.3813 8.24961 7.6238 7.45924 8.01663 8.67797 7.37614 7.13617 9.49318 12.0648
threshold=16.500000000000004 0.92365968227386486 1.2273241877555849 322066.50000000006 6.5000000000000009 0.092314328998327269 5.7909522412786663 0.49437747895717626 2473.5000000000005 62.500000000000007 0.41808228194713598 107.50000000000001 129.50000000000003 30.500000000000004 0.77774071693420421 0.79430580139160167 56.500000000000007 53.500000000000007 8.5000000000000018 147804.00000000003 164736.00000000003 23.500000000000004 74166.000000000015 8.5000000000000018 3.5999946000090008 0.49725274741649633 0.758103907108307 4229.5000000000009 5.5000000000000009 97.500000000000014
decision_type=2 2 2 2 2 2 2 2 2 2 2 2 2 2 2 2 2 2 2 2 2 2 2 2 2 2 2 2 2 2
left_child=1 3 4 12 -3 6 -5 8 -4 10 -10 -11 13 14 19 -16 17 22 -19 -1 21 -21 -15 24 25 -24 -18 28 29 -28
right_child=-2 2 7 5 -6 -7 -8 -9 9 11 -12 -13 -14 16 15 -17 26 18 -20 20 -22 -23 23 -25 -26 -27 27 -29 -30 -31
leaf_value=-0.0014659003320059494 0.002825871711937363 0.049434407213366484 0.0005678189187754149 -0.006541719253416161 -0.0608225309192078 0.0022381063040030308 0.040517514623145255 0.0047398848537406587 -0.076359594642225401 -0.073697474581515057 0.03458845489926464 0.0077708720004310292 -0.0053469957171637696 0.0012129370851153576 -0.040601049140771041 -0.0076277580016721963 -0.00069660441192301856 0.0032582052065975842 0.01670766105805466 0.0052624821377439922 -0.00028546360340481517 0.021280033715381196 0.0089834685577934569 -0.021930062707904426 -0.0033552958781715549 0.14350657988096246 0.015059328286560692 0.0026173132446810476 -0.013279696167831041 -0.01450620823168162
leaf_weight=19685.14311353059 5173.2067857430811 3.1346529708271218 154.00744902374959 26.024002964607007 14.983264493755994 4085.2420149148688 43.383555352018448 2450.8479026905716 4.9105713563039926 26.66582736151372 17.80890447366528 9.0343324206769449 1098.8529894443927 14441.870218044576 75.018391521414742 893.78368987116846 60446.540977429016 535.63683018316806 707.75519004066155 598.48424714058638 2241.5927843340614 313.63000657968223 7.5680195558816177 181.15184534084983 115.45751681318507 5.1626615184359252 236.79953325110318 7500.5480835436274 437.80306565655337 140.89206336331654
leaf_count=2063712 116945 43 2778 1298 265 79220 3259 42830 90 494 358 191 173399 1109131 2977 28869 5390368 24520 68875 23489 66981 8204 118 7954 2787 47 4566 229844 23211 2956
internal_value=3.39931e-11 -0.000125484 0.00346605 -0.000210095 -0.0417465 0.00258283 0.0228729 0.00377362 -0.00737447 -0.0283122 0.0106082 -0.053081 -0.000315906 -0.000264983 -0.00124062 -0.010181 9.06499e-06 0.00172158 0.0109138 -0.000861374 0.00291203 0.0107701 0.000946761 -0.0114799 0.00328789 0.0635365 -0.000389277 0.00184458 -0.00526265 0.00403036
internal_weight=121673 116500 2681.39 113818 18.1179 4154.65 69.4076 2663.27 212.427 58.4196 22.7195 35.7002 109664 108565 23807.7 968.802 84757.2 15994.6 1243.39 22838.9 3153.71 912.114 14751.2 309.34 128.188 12.7307 68762.6 8316.04 815.495 377.692
internal_count=9479779 9362834 47049 9315785 308 83777 4557 46741 3911 1133 448 685 9232008 9058609 2194232 31846 6864377 1213432 93395 2162386 98674 31693 1120037 10906 2952 165 5650945 260577 30733 7522
is_linear=0
shrinkage=0.08


Tree=101
num_leaves=31
num_cat=0
split_feature=0 9 6 7 8 4 6 6 4 12 2 0 6 6 6 5 8 4 4 8 8 3 8 1 7 7 7 6 7 6
split_gain=6.24532 5.0778 4.78803 4.85509 7.41077 4.48625 4.61199 5.20857 6.00057 4.47844 4.46399 4.44332 4.42776 15.7892 14.6982 12.9932 13.2698 13.2106 29.5738 32.9703 8.90802 8.05911 6.98558 8.43338 6.92291 12.7397 11.4849 12.0186 10.9676 10.8728
threshold=26.500000000000004 1.0000000180025095e-35 3.5000000000000004 19.500000000000004 6.3333245370497444 15903.000000000002 114.50000000000001 97.500000000000014 12877.000000000002 6.1023254394531259 0.92980295419693004 40.500000000000007 115.50000000000001 114.50000000000001 120.50000000000001 0.72761431336402904 4.9175158220584239 13703.500000000002 11350.500000000002 6.2628901141887505 5.6999957250035633 21.500000000000004 9.184411040508385 4.5000000000000009 15.500000000000002 17.500000000000004 13.500000000000002 79.500000000000014 18.500000000000004 39.500000000000007
decision_type=2 2 2 2 2 2 2 2 2 2 2 2 2 2 2 2 2 2 2 2 2 2 2 2 2 2 2 2 2 2
left_child=1 9 3 -3 -5 6 7 -2 10 -1 -9 -7 13 24 -14 16 -15 18 20 21 -17 -20 -19 -24 26 -26 27 29 -27 -4
right_child=5 2 12 4 -6 11 -8 8 -10 -11 -12 -13 14 15 -16 17 -18 22 19 -21 -22 -23 23 -25 25 28 -28 -29 -30 -31
leaf_value=0.0028510451310943871 0.00012428670693651398 -0.0060188265815845502 -0.00013173005602582318 0.028493297732345556 -0.0023256063115748831 0.0056687141808321817 0.011150699524279209 -0.019910065809938794 -0.11884253161761235 0.023111767442224068 0.087300220373545123 0.019169579826522166 -0.0039674731271884135 0.02444880701055091 0.00058709608894824661 0.012693541533773937 0.0067805198042774116 0.0092066233574854793 -0.0720478835475694 0.007979549228592845 -0.0094705705340437079 -0.14418331502031459 -0.017562197329801816 0.0029310637759927278 0.002240206066855105 -0.0092590816399030131 -0.0051398791632984789 -0.0018409523613989291 -0.00040120097153835437 0.0032564606885078086
leaf_weight=2569.3378833475144 513.91321071934385 1503.632086160324 30363.455159892175 68.190708813882793 186.52890444927471 651.24650825878257 198.08856039607781 79.752187660458731 3.8429007531376547 71.773239264235599 2.5655525223232862 205.16370080901197 7456.8499741723099 343.221774949988 11571.819430130545 167.15296229290152 1312.0561938850376 1010.1958481913803 21.443287655129097 27.905418556299992 379.63248853448022 18.432778294914897 152.66811955859885 812.38864834772539 18243.085405411526 975.27866533470478 3321.9490153417646 20995.277509064508 10815.015026986295 7573.5174933402814
leaf_count=44171 11180 301418 2144359 2830 17020 13828 4204 1803 98 2263 60 4372 596403 7786 924265 3577 64393 24311 500 1151 15239 389 3425 33723 1199447 125176 455666 1833968 912933 729821
internal_value=1.92523e-11 -6.73281e-05 -0.000145422 -0.00428863 0.00592489 0.00488146 0.000566427 -0.00292752 -0.0211303 0.00340164 -0.0165687 0.00890301 -8.23798e-05 0.000137478 -0.00119772 0.00490795 0.010444 0.00136956 -0.0088738 -0.0587177 -0.00269498 -0.105393 0.00455662 -0.000310888 -8.19563e-05 0.000915618 -0.000563217 -0.000305236 -0.00113391 0.000544669
internal_weight=121615 119961 117320 1758.35 254.72 1654.57 798.162 600.074 86.1606 2641.11 82.3177 856.41 115561 96532.7 19028.7 4245.1 1655.28 2589.82 614.567 67.7815 546.785 39.8761 1975.25 965.057 92287.6 30033.4 62254.2 58932.3 11790.3 37937
internal_count=9479779 9444234 9397800 321268 19850 35545 17345 13141 1961 46434 1863 18200 9076532 7555864 1520668 154494 72179 82315 20856 2040 18816 889 61459 37148 7401370 2237556 5163814 4708148 1038109 2874180
is_linear=0
shrinkage=0.08


Tree=102
num_leaves=31
num_cat=0
split_feature=2 3 2 9 3 9 4 6 7 4 7 8 6 8 12 6 3 5 6 4 12 9 8 6 8 4 4 8 2 4
split_gain=5.97376 5.29178 5.06334 4.05271 5.31309 4.97764 3.89394 6.47087 5.50067 9.16325 8.37438 11.3724 6.37156 8.07884 12.4168 5.88468 7.98452 7.1058 7.46154 8.28095 9.94548 5.43685 5.47276 6.8539 7.17556 9.70279 7.9341 6.08798 9.54568 5.77183
threshold=0.3081014752388001 10.500000000000002 0.83527129888534557 41.500000000000007 25.500000000000004 45.500000000000007 426007.50000000006 30.500000000000004 12.500000000000002 32837.500000000007 6.5000000000000009 13.545445309924354 39.500000000000007 2.4999980654776968 1.9413031935691836 56.500000000000007 11.500000000000002 0.76906028389930736 52.500000000000007 18042.000000000004 0.48611111938953405 1.5000000000000002 9.8571322959309438 22.500000000000004 4.392079006272156 6906.5000000000009 22137.000000000004 7.9645968766239719 0.32466214895248419 1426.5000000000002
decision_type=2 2 2 2 2 2 2 2 2 2 2 2 2 2 2 2 2 2 2 2 2 2 2 2 2 2 2 2 2 2
left_child=-1 2 -2 6 5 -5 7 21 10 15 -9 12 13 14 -12 16 -10 18 -18 -20 -21 -3 23 27 25 -25 -27 29 -29 -23
right_child=1 3 -4 4 -6 -7 -8 8 9 -11 11 -13 -14 -15 -16 -17 17 -19 19 20 -22 22 -24 24 -26 26 -28 28 -30 -31
leaf_value=-0.00050139425727735031 0.0013326913996855193 -0.0068431992331782175 0.0067046609649937996 -0.1138634704055678 0.048778782314760141 -0.023609211870311592 0.0048426085273209143 0.00014732716315993906 -0.030288076033775514 0.00535120823316022 -0.15625873468724538 -0.0019577324805104125 0.0082609761935097913 0.00025048917569540306 0.05375704826983066 -0.002473369963427393 3.0686511212055872e-05 -0.052241471703605616 0.017103436177371506 -0.076282773498373535 0.0018752529302225429 -0.0048288589157269423 0.00092347999182930689 -0.00050779924291762457 -0.0044410647987610588 -0.072683985699693643 -0.022942942131747947 -0.17483766091433078 -0.0069752188625010507 0.011532917031303491
leaf_weight=67558.903302960185 19075.380408385714 1337.4344399753754 1193.161806936896 5.8346218745573486 3.9946314939297727 11.861016210925298 1045.0865448471814 9651.6143083260376 43.419880483071211 1334.4325069618208 5.0559417163062781 1360.173615631531 2844.203011778211 590.41646545438562 2.7992417800260228 8473.4491397747424 703.24525083661956 13.897257737422477 418.51721773199097 12.911443306133149 53.993788854219019 208.62856272154022 3345.0820279069012 128.02160262947473 1254.5706332660047 23.205443023703992 177.56692186572582 2.185405706986784 273.82038728235057 407.50787538331497
leaf_count=8159831 455261 23572 25346 167 64 290 16329 245046 1213 24066 110 42915 52496 10625 49 234339 19589 264 9123 578 1282 5245 107537 2069 22793 434 2567 110 8296 8173
internal_value=3.35658e-11 0.000627273 0.00164893 1.34085e-05 -0.0345559 -0.0533679 3.56509e-05 -0.000118138 0.00047832 -0.000865061 0.00150567 0.00423545 0.00668247 -0.000821806 -0.0814184 -0.00171853 0.00341487 0.00463175 0.00529668 0.0129257 -0.0132078 -0.00224366 -0.00118679 -0.00403834 -0.0071981 -0.017718 -0.0286921 0.00156956 -0.00830435 0.00599269
internal_weight=121560 54001.5 20268.5 33732.9 21.6903 17.6956 33711.2 32666.2 25508.1 11053.9 14454.3 4802.65 3442.47 598.272 7.85518 9719.43 1245.98 1202.56 1188.67 485.422 66.9052 7158.02 5820.59 2475.51 1583.36 328.794 200.772 892.142 276.006 616.136
internal_count=9479779 1319948 480607 839341 521 457 838820 822491 641695 290454 351241 106195 63280 10784 159 266388 32049 30836 30572 10983 1860 180796 157224 49687 27863 5070 3001 21824 8406 13418
is_linear=0
shrinkage=0.08


Tree=103
num_leaves=31
num_cat=0
split_feature=12 8 4 2 1 2 4 8 7 7 7 6 8 0 1 5 12 2 4 8 5 8 9 6 4 6 5 12 9 3
split_gain=5.5559 7.37213 7.31873 5.58205 6.14432 5.4853 5.52086 5.21384 7.3644 6.51873 11.1993 10.045 7.4849 7.33404 6.3645 9.03321 6.92429 7.31235 6.29688 5.97054 5.91625 5.62595 5.62539 5.44364 5.26888 6.86524 6.83789 7.76944 8.74105 7.319
threshold=0.32739856839179998 10.166653958350986 12407.500000000002 0.029631255194544796 12.500000000000002 0.082903780043125166 227752.50000000003 10.166653958350986 2.5000000000000004 4.5000000000000009 8.5000000000000018 32.500000000000007 9.7999853000245025 39.500000000000007 17.500000000000004 0.63058349490165722 1.750000059604645 0.39159812033176428 6147.0000000000009 2.4999980654776968 0.32856500148773199 2.0678155691506279 18.500000000000004 36.500000000000007 39079.500000000007 52.500000000000007 0.77774071693420421 2.7346117496490483 1.5000000000000002 14.500000000000002
decision_type=2 2 2 2 2 2 2 2 2 2 2 2 2 2 2 2 2 2 2 2 2 2 2 2 2 2 2 2 2 2
left_child=1 -1 3 -3 -5 6 -4 8 14 13 11 -11 20 19 18 16 17 22 21 -10 -13 -2 -16 -20 -12 -26 27 28 29 -27
right_child=7 2 5 4 -6 -7 -8 -9 9 10 24 12 -14 -15 15 -17 -18 -19 23 -21 -22 -23 -24 -25 25 26 -28 -29 -30 -31
leaf_value=-0.0016106901489106843 0.041677353154101003 -0.0093813649716099033 0.0059702078045706965 -0.0021374707531689363 0.0021599951197283601 0.0014799135021274035 0.027204868782215393 -0.00021745790100705738 -0.0097367738951932049 -0.0010644963521729447 0.00013280375610812397 0.031728607664889878 -0.010082679780414524 0.026936763387674412 -0.022608718266340332 0.014047043454442727 -0.026992560212477465 0.031986381848469282 0.072795118487898311 -0.00039870993621070431 0.0069221951429044365 0.0097298502341202735 0.00082149617218499143 -0.0015673203294663863 -0.008093300077269272 -0.075476354256438491 0.00088134327839750842 0.041326713702795129 0.013540565724613769 -0.00010052054832522849
leaf_weight=25067.451357015772 36.280574195418922 458.2357241235004 1299.3827594577378 5042.8157202585062 3685.3525823609234 4435.4774148001161 83.389108632109128 43561.970656927966 453.19247033284046 1455.8513462734245 14774.035173187749 62.480993377451796 164.9126563090831 61.697075395462889 95.071615655098867 168.58746212610276 93.978459162404761 35.336518961936235 6.3939603874459854 13252.922453912874 4049.7664465059083 1276.4268817549055 211.4228376923129 430.17478294054945 198.97400800433297 12.949384802952293 466.78901982008779 59.233649229653452 492.4024032461457 22.692009553313255
leaf_count=2860863 519 641260 511292 873985 1416493 382140 12151 1863924 7228 32989 389011 2873 4581 1184 3123 4012 1985 418 109 315615 80248 30579 8782 10582 5001 186 7911 903 9525 307
internal_value=9.84669e-12 -0.000771185 0.00063133 -0.000774776 -0.000322923 0.00285142 0.00725078 0.000379441 0.00106585 0.000778746 0.00164071 0.00467524 0.00662892 -0.000583592 0.00539952 -0.00167777 -0.00776072 -0.00247338 0.00784481 -0.000707473 0.0072991 0.0106128 -0.00644633 -0.000478212 0.000555234 0.00553592 0.00810868 0.0138532 0.0107714 -0.0274864
internal_weight=121516 40072.1 15004.7 9186.4 8728.17 5818.25 1382.77 81443.5 37881.6 35527.9 21760.1 5733.01 4277.16 13767.8 2353.67 604.397 435.809 341.831 1749.28 13706.1 4112.25 1312.71 306.494 436.569 16027.1 1253.04 1054.07 587.277 528.044 35.6414
internal_count=9479779 6698184 3837321 2931738 2290478 905583 523443 2781595 917671 857562 533535 120691 87702 324027 60109 18320 14308 12323 41789 322843 83121 31098 11905 10691 412844 23833 18832 10921 10018 493
is_linear=0
shrinkage=0.08


Tree=104
num_leaves=31
num_cat=0
split_feature=0 4 12 8 4 4 4 6 5 4 8 3 6 6 5 8 8 5 5 12 5 4 4 4 5 4 2 7 4 4
split_gain=5.46298 4.87137 4.13132 4.49985 4.0546 10.157 6.5051 14.2335 14.4473 13.0333 10.3961 10.0385 6.42571 15.78 10.3318 10.6432 8.46109 16.4348 8.45778 7.96041 7.7625 9.37444 19.5848 9.04522 11.6379 15.6834 11.7358 8.82553 14.0056 10.3663
threshold=16.500000000000004 322066.50000000006 0.076365515589714064 2.4999980654776968 195199.50000000003 147804.00000000003 83472.000000000015 83.500000000000014 0.73315289616584789 80080.500000000015 3.779513107271923 26.500000000000004 115.50000000000001 114.50000000000001 0.72761431336402904 4.7886747338454745 2.0678155691506279 0.75467449426651012 0.65505805611610424 0.80787843465805065 0.66069462895393383 57767.500000000007 40294.000000000007 43038.000000000007 0.68990877270698558 50268.000000000007 0.62563130259513866 4.5000000000000009 12407.500000000002 13158.500000000002
decision_type=2 2 2 2 2 2 2 2 2 2 2 2 2 2 2 2 2 2 2 2 2 2 2 2 2 2 2 2 2 2
left_child=1 4 3 -3 5 6 9 8 -8 12 -11 -10 13 20 15 -15 17 19 -14 -16 -1 22 27 -24 25 26 -25 28 -22 -30
right_child=-2 2 -4 -5 -6 -7 7 -9 11 10 -12 -13 18 14 16 -17 -18 -19 -20 -21 21 -23 23 24 -26 -27 -28 -29 29 -31
leaf_value=-0.00065289652251243157 0.0025513174073905076 -0.092492039327783854 0.002287013886009616 0.034323481587754494 -0.0029082557298346586 0.005636538640525963 -0.0041463773986629652 0.0028694914671364602 -0.033499439466488291 -0.038133130647960964 0.012351469220908736 0.00068878653312244326 -0.00032173918476623094 0.022711100300318678 -0.025042136873468141 0.0066274599636313315 0.0023698163191227615 0.0068141989876973888 -0.004242926067212301 -0.12504244424172145 0.0011898745106923316 -0.0031126409568594114 0.023506465521314728 0.034439361423746567 0.0014384322675020189 0.0071213134157492907 -0.0218617998221304 0.001759702958851046 -0.033464806310277824 -0.0063713628553254366
leaf_weight=55294.078325304552 5143.8705038059124 1.8802893759038841 4275.3319101177567 37.602622811828041 3465.2566883690597 1921.305237075896 3987.7902500665323 1975.8492949164693 186.89275431862916 27.098163481990923 712.73290611431003 77.867045901715755 10513.329315115196 328.35479966301159 8.5580470429263205 1329.4663778479774 2505.3217861085163 31.140892542261554 5292.8193955866227 12.588765173657519 2892.7390063942757 3016.9670702205258 226.62823269521959 252.73039828491164 1229.3388902196284 797.7891457775695 26.146494563668966 14121.586324429813 95.485433138906956 1690.4469202838418
leaf_count=6148527 116945 106 84595 2794 104505 60755 187727 81959 12209 915 34620 3096 1102714 7471 243 64573 80756 670 288576 192 144971 131020 6003 10710 52215 36214 473 622453 4201 87571
internal_value=-6.65518e-12 -0.000112809 0.0025249 0.0282842 -0.000214409 -0.000128417 -0.000232288 -0.00274105 -0.00534786 -7.66635e-05 0.0105023 -0.0234445 -0.000155193 0.000123686 0.00489373 0.00981305 0.00170507 -0.0301455 -0.00163478 -0.0845726 -0.000128786 0.00106137 0.00165168 0.00825588 0.00675709 0.0128299 0.0291608 0.000762008 -0.00224933 -0.00781992
internal_weight=121479 116335 4314.81 39.4829 112020 108555 106634 6228.4 4252.55 100405 739.831 264.76 99665.5 83859.4 4215.43 1657.82 2557.61 52.2877 15806.1 21.1468 79643.9 24349.9 21332.9 2532.63 2306 1076.67 278.877 18800.3 4678.67 1785.93
internal_count=9479779 9362834 87495 2900 9275339 9170834 9110079 284991 203032 8825088 35535 15305 8789553 7398263 153905 72044 81861 1105 1391290 435 7244358 1095831 964811 105615 99612 47397 11183 859196 236743 91772
is_linear=0
shrinkage=0.08


Tree=105
num_leaves=31
num_cat=0
split_feature=0 9 0 6 12 6 6 6 2 6 3 4 4 8 3 1 2 2 7 4 1 5 4 3 4 8 5 2 5 3
split_gain=5.04723 4.1613 4.31478 3.93307 4.6919 4.1725 3.92049 4.5358 6.77127 5.11542 7.85074 5.42014 3.90907 4.16416 5.28845 4.7037 3.81799 3.6767 3.67292 6.91166 6.1422 4.83126 4.72 4.06174 3.8602 11.3769 8.63818 6.66223 3.76096 3.74049
threshold=26.500000000000004 1.0000000180025095e-35 9.5000000000000018 3.5000000000000004 0.022011073306202892 2.5000000000000004 129.50000000000003 131.50000000000003 0.52223318815231334 133.50000000000003 14.500000000000002 265.50000000000006 4928.5000000000009 7.2499864062783219 14.500000000000002 41.500000000000007 0.3081014752388001 0.93541666865348827 20.500000000000004 85.500000000000014 18.500000000000004 0.23770491033792499 37.500000000000007 29.500000000000004 20.500000000000004 2.0678155691506279 0.10704734176397325 0.70106381177902233 0.1868645250797272 20.500000000000004
decision_type=2 2 2 2 2 2 2 2 2 2 2 2 2 2 2 2 2 2 2 2 2 2 2 2 2 2 2 2 2 2
left_child=1 2 -1 4 -3 -6 18 -8 9 16 -11 -12 13 14 -2 -16 -9 -14 24 20 21 28 -22 -21 25 -5 -26 -27 -20 -23
right_child=12 3 -4 6 5 -7 7 8 -10 10 11 -13 17 -15 15 -17 -18 -19 19 23 22 29 -24 -25 26 27 -28 -29 -30 -31
leaf_value=0.0024088297726817241 -0.012476623709729268 -0.078356150625991924 0.018548062092833648 0.13408447206387186 0.0026590375090458506 -0.0060853940600604827 -0.0065153363252963541 0.028070196155307231 0.055330386242393996 0.012813222236991471 -0.12771933891438556 -0.031223186591394794 0.0060938940242888555 0.0019539404378011893 -0.0097809894023300568 -0.16208226133589251 -0.027808962498917542 0.03589645916849632 -0.026729124112659104 0.0089753683608661677 0.042282304532073337 -0.056541396377951858 -0.027736115883698838 0.034069369676097597 -0.024248198419767081 0.0089449971612876218 -5.9110451583588864e-05 -0.071860711247067152 0.051249805603643325 -0.0019805604019129792
leaf_weight=2515.6233114217239 86.479103028036207 5.399203331991429 110.68073233228006 4.5860730268741454 482.91049783583048 1261.5849194329458 999.9384706422461 44.090084562743868 18.038284568116069 22.314791673794389 5.1006726924097192 13.816644882783292 1174.7481590425887 345.99705001659459 2.31815785402432 2.9485585006186739 9.5142500569345412 27.10423599250089 8.4869948153791466 288.62046023560106 17.936363833447107 30.616946703055874 9.3860300375672505 48.171113990421873 94.563805996425799 285.33487242229057 113485.68892768244 6.6829774214420459 7.4185339979594564 10.906228282139635
leaf_count=42579 1508 146036 3855 144 48897 126335 158037 11299 213 2245 680 913 24763 8067 40 86 581 1081 1709 18548 2668 1961 1473 1695 102183 68739 8702158 151 559 576
internal_value=-1.6285e-11 -6.03423e-05 0.00308899 -0.000130938 -0.00389522 -0.00366476 -7.38632e-05 -0.00479934 0.0104024 0.00185694 -0.0193279 -0.0572414 0.00440855 -0.00206398 -0.0172166 -0.0950465 0.0181522 0.006766 -2.78558e-05 0.00742586 -0.0129947 -0.0278498 0.018229 0.0125645 -5.54476e-05 0.00905921 -7.92496e-05 0.00709572 0.00964121 -0.0422108
internal_weight=121427 119787 2626.3 117161 1749.89 1744.5 115411 1112.81 112.875 94.8364 41.2321 18.9173 1639.6 437.743 91.7458 5.26672 53.6043 1201.85 114298 421.543 84.7511 57.4287 27.3224 336.792 113877 296.604 113580 292.018 15.9055 41.5232
internal_count=9479779 9444234 46434 9397800 321268 175232 9076532 173968 15931 15718 3838 1593 35545 9701 1634 126 11880 25844 8902564 29189 8946 4805 4141 20243 8873375 69034 8804341 68890 2268 2537
is_linear=0
shrinkage=0.08


Tree=106
num_leaves=31
num_cat=0
split_feature=12 8 8 2 2 0 12 5 8 8 4 4 12 7 2 6 1 1 5 7 1 1 3 5 8 5 9 0 7 5
split_gain=4.76056 6.46952 4.71929 6.46358 11.4034 5.64161 5.62322 5.60588 6.68616 5.49283 4.66226 6.37866 6.06463 5.01485 5.52499 4.8017 8.56251 7.74752 8.39364 7.02101 5.62964 5.16913 4.83983 4.76114 7.78572 7.35419 7.28986 4.63898 4.98904 6.81875
threshold=0.47751402854919439 10.166653958350986 10.166653958350986 0.083771932870149626 0.034683240577578552 6.5000000000000009 0.094894461333751692 0.55412864685058605 6.2628901141887505 14.249989609382732 686.50000000000011 751.50000000000011 1.750000059604645 20.500000000000004 0.18786764889955523 113.50000000000001 23.500000000000004 17.500000000000004 0.4466282725334168 16.500000000000004 24.500000000000004 73.500000000000014 18.500000000000004 0.55035778880119335 4.392079006272156 0.65798047184944164 9.5000000000000018 32.500000000000007 8.5000000000000018 0.73315289616584789
decision_type=2 2 2 2 2 2 2 2 2 2 2 2 2 2 2 2 2 2 2 2 2 2 2 2 2 2 2 2 2 2
left_child=2 10 5 4 9 -1 -6 8 -7 -4 -2 12 -12 15 -15 -13 17 -17 -19 27 -21 -22 -20 24 -14 -25 -27 28 29 -18
right_child=1 -3 3 -5 6 7 -8 -9 -10 -11 11 13 23 14 -16 16 19 18 22 20 21 -23 -24 25 -26 26 -28 -29 -30 -31
leaf_value=-0.001236558158081325 0.004302365477293485 -0.00024050859766923217 0.000122744204125333 -0.00029703806801241629 -7.6077098556246955e-05 -0.011146550830128794 0.0069609904686546379 0.0021835741137012708 0.030059802946986174 -0.01237766203746684 -0.022203117275586472 0.00050329079317296772 -0.15480375222625636 -0.054343025255788019 0.045263612601844139 0.0037340162086449483 0.0046158655558847898 -0.085414747752326811 0.020059306677820299 -0.092654411779676288 0.032736797627119334 -0.045606656678857646 0.0026023317509033255 0.061568578616451423 -0.0011846810445018986 0.030661749499177497 -0.083846725236752809 0.01676238900934323 -0.012080354464075784 -0.010080025325966859
leaf_weight=34478.493892056169 3131.2226180635298 34954.536189550505 569.4120101453226 18965.859746994232 997.2538750453964 32.733663877472281 2679.1921347337775 416.40431427990552 109.52424074715236 371.91257678030581 138.80880813812746 19116.78923551942 2.5144378041377413 4.0801365049555889 28.172417339403182 3459.6076171227387 510.54456310394994 5.3534790542910278 371.29738996688229 2.6460218760184935 64.644007397466339 5.8803412565030149 139.9535809988904 18.360014342266368 13.175830939784644 9.1228497704723832 5.8332784238737068 68.159296804533142 396.23996282467851 334.42672828374725
leaf_count=3186699 66180 1218499 522065 1958172 541451 1606 988069 15398 5718 472989 3544 388191 47 106 371 62906 13923 250 7588 69 1445 232 2941 277 265 149 105 1283 12011 7230
internal_value=-2.51241e-11 0.000484079 -0.000518436 0.00035647 0.00304052 -0.00110734 0.00505215 0.00686758 0.0205782 -0.0048161 0.00139427 0.00102554 -0.0136614 0.00113809 0.0326628 0.00109655 0.00321295 0.00509861 0.014237 -0.00221024 0.0219063 0.0262045 0.0152805 0.0105327 -0.0258028 0.0276449 -0.0139995 -0.00355792 -0.00467378 -0.00120054
internal_weight=121402 62781.4 58620.8 23583.6 4617.77 35037.2 3676.45 558.662 142.258 941.325 27826.8 24695.6 187.815 24507.8 32.2526 24475.5 5358.75 3976.21 516.604 1382.54 73.1704 70.5243 511.251 49.0064 15.6903 33.3161 14.9561 1309.37 1241.21 844.971
internal_count=9479779 1787612 7692167 4482746 2524574 3209421 1529520 22722 7324 995054 569113 502933 4387 498546 477 498069 109878 73685 10779 36193 1746 1677 10529 843 312 531 254 34447 33164 21153
is_linear=0
shrinkage=0.08


Tree=107
num_leaves=31
num_cat=0
split_feature=0 4 12 8 12 9 4 2 0 4 1 8 12 0 3 12 9 4 5 8 4 12 12 3 4 6 6 5 8 12
split_gain=4.64555 4.02361 4.09515 4.01067 5.20218 6.4703 5.71884 5.11724 4.85789 4.40582 5.00471 4.35747 4.17266 7.36228 4.01572 3.65139 5.61084 5.55173 7.57455 6.60932 7.00407 6.19023 5.52663 7.82378 5.25118 5.69193 15.0057 5.58784 5.21688 5.09985
threshold=16.500000000000004 322066.50000000006 0.076365515589714064 9.2346646368131537 0.18462841212749484 3.5000000000000004 426007.50000000006 0.1366749703884125 13.500000000000002 426007.50000000006 34.500000000000007 9.3333203703890977 0.21428572386503222 1.5000000000000002 5.5000000000000009 0.17805711925029757 26.500000000000004 3453.5000000000005 0.51615241169929515 3.3636350895321825 3678.5000000000005 0.97507765889167797 0.63157895207405101 6.5000000000000009 5196.5000000000009 58.500000000000007 105.50000000000001 0.49264453351497656 15.714268877571067 0.37500001490116125
decision_type=2 2 2 2 2 2 2 2 2 2 2 2 2 2 2 2 2 2 2 2 2 2 2 2 2 2 2 2 2 2
left_child=1 15 -3 8 -5 11 7 -7 -4 14 -11 -6 -8 -14 -10 -1 17 28 19 20 -19 22 -22 -24 25 -23 -27 -26 29 -17
right_child=-2 2 3 4 5 6 12 -9 9 10 -12 -13 13 -15 -16 16 -18 18 -20 -21 21 24 23 -25 27 26 -28 -29 -30 -31
leaf_value=-0.0012380229574687884 0.0023571106838005608 0.027639019506575296 -0.0014227486941472542 0.020115749570309292 0.043807986505855982 -0.019033863385730564 0.024173079320050576 0.0082029581850868224 0.065623278331119958 0.025440335312850344 -0.046529732024105687 0.0075802646681577485 -0.036034092482625818 -0.0038922118679916074 0.011609098999935105 9.1486647749477806e-05 -0.0019051700428811158 0.09238971728909974 1.295991575213756e-05 -0.0041330460784703114 0.0058831925899993035 0.057319023446570423 -0.16184065007106666 -0.01888286040962836 0.05946178452597084 -0.16352791724930577 0.05350810788183899 -0.0354147286989124 -0.0010665306267364052 0.0025839779860146635
leaf_weight=18060.339119251046 5125.2989703591156 40.417271555342268 1838.3500404423257 125.23174342437414 21.75098534906283 48.331014597380999 30.404869875404984 509.97880827134941 18.470287809614092 15.275498620700093 10.389745198481249 920.14235558826476 48.947602920117788 668.65320285956841 16.841022490523756 8323.4663505876088 8915.3069415799109 6.636259047535531 52525.936558393987 4108.0154700410367 99.987512833482469 4.8387193428234232 2.9381004106253412 14.750698374584315 32.162854641719605 3.9743440882302803 4.186345299705863 4.5327967305202028 5582.8425791583795 14245.48502955908
leaf_count=4778688 116945 2900 32774 6165 296 3018 916 10075 175 257 187 15741 1619 13110 262 602883 777155 174 1910388 329024 3451 60 66 282 343 63 50 98 490724 381890
internal_value=-4.33165e-11 -0.000103923 0.00229374 0.002054 0.00424657 0.00336261 -0.000281658 0.00584516 -0.000685895 0.0215291 -0.00369442 0.00841687 -0.0048547 -0.00608461 0.0398623 -0.000196312 4.09982e-06 0.00020445 -0.000250796 -0.00348618 0.0117851 0.00858915 -0.0014089 -0.0426281 0.0322642 -0.0114284 -0.0521908 0.0477423 0.0011231 0.00166474
internal_weight=121374 116249 4313.18 4272.77 2373.44 2248.21 1306.32 558.31 1899.33 60.9766 25.6652 941.893 748.006 717.601 35.3113 111935 93875.1 84959.8 56808 4282.02 174.008 167.371 117.676 17.6888 49.6951 12.9994 8.16069 36.6957 28151.8 22569
internal_count=9479779 9362834 87495 84595 50940 44775 28738 13093 33655 881 444 16037 15645 14729 437 9275339 4496651 3719496 2243999 333611 4587 4413 3799 348 614 173 113 441 1475497 984773
is_linear=0
shrinkage=0.08


Tree=108
num_leaves=31
num_cat=0
split_feature=2 3 0 7 8 9 6 7 4 1 5 3 7 7 1 5 4 6 3 5 7 5 5 6 3 2 8 4 4 5
split_gain=4.32527 5.99476 4.37439 3.8835 6.07229 5.62111 8.99949 3.56965 4.48457 4.10069 3.97848 4.37807 3.78821 10.1304 13.2453 10.4398 10.0485 9.51517 8.34309 8.19735 7.14817 6.92972 6.28004 6.22534 6.5116 10.6883 6.91312 6.18545 6.67786 5.78113
threshold=0.57294833660125744 28.500000000000004 38.500000000000007 19.500000000000004 6.1999907000155012 1.5000000000000002 95.500000000000014 20.500000000000004 85.500000000000014 18.500000000000004 0.43441589176654821 5.5000000000000009 17.500000000000004 16.500000000000004 4.5000000000000009 0.33242595195770269 1033.5000000000002 106.50000000000001 9.5000000000000018 0.33422820270061498 19.500000000000004 0.47058816254138952 0.7725205421447755 91.500000000000014 13.500000000000002 0.37089946866035467 13.545445309924354 18042.000000000004 5868.5000000000009 0.43933787941932684
decision_type=2 2 2 2 2 2 2 2 2 2 2 2 2 2 2 2 2 2 2 2 2 2 2 2 2 2 2 2 2 2
left_child=7 2 -2 -3 5 6 -5 12 9 10 11 -9 13 -1 16 -16 21 20 -18 -17 22 -15 23 -14 -25 -26 -27 28 -20 -19
right_child=1 3 -4 4 -6 -7 -8 8 -10 -11 -12 -13 17 14 15 19 18 29 27 -21 -22 -23 -24 24 25 26 -28 -29 -30 -31
leaf_value=-0.00018825996720643848 0.0018641316084152344 -0.0014171446363976034 0.011790961214096037 0.054237154012505895 0.0045637569541936976 0.08338538552178934 -0.089584017844735603 -0.071551463049301628 0.011488075582973538 0.015263873134289179 -0.061276902884483293 0.0018625555621939829 -0.0034040533200446481 -0.01579174305584511 -0.0044802433611964383 0.067254867216337527 -0.030049740095376195 -0.011053266078466127 0.0064770910594986698 0.010109022235410969 0.00017894737434244991 -0.058066692224735802 -0.076406923478024705 -0.0051029518705376078 -0.013588897776350061 -0.088321788196011386 -0.028039086582058458 -0.046601578271004147 0.051794684564887172 0.0031781163092586585
leaf_weight=88015.444808913875 12489.881927805403 5541.1473649519648 290.71633200108045 8.7976974024204555 173.89019223419018 12.938348639523609 4.0739725033199639 6.2128583052399327 323.16496634289797 27.171439426441793 13.07006234093569 31.852341096673626 5071.9877340255516 87.685599215339607 356.69616863542979 16.236926326702815 42.703710706380662 195.01090888756517 121.57237313739461 1518.309321198496 3194.3698104713112 34.61113232281059 7.7682542333641313 469.60504299659806 264.3111591476918 21.414879338815808 28.217399285640568 11.537532111397011 25.108581919572316 2889.8373220246649
leaf_count=7568143 234755 94428 6903 155 3174 117 66 894 19933 4139 669 3128 529959 9881 119495 1433 2677 46833 6836 162733 277190 1619 489 78412 37512 760 1363 656 1083 264344
internal_value=-8.6053e-12 0.00112533 0.00208993 -0.00102214 0.0099382 0.0461475 0.00871676 -0.000202801 0.007326 -0.00985055 -0.0231954 -0.0101198 -0.000232327 -5.38034e-05 0.00529028 0.00784804 -0.00967591 -0.00155892 0.00132899 0.0107137 -0.00286585 -0.027756 -0.00452467 -0.00442931 -0.0110659 -0.0199854 -0.0540493 0.00979822 0.0142345 0.00227847
internal_weight=121295 18521.4 12780.6 5740.85 199.7 25.81 12.8717 102774 401.472 78.3067 51.1353 38.0652 102372 90229.9 2214.46 1891.24 323.219 12142.5 200.922 1534.55 9057.67 122.297 5863.3 5855.54 783.548 313.943 49.6323 158.218 146.681 3084.85
internal_count=9479779 339598 241658 97940 3512 338 221 9140181 28763 8830 4691 4022 9111418 7874556 306413 283661 22752 1236862 11252 164166 925685 11500 648495 648006 118047 39635 2123 8575 7919 311177
is_linear=0
shrinkage=0.08


Tree=109
num_leaves=31
num_cat=0
split_feature=2 0 9 12 4 8 5 5 8 1 7 6 5 2 8 3 9 1 3 7 3 1 8 8 5 4 8 4 12 8
split_gain=4.09825 3.78982 4.38355 3.45374 3.52854 7.90236 7.21294 4.59013 4.60213 6.78823 6.37411 5.34722 4.96211 8.48163 5.91869 5.08537 4.86248 3.9034 3.78096 3.59288 3.9455 3.87866 5.03907 5.13632 4.35563 4.11769 3.97211 3.51429 3.48841 3.4757
threshold=0.6885775923728944 50.500000000000007 22.500000000000004 1.0000000180025095e-35 20.500000000000004 2.0678155691506279 0.10704734176397325 0.25875724852085119 7.999990555566745 21.500000000000004 19.500000000000004 122.50000000000001 0.5616184175014497 0.57294833660125744 4.2543159174441891 29.500000000000004 3.5000000000000004 6.5000000000000009 20.500000000000004 20.500000000000004 29.500000000000004 17.500000000000004 9.9746769615411566 10.266661533336187 0.59054526686668407 440.50000000000006 2.0678155691506279 8214.0000000000018 0.49999998509883886 2.8523955664906531
decision_type=2 2 2 2 2 2 2 2 2 2 2 2 2 2 2 2 2 2 2 2 2 2 2 2 2 2 2 2 2 2
left_child=3 -2 -3 -1 5 -5 17 -7 9 10 11 12 14 -14 16 28 -9 -6 -18 -8 21 22 24 -24 26 -25 -21 -23 -16 -19
right_child=1 2 -4 4 6 7 19 8 -10 -11 -12 -13 13 -15 15 -17 18 29 -20 20 -22 27 23 25 -26 -27 -28 -29 -30 -31
leaf_value=-0.080285102563451255 0.0014744177265570962 0.032269919667346866 -0.020516134183071567 0.10902152198245046 -0.046799411162709921 0.018930066603449942 -0.00016485537462028295 -0.12802538044732881 -0.01043235505655535 0.048445453891906257 -0.09156055332427665 -0.10717424000899753 -0.11894467747811437 0.083529692792949195 -0.0083871794477074456 0.080512871494443389 -0.062884206360437858 0.089124657428876278 0.049757949337575214 0.10453635357510135 0.027569808826292039 0.019923923900515398 0.069628909132766287 -0.016255334889664418 -0.11902146888148639 0.01824061848068358 -0.016265506499364445 -0.015896129297471872 0.05112525928676271 -0.014847624023598349
leaf_weight=3.4406915819126871 9332.840646123268 48.859717946468663 12.681948102428576 4.8878507565332248 28.81489997396784 121.59797507147414 111068.03440079927 2.5848232945427281 124.42141392507619 25.303150050807744 4.5852933852002016 2.5278737455373621 4.2361756479367605 1.9261487908661363 15.335570150986316 11.214067242806776 3.4832142646191642 2.1266021081246427 4.2148294176440686 1.7782007083296765 54.379441806580871 116.56793810409727 8.2784436054062081 38.071701306034811 2.5928817344829431 52.942308062571101 85.620061925728805 20.631941894069314 10.703159827273337 63.531952794695826
leaf_count=144346 172000 1245 304 161 14006 51240 8957200 86 18441 2656 240 283 274 12 1488 574 227 455 149 16 2081 11326 229 3224 70 2855 3154 1557 192 89688
internal_value=-1.6312e-11 0.0016049 0.0213922 -0.000134756 -0.000132291 0.00804113 -0.000156987 0.00655505 -0.000592323 0.013625 -0.000863647 0.00653281 0.0118857 -0.0556576 0.0206417 0.0354727 -0.0330881 -0.0222527 -0.00121042 -0.000138256 0.00761857 0.00429546 -0.00312824 0.0092983 -0.0168392 0.00381076 -0.0138077 0.0145374 0.0160753 -0.0114801
internal_weight=121278 9394.38 61.5417 111884 111880 337.022 111543 332.134 210.536 86.1143 60.8112 56.2259 53.698 6.16232 47.5357 37.2528 10.2829 94.4735 7.69804 111449 380.863 326.483 189.284 99.2925 89.9911 91.014 87.3983 137.2 26.0387 65.6586
internal_count=9479779 173549 1549 9306230 9161884 76023 9085861 75862 24622 6181 3525 3285 3002 286 2716 2254 462 104149 376 8981712 24512 22431 9548 6308 3240 6079 3170 12883 1680 90143
is_linear=0
shrinkage=0.08


Tree=110
num_leaves=31
num_cat=0
split_feature=12 8 4 2 7 5 4 5 7 5 8 5 7 2 6 5 4 6 2 8 4 8 2 7 5 6 2 12 1 6
split_gain=3.91124 6.92554 6.18144 4.68477 6.52039 4.43635 4.28985 7.35613 5.12929 5.69287 5.06034 5.05593 5.02774 6.91516 4.99086 4.88792 5.74669 4.71084 8.12668 4.35171 4.3359 7.44281 4.89936 5.74863 5.69093 4.98666 4.70145 5.50031 4.51275 4.49106
threshold=0.29417420923709875 10.166653958350986 10984.000000000002 0.036811200901865966 12.500000000000002 0.16254932433366778 686.50000000000011 0.46835438907146459 14.500000000000002 0.758103907108307 2.0678155691506279 0.61147069931030285 20.500000000000004 0.15424266457557681 113.50000000000001 0.49264453351497656 387.50000000000006 110.50000000000001 0.26713615655899053 25.990338784045321 798.50000000000011 3.3636350895321825 0.76764950156211864 19.500000000000004 0.60732638835906994 97.500000000000014 0.31866537034511572 0.89793989062309276 4.5000000000000009 132.50000000000003
decision_type=2 2 2 2 2 2 2 2 2 2 2 2 2 2 2 2 2 2 2 2 2 2 2 2 2 2 2 2 2 2
left_child=1 3 5 4 -1 -3 8 -8 19 10 11 15 20 -14 -12 17 -17 18 -10 -2 21 26 23 -23 25 -24 -9 -28 -27 -22
right_child=6 2 -4 -5 -6 -7 7 12 9 -11 14 -13 13 -15 -16 16 -18 -19 -20 -21 29 22 24 -25 -26 28 27 -29 -30 -31
leaf_value=0.0066829043056958982 0.0039228890755019889 -0.017162323635031881 0.0028610923458299289 -0.0018550555909714126 -0.0031422870097406624 -0.00043561342957143675 -0.0032093003513693919 -0.098536259577838139 0.080113478562313642 -0.020997836358349876 0.0010007782936686152 0.096353271469620555 -0.049850456050092376 0.029098184251624956 -0.0080201498453787226 -0.12326243225212531 0.035119298357548907 0.097904491472817753 -0.063408592413134957 -0.0095969362219212196 0.00031899587465024105 -0.0048746368699111092 0.018399384804275755 -0.051358871280765897 0.049292231906360055 -0.12638459508153763 0.019149883247480386 -0.06380818866438949 -0.010870929348976691 0.032795372512294162
leaf_weight=1000.3127917349993 5193.9251990709672 102.80379385093329 5359.2822434675109 21401.138816935003 761.27048320945323 7886.1919024524723 4062.9824550828198 7.8699402907097946 4.9055119308754964 83.63849820258838 3074.1041564218272 6.416387811959793 7.9278896218165746 68.041907088365406 449.96501909990911 3.0370924774506411 2.8346121616905293 5.5627303645014754 5.2031161293398327 156.97430941621133 70861.195588739181 638.08767998221447 20.621373322326694 17.493601021706127 22.84376690373756 3.3491973001509887 9.4297646218910831 11.178890449051094 6.1190100461244583 27.262188736000098
leaf_count=487662 212675 213505 923834 1892364 397209 2526759 269201 254 81 2141 135297 119 303 1403 21192 81 50 95 180 16297 2350261 25976 349 819 439 48 150 201 129 705
internal_value=1.14034e-12 -0.000692222 0.000759178 -0.00152864 0.00243694 -0.000650856 0.000298212 0.00010219 0.00195084 -0.000367854 0.000117913 0.0340179 0.000289837 0.0208594 -0.000151044 0.0154519 -0.0468024 0.0387772 0.00623975 0.00352627 0.00026802 -0.0058365 -0.0042247 -0.00611503 0.019187 -0.00366857 -0.0459363 -0.0258496 -0.0517317 0.000331486
internal_weight=121262 36511 13348.3 23162.7 1761.58 7989 84751 75764.4 8986.57 3635.67 3552.03 27.9595 71701.4 75.9698 3524.07 21.5431 5.8717 15.6714 10.1086 5350.9 71625.5 736.993 708.515 655.581 52.9333 30.0896 28.4786 20.6087 9.46821 70888.5
internal_count=9479779 6441333 3664098 2777235 884871 2740264 3038446 2650238 388208 159236 157095 606 2381037 1706 156489 487 131 356 261 228972 2379331 28365 27760 26795 965 526 605 351 177 2350966
is_linear=0
shrinkage=0.08


Tree=111
num_leaves=31
num_cat=0
split_feature=0 6 4 6 5 6 4 8 4 5 3 0 8 4 9 2 5 5 4 8 8 2 5 0 4 5 12 2 4 4
split_gain=3.84264 3.65993 3.45752 8.38984 5.10332 4.89309 6.07938 6.6429 4.84586 5.38924 4.3412 4.11724 4.06819 3.71635 3.60124 3.58976 3.68352 8.62187 11.235 3.42183 3.76986 3.74466 4.41657 4.57302 4.38009 4.32965 4.24933 4.25706 3.97433 3.86375
threshold=16.500000000000004 129.50000000000003 15903.000000000002 121.50000000000001 0.7466147541999818 44.500000000000007 6147.0000000000009 5.124997330730614 984.50000000000011 0.76968595385551464 22.500000000000004 40.500000000000007 2.0678155691506279 5196.5000000000009 58.500000000000007 0.9574275314807893 0.68990877270698558 0.69174146652221691 93473.500000000015 4.1220089995863107 5.2307662130196872 0.42776885628700262 0.4829822331666947 3.5000000000000004 710.50000000000011 0.22132766991853717 0.045980954542756088 0.20722186565399173 2045.5000000000002 15436.500000000002
decision_type=2 2 2 2 2 2 2 2 2 2 2 2 2 2 2 2 2 2 2 2 2 2 2 2 2 2 2 2 2 2
left_child=1 -1 3 4 12 10 7 8 -7 -10 14 15 -2 -9 -6 16 -4 18 -18 21 -21 22 23 24 25 -3 29 -28 -26 -24
right_child=2 19 11 -5 5 6 -8 13 9 -11 -12 -13 -14 -15 -16 -17 17 -19 -20 20 -22 -23 26 -25 28 -27 27 -29 -30 -31
leaf_value=-5.0536093289518633e-05 -0.060827178549372557 0.064757275460071609 0.0084165386933981907 0.018631746338020793 -0.020462867329846663 0.0047811907870789405 0.0029037802370419563 -0.0098525543056273129 -0.02805278678300378 -0.14141954615147048 -0.12398192607165161 0.015369965409568873 0.00089697613880775008 -0.082485285358925076 -0.1102149497755593 0.038850762190916759 -0.010082840701933844 0.0018376890900063199 -0.12539331022538538 -0.026273470493453056 -0.0047223616979461761 0.053195402696339711 -0.0015318597787201708 -0.058796011115384128 0.070807413526615945 -0.054076501970488425 -0.069524971908046421 0.00080947032594942919 -0.00019343352886323385 0.26851582856556577
leaf_weight=115021.84272429925 6.8573259980780668 2.8801225141469313 601.73691453738138 147.47487589737284 49.610134196816944 4.2848520240513599 222.68966831746502 138.28486012248322 4.5210758317261917 6.6036415608832613 3.0386049333028486 196.91636069576771 2003.8915687156841 4.6604392607696346 3.0362761798314741 18.056222216076549 17.915151949855503 1667.5093424024526 7.7458273915108284 54.881527169738547 971.72930815030486 11.87586230074521 0.8013833623263078 4.0578845110721877 16.581248396221785 6.1571374018676579 10.18745480355574 11.988840159261597 7.252599074621684 0.58779565623262897
leaf_count=9189182 196 467 15048 3413 1001 69 4557 3007 85 151 60 4372 48505 96 135 741 554 34568 387 5146 164241 156 154 97 946 703 848 230 642 22
internal_value=3.07688e-12 -9.44373e-05 0.00214819 0.000100597 -0.00101601 -0.00885445 -0.00561735 -0.0176004 -0.0675052 -0.0953474 -0.0310055 0.00426518 0.000686476 -0.0122206 -0.0256391 0.00331976 0.00304021 0.00112951 -0.0448896 -0.00468923 -0.00587446 0.0121238 0.00406094 0.0213284 0.0312197 -0.0162049 -0.0229986 -0.0315011 0.049202 0.112732
internal_weight=121226 116121 5104.83 2594.95 2447.48 436.73 381.045 158.355 15.4096 11.1247 55.685 2509.88 2010.75 142.945 52.6464 2312.96 2294.91 1693.17 25.661 1098.98 1026.61 72.3703 60.4945 36.929 32.8711 9.03726 23.5655 22.1763 23.8338 1.38918
internal_count=9479779 9362834 116945 61275 57862 9161 7965 3408 305 236 1196 55670 48701 3103 1136 51298 50557 35509 941 173652 169387 4265 4109 2855 2758 1170 1254 1078 1588 176
is_linear=0
shrinkage=0.08


Tree=112
num_leaves=31
num_cat=0
split_feature=12 8 4 0 2 3 8 8 7 4 4 6 3 5 3 0 7 7 6 4 0 8 2 8 2 12 9 8 4 5
split_gain=3.73019 5.86962 5.00326 4.66589 4.12835 4.78888 4.63844 4.02589 5.51624 6.29902 6.52758 9.24868 6.40275 6.89116 5.87375 5.70037 6.4046 8.66378 6.77734 8.09247 11.3737 8.1324 6.97659 6.1594 7.2398 7.40052 5.61124 5.59006 6.20414 6.86504
threshold=0.32739856839179998 10.166653958350986 11178.500000000002 5.5000000000000009 0.082903780043125166 7.5000000000000009 16.623963656687327 10.166653958350986 2.5000000000000004 1009.5000000000001 1269.5000000000002 37.500000000000007 27.500000000000004 0.55720722675323497 4.5000000000000009 13.500000000000002 6.5000000000000009 8.5000000000000018 30.500000000000004 2101.5000000000005 5.5000000000000009 6.7999898000170012 0.3464102596044541 8.9090897842058432 0.69804355502128612 1.5165750980377199 1.5000000000000002 2.4999980654776968 426007.50000000006 0.77774071693420421
decision_type=2 2 2 2 2 2 2 2 2 2 2 2 2 2 2 2 2 2 2 2 2 2 2 2 2 2 2 2 2 2
left_child=1 -1 3 -3 5 -4 -6 8 9 -2 11 12 13 -11 -13 16 27 18 19 21 -21 -18 -23 24 25 -24 -25 28 29 -10
right_child=7 2 4 -5 6 -7 -8 -9 15 10 -12 14 -14 -15 -16 -17 17 -19 -20 20 -22 22 23 26 -26 -27 -28 -29 -30 -31
leaf_value=-0.0013834575975376388 0.010953358292821848 -0.00078189314139158613 0.00085918287082324349 0.017737443184466711 -4.5119244564750361e-05 0.010026321827870293 0.006309455094540976 -0.00021340186662496374 -0.0073327316610790902 -0.0026196616273276513 0.0032164925940515077 -0.073063396444858611 -0.10657630254569808 -0.10695572279956073 0.0065424986264188793 0.0040115288187794994 0.013561958512160712 0.00032926212688969296 0.0050707463256782119 -0.051355080554707284 0.01071194316705097 -0.00042048445011716397 -0.095117202974346504 0.091561615582908956 -0.19938055197924137 0.021784238657246987 -0.035788094691769565 -0.00069551835364026085 0.053784547397660559 -0.037305437428413232
leaf_weight=24988.596223409928 711.56735418297421 8775.0408098513217 644.55093633320212 87.941683045835816 3745.8229564610519 840.0210221461748 914.66740645535174 43471.367511890523 388.8759466163965 15.956773932091894 1542.8258263397461 6.5761803593486539 10.03134030941874 5.430066403001546 60.562478020494382 2985.5180621917534 125.24422986066065 14679.03069407429 4370.3865439743695 52.218569222230144 29.609999206158591 48.732223005732521 10.758494796231394 2.9421834303066126 2.690338948275893 5.1128829894587389 8.9509792751632613 12616.213035224488 9.6350910839091721 55.94265270082542
leaf_count=2860863 18052 2847122 278290 12502 283993 288556 126858 1863924 6507 505 39260 258 312 179 1543 55481 2361 388556 90913 1577 549 2031 225 41 60 86 210 307985 136 844
internal_value=1.59637e-11 -0.000632398 0.000618126 -0.000598138 0.00237234 0.00604626 0.00120203 0.000311438 0.000915905 0.00466674 0.00194139 -0.0180193 -0.053844 -0.0291103 -0.00125484 0.000666539 0.000358373 0.00128305 0.00428965 -0.00763547 -0.0288959 0.000874521 -0.0191922 -0.0492298 -0.0780283 -0.057458 -0.00428376 -0.00100952 -0.00972656 -0.0111023
internal_weight=121213 39996.6 15008 8862.98 6145.06 1484.57 4660.49 81216.2 37744.8 2352.95 1641.38 98.5568 31.4182 21.3868 67.1387 35391.9 32406.3 19335.7 4656.65 286.26 81.8286 204.431 79.1871 30.4549 18.5617 15.8714 11.8932 13070.7 454.454 444.819
internal_count=9479779 6698184 3837321 2859624 977697 566846 410851 2781595 917671 60109 42057 2797 996 684 1801 857562 802081 486609 98053 7140 2126 5014 2653 622 371 311 251 315472 7487 7351
is_linear=0
shrinkage=0.08


Tree=113
num_leaves=31
num_cat=0
split_feature=2 5 12 8 8 5 4 7 2 6 6 7 12 4 7 4 6 12 5 5 0 6 0 3 8 12 5 4 12 4
split_gain=3.56907 3.34977 7.71108 4.1213 4.30363 4.19813 5.26007 4.80034 4.93646 5.90994 4.89613 3.94775 3.95499 3.88208 5.20654 4.8896 4.54801 3.90587 7.44992 9.43314 3.90306 5.8209 6.65206 5.19343 4.50568 4.95521 5.37688 5.20657 4.25304 4.77187
threshold=0.6885775923728944 0.47058816254138952 1.0003861188888552 8.9999737500781265 9.2346646368131537 0.39415359497070318 903.50000000000011 16.500000000000004 0.86729559302330028 66.500000000000014 95.500000000000014 16.500000000000004 2.1823177337646489 1061.5000000000002 17.500000000000004 1121.5000000000002 1.5000000000000002 1.078278183937073 0.5616184175014497 0.61456319689750682 4.5000000000000009 109.50000000000001 7.5000000000000009 5.5000000000000009 8.6993101227009983 1.2273241877555849 0.47851802408695226 334.50000000000006 1.1481481194496157 423.50000000000006
decision_type=2 2 2 2 2 2 2 2 2 2 2 2 2 2 2 2 2 2 2 2 2 2 2 2 2 2 2 2 2 2
left_child=-1 2 -2 5 -5 6 11 -7 9 -9 -11 -4 -13 16 -15 -16 -3 18 -18 -20 24 22 -22 -23 25 -19 -27 -28 29 -26
right_child=1 13 3 4 -6 7 -8 8 -10 10 -12 12 -14 14 15 -17 17 20 19 -21 21 23 -24 -25 28 26 27 -29 -30 -31
leaf_value=-0.00012566955912808654 -0.10757357719792675 0.05986703249948603 0.017429803354177403 -0.079001789754448867 -0.0080294996707738538 -0.012811969544344244 0.056160322480067963 -0.077250058858275614 0.075413111399938226 0.094568699753577901 -0.016389018525074271 -0.12824103601536332 0.0040451744787880382 0.0019412003956375771 -0.055647854706599331 -0.0041051399447760897 0.077295960228456362 0.062517927979369517 -0.10099631526605818 0.056101104513235252 0.023941012408129469 0.036441667999341884 0.0044333139074230997 -0.01324047236592339 0.019883184705971665 0.081093105136382113 -0.04414102125393151 -0.0079800245949449376 0.0066110253387467021 -0.096427794624807994
leaf_weight=111814.76012588844 4.64816721062948 10.124982655744928 28.655103690685337 5.5662499861791721 310.12858875538222 76.87601570523816 20.75258569880134 4.4332197895273593 8.9101819177349153 4.6039816746488196 5.6916221207939088 2.5994583060964933 3.2608949134078102 7085.1261278423008 11.958695444394833 785.13258789918837 13.377659542020412 5.2806874122470608 4.4310642005875689 5.4611387168988585 212.05662010161495 15.573237485950811 236.79812358238303 99.510772678281 3.847663168795405 3.4968112977221599 37.519439539483756 79.434513162887924 277.72645827382803 5.4623878495767713
leaf_count=9306230 156 127 425 118 6856 1160 301 75 124 44 74 55 67 131468 218 14592 139 54 65 66 3512 309 5014 2120 72 37 596 1067 4548 90
internal_value=2.93603e-11 0.0014999 -0.00503758 -0.00402671 -0.00928086 0.00662085 0.0243316 -0.00311737 0.0284103 -2.40365e-05 0.033229 0.00519438 -0.0546326 0.00184994 0.00125156 -0.00487843 0.00651929 0.00597913 0.0383713 -0.0142683 0.0052074 0.00953401 0.0136495 -0.00651746 -0.000703776 -0.0133326 -0.016658 -0.0195807 0.00482808 -0.0483587
internal_weight=121183 9368.45 476.126 471.478 315.695 155.783 55.268 100.515 23.639 14.7288 10.2956 34.5155 5.86035 8892.32 7882.22 797.091 1010.1 999.977 23.2699 9.8922 976.707 563.939 448.855 115.084 412.768 125.731 120.451 116.954 287.037 9.31005
internal_count=9479779 173549 9455 9299 6974 2325 848 1477 317 193 118 547 122 164094 146278 14810 17816 17689 270 131 17419 10955 8526 2429 6464 1754 1700 1663 4710 162
is_linear=0
shrinkage=0.08


Tree=114
num_leaves=31
num_cat=0
split_feature=12 8 2 2 4 2 3 9 12 3 12 2 9 7 6 8 6 4 3 9 6 1 2 4 12 5 5 5 5 8
split_gain=3.49071 5.32629 4.54323 8.58905 4.70191 4.08892 6.05775 7.22249 5.56198 5.00155 4.3234 6.30494 6.70107 4.0212 12.8433 14.2706 9.76444 7.49776 6.61185 6.54477 6.52122 7.12477 7.384 5.58605 5.56459 7.74646 5.38016 6.34803 16.4761 7.97451
threshold=0.32739856839179998 10.166653958350986 0.029631255194544796 0.08123821392655374 227752.50000000003 0.036811200901865966 18.500000000000004 85.500000000000014 0.043105050921440131 1.0000000180025095e-35 0.038475638255476959 0.028778468258678917 38.500000000000007 6.5000000000000009 15.500000000000002 6.4761884202578086 116.50000000000001 46.500000000000007 6.5000000000000009 71.500000000000014 114.50000000000001 56.500000000000007 0.064725596457719817 423.50000000000006 0.047201398760080344 0.7119525969028474 0.42745010554790502 0.58428397774696361 0.60170263051986705 2.0678155691506279
decision_type=2 2 2 2 2 2 2 2 2 2 2 2 2 2 2 2 2 2 2 2 2 2 2 2 2 2 2 2 2 2
left_child=1 5 -3 4 -4 6 8 -8 9 10 11 12 -1 14 15 17 20 -7 23 24 -15 -22 -23 -19 25 -18 -16 29 -29 -28
right_child=-2 2 3 -5 -6 13 7 -9 -10 -11 -12 -13 -14 16 26 -17 19 18 -20 -21 21 22 -24 -25 -26 -27 27 28 -30 -31
leaf_value=0.13388344524828863 0.00030138036217215876 -0.0059553371294151095 0.0039394611042090442 -0.0002073104713119656 0.023392372394078598 0.14322306563418294 0.014163772949002743 0.2083924630662613 0.0042289806084511326 -0.007314390864741188 0.090347865677595326 -0.094543418882637092 0.0033183296098098932 -0.00037949556592540087 0.0048689953328012511 -0.018369159709583104 0.015047356497686607 -0.10346533955311073 0.065081340109668762 -0.063642897919830632 0.0085178817938082706 -0.0025804290354542177 -0.12111497903780195 0.037623072381220729 -0.0066883795648000613 0.15541965030803742 -0.047964432912605361 0.011789760291166868 -0.0032902858883543697 -0.0063291296033712334
leaf_weight=3.2445295191055328 81173.471156663247 651.51213386086238 3285.8989154202609 10999.288493185522 81.493859596957918 6.0758536718803944 203.02287079798225 1.2327341154295925 1009.3186866727192 533.52807956247761 5.8106195804430163 3.0150382135761893 11.200360360778175 10827.163464497919 521.69333703602024 22.272133705278975 16.95196012410452 3.0359428473748258 27.366410122718662 12.77323207358131 719.72665930230869 8.6194817535579187 5.5157228024909264 4.3973193024867214 1535.5898018847511 2.9545853100717059 29.775670247421658 500.34635936020641 6329.3921340353554 2623.7034336859942
leaf_count=2182 2781595 785375 1553546 1488730 9670 656 100753 771 389560 379412 1881 961 10289 1064493 91787 4169 4791 503 1887 2406 31428 748 422 237 145915 98 1530 32635 333533 257816
internal_value=3.84663e-11 -0.000611817 0.000578682 0.000874992 0.00441024 -0.00132791 0.00237797 0.015336 0.000687967 -0.00573089 0.0305743 0.0106818 0.0326451 -0.00161073 -0.00281354 0.0331517 -0.000688372 0.0612242 0.0469076 -0.00661191 0.000115163 0.0074132 -0.048834 -0.0200012 -0.00614359 0.0358818 -0.00304054 -0.00347566 -0.00218552 -0.00679633
internal_weight=121159 39985.9 15018.2 14366.7 3367.39 24967.7 1770.37 204.256 1566.12 556.799 23.2705 17.4599 14.4449 23197.4 10068.1 63.1477 13129.3 40.8755 34.7997 1568.27 11561 733.862 14.1352 7.43326 1555.5 19.9065 10004.9 9483.22 6829.74 2653.48
internal_count=9479779 6698184 3837321 3051946 1563216 2860863 885809 101524 784285 394725 15313 13432 12471 1975054 724753 7452 1250301 3283 2627 153210 1097091 32598 1170 740 150804 4889 717301 625514 366168 259346
is_linear=0
shrinkage=0.08


Tree=115
num_leaves=31
num_cat=0
split_feature=4 12 4 5 4 5 8 4 3 0 8 4 6 7 5 2 0 9 1 5 12 5 7 3 1 2 9 8 8 6
split_gain=3.54488 3.48422 4.12401 8.19643 4.25213 5.86966 8.1044 7.90709 7.90941 6.67656 6.60343 14.2928 8.12932 13.7194 7.31557 9.03718 8.73513 7.12996 6.95919 6.56464 13.3576 9.41863 9.32186 8.17784 7.51852 6.87421 6.16122 5.95182 6.02491 5.77397
threshold=322066.50000000006 0.18184658885002139 710.50000000000011 0.46399958431720739 6740.5000000000009 0.76968595385551464 4.6666550000324083 2341.0000000000005 2.5000000000000004 7.5000000000000009 5.9999825000520843 4229.5000000000009 56.500000000000007 8.5000000000000018 0.75106957554817211 0.18230694532394412 5.5000000000000009 18.500000000000004 8.5000000000000018 0.69817671179771434 0.28127540647983557 0.6866402029991151 15.500000000000002 20.500000000000004 9.5000000000000018 0.74239632487297069 28.500000000000004 3.3636350895321825 2.0678155691506279 83.500000000000014
decision_type=2 2 2 2 2 2 2 2 2 2 2 2 2 2 2 2 2 2 2 2 2 2 2 2 2 2 2 2 2 2
left_child=1 -1 -3 -4 5 10 7 9 -9 27 11 26 19 -14 18 -16 -17 -18 -15 20 -13 22 -22 -24 -23 -21 -5 28 -7 -6
right_child=-2 2 3 4 29 6 -8 8 -10 -11 -12 12 13 14 15 16 17 -19 -20 25 21 24 23 -25 -26 -27 -28 -29 -30 -31
leaf_value=-0.0010914543881101028 0.0021454165419339888 0.0015270305173728492 -0.0031820624492151363 0.0019675428669300738 -0.0010208389829178264 -0.11050680646615713 -0.0027076065843187553 -0.098385959708052015 -0.0059172618872406196 -0.14379269943183975 0.00051447921925339677 -0.017507781376758895 0.013450419537758119 -0.022751465798681182 -0.090894092520834385 0.062989882801693181 -0.11789665862686305 0.047583676458148337 0.0013671106123580121 0.037168575252192013 0.013604742872771526 -0.12924443722583662 0.021139990771903851 0.065652049319865582 -0.0068435282693576705 -0.048404926680500761 -0.010322274775434841 -0.09266978779786568 0.022672783500008949 0.00066834394932972676
leaf_weight=18584.016090183024 4736.295453519866 11493.899022240861 5146.4472129671194 3319.9845303975449 30791.678564728725 2.8160683682776897 742.88380461989436 6.453756599687039 71.605701419175148 5.3553386407438657 22121.425668950349 76.346967015124278 536.95149642754188 157.50601261453266 3.700170262483879 24.963364300318066 3.5381080913357428 3.1499477131292224 148.99400716281343 128.009310375317 259.78928286715427 4.4553848645227836 57.102306452727134 49.155185217037797 11.506364926928653 6.3037804668551862 283.35081350163091 9.2079811734147352 9.5345920270510742 22352.267365602878
leaf_count=4849150 96086 678733 484703 77133 1310709 65 20445 126 1238 132 1099949 3437 11220 3877 210 267 72 44 4268 2194 5302 158 1250 719 307 165 11673 237 162 815748
internal_value=-2.72275e-11 -8.72874e-05 0.00010347 -8.6052e-05 0.000110202 0.000907193 -0.00564775 -0.0264548 -0.0135623 -0.0638471 0.00111155 0.0037142 0.010358 0.00547482 -0.00705256 0.0274067 0.0412365 -0.0399586 -0.0110271 0.0175987 0.013041 0.0191464 0.0217695 0.0417315 -0.0410092 0.0331523 0.00100112 -0.043988 -0.00769343 -0.000310371
internal_weight=121149 116412 97828.4 86334.5 81188 28044.1 847.857 104.973 78.0595 26.914 27196.2 5074.81 1471.47 878.803 341.852 35.3516 31.6514 6.68806 306.5 592.669 458.355 382.009 366.047 106.257 15.9617 134.313 3603.34 21.5586 12.3507 53143.9
internal_count=9479779 9383693 4534543 3855810 3371107 1244650 22405 1960 1364 596 1222245 122296 33490 19958 8738 593 383 116 8145 13532 11173 7736 7271 1969 465 2359 88806 464 227 2126457
is_linear=0
shrinkage=0.08


Tree=116
num_leaves=31
num_cat=0
split_feature=0 7 2 12 2 12 4 4 4 0 5 0 7 5 0 0 12 3 4 5 12 3 5 12 8 5 7 8 12 12
split_gain=3.29962 3.3194 3.59416 3.15699 2.92705 3.51326 3.57094 6.22775 7.60503 5.77908 4.38528 3.94958 3.81488 5.08339 3.41363 3.15761 3.04132 4.68408 3.00669 7.12635 9.86232 6.10305 5.90534 5.14402 6.16883 5.9655 3.63063 5.92772 5.41217 5.29605
threshold=26.500000000000004 3.5000000000000004 0.3464102596044541 1.0000000180025095e-35 0.99375000596046459 6.1023254394531259 20245.000000000004 5868.5000000000009 2341.0000000000005 10.500000000000002 0.83056166768074047 7.5000000000000009 14.500000000000002 0.55720722675323497 10.500000000000002 17.500000000000004 1.2273241877555849 6.5000000000000009 21524.500000000004 0.66562321782112133 1.351992189884186 29.500000000000004 0.6567898988723756 1.4109039902687075 13.545445309924354 0.59054526686668407 6.5000000000000009 4.392079006272156 3.3390935659408574 3.8344298601150517
decision_type=2 2 2 2 2 2 2 2 2 2 2 2 2 2 2 2 2 2 2 2 2 2 2 2 2 2 2 2 2 2
left_child=3 2 -2 -1 -5 16 7 8 12 11 -8 -9 14 -14 -7 -10 17 -6 -18 20 21 -20 23 -22 -25 -26 28 -28 -21 -29
right_child=1 -3 -4 4 5 6 10 9 15 -11 -12 -13 13 -15 -16 -17 18 -19 19 26 22 -23 -24 24 25 -27 27 29 -30 -31
leaf_value=-0.08026508698175093 0.029592014293031706 0.004652516324566338 -0.013486521687903517 -0.00010552672800952378 0.054555465934676861 -0.075876874216451923 0.065455600495139377 0.038076851071414106 0.092315230637830231 0.012212704493244632 -0.035124264292510345 -0.10860049775046961 -0.042543778252553226 0.090360080183838357 0.016000385838040102 -0.0055902068927147202 0.0043688851699232607 -0.050617602193275588 -0.2055950921869919 -0.0039712304021626409 0.06024014585901024 -0.022509495980037243 -0.046414744357861311 -0.026464649011488914 -0.035685572931102798 0.018234865191420115 0.065777713512070984 0.01291472511101845 0.027392869837985282 -0.026867116127273421
leaf_weight=3.1398824508214593 13.911648157748571 1488.3532916914869 113.71735291276161 116887.19818178882 3.3369436673770023 5.9326934974029388 16.759587936682923 1.4436592523611604 11.31571794300555 9.3061033781141287 3.324661669554188 6.311327300768653 3.0305349768250371 4.6958860808506699 4.5907976765920466 2.5909948108019298 1643.1368003487253 14.428657513577489 2.7743053995072833 442.02612680717448 7.1091321446001521 2.0090999947860837 27.58296334122133 70.693187673477041 16.851518266135827 59.488719055429101 12.01048706233223 168.27539606429968 38.259312721453171 24.54056337766815
leaf_count=144346 295 32609 2641 9253454 43 171 517 79 321 356 97 189 65 166 217 85 27726 265 70 8021 78 49 429 1151 375 1100 399 3009 918 538
internal_value=2.36429e-11 0.00359076 -0.00879093 -4.85606e-05 -4.64527e-05 0.00260745 0.0203784 0.00877791 0.0295062 -0.0302906 0.048806 -0.0812952 -0.00445533 0.0382312 -0.0357961 0.0740742 0.00212116 -0.0308628 0.00235417 -0.00144386 -0.0153079 -0.128696 -0.0123233 -0.00622283 -0.00943634 0.00633234 0.00233037 0.0112482 -0.00147278 0.00785151
internal_weight=121108 1615.98 127.629 119492 119489 2601.83 69.302 49.2177 32.1566 17.0611 20.0842 7.75499 18.2499 7.72642 10.5235 13.9067 2532.52 17.7656 2514.76 871.621 186.509 4.78341 181.726 154.143 147.033 76.3402 685.112 204.826 480.285 192.816
internal_count=9479779 35545 2936 9444234 9299888 46434 2263 1649 1025 624 614 268 619 231 388 406 44171 308 43863 16137 3252 119 3133 2704 2626 1475 12885 3946 8939 3547
is_linear=0
shrinkage=0.08


Tree=117
num_leaves=31
num_cat=0
split_feature=5 6 6 6 7 8 6 5 4 12 5 5 8 4 5 4 7 4 6 9 5 2 4 12 8 4 5 5 8 1
split_gain=3.24881 13.3653 9.97439 9.41139 8.73612 7.48999 6.98363 6.92059 10.4431 7.72252 6.51669 11.5108 20.0073 18.3581 9.32642 9.32434 7.60888 6.56689 7.48537 9.02074 6.55813 9.69269 7.692 8.43439 7.55586 6.4733 19.9315 11.9475 9.83283 8.61255
threshold=0.66069462895393383 117.50000000000001 83.500000000000014 77.500000000000014 6.5000000000000009 13.333314814841566 120.50000000000001 0.69713348150253307 46038.000000000007 0.60006126761436474 0.73315289616584789 0.73808741569519054 4.392079006272156 4316.5000000000009 0.7187756896018983 6347.5000000000009 12.500000000000002 1393.5000000000002 90.500000000000014 2.5000000000000004 0.7822885811328889 0.55625879764556896 7641.0000000000009 0.30555556714534765 8.3333125000578718 50268.000000000007 0.68990877270698558 0.68444010615348827 9.4999802083762166 6.5000000000000009
decision_type=2 2 2 2 2 2 2 2 2 2 2 2 2 2 2 2 2 2 2 2 2 2 2 2 2 2 2 2 2 2
left_child=-1 2 3 7 -4 10 -3 8 -2 -9 14 12 13 -12 -6 -13 -14 -18 19 -19 24 22 23 -22 -17 26 28 -27 -10 -28
right_child=1 6 4 -5 5 -7 -8 9 25 -11 11 15 16 -15 -16 20 17 18 -20 -21 21 -23 -24 -25 -26 27 29 -29 -30 -31
leaf_value=-0.00035969807181075378 7.5564403141489301e-06 -0.0050926708641801837 -0.0020371904437251355 -0.0036125945903632386 0.0048431782529037501 0.00015677444019481345 -0.00015658788330565919 -0.0020341722853380855 0.0088175071605389004 0.001345372150216728 0.017631055358053888 -0.0031381787354726734 0.0055004200226217046 -0.069089260278812084 0.014149263374881236 0.01129233849688803 0.025302007187966141 0.037260527002129062 -0.023478985965140777 -0.14200752333774092 -0.028983442718240493 0.011653282720330707 -0.0023467511889394953 0.036278087011465683 0.003302112855190237 -0.0024420482517733999 -0.041739691312648007 0.0087460477762317784 0.03908826198648143 0.0025055806054958009
leaf_weight=69055.129050334566 3843.2787535184052 3762.1828546896004 2277.8521535818636 3812.178716133647 3024.6890856144155 3615.5089317746679 3579.9765799332226 7923.8709692207303 110.92314019458718 9534.0770257398945 21.232214087815919 1071.823866483599 230.33067381908768 59.138040398167504 892.62348165626463 1578.8590976205846 12.276135837135369 2.3282757531851512 36.325772029376822 7.8647507359273732 15.849641195847651 487.03592266974556 1614.1926399702047 63.259862048784271 1455.8690937374486 951.56704166245618 36.506792080937885 1706.1102597225527 180.32187242503278 123.09697538780165
leaf_count=7394078 211666 204819 110732 197370 122745 173685 139308 384694 3901 196748 500 34588 7803 1343 27756 38394 394 36 1560 531 1163 8351 44616 1067 46300 43359 1438 64204 7423 9207
internal_value=7.28637e-12 0.000477387 0.000997094 8.4143e-05 0.00256175 0.00330003 -0.00268588 0.000661479 0.00279613 -0.000188547 0.00437482 0.00285124 -0.0108714 -0.0461795 0.00696372 0.00365776 -0.00105652 -0.0267435 -0.0404781 -0.101059 0.00505449 0.00170755 -0.0011531 0.0232029 0.00745914 0.00624384 0.0151075 0.00474021 0.0275594 -0.00761481
internal_weight=121086 52031.2 44689 28221.9 16467.1 14189.2 7342.16 24409.8 6951.8 17457.9 10573.7 6656.39 369.496 80.3703 3917.31 6286.89 289.126 58.7949 46.5188 10.193 5215.07 2180.34 1693.3 79.1095 3034.73 3108.53 450.849 2657.68 291.245 159.604
internal_count=9479779 2085701 1741574 1120010 621564 510832 344127 922640 341198 581442 337147 186646 12167 1843 150501 174479 10324 2521 2127 567 139891 55197 46846 2230 84694 129532 21969 107563 11324 10645
is_linear=0
shrinkage=0.08


end of trees

feature_importances:
global_reorder_rate=801
user_reorder_rate=557
global_order_count=457
hist_order_count=368
user_avg_basket_size=364
item_item_cooccurrence_score=237
department_id=236
aisle_id=213
recency_days=181
user_total_orders=80
user_item_orders_since_last_purchase=46

parameters:
[boosting: gbdt]
[objective: lambdarank]
[metric: ndcg]
[tree_learner: serial]
[device_type: cpu]
[data_sample_strategy: bagging]
[data: ]
[valid: ]
[num_iterations: 120]
[learning_rate: 0.08]
[num_leaves: 31]
[num_threads: 0]
[seed: 42]
[deterministic: 0]
[force_col_wise: 0]
[force_row_wise: 0]
[histogram_pool_size: -1]
[max_depth: -1]
[min_data_in_leaf: 50]
[min_sum_hessian_in_leaf: 0.001]
[bagging_fraction: 1]
[pos_bagging_fraction: 1]
[neg_bagging_fraction: 1]
[bagging_freq: 0]
[bagging_seed: 400]
[bagging_by_query: 0]
[feature_fraction: 1]
[feature_fraction_bynode: 1]
[feature_fraction_seed: 30056]
[extra_trees: 0]
[extra_seed: 12879]
[early_stopping_round: 0]
[early_stopping_min_delta: 0]
[first_metric_only: 0]
[max_delta_step: 0]
[lambda_l1: 0]
[lambda_l2: 0]
[linear_lambda: 0]
[min_gain_to_split: 0]
[drop_rate: 0.1]
[max_drop: 50]
[skip_drop: 0.5]
[xgboost_dart_mode: 0]
[uniform_drop: 0]
[drop_seed: 17869]
[top_rate: 0.2]
[other_rate: 0.1]
[min_data_per_group: 100]
[max_cat_threshold: 32]
[cat_l2: 10]
[cat_smooth: 10]
[max_cat_to_onehot: 4]
[top_k: 20]
[monotone_constraints: ]
[monotone_constraints_method: basic]
[monotone_penalty: 0]
[feature_contri: ]
[forcedsplits_filename: ]
[refit_decay_rate: 0.9]
[cegb_tradeoff: 1]
[cegb_penalty_split: 0]
[cegb_penalty_feature_lazy: ]
[cegb_penalty_feature_coupled: ]
[path_smooth: 0]
[interaction_constraints: ]
[verbosity: -1]
[saved_feature_importance_type: 0]
[use_quantized_grad: 0]
[num_grad_quant_bins: 4]
[quant_train_renew_leaf: 0]
[stochastic_rounding: 1]
[linear_tree: 0]
[max_bin: 255]
[max_bin_by_feature: ]
[min_data_in_bin: 3]
[bin_construct_sample_cnt: 200000]
[data_random_seed: 175]
[is_enable_sparse: 1]
[enable_bundle: 1]
[use_missing: 1]
[zero_as_missing: 0]
[feature_pre_filter: 1]
[pre_partition: 0]
[two_round: 0]
[header: 0]
[label_column: ]
[weight_column: ]
[group_column: ]
[ignore_column: ]
[categorical_feature: ]
[forcedbins_filename: ]
[precise_float_parser: 0]
[parser_config_file: ]
[objective_seed: 16083]
[num_class: 1]
[is_unbalance: 0]
[scale_pos_weight: 1]
[sigmoid: 1]
[boost_from_average: 1]
[reg_sqrt: 0]
[alpha: 0.9]
[fair_c: 1]
[poisson_max_delta_step: 0.7]
[tweedie_variance_power: 1.5]
[lambdarank_truncation_level: 30]
[lambdarank_norm: 1]
[label_gain: ]
[lambdarank_position_bias_regularization: 0]
[eval_at: 10]
[multi_error_top_k: 1]
[auc_mu_weights: ]
[num_machines: 1]
[local_listen_port: 12400]
[time_out: 120]
[machine_list_filename: ]
[machines: ]
[gpu_platform_id: -1]
[gpu_device_id: -1]
[gpu_device_id_list: ]
[gpu_use_dp: 0]
[num_gpu: 1]

end of parameters

pandas_categorical:[]
